; generated by PrusaSlicer 2.4.2 on 2022-11-02 at 12:31:35 UTC

; 

; external perimeters extrusion width = 0.68mm
; perimeters extrusion width = 0.68mm
; infill extrusion width = 0.68mm
; solid infill extrusion width = 0.68mm
; top infill extrusion width = 0.60mm
; support material extrusion width = 0.60mm
; first layer extrusion width = 0.50mm

M201 X9000 Y9000 Z500 E10000 ; sets maximum accelerations, mm/sec^2
M203 X500 Y500 Z12 E120 ; sets maximum feedrates, mm / sec
M204 P1500 R1500 T1500 ; sets acceleration (P, T) and retract acceleration (R), mm/sec^2
M205 X10.00 Y10.00 Z0.20 E2.50 ; sets the jerk limits, mm/sec
M205 S0 T0 ; sets the minimum extruding and travel feed rate, mm/sec
M107
M190 S60 ; set bed temperature and wait for it to be reached
M104 S200 ; set temperature
;TYPE:Custom
G28 ; home all axes
G1 Z5 F5000 ; lift nozzle
M109 S200 ; set temperature and wait for it to be reached
G21 ; set units to millimeters
G90 ; use absolute coordinates
M82 ; use absolute distances for extrusion
G92 E0
; Filament gcode
M107
;LAYER_CHANGE
;Z:0.25
;HEIGHT:0.25
G1 Z.25 F7800
G1 E-3 F2400
G92 E0
G1 X60.912 Y70.115 F7800
G1 E3 F2400
;TYPE:Skirt/Brim
;WIDTH:0.5
G1 F1800
G1 X63.087 Y69.254 E3.10854
G1 X64.5 Y69.107 E3.17443
G1 X145.5 Y69.107 E6.93224
G1 X147.806 Y69.504 E7.04078
G1 X149.846 Y70.65 E7.14932
G1 X151.385 Y72.412 E7.25787
G1 X152.246 Y74.587 E7.36641
G1 X152.393 Y76 E7.4323
G1 X152.393 Y134 E10.12307
G1 X151.996 Y136.306 E10.23162
G1 X150.85 Y138.346 E10.34016
G1 X149.088 Y139.885 E10.44871
G1 X146.913 Y140.746 E10.55725
G1 X145.5 Y140.893 E10.62314
G1 X64.5 Y140.893 E14.38094
G1 X62.194 Y140.496 E14.48949
G1 X60.154 Y139.35 E14.59803
G1 X58.615 Y137.588 E14.70658
G1 X57.754 Y135.413 E14.81512
G1 X57.607 Y134 E14.88101
G1 X57.607 Y76 E17.57178
G1 X58.004 Y73.694 E17.68033
G1 X59.15 Y71.654 E17.78887
G1 X60.844 Y70.174 E17.89324
G1 X61.146 Y70.541 F7800
G1 F1800
G1 X61.339 Y70.382 E17.90481
G1 X64.5 Y69.554 E18.05643
G1 X145.5 Y69.554 E21.81423
G1 X147.727 Y69.951 E21.91918
G1 X149.68 Y71.092 E22.02412
G1 X151.118 Y72.839 E22.12907
G1 X151.946 Y76 E22.28069
G1 X151.946 Y134 E24.97146
G1 X151.549 Y136.227 E25.07641
G1 X150.408 Y138.18 E25.18135
G1 X148.661 Y139.618 E25.2863
G1 X145.5 Y140.446 E25.43792
G1 X64.5 Y140.446 E29.19572
G1 X62.273 Y140.049 E29.30067
G1 X60.32 Y138.908 E29.40561
G1 X58.882 Y137.161 E29.51056
G1 X58.054 Y134 E29.66218
G1 X58.054 Y76 E32.35295
G1 X58.451 Y73.773 E32.4579
G1 X59.592 Y71.82 E32.56284
G1 X61.077 Y70.598 E32.65205
G1 E29.65205 F2400
G92 E0
G1 X115.104 Y123.104 F7800
G1 E3 F2400
;TYPE:Perimeter
G1 F1800
G1 X135.396 Y123.104 E3.94143
G1 X135.396 Y124.851 E4.02251
G1 X135.577 Y124.913 E4.03139
G1 X135.886 Y124.515 E4.05477
G1 X136.296 Y124.154 E4.08009
G1 X136.765 Y123.876 E4.10541
G1 X137.269 Y123.695 E4.13022
G1 X137.636 Y123.625 E4.1476
G1 X138.001 Y123.602 E4.16453
G1 X138.542 Y123.652 E4.18977
G1 X139.067 Y123.804 E4.21513
G1 X139.554 Y124.052 E4.24045
G1 X139.985 Y124.386 E4.26576
G1 X140.339 Y124.787 E4.29057
G1 X140.539 Y125.104 E4.30796
G1 X140.699 Y125.443 E4.32536
G1 X140.848 Y125.957 E4.35017
G1 X140.9 Y126.5 E4.37548
G1 X140.848 Y127.043 E4.4008
G1 X140.699 Y127.557 E4.42561
G1 X140.539 Y127.896 E4.443
G1 X140.339 Y128.213 E4.46039
G1 X139.985 Y128.614 E4.4852
G1 X139.554 Y128.948 E4.51052
G1 X139.067 Y129.196 E4.53584
G1 X138.543 Y129.348 E4.56115
G1 X138 Y129.4 E4.58647
G1 X137.457 Y129.348 E4.61179
G1 X136.933 Y129.196 E4.63711
G1 X136.446 Y128.948 E4.66247
G1 X136.017 Y128.613 E4.68771
G1 X135.767 Y128.347 E4.70464
G1 X135.581 Y128.091 E4.71929
G1 X135.396 Y128.152 E4.72832
G1 X135.396 Y128.396 E4.73968
G1 X115.104 Y128.396 E5.68111
G1 X115.104 Y123.194 E5.92247
G1 X115.55 Y123.55 F7800
;TYPE:External perimeter
G1 F1800
G1 X134.95 Y123.55 E6.82249
G1 X134.95 Y127.95 E7.02662
G1 X115.55 Y127.95 E7.92664
G1 X115.55 Y123.64 E8.12659
G1 X115.289 Y123.01 F7800
G1 E5.12659 F2400
G92 E0
G1 X135.592 Y126.041 F7800
G1 E3 F2400
G1 F1800
G1 X135.721 Y125.598 E3.0214
G1 X135.93 Y125.187 E3.04281
G1 X136.213 Y124.822 E3.06421
G1 X136.559 Y124.517 E3.08561
G1 X136.956 Y124.282 E3.10702
G1 X137.387 Y124.127 E3.12824
G1 X137.693 Y124.069 E3.14269
G1 X137.995 Y124.049 E3.15672
G1 X138.459 Y124.092 E3.17836
G1 X138.902 Y124.221 E3.19978
G1 X139.313 Y124.43 E3.22118
G1 X139.678 Y124.713 E3.24259
G1 X139.98 Y125.056 E3.26381
G1 X140.147 Y125.319 E3.27827
G1 X140.28 Y125.601 E3.29273
G1 X140.408 Y126.041 E3.31395
G1 X140.451 Y126.5 E3.33535
G1 X140.408 Y126.959 E3.35676
G1 X140.28 Y127.399 E3.37798
G1 X140.147 Y127.681 E3.39244
G1 X139.98 Y127.944 E3.4069
G1 X139.678 Y128.287 E3.42812
G1 X139.313 Y128.57 E3.44952
G1 X138.902 Y128.779 E3.47092
G1 X138.459 Y128.908 E3.49233
G1 X138 Y128.951 E3.51373
G1 X137.541 Y128.908 E3.53513
G1 X137.098 Y128.779 E3.55654
G1 X136.686 Y128.569 E3.57796
G1 X136.319 Y128.283 E3.59959
G1 X136.112 Y128.062 E3.61362
G1 X135.929 Y127.81 E3.62808
G1 X135.721 Y127.402 E3.6493
G1 X135.592 Y126.959 E3.6707
G1 X135.549 Y126.5 E3.69211
G1 X135.584 Y126.13 E3.70934
G1 X135.243 Y125.739 F7800
G1 E.70934 F2400
G92 E0
G1 X73.896 Y126.542 F7800
G1 E3 F2400
;TYPE:Perimeter
G1 F1800
G1 X73.848 Y127.043 E3.02336
G1 X73.696 Y127.567 E3.04868
G1 X73.448 Y128.054 E3.074
G1 X73.114 Y128.485 E3.09932
G1 X72.704 Y128.846 E3.12464
G1 X72.244 Y129.118 E3.14944
G1 X71.895 Y129.256 E3.16683
G1 X71.532 Y129.349 E3.18423
G1 X71 Y129.4 E3.20903
G1 X70.457 Y129.348 E3.23435
G1 X69.933 Y129.196 E3.25967
G1 X69.446 Y128.948 E3.28499
G1 X69.015 Y128.614 E3.31031
G1 X68.654 Y128.204 E3.33563
G1 X68.382 Y127.744 E3.36044
G1 X68.244 Y127.395 E3.37783
G1 X68.151 Y127.032 E3.39522
G1 X68.1 Y126.5 E3.42003
G1 X68.152 Y125.957 E3.44535
G1 X68.304 Y125.433 E3.47067
G1 X68.552 Y124.946 E3.49598
G1 X68.886 Y124.515 E3.5213
G1 X69.296 Y124.154 E3.54662
G1 X69.765 Y123.876 E3.57194
G1 X70.269 Y123.695 E3.59675
G1 X70.636 Y123.625 E3.61412
G1 X71.001 Y123.602 E3.63106
G1 X71.542 Y123.652 E3.65629
G1 X72.067 Y123.804 E3.68166
G1 X72.554 Y124.052 E3.70697
G1 X72.985 Y124.386 E3.73229
G1 X73.346 Y124.796 E3.75761
G1 X73.618 Y125.256 E3.78242
G1 X73.756 Y125.605 E3.79981
G1 X73.849 Y125.968 E3.8172
G1 X73.895 Y126.452 E3.83979
G1 X73.451 Y126.5 F7800
;TYPE:External perimeter
G1 F1800
G1 X73.408 Y126.959 E3.8612
G1 X73.279 Y127.402 E3.8826
G1 X73.07 Y127.813 E3.904
G1 X72.787 Y128.178 E3.92541
G1 X72.441 Y128.483 E3.94681
G1 X72.047 Y128.716 E3.96803
G1 X71.757 Y128.831 E3.98249
G1 X71.455 Y128.908 E3.99695
G1 X71 Y128.951 E4.01817
G1 X70.541 Y128.908 E4.03957
G1 X70.098 Y128.779 E4.06098
G1 X69.687 Y128.57 E4.08238
G1 X69.322 Y128.287 E4.10379
G1 X69.017 Y127.941 E4.12519
G1 X68.784 Y127.547 E4.14641
G1 X68.669 Y127.257 E4.16087
G1 X68.592 Y126.955 E4.17533
G1 X68.549 Y126.5 E4.19655
G1 X68.592 Y126.041 E4.21796
G1 X68.721 Y125.598 E4.23936
G1 X68.93 Y125.187 E4.26076
G1 X69.213 Y124.822 E4.28217
G1 X69.559 Y124.517 E4.30357
G1 X69.956 Y124.282 E4.32497
G1 X70.387 Y124.127 E4.34619
G1 X70.693 Y124.069 E4.36065
G1 X70.995 Y124.049 E4.37468
G1 X71.459 Y124.092 E4.39632
G1 X71.902 Y124.221 E4.41774
G1 X72.313 Y124.43 E4.43914
G1 X72.678 Y124.713 E4.46054
G1 X72.983 Y125.059 E4.48195
G1 X73.216 Y125.453 E4.50317
G1 X73.331 Y125.743 E4.51763
G1 X73.408 Y126.045 E4.53209
G1 X73.443 Y126.41 E4.54913
G1 X73.848 Y126.735 F7800
G1 E1.54913 F2400
G92 E0
G1 X71.024 Y86.396 F7800
G1 E3 F2400
;TYPE:Perimeter
G1 F1800
G1 X70.457 Y86.348 E3.02642
G1 X69.933 Y86.196 E3.05174
G1 X69.456 Y85.953 E3.07655
G1 X69.153 Y85.733 E3.09394
G1 X68.88 Y85.476 E3.11133
G1 X68.552 Y85.054 E3.13614
G1 X68.304 Y84.567 E3.16145
G1 X68.152 Y84.043 E3.18677
G1 X68.1 Y83.5 E3.21209
G1 X68.152 Y82.957 E3.23741
G1 X68.304 Y82.433 E3.26273
G1 X68.552 Y81.946 E3.28805
G1 X68.886 Y81.515 E3.31337
G1 X69.296 Y81.154 E3.33869
G1 X69.765 Y80.876 E3.364
G1 X70.269 Y80.695 E3.38881
G1 X70.636 Y80.625 E3.40619
G1 X71.001 Y80.602 E3.42312
G1 X71.542 Y80.652 E3.44836
G1 X72.067 Y80.804 E3.47372
G1 X72.554 Y81.052 E3.49904
G1 X72.985 Y81.386 E3.52436
G1 X73.346 Y81.796 E3.54972
G1 X73.622 Y82.265 E3.57495
G1 X73.756 Y82.605 E3.59189
G1 X73.849 Y82.968 E3.60927
G1 X73.9 Y83.5 E3.63407
G1 X73.848 Y84.043 E3.65939
G1 X73.696 Y84.567 E3.68471
G1 X73.448 Y85.054 E3.71003
G1 X73.114 Y85.485 E3.73535
G1 X72.704 Y85.846 E3.76067
G1 X72.235 Y86.124 E3.78598
G1 X71.731 Y86.305 E3.81079
G1 X71.363 Y86.375 E3.82818
G1 X71.114 Y86.391 E3.83977
G1 X70.996 Y85.951 F7800
;TYPE:External perimeter
G1 F1800
G1 X70.541 Y85.908 E3.86099
G1 X70.098 Y85.779 E3.8824
G1 X69.69 Y85.571 E3.90362
G1 X69.438 Y85.388 E3.91808
G1 X69.211 Y85.175 E3.93254
G1 X68.93 Y84.813 E3.95376
G1 X68.721 Y84.402 E3.97516
G1 X68.592 Y83.959 E3.99656
G1 X68.549 Y83.5 E4.01797
G1 X68.592 Y83.041 E4.03937
G1 X68.721 Y82.598 E4.06078
G1 X68.93 Y82.187 E4.08218
G1 X69.213 Y81.822 E4.10358
G1 X69.559 Y81.517 E4.12499
G1 X69.956 Y81.282 E4.14639
G1 X70.387 Y81.127 E4.16761
G1 X70.693 Y81.069 E4.18206
G1 X70.994 Y81.049 E4.19609
G1 X71.459 Y81.092 E4.21773
G1 X71.902 Y81.221 E4.23915
G1 X72.313 Y81.43 E4.26056
G1 X72.678 Y81.713 E4.28196
G1 X72.983 Y82.059 E4.30338
G1 X73.22 Y82.461 E4.32501
G1 X73.331 Y82.743 E4.33905
G1 X73.408 Y83.045 E4.3535
G1 X73.451 Y83.5 E4.37472
G1 X73.408 Y83.959 E4.39613
G1 X73.279 Y84.402 E4.41753
G1 X73.07 Y84.813 E4.43893
G1 X72.787 Y85.178 E4.46033
G1 X72.441 Y85.483 E4.48174
G1 X72.044 Y85.718 E4.50314
G1 X71.613 Y85.873 E4.52436
G1 X71.307 Y85.931 E4.53882
G1 X71.086 Y85.945 E4.54911
G1 X70.759 Y86.342 F7800
G1 E1.54911 F2400
G92 E0
G1 X77.604 Y102.896 F7800
G1 E3 F2400
;TYPE:Perimeter
G1 F1800
G1 X97.396 Y102.896 E3.91824
G1 X97.396 Y76.896 E5.12444
G1 X99.604 Y76.896 E5.22685
G1 X99.604 Y97.896 E6.20109
G1 X118.396 Y97.896 E7.07294
G1 X118.396 Y90.896 E7.39768
G1 X135.396 Y90.896 E8.18636
G1 X135.396 Y85.149 E8.45301
G1 X135.577 Y85.087 E8.46189
G1 X135.886 Y85.485 E8.48527
G1 X136.296 Y85.846 E8.51063
G1 X136.765 Y86.122 E8.53587
G1 X137.105 Y86.256 E8.5528
G1 X137.468 Y86.349 E8.57018
G1 X137.989 Y86.399 E8.59448
G1 X138.363 Y86.375 E8.61187
G1 X138.731 Y86.305 E8.62926
G1 X139.235 Y86.124 E8.65407
G1 X139.704 Y85.846 E8.67939
G1 X140.114 Y85.485 E8.70471
G1 X140.448 Y85.054 E8.73003
G1 X140.696 Y84.567 E8.75534
G1 X140.848 Y84.043 E8.78066
G1 X140.9 Y83.5 E8.80598
G1 X140.848 Y82.957 E8.8313
G1 X140.699 Y82.443 E8.85611
G1 X140.539 Y82.104 E8.8735
G1 X140.339 Y81.787 E8.89089
G1 X139.985 Y81.386 E8.9157
G1 X139.554 Y81.052 E8.94102
G1 X139.067 Y80.804 E8.96634
G1 X138.542 Y80.652 E8.9917
G1 X138.001 Y80.602 E9.01694
G1 X137.636 Y80.625 E9.03387
G1 X137.269 Y80.695 E9.05125
G1 X136.765 Y80.876 E9.07605
G1 X136.296 Y81.154 E9.10137
G1 X135.886 Y81.515 E9.12669
G1 X135.577 Y81.913 E9.15007
G1 X135.396 Y81.851 E9.15895
G1 X135.396 Y76.896 E9.38883
G1 X144.604 Y76.896 E9.81598
G1 X144.604 Y133.104 E12.42358
G1 X65.396 Y133.104 E16.09822
G1 X65.396 Y76.896 E18.70582
G1 X77.604 Y76.896 E19.27215
G1 X77.604 Y102.806 E20.47419
G1 E17.47419 F2400
G92 E0
G1 X135.721 Y84.402 F7800
G1 E3 F2400
;TYPE:External perimeter
G1 F1800
G1 X135.592 Y83.959 E3.02141
G1 X135.549 Y83.5 E3.04281
G1 X135.592 Y83.041 E3.06421
G1 X135.721 Y82.598 E3.08562
G1 X135.93 Y82.187 E3.10702
G1 X136.213 Y81.822 E3.12842
G1 X136.559 Y81.517 E3.14983
G1 X136.956 Y81.282 E3.17123
G1 X137.387 Y81.127 E3.19245
G1 X137.693 Y81.069 E3.20691
G1 X137.994 Y81.049 E3.22093
G1 X138.459 Y81.092 E3.24257
G1 X138.902 Y81.221 E3.26399
G1 X139.313 Y81.43 E3.2854
G1 X139.678 Y81.713 E3.3068
G1 X139.98 Y82.056 E3.32802
G1 X140.147 Y82.319 E3.34248
G1 X140.28 Y82.601 E3.35694
G1 X140.408 Y83.041 E3.37816
G1 X140.451 Y83.5 E3.39957
G1 X140.408 Y83.959 E3.42097
G1 X140.279 Y84.402 E3.44237
G1 X140.07 Y84.813 E3.46377
G1 X139.787 Y85.178 E3.48518
G1 X139.441 Y85.483 E3.50658
G1 X139.044 Y85.718 E3.52799
G1 X138.613 Y85.873 E3.54921
G1 X138.307 Y85.931 E3.56367
G1 X137.996 Y85.951 E3.57813
G1 X137.545 Y85.908 E3.59916
G1 X137.243 Y85.831 E3.61362
G1 X136.961 Y85.72 E3.62765
G1 X136.559 Y85.483 E3.64929
G1 X136.213 Y85.178 E3.67071
G1 X135.93 Y84.813 E3.69211
G1 X135.762 Y84.483 E3.70934
G1 X135.264 Y84.335 F7800
G1 E.70934 F2400
G92 E0
G1 X78.05 Y102.45 F7800
G1 E3 F2400
G1 F1800
G1 X96.95 Y102.45 E3.87682
G1 X96.95 Y76.45 E5.08303
G1 X100.05 Y76.45 E5.22685
G1 X100.05 Y97.45 E6.20109
G1 X117.95 Y97.45 E7.03152
G1 X117.95 Y90.45 E7.35627
G1 X134.95 Y90.45 E8.14494
G1 X134.95 Y76.45 E8.79444
G1 X145.05 Y76.45 E9.26301
G1 X145.05 Y133.55 E11.91203
G1 X64.95 Y133.55 E15.62808
G1 X64.95 Y76.45 E18.2771
G1 X78.05 Y76.45 E18.88484
G1 X78.05 Y102.36 E20.08687
G1 X78.143 Y103.043 F7800
G1 E17.08687 F2400
G92 E0
G1 X77.47 Y95.212 F7800
G1 E3 F2400
;TYPE:Solid infill
;WIDTH:0.501711
G1 F1800
G1 X65.731 Y83.473 E3.77312
G1 X65.731 Y84.107 E3.80263
G1 X77.269 Y95.645 E4.56251
G1 X77.269 Y96.279 E4.59202
G1 X65.731 Y84.741 E5.35191
G1 X65.731 Y85.374 E5.38142
G1 X77.269 Y96.912 E6.14131
G1 X77.269 Y97.546 E6.17082
G1 X65.731 Y86.008 E6.9307
G1 X65.731 Y86.642 E6.96021
G1 X77.269 Y98.18 E7.7201
G1 X77.269 Y98.813 E7.74961
G1 X65.731 Y87.275 E8.5095
G1 X65.731 Y87.909 E8.53901
G1 X77.269 Y99.447 E9.29889
G1 X77.269 Y100.081 E9.3284
G1 X65.731 Y88.543 E10.08829
G1 X65.731 Y89.176 E10.1178
G1 X77.269 Y100.714 E10.87769
G1 X77.269 Y101.348 E10.9072
G1 X65.731 Y89.81 E11.66709
G1 X65.731 Y90.444 E11.69659
G1 X77.269 Y101.981 E12.45648
G1 X77.269 Y102.615 E12.48599
G1 X65.731 Y91.077 E13.24588
G1 X65.731 Y91.711 E13.27539
G1 X106.789 Y132.769 E15.97949
G1 X107.423 Y132.769 E16.009
G1 X77.885 Y103.231 E17.95438
G1 X78.519 Y103.231 E17.98389
G1 X108.056 Y132.769 E19.92927
G1 X108.69 Y132.769 E19.95878
G1 X79.152 Y103.231 E21.90416
G1 X79.786 Y103.231 E21.93367
G1 X109.324 Y132.769 E23.87905
G1 X109.957 Y132.769 E23.90856
G1 X80.419 Y103.231 E25.85394
G1 X81.053 Y103.231 E25.88345
G1 X110.591 Y132.769 E27.82883
G1 X111.225 Y132.769 E27.85834
G1 X81.687 Y103.231 E29.80372
G1 X82.32 Y103.231 E29.83323
G1 X111.858 Y132.769 E31.77861
G1 X112.492 Y132.769 E31.80812
G1 X82.954 Y103.231 E33.7535
G1 X83.588 Y103.231 E33.78301
G1 X113.126 Y132.769 E35.72839
G1 X113.759 Y132.769 E35.7579
G1 X84.221 Y103.231 E37.70328
G1 X84.855 Y103.231 E37.73279
G1 X114.393 Y132.769 E39.67817
G1 X115.027 Y132.769 E39.70768
G1 X85.489 Y103.231 E41.65305
G1 X86.122 Y103.231 E41.68256
G1 X115.66 Y132.769 E43.62794
G1 X116.294 Y132.769 E43.65745
G1 X86.756 Y103.231 E45.60283
G1 X87.39 Y103.231 E45.63234
G1 X116.927 Y132.769 E47.57772
G1 X117.561 Y132.769 E47.60723
G1 X88.023 Y103.231 E49.55261
G1 X88.657 Y103.231 E49.58212
G1 X118.396 Y132.97 E51.54073
G1 E48.54073 F2400
G92 E0
G1 X124.871 Y122.97 F7800
G1 E3 F2400
G1 F1800
G1 X100.132 Y98.231 E4.62931
G1 X100.766 Y98.231 E4.65881
G1 X125.303 Y122.769 E6.27489
G1 X125.937 Y122.769 E6.3044
G1 X101.399 Y98.231 E7.92048
G1 X102.033 Y98.231 E7.94999
G1 X126.571 Y122.769 E9.56606
G1 X127.204 Y122.769 E9.59557
G1 X102.667 Y98.231 E11.21165
G1 X103.3 Y98.231 E11.24116
G1 X127.838 Y122.769 E12.85724
G1 X128.472 Y122.769 E12.88675
G1 X103.934 Y98.231 E14.50282
G1 X104.568 Y98.231 E14.53233
G1 X129.105 Y122.769 E16.14841
G1 X129.739 Y122.769 E16.17792
G1 X105.201 Y98.231 E17.79399
G1 X105.835 Y98.231 E17.8235
G1 X130.373 Y122.769 E19.43958
G1 X131.006 Y122.769 E19.46909
G1 X106.469 Y98.231 E21.08517
G1 X107.102 Y98.231 E21.11468
G1 X131.64 Y122.769 E22.73075
G1 X132.274 Y122.769 E22.76026
G1 X107.736 Y98.231 E24.37634
G1 X108.37 Y98.231 E24.40585
G1 X132.907 Y122.769 E26.02192
G1 X133.541 Y122.769 E26.05143
G1 X109.003 Y98.231 E27.66751
G1 X109.637 Y98.231 E27.69702
G1 X134.175 Y122.769 E29.3131
G1 X134.808 Y122.769 E29.34261
G1 X110.27 Y98.231 E30.95868
G1 X110.904 Y98.231 E30.98819
G1 X136.385 Y123.712 E32.6664
G1 X136.622 Y123.572 E32.67922
G1 X136.811 Y123.504 E32.68856
G1 X111.538 Y98.231 E34.35307
G1 X112.171 Y98.231 E34.38258
G1 X137.291 Y123.35 E36.03694
G1 X137.594 Y123.292 E36.05134
G1 X137.85 Y123.276 E36.06327
G1 X112.805 Y98.231 E37.71275
G1 X113.439 Y98.231 E37.74225
G1 X138.792 Y123.585 E39.41206
G1 E36.41206 F2400
G92 E0
G1 X135.53 Y123.491 F7800
G1 E3 F2400
G1 F1800
G1 X136.147 Y124.107 E3.04059
G1 X135.93 Y124.143 F7800
;TYPE:Gap fill
;WIDTH:0.139221
G1 F1800
G1 X135.808 Y124.231 E3.04193
;WIDTH:0.164791
G1 X135.686 Y124.32 E3.04367
;WIDTH:0.167816
G1 X135.678 Y124.327 E3.0438
;WIDTH:0.168292
G1 X135.62 Y124.378 E3.04473
G1 X135.417 Y125.095 F7800
;WIDTH:0.412522
G1 F1800
G1 X135.346 Y125.467 E3.05887
;WIDTH:0.399837
G1 X135.322 Y125.635 E3.06497
;WIDTH:0.352063
G1 X135.298 Y125.803 E3.07023
;WIDTH:0.304289
G1 X135.275 Y125.97 E3.07464
;WIDTH:0.256513
G1 X135.273 Y125.989 E3.07504
;WIDTH:0.252929
G1 X135.249 Y126.493 E3.08548
;WIDTH:0.205428
G1 X135.249 Y126.507 E3.08571
;WIDTH:0.252926
G1 X135.273 Y127.011 E3.09615
;WIDTH:0.25651
G1 X135.275 Y127.03 E3.09655
;WIDTH:0.304295
G1 X135.298 Y127.197 E3.10097
;WIDTH:0.352078
G1 X135.322 Y127.365 E3.10623
;WIDTH:0.39986
G1 X135.346 Y127.533 E3.11233
;WIDTH:0.412544
G1 X135.418 Y127.91 E3.12663
G1 E.12663 F2400
G92 E0
G1 X106.356 Y132.97 F7800
G1 E3 F2400
;TYPE:Solid infill
;WIDTH:0.501711
G1 F1800
G1 X65.731 Y92.345 E5.6756
G1 X65.731 Y92.978 E5.70511
G1 X105.522 Y132.769 E8.32575
G1 X104.888 Y132.769 E8.35526
G1 X65.731 Y93.612 E10.93416
G1 X65.731 Y94.246 E10.96367
G1 X104.254 Y132.769 E13.50084
G1 X103.621 Y132.769 E13.53035
G1 X65.731 Y94.879 E16.02579
G1 X65.731 Y95.513 E16.0553
G1 X102.987 Y132.769 E18.50901
G1 X102.353 Y132.769 E18.53852
G1 X65.731 Y96.147 E20.95049
G1 X65.731 Y96.78 E20.98
G1 X101.72 Y132.769 E23.35024
G1 X101.086 Y132.769 E23.37975
G1 X65.731 Y97.414 E25.70826
G1 X65.731 Y98.048 E25.73777
G1 X100.452 Y132.769 E28.02454
G1 X99.819 Y132.769 E28.05405
G1 X65.731 Y98.681 E30.29909
G1 X65.731 Y99.315 E30.3286
G1 X99.185 Y132.769 E32.53191
G1 X98.552 Y132.769 E32.56142
G1 X65.731 Y99.948 E34.72299
G1 X65.731 Y100.582 E34.7525
G1 X97.918 Y132.769 E36.87235
G1 X97.284 Y132.769 E36.90186
G1 X65.731 Y101.216 E38.97997
G1 X65.731 Y101.849 E39.00948
G1 X96.651 Y132.769 E41.04585
G1 X96.017 Y132.769 E41.07536
G1 X65.731 Y102.483 E43.07001
G1 X65.731 Y103.117 E43.09952
G1 X95.383 Y132.769 E45.05243
G1 X94.75 Y132.769 E45.08194
G1 X65.731 Y103.75 E46.99312
G1 X65.731 Y104.384 E47.02263
G1 X94.116 Y132.769 E48.89207
G1 X93.482 Y132.769 E48.92158
G1 X65.731 Y105.018 E50.74929
G1 X65.731 Y105.651 E50.7788
G1 X92.849 Y132.769 E52.56478
G1 X92.215 Y132.769 E52.59429
G1 X65.731 Y106.285 E54.33854
G1 X65.731 Y106.919 E54.36805
G1 X91.581 Y132.769 E56.07056
G1 X90.948 Y132.769 E56.10007
G1 X65.731 Y107.552 E57.76086
G1 X65.731 Y108.186 E57.79037
G1 X90.314 Y132.769 E59.40941
G1 X89.68 Y132.769 E59.43892
G1 X65.731 Y108.82 E61.01624
G1 X65.731 Y109.453 E61.04575
G1 X89.047 Y132.769 E62.58133
G1 X88.413 Y132.769 E62.61084
G1 X65.731 Y110.087 E64.10469
G1 X65.731 Y110.721 E64.1342
G1 X87.779 Y132.769 E65.58632
G1 X87.146 Y132.769 E65.61583
G1 X65.731 Y111.354 E67.02621
G1 X65.731 Y111.988 E67.05572
G1 X86.512 Y132.769 E68.42437
G1 X85.878 Y132.769 E68.45388
G1 X65.731 Y112.622 E69.7808
G1 X65.731 Y113.255 E69.81031
G1 X85.245 Y132.769 E71.09549
G1 X84.611 Y132.769 E71.125
G1 X65.731 Y113.889 E72.36846
G1 X65.731 Y114.523 E72.39797
G1 X83.977 Y132.769 E73.59969
G1 X83.344 Y132.769 E73.6292
G1 X65.731 Y115.156 E74.78918
G1 X65.731 Y115.79 E74.81869
G1 X82.71 Y132.769 E75.93695
G1 X82.077 Y132.769 E75.96646
G1 X65.731 Y116.423 E77.04298
G1 X65.731 Y117.057 E77.07249
G1 X72.155 Y123.481 E77.49556
G1 X71.605 Y123.321 E77.52222
G1 X71.337 Y123.296 E77.53477
G1 X65.731 Y117.691 E77.90396
G1 X65.731 Y118.324 E77.93347
G1 X70.693 Y123.286 E78.26025
G1 X70.154 Y123.381 E78.28573
G1 X65.731 Y118.958 E78.57701
G1 X65.731 Y119.592 E78.60652
G1 X69.688 Y123.549 E78.86712
G1 X69.28 Y123.774 E78.88883
G1 X65.731 Y120.225 E79.12257
G1 X65.731 Y120.859 E79.15208
G1 X68.915 Y124.043 E79.3618
G1 X68.641 Y124.285 E79.37882
G1 X68.59 Y124.351 E79.38273
G1 X65.731 Y121.493 E79.571
G1 X65.731 Y122.126 E79.60051
G1 X68.313 Y124.708 E79.77055
G1 X68.089 Y125.118 E79.79229
G1 X65.731 Y122.76 E79.94757
G1 X65.731 Y123.394 E79.97708
G1 X67.914 Y125.576 E80.12083
G1 X67.822 Y125.894 E80.13622
G1 X67.802 Y126.098 E80.1458
G1 X65.731 Y124.027 E80.2822
G1 X65.731 Y124.661 E80.31171
G1 X67.784 Y126.714 E80.44695
G1 X67.82 Y127.09 E80.46452
G1 X67.921 Y127.485 E80.4835
G1 X65.731 Y125.295 E80.62776
G1 X65.731 Y125.928 E80.65727
G1 X72.572 Y132.769 E81.10779
G1 X73.205 Y132.769 E81.1373
G1 X70.001 Y129.564 E81.34836
G1 X70.394 Y129.678 E81.36741
G1 X70.786 Y129.716 E81.38575
G1 X73.839 Y132.769 E81.58684
G1 X74.473 Y132.769 E81.61635
G1 X71.402 Y129.698 E81.81862
G1 X71.59 Y129.68 E81.82743
G1 X71.93 Y129.593 E81.84378
G1 X75.106 Y132.769 E82.05297
G1 X75.74 Y132.769 E82.08248
G1 X72.391 Y129.42 E82.30305
G1 X72.789 Y129.184 E82.32459
G1 X76.374 Y132.769 E82.56067
G1 X77.007 Y132.769 E82.59018
G1 X73.143 Y128.905 E82.84466
G1 X73.359 Y128.715 E82.85803
G1 X73.459 Y128.586 E82.86561
G1 X77.641 Y132.769 E83.14107
G1 X78.275 Y132.769 E83.17058
G1 X73.735 Y128.229 E83.46958
G1 X73.948 Y127.809 E83.49153
G1 X78.908 Y132.769 E83.81818
G1 X79.542 Y132.769 E83.84769
G1 X74.111 Y127.338 E84.20536
G1 X74.178 Y127.106 E84.2166
G1 X74.207 Y126.801 E84.2309
G1 X80.176 Y132.769 E84.62397
G1 X80.809 Y132.769 E84.65348
G1 X74.204 Y126.164 E85.0885
G1 X74.18 Y125.91 E85.10038
G1 X74.075 Y125.501 E85.12004
G1 X74.01 Y125.336 E85.12832
G1 X81.644 Y132.97 E85.63111
G1 E82.63111 F2400
G92 E0
G1 X72.139 Y132.97 F7800
G1 E3 F2400
G1 F1800
G1 X65.731 Y126.562 E3.42202
G1 X65.731 Y127.196 E3.45153
G1 X71.304 Y132.769 E3.8186
G1 X70.671 Y132.769 E3.8481
G1 X65.731 Y127.829 E4.17343
G1 X65.731 Y128.463 E4.20294
G1 X70.037 Y132.769 E4.48654
G1 X69.403 Y132.769 E4.51605
G1 X65.731 Y129.097 E4.75791
G1 X65.731 Y129.73 E4.78742
G1 X68.77 Y132.769 E4.98755
G1 X68.136 Y132.769 E5.01706
G1 X65.731 Y130.364 E5.17546
G1 X65.731 Y130.998 E5.20497
G1 X67.502 Y132.769 E5.32164
G1 X66.869 Y132.769 E5.35114
G1 X65.731 Y131.631 E5.42608
G1 X65.731 Y132.265 E5.45559
G1 X66.436 Y132.97 E5.50201
G1 E2.50201 F2400
G92 E0
G1 X77.47 Y85.707 F7800
G1 E3 F2400
G1 F1800
G1 X73.952 Y82.19 E3.23168
G1 X74.075 Y82.501 E3.24729
G1 X74.18 Y82.91 E3.26693
G1 X74.195 Y83.066 E3.27423
G1 X77.269 Y86.14 E3.47669
G1 X77.269 Y86.774 E3.5062
G1 X74.215 Y83.72 E3.70733
G1 X74.178 Y84.106 E3.72541
G1 X74.131 Y84.27 E3.73333
G1 X77.269 Y87.407 E3.93999
G1 X77.269 Y88.041 E3.9695
G1 X73.978 Y84.751 E4.18622
G1 X73.764 Y85.17 E4.20816
G1 X77.269 Y88.675 E4.43896
G1 X77.269 Y89.308 E4.46847
G1 X73.497 Y85.537 E4.71688
G1 X73.359 Y85.715 E4.72739
G1 X73.19 Y85.864 E4.73785
G1 X77.269 Y89.942 E5.00646
G1 X77.269 Y90.576 E5.03597
G1 X72.845 Y86.152 E5.32735
G1 X72.447 Y86.387 E5.34889
G1 X77.269 Y91.209 E5.66649
G1 X77.269 Y91.843 E5.696
G1 X71.992 Y86.567 E6.04351
G1 X71.82 Y86.629 E6.05204
G1 X71.485 Y86.693 E6.06793
G1 X77.269 Y92.477 E6.44888
G1 X77.269 Y93.11 E6.47839
G1 X70.883 Y86.725 E6.89894
G1 X70.394 Y86.678 E6.92185
G1 X70.126 Y86.601 E6.93486
G1 X77.269 Y93.744 E7.40532
G1 X77.269 Y94.378 E7.43483
G1 X65.731 Y82.84 E8.19472
G1 X65.731 Y82.206 E8.22423
G1 X67.899 Y84.374 E8.36704
G1 X67.822 Y84.106 E8.38004
G1 X67.775 Y83.617 E8.40295
G1 X65.731 Y81.573 E8.53758
G1 X65.731 Y80.939 E8.56709
G1 X67.81 Y83.018 E8.70399
G1 X67.822 Y82.894 E8.70979
G1 X67.934 Y82.508 E8.72851
G1 X65.731 Y80.305 E8.87357
G1 X65.731 Y79.672 E8.90308
G1 X68.119 Y82.059 E9.06032
G1 X68.268 Y81.766 E9.07563
G1 X68.352 Y81.658 E9.08199
G1 X65.731 Y79.038 E9.25457
G1 X65.731 Y78.404 E9.28408
G1 X68.628 Y81.302 E9.4749
G1 X68.962 Y81.002 E9.4958
G1 X65.731 Y77.771 E9.70861
G1 X65.731 Y77.231 E9.73373
G1 X65.825 Y77.231 E9.73812
G1 X69.336 Y80.742 E9.96932
G1 X69.622 Y80.572 E9.98482
G1 X69.753 Y80.525 E9.99129
G1 X66.459 Y77.231 E10.20824
G1 X67.093 Y77.231 E10.23775
G1 X70.224 Y80.363 E10.44401
G1 X70.594 Y80.292 E10.46155
G1 X70.776 Y80.281 E10.47002
G1 X67.726 Y77.231 E10.67087
G1 X68.36 Y77.231 E10.70038
G1 X71.434 Y80.305 E10.90286
G1 X71.605 Y80.321 E10.91085
G1 X72.191 Y80.491 E10.93928
G1 X72.319 Y80.557 E10.94596
G1 X68.994 Y77.231 E11.16497
G1 X69.627 Y77.231 E11.19448
G1 X77.269 Y84.873 E11.69777
G1 X77.269 Y84.239 E11.72728
G1 X70.261 Y77.231 E12.18884
G1 X70.894 Y77.231 E12.21835
G1 X77.269 Y83.605 E12.63817
G1 X77.269 Y82.972 E12.66768
G1 X71.528 Y77.231 E13.04577
G1 X72.162 Y77.231 E13.07528
G1 X77.269 Y82.338 E13.41163
G1 X77.269 Y81.705 E13.44114
G1 X72.795 Y77.231 E13.73577
G1 X73.429 Y77.231 E13.76528
G1 X77.269 Y81.071 E14.01817
G1 X77.269 Y80.437 E14.04768
G1 X74.063 Y77.231 E14.25883
G1 X74.696 Y77.231 E14.28834
G1 X77.269 Y79.804 E14.45777
G1 X77.269 Y79.17 E14.48728
G1 X75.33 Y77.231 E14.61497
G1 X75.964 Y77.231 E14.64448
G1 X77.269 Y78.536 E14.73044
G1 X77.269 Y77.903 E14.75995
G1 X76.597 Y77.231 E14.80417
G1 X77.231 Y77.231 E14.83368
G1 X77.47 Y77.47 E14.84941
G1 E11.84941 F2400
G92 E0
G1 X98.574 Y77.03 F7800
G1 E3 F2400
G1 F1800
G1 X99.269 Y77.725 E3.04574
G1 X99.269 Y78.358 E3.07525
G1 X98.142 Y77.231 E3.14949
G1 X97.731 Y77.231 E3.16861
G1 X97.731 Y77.454 E3.179
G1 X99.269 Y78.992 E3.28028
G1 X99.269 Y79.626 E3.30979
G1 X97.731 Y78.088 E3.41107
G1 X97.731 Y78.722 E3.44058
G1 X99.269 Y80.259 E3.54186
G1 X99.269 Y80.893 E3.57137
G1 X97.731 Y79.355 E3.67265
G1 X97.731 Y79.989 E3.70216
G1 X99.269 Y81.527 E3.80344
G1 X99.269 Y82.16 E3.83295
G1 X97.731 Y80.623 E3.93423
G1 X97.731 Y81.256 E3.96374
G1 X99.269 Y82.794 E4.06502
G1 X99.269 Y83.428 E4.09453
G1 X97.731 Y81.89 E4.19581
G1 X97.731 Y82.523 E4.22532
G1 X99.269 Y84.061 E4.3266
G1 X99.269 Y84.695 E4.35611
G1 X97.731 Y83.157 E4.45739
G1 X97.731 Y83.791 E4.4869
G1 X99.269 Y85.329 E4.58818
G1 X99.269 Y85.962 E4.61769
G1 X97.731 Y84.424 E4.71897
G1 X97.731 Y85.058 E4.74848
G1 X99.269 Y86.596 E4.84976
G1 X99.269 Y87.23 E4.87927
G1 X97.731 Y85.692 E4.98055
G1 X97.731 Y86.325 E5.01006
G1 X99.269 Y87.863 E5.11134
G1 X99.269 Y88.497 E5.14085
G1 X97.731 Y86.959 E5.24213
G1 X97.731 Y87.593 E5.27164
G1 X99.269 Y89.13 E5.37292
G1 X99.269 Y89.764 E5.40243
G1 X97.731 Y88.226 E5.50371
G1 X97.731 Y88.86 E5.53322
G1 X99.269 Y90.398 E5.6345
G1 X99.269 Y91.031 E5.66401
G1 X97.731 Y89.494 E5.76529
G1 X97.731 Y90.127 E5.7948
G1 X99.269 Y91.665 E5.89608
G1 X99.269 Y92.299 E5.92559
G1 X97.731 Y90.761 E6.02687
G1 X97.731 Y91.395 E6.05638
G1 X99.269 Y92.932 E6.15766
G1 X99.269 Y93.566 E6.18717
G1 X97.731 Y92.028 E6.28845
G1 X97.731 Y92.662 E6.31796
G1 X99.269 Y94.2 E6.41924
G1 X99.269 Y94.833 E6.44875
G1 X97.731 Y93.296 E6.55003
G1 X97.731 Y93.929 E6.57954
G1 X99.269 Y95.467 E6.68082
G1 X99.269 Y96.101 E6.71033
G1 X97.731 Y94.563 E6.81162
G1 X97.731 Y95.197 E6.84112
G1 X99.269 Y96.734 E6.94241
G1 X99.269 Y97.368 E6.97191
G1 X97.731 Y95.83 E7.0732
G1 X97.731 Y96.464 E7.1027
G1 X124.036 Y122.769 E8.83517
G1 X123.402 Y122.769 E8.86468
G1 X97.731 Y97.098 E10.55542
G1 X97.731 Y97.731 E10.58493
G1 X122.769 Y122.769 E12.23393
G1 X122.135 Y122.769 E12.26344
G1 X97.731 Y98.365 E13.87071
G1 X97.731 Y98.998 E13.90022
G1 X121.502 Y122.769 E15.46576
G1 X120.868 Y122.769 E15.49527
G1 X97.731 Y99.632 E17.01907
G1 X97.731 Y100.266 E17.04858
G1 X120.234 Y122.769 E18.53065
G1 X119.601 Y122.769 E18.56016
G1 X97.731 Y100.899 E20.0005
G1 X97.731 Y101.533 E20.03001
G1 X118.967 Y122.769 E21.42862
G1 X118.333 Y122.769 E21.45813
G1 X97.731 Y102.167 E22.815
G1 X97.731 Y102.8 E22.84451
G1 X117.7 Y122.769 E24.15965
G1 X117.066 Y122.769 E24.18916
G1 X97.528 Y103.231 E25.47593
G1 X96.894 Y103.231 E25.50544
G1 X116.432 Y122.769 E26.79221
G1 X115.799 Y122.769 E26.82172
G1 X96.261 Y103.231 E28.1085
G1 X95.627 Y103.231 E28.138
G1 X115.165 Y122.769 E29.42478
G1 X114.769 Y122.769 E29.44322
G1 X114.769 Y123.006 E29.45429
G1 X94.994 Y103.231 E30.75671
G1 X94.36 Y103.231 E30.78622
G1 X114.769 Y123.64 E32.13037
G1 X114.769 Y124.274 E32.15988
G1 X93.726 Y103.231 E33.54576
G1 X93.093 Y103.231 E33.57527
G1 X114.769 Y124.907 E35.00289
G1 X114.769 Y125.541 E35.0324
G1 X92.459 Y103.231 E36.50175
G1 X91.825 Y103.231 E36.53126
G1 X114.769 Y126.175 E38.04234
G1 X114.769 Y126.808 E38.07185
G1 X91.192 Y103.231 E39.62467
G1 X90.558 Y103.231 E39.65418
G1 X114.769 Y127.442 E41.24873
G1 X114.769 Y128.076 E41.27824
G1 X89.924 Y103.231 E42.91452
G1 X89.291 Y103.231 E42.94403
G1 X118.828 Y132.769 E44.88941
G1 X119.462 Y132.769 E44.91892
G1 X115.424 Y128.731 E45.18485
G1 X116.058 Y128.731 E45.21436
G1 X120.096 Y132.769 E45.48029
G1 X120.729 Y132.769 E45.5098
G1 X116.692 Y128.731 E45.77574
G1 X117.325 Y128.731 E45.80524
G1 X121.363 Y132.769 E46.07118
G1 X121.997 Y132.769 E46.10069
G1 X117.959 Y128.731 E46.36662
G1 X118.593 Y128.731 E46.39613
G1 X122.63 Y132.769 E46.66206
G1 X123.264 Y132.769 E46.69157
G1 X119.226 Y128.731 E46.9575
G1 X119.86 Y128.731 E46.98701
G1 X123.898 Y132.769 E47.25294
G1 X124.531 Y132.769 E47.28245
G1 X120.494 Y128.731 E47.54839
G1 X121.127 Y128.731 E47.5779
G1 X125.165 Y132.769 E47.84383
G1 X125.799 Y132.769 E47.87334
G1 X121.761 Y128.731 E48.13927
G1 X122.395 Y128.731 E48.16878
G1 X126.432 Y132.769 E48.43471
G1 X127.066 Y132.769 E48.46422
G1 X123.028 Y128.731 E48.73015
G1 X123.662 Y128.731 E48.75966
G1 X127.7 Y132.769 E49.0256
G1 X128.333 Y132.769 E49.05511
G1 X124.295 Y128.731 E49.32104
G1 X124.929 Y128.731 E49.35055
G1 X128.967 Y132.769 E49.61648
G1 X129.601 Y132.769 E49.64599
G1 X125.563 Y128.731 E49.91192
G1 X126.196 Y128.731 E49.94143
G1 X130.234 Y132.769 E50.20736
G1 X130.868 Y132.769 E50.23687
G1 X126.83 Y128.731 E50.5028
G1 X127.464 Y128.731 E50.53231
G1 X131.502 Y132.769 E50.79825
G1 X132.135 Y132.769 E50.82776
G1 X128.097 Y128.731 E51.09369
G1 X128.731 Y128.731 E51.1232
G1 X132.769 Y132.769 E51.38913
G1 X133.402 Y132.769 E51.41864
G1 X129.365 Y128.731 E51.68457
G1 X129.998 Y128.731 E51.71408
G1 X134.036 Y132.769 E51.98001
G1 X134.67 Y132.769 E52.00952
G1 X130.632 Y128.731 E52.27546
G1 X131.266 Y128.731 E52.30497
G1 X135.303 Y132.769 E52.5709
G1 X135.937 Y132.769 E52.60041
G1 X131.899 Y128.731 E52.86634
G1 X132.533 Y128.731 E52.89585
G1 X136.571 Y132.769 E53.16178
G1 X137.204 Y132.769 E53.19129
G1 X133.167 Y128.731 E53.45722
G1 X133.8 Y128.731 E53.48673
G1 X137.838 Y132.769 E53.75267
G1 X138.472 Y132.769 E53.78218
G1 X134.434 Y128.731 E54.04811
G1 X135.068 Y128.731 E54.07762
G1 X139.105 Y132.769 E54.34355
G1 X139.739 Y132.769 E54.37306
G1 X135.977 Y129.007 E54.62083
G1 X136.265 Y129.231 E54.63783
G1 X136.809 Y129.509 E54.66626
G1 X137.237 Y129.633 E54.68701
G1 X140.373 Y132.769 E54.89355
G1 X141.006 Y132.769 E54.92306
G1 X137.97 Y129.733 E55.123
G1 X138.554 Y129.683 E55.1503
G1 X141.64 Y132.769 E55.35352
G1 X142.274 Y132.769 E55.38303
G1 X139.053 Y129.549 E55.59512
G1 X139.191 Y129.509 E55.6018
G1 X139.493 Y129.355 E55.61758
G1 X142.907 Y132.769 E55.84244
G1 X143.541 Y132.769 E55.87195
G1 X139.886 Y129.114 E56.11267
G1 X140.238 Y128.833 E56.13366
G1 X144.175 Y132.769 E56.39292
G1 X144.269 Y132.769 E56.39731
G1 X144.269 Y132.23 E56.42243
G1 X140.535 Y128.496 E56.66834
G1 X140.607 Y128.414 E56.6734
G1 X140.793 Y128.12 E56.6896
G1 X144.269 Y131.596 E56.9185
G1 X144.269 Y130.962 E56.94801
G1 X141.003 Y127.697 E57.16309
G1 X141.149 Y127.208 E57.18681
G1 X144.269 Y130.329 E57.3923
G1 X144.269 Y129.695 E57.42181
G1 X141.222 Y126.648 E57.62249
G1 X141.236 Y126.5 E57.62941
G1 X141.187 Y125.979 E57.65378
G1 X144.269 Y129.061 E57.85679
G1 X144.269 Y128.428 E57.8863
G1 X114.072 Y98.231 E59.87506
G1 X114.706 Y98.231 E59.90457
G1 X144.269 Y127.794 E61.8516
G1 X144.269 Y127.16 E61.88111
G1 X115.34 Y98.231 E63.78641
G1 X115.973 Y98.231 E63.81592
G1 X144.269 Y126.527 E65.67948
G1 X144.269 Y125.893 E65.70899
G1 X116.607 Y98.231 E67.53082
G1 X117.241 Y98.231 E67.56033
G1 X144.269 Y125.259 E69.34043
G1 X144.269 Y124.626 E69.36994
G1 X117.874 Y98.231 E71.10831
G1 X118.508 Y98.231 E71.13782
G1 X144.269 Y123.992 E72.83445
G1 X144.269 Y123.358 E72.86396
G1 X118.731 Y97.821 E74.5459
G1 X118.731 Y97.187 E74.57541
G1 X144.269 Y122.725 E76.25734
G1 X144.269 Y122.091 E76.28685
G1 X118.731 Y96.553 E77.96879
G1 X118.731 Y95.92 E77.9983
G1 X144.269 Y121.457 E79.68024
G1 X144.269 Y120.824 E79.70975
G1 X118.731 Y95.286 E81.39168
G1 X118.731 Y94.652 E81.42119
G1 X144.269 Y120.19 E83.10313
G1 X144.269 Y119.556 E83.13264
G1 X118.731 Y94.019 E84.81457
G1 X118.731 Y93.385 E84.84408
G1 X144.269 Y118.923 E86.52602
G1 X144.269 Y118.289 E86.55553
G1 X118.731 Y92.751 E88.23747
G1 X118.731 Y92.118 E88.26698
G1 X144.269 Y117.655 E89.94891
G1 X144.269 Y117.022 E89.97842
G1 X118.731 Y91.484 E91.66036
G1 X118.731 Y91.231 E91.67214
G1 X119.112 Y91.231 E91.68987
G1 X144.269 Y116.388 E93.34673
G1 X144.269 Y115.755 E93.37624
G1 X119.745 Y91.231 E94.99137
G1 X120.379 Y91.231 E95.02088
G1 X144.269 Y115.121 E96.59428
G1 X144.269 Y114.487 E96.62379
G1 X121.013 Y91.231 E98.15545
G1 X121.646 Y91.231 E98.18496
G1 X144.269 Y113.854 E99.6749
G1 X144.269 Y113.22 E99.7044
G1 X122.28 Y91.231 E101.1526
G1 X122.914 Y91.231 E101.18211
G1 X144.269 Y112.586 E102.58858
G1 X144.269 Y111.953 E102.61809
G1 X123.547 Y91.231 E103.98282
G1 X124.181 Y91.231 E104.01233
G1 X144.269 Y111.319 E105.33533
G1 X144.269 Y110.685 E105.36484
G1 X124.815 Y91.231 E106.64611
G1 X125.448 Y91.231 E106.67562
G1 X144.269 Y110.052 E107.91515
G1 X144.269 Y109.418 E107.94466
G1 X126.082 Y91.231 E109.14246
G1 X126.716 Y91.231 E109.17197
G1 X144.269 Y108.784 E110.32804
G1 X144.269 Y108.151 E110.35755
G1 X127.349 Y91.231 E111.47189
G1 X127.983 Y91.231 E111.5014
G1 X144.269 Y107.517 E112.574
G1 X144.269 Y106.883 E112.60351
G1 X128.617 Y91.231 E113.63438
G1 X129.25 Y91.231 E113.66389
G1 X144.269 Y106.25 E114.65303
G1 X144.269 Y105.616 E114.68254
G1 X129.884 Y91.231 E115.62994
G1 X130.518 Y91.231 E115.65945
G1 X144.269 Y104.982 E116.56512
G1 X144.269 Y104.349 E116.59463
G1 X131.151 Y91.231 E117.45857
G1 X131.785 Y91.231 E117.48808
G1 X144.269 Y103.715 E118.31028
G1 X144.269 Y103.081 E118.33979
G1 X132.419 Y91.231 E119.12027
G1 X133.052 Y91.231 E119.14978
G1 X144.269 Y102.448 E119.88852
G1 X144.269 Y101.814 E119.91803
G1 X133.686 Y91.231 E120.61503
G1 X134.32 Y91.231 E120.64454
G1 X144.269 Y101.18 E121.29982
G1 X144.269 Y100.547 E121.32933
G1 X134.953 Y91.231 E121.94287
G1 X135.587 Y91.231 E121.97238
G1 X144.269 Y99.913 E122.54419
G1 X144.269 Y99.28 E122.57369
G1 X135.731 Y90.742 E123.136
G1 X135.731 Y90.108 E123.16551
G1 X144.269 Y98.646 E123.72781
G1 X144.269 Y98.012 E123.75732
G1 X135.731 Y89.474 E124.31963
G1 X135.731 Y88.841 E124.34914
G1 X144.269 Y97.379 E124.91144
G1 X144.269 Y96.745 E124.94095
G1 X135.731 Y88.207 E125.50326
G1 X135.731 Y87.573 E125.53277
G1 X144.269 Y96.111 E126.09507
G1 X144.269 Y95.478 E126.12458
G1 X135.731 Y86.94 E126.68689
G1 X135.731 Y86.306 E126.7164
G1 X144.269 Y94.844 E127.2787
G1 X144.269 Y94.21 E127.30821
G1 X136.289 Y86.23 E127.83378
G1 X136.618 Y86.424 E127.85156
G1 X137.001 Y86.575 E127.87075
G1 X137.359 Y86.667 E127.88796
G1 X144.269 Y93.577 E128.34303
G1 X144.269 Y92.943 E128.37254
G1 X138.056 Y86.73 E128.78175
G1 X138.405 Y86.708 E128.79807
G1 X138.625 Y86.666 E128.8085
G1 X144.269 Y92.309 E129.18019
G1 X144.269 Y91.676 E129.2097
G1 X139.115 Y86.522 E129.54911
G1 X139.378 Y86.428 E129.56209
G1 X139.552 Y86.325 E129.57151
G1 X144.269 Y91.042 E129.88218
G1 X144.269 Y90.408 E129.91169
G1 X139.943 Y86.082 E130.19663
G1 X140.279 Y85.785 E130.21753
G1 X144.269 Y89.775 E130.48029
G1 X144.269 Y89.141 E130.5098
G1 X140.57 Y85.442 E130.7534
G1 X140.732 Y85.234 E130.76569
G1 X140.821 Y85.059 E130.7748
G1 X144.269 Y88.507 E131.00189
G1 X144.269 Y87.874 E131.0314
G1 X141.026 Y84.631 E131.24498
G1 X141.169 Y84.14 E131.26879
G1 X144.269 Y87.24 E131.47297
G1 X144.269 Y86.606 E131.50248
G1 X141.229 Y83.567 E131.70266
G1 X141.174 Y82.878 E131.73486
G1 X144.47 Y86.174 E131.95193
G1 E128.95193 F2400
G92 E0
G1 X144.47 Y77.936 F7800
G1 E3 F2400
G1 F1800
G1 X143.765 Y77.231 E3.04644
G1 X143.131 Y77.231 E3.07595
G1 X144.269 Y78.369 E3.15089
G1 X144.269 Y79.003 E3.18039
G1 X142.497 Y77.231 E3.29707
G1 X141.864 Y77.231 E3.32658
G1 X144.269 Y79.636 E3.48498
G1 X144.269 Y80.27 E3.51449
G1 X141.23 Y77.231 E3.71463
G1 X140.596 Y77.231 E3.74414
G1 X144.269 Y80.904 E3.98601
G1 X144.269 Y81.537 E4.01552
G1 X139.963 Y77.231 E4.29913
G1 X139.329 Y77.231 E4.32864
G1 X144.269 Y82.171 E4.65397
G1 X144.269 Y82.805 E4.68348
G1 X138.695 Y77.231 E5.05055
G1 X138.062 Y77.231 E5.08006
G1 X144.269 Y83.438 E5.48887
G1 X144.269 Y84.072 E5.51838
G1 X137.428 Y77.231 E5.96891
G1 X136.795 Y77.231 E5.99842
G1 X144.269 Y84.705 E6.49069
G1 X144.269 Y85.339 E6.5202
G1 X136.161 Y77.231 E7.0542
G1 X135.731 Y77.231 E7.07421
G1 X135.731 Y77.435 E7.08371
G1 X138.622 Y80.326 E7.27412
G1 X137.933 Y80.271 E7.30632
G1 X135.731 Y78.069 E7.45135
G1 X135.731 Y78.702 E7.48086
G1 X137.365 Y80.336 E7.58846
G1 X137.18 Y80.371 E7.59723
G1 X136.876 Y80.481 E7.61227
G1 X135.731 Y79.336 E7.68768
G1 X135.731 Y79.97 E7.71718
G1 X136.441 Y80.679 E7.76393
G1 X136.138 Y80.859 E7.78034
G1 X135.963 Y80.619 E7.79415
G1 X135.841 Y80.707 E7.80118
G1 X135.53 Y80.402 E7.82146
G1 X135.93 Y81.143 F7800
;TYPE:Gap fill
;WIDTH:0.13922
G1 F1800
G1 X135.808 Y81.231 E7.82281
;WIDTH:0.16479
G1 X135.686 Y81.32 E7.82455
;WIDTH:0.167814
G1 X135.678 Y81.327 E7.82468
;WIDTH:0.168292
G1 X135.62 Y81.378 E7.8256
G1 X135.417 Y82.095 F7800
;WIDTH:0.412524
G1 F1800
G1 X135.346 Y82.467 E7.83974
;WIDTH:0.39984
G1 X135.322 Y82.635 E7.84584
;WIDTH:0.352065
G1 X135.298 Y82.803 E7.8511
;WIDTH:0.30429
G1 X135.275 Y82.97 E7.85552
;WIDTH:0.256513
G1 X135.273 Y82.989 E7.85592
;WIDTH:0.252929
G1 X135.249 Y83.493 E7.86636
;WIDTH:0.205428
G1 X135.249 Y83.507 E7.86658
;WIDTH:0.252926
G1 X135.273 Y84.011 E7.87703
;WIDTH:0.25651
G1 X135.275 Y84.03 E7.87743
;WIDTH:0.304295
G1 X135.298 Y84.197 E7.88184
;WIDTH:0.352078
G1 X135.322 Y84.365 E7.8871
;WIDTH:0.39986
G1 X135.346 Y84.533 E7.8932
;WIDTH:0.412546
G1 X135.417 Y84.905 E7.90734
G1 X135.64 Y85.564 F7800
;WIDTH:0.169498
G1 F1800
G1 X135.677 Y85.674 E7.90874
;WIDTH:0.169498
G1 X135.686 Y85.681 E7.90887
;WIDTH:0.166586
G1 X135.81 Y85.771 E7.91067
;WIDTH:0.140118
G1 X135.934 Y85.861 E7.91205
;LAYER_CHANGE
;Z:0.65
;HEIGHT:0.4
G1 Z.65 F7800
M104 S195 ; set temperature
G1 E4.91205 F2400
G92 E0
G1 X115.073 Y123.073 F7800
G1 E3 F2400
;TYPE:Perimeter
;WIDTH:0.675
G1 F4800
G1 X135.427 Y123.073 E4.99417
G1 X135.427 Y124.667 E5.15032
G1 X135.666 Y124.749 E5.17507
G1 X135.864 Y124.494 E5.2067
G1 X136.277 Y124.129 E5.26075
G1 X136.752 Y123.848 E5.31479
G1 X137.257 Y123.666 E5.3674
G1 X137.632 Y123.595 E5.40482
G1 X138.003 Y123.571 E5.44122
G1 X138.548 Y123.621 E5.4948
G1 X139.079 Y123.775 E5.54899
G1 X139.57 Y124.025 E5.60303
G1 X140.006 Y124.364 E5.65708
G1 X140.361 Y124.766 E5.70969
G1 X140.566 Y125.089 E5.74716
G1 X140.729 Y125.435 E5.78462
G1 X140.879 Y125.951 E5.83723
G1 X140.931 Y126.5 E5.89128
G1 X140.879 Y127.051 E5.94547
G1 X140.725 Y127.575 E5.99905
G1 X140.566 Y127.911 E6.03545
G1 X140.361 Y128.234 E6.07286
G1 X140.006 Y128.636 E6.12547
G1 X139.57 Y128.975 E6.17952
G1 X139.079 Y129.225 E6.23356
G1 X138.549 Y129.379 E6.28761
G1 X138 Y129.431 E6.34166
G1 X137.451 Y129.379 E6.39571
G1 X136.921 Y129.225 E6.44975
G1 X136.43 Y128.975 E6.5038
G1 X135.994 Y128.636 E6.55784
G1 X135.427 Y127.993 E6.64186
G1 X135.427 Y128.427 E6.68433
G1 X115.073 Y128.427 E8.6785
G1 X115.073 Y123.163 E9.19418
G1 X115.663 Y123.663 F7800
;TYPE:External perimeter
G1 F2400
G1 X134.838 Y123.663 E11.0729
G1 X134.838 Y127.838 E11.48196
G1 X115.663 Y127.838 E13.36068
G1 X115.663 Y123.753 E13.76092
G1 X115.4 Y123.123 F7800
G1 E10.76092 F2400
G92 E0
G1 X135.702 Y126.062 F7800
G1 E3 F2400
G1 F1800
G1 X135.825 Y125.639 E3.04313
G1 X136.025 Y125.247 E3.08627
G1 X136.295 Y124.899 E3.1294
G1 X136.625 Y124.608 E3.17253
G1 X137.004 Y124.384 E3.21567
G1 X137.413 Y124.236 E3.25828
G1 X137.707 Y124.18 E3.28755
G1 X137.995 Y124.162 E3.31587
G1 X138.438 Y124.202 E3.35941
G1 X138.861 Y124.325 E3.4026
G1 X139.253 Y124.525 E3.44573
G1 X139.601 Y124.795 E3.48887
G1 X139.889 Y125.121 E3.53148
G1 X140.049 Y125.374 E3.56077
G1 X140.176 Y125.644 E3.59006
G1 X140.298 Y126.062 E3.63267
G1 X140.339 Y126.5 E3.6758
G1 X140.298 Y126.939 E3.71899
G1 X140.172 Y127.365 E3.76253
G1 X140.049 Y127.627 E3.79085
G1 X139.889 Y127.879 E3.82012
G1 X139.601 Y128.205 E3.86273
G1 X139.253 Y128.475 E3.90587
G1 X138.861 Y128.675 E3.949
G1 X138.438 Y128.798 E3.99213
G1 X138 Y128.839 E4.03527
G1 X137.562 Y128.798 E4.0784
G1 X137.139 Y128.675 E4.12153
G1 X136.747 Y128.475 E4.16467
G1 X136.399 Y128.205 E4.2078
G1 X136.107 Y127.874 E4.25099
G1 X135.882 Y127.491 E4.29453
G1 X135.776 Y127.222 E4.32285
G1 X135.702 Y126.933 E4.35212
G1 X135.661 Y126.5 E4.39473
G1 X135.694 Y126.151 E4.42905
G1 X135.369 Y125.774 F7800
G1 E1.42905 F2400
G92 E0
G1 X73.771 Y127.44 F7800
G1 E3 F2400
;TYPE:Perimeter
G1 F1800
G1 X73.644 Y127.761 E3.03381
G1 X73.371 Y128.223 E3.08642
G1 X73.006 Y128.636 E3.14047
G1 X72.57 Y128.975 E3.19452
G1 X72.079 Y129.225 E3.24856
G1 X71.549 Y129.379 E3.30261
G1 X71 Y129.431 E3.35666
G1 X70.451 Y129.379 E3.4107
G1 X69.921 Y129.225 E3.46475
G1 X69.428 Y128.974 E3.51894
G1 X68.997 Y128.637 E3.57252
G1 X68.743 Y128.366 E3.60892
G1 X68.519 Y128.057 E3.64633
G1 X68.275 Y127.579 E3.69894
G1 X68.121 Y127.049 E3.75299
G1 X68.069 Y126.5 E3.80704
G1 X68.121 Y125.951 E3.86108
G1 X68.275 Y125.421 E3.91513
G1 X68.525 Y124.93 E3.96918
G1 X68.864 Y124.494 E4.02322
G1 X69.277 Y124.129 E4.07727
G1 X69.752 Y123.848 E4.13132
G1 X70.257 Y123.666 E4.18393
G1 X70.632 Y123.595 E4.22134
G1 X71.003 Y123.571 E4.25774
G1 X71.548 Y123.621 E4.31132
G1 X72.079 Y123.775 E4.36551
G1 X72.57 Y124.025 E4.41956
G1 X73.006 Y124.364 E4.4736
G1 X73.372 Y124.778 E4.52779
G1 X73.649 Y125.25 E4.58137
G1 X73.785 Y125.596 E4.61777
G1 X73.88 Y125.965 E4.65518
G1 X73.931 Y126.501 E4.70793
G1 X73.878 Y127.046 E4.76152
G1 X73.798 Y127.354 E4.7927
G1 X73.224 Y127.223 F7800
;TYPE:External perimeter
G1 F1800
G1 X73.114 Y127.501 E4.82197
G1 X72.892 Y127.875 E4.86458
G1 X72.601 Y128.205 E4.90771
G1 X72.253 Y128.475 E4.95085
G1 X71.861 Y128.675 E4.99398
G1 X71.438 Y128.798 E5.03711
G1 X71 Y128.839 E5.08025
G1 X70.562 Y128.798 E5.12338
G1 X70.139 Y128.675 E5.16652
G1 X69.746 Y128.475 E5.2097
G1 X69.396 Y128.201 E5.25325
G1 X69.198 Y127.99 E5.28156
G1 X69.023 Y127.749 E5.31084
G1 X68.825 Y127.361 E5.35345
G1 X68.702 Y126.938 E5.39658
G1 X68.661 Y126.5 E5.43971
G1 X68.702 Y126.062 E5.48285
G1 X68.825 Y125.639 E5.52598
G1 X69.025 Y125.247 E5.56911
G1 X69.295 Y124.899 E5.61225
G1 X69.625 Y124.608 E5.65538
G1 X70.004 Y124.384 E5.69852
G1 X70.413 Y124.236 E5.74113
G1 X70.707 Y124.18 E5.7704
G1 X70.995 Y124.162 E5.79871
G1 X71.438 Y124.202 E5.84226
G1 X71.861 Y124.325 E5.88544
G1 X72.253 Y124.525 E5.92858
G1 X72.601 Y124.795 E5.97171
G1 X72.893 Y125.126 E6.0149
G1 X73.118 Y125.509 E6.05844
G1 X73.224 Y125.778 E6.08676
G1 X73.298 Y126.067 E6.11603
G1 X73.339 Y126.501 E6.15869
G1 X73.296 Y126.943 E6.20224
G1 X73.246 Y127.136 E6.22174
G1 X73.426 Y127.443 F7800
G1 X71.403 Y86.398
;TYPE:Perimeter
G1 F1800
G1 X70.985 Y86.429 E6.26281
G1 X70.451 Y86.379 E6.31542
G1 X69.921 Y86.225 E6.36947
G1 X69.443 Y85.981 E6.42208
G1 X69.133 Y85.756 E6.45954
G1 X68.855 Y85.495 E6.49701
G1 X68.525 Y85.07 E6.54962
G1 X68.275 Y84.579 E6.60367
G1 X68.121 Y84.049 E6.65771
G1 X68.069 Y83.5 E6.71176
G1 X68.121 Y82.951 E6.76581
G1 X68.275 Y82.421 E6.81985
G1 X68.525 Y81.93 E6.8739
G1 X68.864 Y81.494 E6.92795
G1 X69.277 Y81.129 E6.98199
G1 X69.752 Y80.848 E7.03604
G1 X70.257 Y80.666 E7.08865
G1 X70.632 Y80.595 E7.12606
G1 X71.003 Y80.571 E7.16246
G1 X71.548 Y80.621 E7.21605
G1 X72.079 Y80.775 E7.27023
G1 X72.57 Y81.025 E7.32428
G1 X73.006 Y81.364 E7.37833
G1 X73.371 Y81.777 E7.43237
G1 X73.644 Y82.239 E7.48498
G1 X73.785 Y82.595 E7.52245
G1 X73.88 Y82.965 E7.55991
G1 X73.931 Y83.5 E7.61253
G1 X73.879 Y84.049 E7.66657
G1 X73.725 Y84.579 E7.72062
G1 X73.475 Y85.07 E7.77466
G1 X73.136 Y85.506 E7.82871
G1 X72.723 Y85.871 E7.88276
G1 X72.248 Y86.152 E7.9368
G1 X71.743 Y86.334 E7.98941
G1 X71.492 Y86.382 E8.01443
G1 X71.293 Y85.82 F7800
;TYPE:External perimeter
G1 F1800
G1 X70.995 Y85.839 E8.04372
G1 X70.562 Y85.798 E8.08633
G1 X70.139 Y85.675 E8.12947
G1 X69.751 Y85.477 E8.17208
G1 X69.51 Y85.302 E8.20137
G1 X69.292 Y85.097 E8.23066
G1 X69.025 Y84.753 E8.27327
G1 X68.825 Y84.361 E8.3164
G1 X68.702 Y83.938 E8.35954
G1 X68.661 Y83.5 E8.40267
G1 X68.702 Y83.062 E8.44581
G1 X68.825 Y82.639 E8.48894
G1 X69.025 Y82.247 E8.53207
G1 X69.295 Y81.899 E8.5752
G1 X69.625 Y81.608 E8.61834
G1 X70.004 Y81.384 E8.66147
G1 X70.413 Y81.236 E8.70408
G1 X70.707 Y81.18 E8.73335
G1 X70.995 Y81.162 E8.76167
G1 X71.438 Y81.202 E8.80522
G1 X71.861 Y81.325 E8.8484
G1 X72.253 Y81.525 E8.89154
G1 X72.601 Y81.795 E8.93467
G1 X72.892 Y82.125 E8.9778
G1 X73.114 Y82.499 E9.02041
G1 X73.224 Y82.777 E9.04971
G1 X73.298 Y83.067 E9.07899
G1 X73.339 Y83.5 E9.12161
G1 X73.298 Y83.938 E9.16474
G1 X73.175 Y84.361 E9.20787
G1 X72.975 Y84.753 E9.25101
G1 X72.705 Y85.101 E9.29414
G1 X72.375 Y85.392 E9.33727
G1 X71.996 Y85.616 E9.38041
G1 X71.587 Y85.764 E9.42302
G1 X71.381 Y85.803 E9.44349
G1 X71.18 Y86.096 F7800
G1 X77.573 Y102.927
;TYPE:Perimeter
G1 F4800
G1 X97.427 Y102.927 E11.38867
G1 X97.427 Y76.927 E13.93609
G1 X99.573 Y76.927 E14.14642
G1 X99.573 Y97.927 E16.20394
G1 X118.427 Y97.927 E18.05115
G1 X118.427 Y90.927 E18.73699
G1 X135.427 Y90.927 E20.40261
G1 X135.427 Y85.333 E20.95067
G1 X135.666 Y85.251 E20.97542
G1 X135.864 Y85.506 E21.00705
G1 X136.278 Y85.872 E21.06124
G1 X136.75 Y86.149 E21.11482
G1 X137.096 Y86.285 E21.15122
G1 X137.465 Y86.38 E21.18863
G1 X138 Y86.431 E21.24124
G1 X138.549 Y86.379 E21.29529
G1 X139.079 Y86.225 E21.34934
G1 X139.57 Y85.975 E21.40338
G1 X140.006 Y85.636 E21.45743
G1 X140.361 Y85.234 E21.51004
G1 X140.566 Y84.911 E21.54745
G1 X140.725 Y84.575 E21.58385
G1 X140.879 Y84.051 E21.63744
G1 X140.931 Y83.5 E21.69162
G1 X140.879 Y82.951 E21.74567
G1 X140.725 Y82.421 E21.79972
G1 X140.481 Y81.943 E21.85233
G1 X140.256 Y81.633 E21.88979
G1 X139.995 Y81.355 E21.92726
G1 X139.57 Y81.025 E21.97987
G1 X139.079 Y80.775 E22.03392
G1 X138.548 Y80.621 E22.0881
G1 X138.003 Y80.571 E22.14168
G1 X137.632 Y80.595 E22.17809
G1 X137.257 Y80.666 E22.2155
G1 X136.752 Y80.848 E22.26811
G1 X136.277 Y81.129 E22.32216
G1 X135.864 Y81.494 E22.3762
G1 X135.666 Y81.749 E22.40784
G1 X135.427 Y81.667 E22.43259
G1 X135.427 Y76.927 E22.89704
G1 X144.573 Y76.927 E23.79321
G1 X144.573 Y133.073 E29.29432
G1 X65.427 Y133.073 E37.04892
G1 X65.427 Y76.927 E42.55004
G1 X77.573 Y76.927 E43.74014
G1 X77.573 Y102.837 E46.27874
G1 E43.27874 F2400
G92 E0
G1 X135.661 Y83.5 F7800
G1 E3 F2400
;TYPE:External perimeter
G1 F1800
G1 X135.702 Y83.062 E3.04313
G1 X135.825 Y82.639 E3.08627
G1 X136.025 Y82.247 E3.1294
G1 X136.295 Y81.899 E3.17253
G1 X136.625 Y81.608 E3.21567
G1 X137.004 Y81.384 E3.2588
G1 X137.413 Y81.236 E3.30141
G1 X137.707 Y81.18 E3.33068
G1 X137.995 Y81.162 E3.359
G1 X138.438 Y81.202 E3.40255
G1 X138.861 Y81.325 E3.44573
G1 X139.253 Y81.525 E3.48887
G1 X139.597 Y81.792 E3.53148
G1 X139.802 Y82.01 E3.56077
G1 X139.977 Y82.251 E3.59006
G1 X140.175 Y82.639 E3.63267
G1 X140.298 Y83.062 E3.6758
G1 X140.339 Y83.5 E3.71894
G1 X140.298 Y83.939 E3.76212
G1 X140.172 Y84.365 E3.80567
G1 X140.049 Y84.627 E3.83398
G1 X139.889 Y84.879 E3.86326
G1 X139.601 Y85.205 E3.90586
G1 X139.253 Y85.475 E3.949
G1 X138.861 Y85.675 E3.99213
G1 X138.438 Y85.798 E4.03527
G1 X138 Y85.839 E4.0784
G1 X137.567 Y85.798 E4.12101
G1 X137.278 Y85.724 E4.15028
G1 X137.009 Y85.618 E4.1786
G1 X136.626 Y85.393 E4.22214
G1 X136.295 Y85.101 E4.26533
G1 X136.025 Y84.753 E4.30846
G1 X135.825 Y84.361 E4.3516
G1 X135.702 Y83.938 E4.39473
G1 X135.669 Y83.59 E4.42905
G1 X135.28 Y83.28 F7800
G1 E1.42905 F2400
G92 E0
G1 X78.162 Y102.337 F7800
G1 E3 F2400
G1 X96.837 Y102.337 E4.82973
G1 X96.837 Y76.337 E7.37715
G1 X100.162 Y76.337 E7.70292
G1 X100.162 Y97.337 E9.76045
G1 X117.838 Y97.337 E11.49221
G1 X117.838 Y90.337 E12.17805
G1 X134.838 Y90.337 E13.84367
G1 X134.838 Y76.337 E15.21536
G1 X145.163 Y76.337 E16.22697
G1 X145.163 Y133.663 E21.84354
G1 X64.837 Y133.663 E29.71359
G1 X64.837 Y76.337 E35.33015
G1 X78.162 Y76.337 E36.63571
G1 X78.162 Y102.247 E39.17431
G1 X78.257 Y102.93 F7800
G1 X65.603 Y92.523
;TYPE:Solid infill
;WIDTH:0.677457
G1 F1200
G1 X71.272 Y86.854 E39.96307
G1 X70.978 Y86.873 E39.99204
G1 X70.466 Y86.824 E40.04272
G1 X65.869 Y91.421 E40.68235
G1 X65.869 Y90.585 E40.76467
G1 X69.802 Y86.651 E41.31203
G1 X69.242 Y86.375 E41.37352
G1 X65.869 Y89.748 E41.84285
G1 X65.869 Y88.911 E41.92517
G1 X68.764 Y86.016 E42.32804
G1 X68.527 Y85.793 E42.36006
G1 X68.362 Y85.581 E42.38647
G1 X65.869 Y88.075 E42.73344
G1 X65.869 Y87.238 E42.81575
G1 X68.032 Y85.075 E43.11674
G1 X67.862 Y84.742 E43.15344
G1 X67.787 Y84.483 E43.18003
G1 X65.869 Y86.401 E43.44696
G1 X65.869 Y85.564 E43.52928
G1 X67.652 Y83.781 E43.77742
G1 X67.625 Y83.5 E43.8052
G1 X67.681 Y82.916 E43.86294
G1 X65.603 Y84.993 E44.15196
G1 X66.8 Y77.103 F7800
G1 F1200
G1 X65.869 Y78.034 E44.28151
G1 X65.869 Y78.871 E44.36382
G1 X67.371 Y77.369 E44.5729
G1 X68.208 Y77.369 E44.65521
G1 X65.869 Y79.708 E44.9807
G1 X65.869 Y80.544 E45.06302
G1 X69.044 Y77.369 E45.50491
G1 X69.881 Y77.369 E45.58723
G1 X65.869 Y81.381 E46.14554
G1 X65.869 Y82.218 E46.22786
G1 X70.718 Y77.369 E46.90259
G1 X71.554 Y77.369 E46.9849
G1 X65.869 Y83.054 E47.77604
G1 X65.869 Y83.891 E47.85836
G1 X72.391 Y77.369 E48.76591
G1 X73.228 Y77.369 E48.84823
G1 X70.409 Y80.188 E49.24047
G1 X70.577 Y80.156 E49.25727
G1 X71.009 Y80.128 E49.29992
G1 X71.28 Y80.153 E49.32672
G1 X74.064 Y77.369 E49.71409
G1 X74.901 Y77.369 E49.79641
G1 X71.983 Y80.287 E50.20248
G1 X72.242 Y80.362 E50.22907
G1 X72.575 Y80.532 E50.26577
G1 X75.738 Y77.369 E50.7059
G1 X76.575 Y77.369 E50.78821
G1 X73.081 Y80.862 E51.27432
G1 X73.31 Y81.04 E51.30286
G1 X73.511 Y81.268 E51.33281
G1 X77.131 Y77.648 E51.83651
G1 X77.131 Y78.485 E51.91882
G1 X73.868 Y81.749 E52.37297
G1 X74.042 Y82.044 E52.40675
G1 X74.146 Y82.307 E52.43452
G1 X77.131 Y79.322 E52.84988
G1 X77.131 Y80.158 E52.93219
G1 X74.324 Y82.966 E53.32281
G1 X74.375 Y83.5 E53.37562
G1 X74.348 Y83.778 E53.4031
G1 X77.131 Y80.995 E53.79034
G1 X77.131 Y81.832 E53.87266
G1 X65.869 Y93.095 E55.43978
G1 X65.869 Y93.931 E55.52209
G1 X77.131 Y82.668 E57.08921
G1 X77.131 Y83.505 E57.17153
G1 X65.869 Y94.768 E58.73864
G1 X65.869 Y95.605 E58.82096
G1 X77.131 Y84.342 E60.38808
G1 X77.131 Y85.178 E60.4704
G1 X65.869 Y96.441 E62.03751
G1 X65.869 Y97.278 E62.11983
G1 X77.131 Y86.015 E63.68695
G1 X77.131 Y86.852 E63.76927
G1 X65.869 Y98.115 E65.33638
G1 X65.869 Y98.951 E65.4187
G1 X77.131 Y87.688 E66.98582
G1 X77.131 Y88.525 E67.06813
G1 X65.869 Y99.788 E68.63525
G1 X65.869 Y100.625 E68.71757
G1 X77.131 Y89.362 E70.28469
G1 X77.131 Y90.198 E70.367
G1 X65.869 Y101.461 E71.93412
G1 X65.869 Y102.298 E72.01644
G1 X77.131 Y91.035 E73.58356
G1 X77.131 Y91.872 E73.66587
G1 X65.869 Y103.135 E75.23299
G1 X65.869 Y103.971 E75.31531
G1 X77.131 Y92.708 E76.88243
G1 X77.131 Y93.545 E76.96474
G1 X65.869 Y104.808 E78.53186
G1 X65.869 Y105.645 E78.61418
G1 X77.131 Y94.382 E80.1813
G1 X77.131 Y95.218 E80.26362
G1 X65.869 Y106.481 E81.83073
G1 X65.869 Y107.318 E81.91305
G1 X77.131 Y96.055 E83.48017
G1 X77.131 Y96.892 E83.56249
G1 X65.869 Y108.155 E85.1296
G1 X65.869 Y108.991 E85.21192
G1 X77.131 Y97.728 E86.77904
G1 X77.131 Y98.565 E86.86136
G1 X65.869 Y109.828 E88.42847
G1 X65.869 Y110.665 E88.51079
G1 X77.131 Y99.402 E90.07791
G1 X77.131 Y100.238 E90.16023
G1 X65.869 Y111.501 E91.72735
G1 X65.869 Y112.338 E91.80966
G1 X77.131 Y101.075 E93.37678
G1 X77.131 Y101.912 E93.4591
G1 X65.869 Y113.175 E95.02622
G1 X65.869 Y114.011 E95.10853
G1 X77.131 Y102.748 E96.67565
G1 X77.131 Y103.369 E96.73667
G1 X77.348 Y103.369 E96.75797
G1 X65.869 Y114.848 E98.35521
G1 X65.869 Y115.685 E98.43753
G1 X78.185 Y103.369 E100.15119
G1 X79.021 Y103.369 E100.23351
G1 X65.869 Y116.521 E102.06358
G1 X65.869 Y117.358 E102.14589
G1 X79.858 Y103.369 E104.09238
G1 X80.695 Y103.369 E104.1747
G1 X65.869 Y118.195 E106.2376
G1 X65.869 Y119.031 E106.31991
G1 X81.531 Y103.369 E108.49922
G1 X82.368 Y103.369 E108.58154
G1 X65.869 Y119.868 E110.87727
G1 X65.869 Y120.705 E110.95958
G1 X83.205 Y103.369 E113.37172
G1 X84.041 Y103.369 E113.45404
G1 X65.869 Y121.541 E115.98259
G1 X65.869 Y122.378 E116.06491
G1 X84.878 Y103.369 E118.70988
G1 X85.715 Y103.369 E118.79219
G1 X65.869 Y123.215 E121.55358
G1 X65.869 Y124.051 E121.63589
G1 X86.551 Y103.369 E124.51369
G1 X87.388 Y103.369 E124.596
G1 X65.869 Y124.888 E127.59021
G1 X65.869 Y125.725 E127.67253
G1 X88.225 Y103.369 E130.78315
G1 X89.061 Y103.369 E130.86547
G1 X65.603 Y126.827 E134.12939
G1 E131.12939 F2400
G92 E0
G1 X73.809 Y127.824 F7800
G1 E3 F2400
G1 F1200
G1 X103.265 Y98.369 E7.0984
G1 X102.428 Y98.369 E7.18072
G1 X74.088 Y126.708 E11.12389
G1 X83.797 Y132.897 F7800
G1 F1200
G1 X118.325 Y98.369 E15.9281
G1 X117.488 Y98.369 E16.01042
G1 X83.225 Y132.631 E20.77773
G1 X82.389 Y132.631 E20.86005
G1 X116.652 Y98.369 E25.62737
G1 X115.815 Y98.369 E25.70969
G1 X81.552 Y132.631 E30.477
G1 X80.715 Y132.631 E30.55932
G1 X114.978 Y98.369 E35.32664
G1 X114.142 Y98.369 E35.40896
G1 X79.879 Y132.631 E40.17627
G1 X79.042 Y132.631 E40.25859
G1 X113.305 Y98.369 E45.02591
G1 X112.468 Y98.369 E45.10823
G1 X78.205 Y132.631 E49.87554
G1 X77.369 Y132.631 E49.95786
G1 X111.632 Y98.369 E54.72518
G1 X110.795 Y98.369 E54.8075
G1 X76.532 Y132.631 E59.57481
G1 X75.695 Y132.631 E59.65713
G1 X109.958 Y98.369 E64.42445
G1 X109.121 Y98.369 E64.50677
G1 X74.859 Y132.631 E69.27408
G1 X74.022 Y132.631 E69.3564
G1 X108.285 Y98.369 E74.12372
G1 X107.448 Y98.369 E74.20604
G1 X73.185 Y132.631 E78.97335
G1 X72.348 Y132.631 E79.05567
G1 X106.611 Y98.369 E83.82299
G1 X105.775 Y98.369 E83.9053
G1 X71.512 Y132.631 E88.67262
G1 X70.675 Y132.631 E88.75494
G1 X104.938 Y98.369 E93.52226
G1 X104.101 Y98.369 E93.60457
G1 X69.838 Y132.631 E98.37189
G1 X69.002 Y132.631 E98.45421
G1 X71.895 Y129.739 E98.85672
G1 X71.632 Y129.815 E98.88359
G1 X70.929 Y129.868 E98.95302
G1 X68.165 Y132.631 E99.33754
G1 X67.328 Y132.631 E99.41986
G1 X70.195 Y129.765 E99.81873
G1 X69.758 Y129.638 E99.86356
G1 X69.577 Y129.546 E99.88346
G1 X66.492 Y132.631 E100.3128
G1 X65.869 Y132.631 E100.37412
G1 X65.869 Y132.418 E100.39512
G1 X69.049 Y129.238 E100.83759
G1 X68.698 Y128.965 E100.88131
G1 X68.595 Y128.855 E100.89613
G1 X65.869 Y131.581 E101.27553
G1 X65.869 Y130.745 E101.35785
G1 X68.218 Y128.395 E101.68477
G1 X68.141 Y128.289 E101.69769
G1 X67.92 Y127.856 E101.74547
G1 X65.869 Y129.908 E102.03097
G1 X65.869 Y129.071 E102.11328
G1 X67.713 Y127.227 E102.36988
G1 X67.685 Y127.132 E102.3796
G1 X67.628 Y126.476 E102.44447
G1 X65.869 Y128.235 E102.68924
G1 X65.869 Y127.398 E102.77156
G1 X67.802 Y125.464 E103.04063
G1 X67.862 Y125.258 E103.06179
G1 X68.151 Y124.692 E103.12428
G1 X68.54 Y124.19 E103.18676
G1 X69.016 Y123.77 E103.24926
G1 X69.563 Y123.447 E103.31175
G1 X69.965 Y123.302 E103.35372
G1 X89.898 Y103.369 E106.12725
G1 X90.735 Y103.369 E106.20957
G1 X70.973 Y123.13 E108.95918
G1 X71.63 Y123.185 E109.02406
G1 X71.727 Y123.213 E109.03398
G1 X91.571 Y103.369 E111.79509
G1 X92.408 Y103.369 E111.8774
G1 X72.356 Y123.42 E114.66741
G1 X72.808 Y123.651 E114.71732
G1 X72.895 Y123.718 E114.72814
G1 X93.245 Y103.369 E117.55957
G1 X94.081 Y103.369 E117.64188
G1 X73.357 Y124.093 E120.52548
G1 X73.745 Y124.541 E120.58384
G1 X94.918 Y103.369 E123.52981
G1 X95.755 Y103.369 E123.61213
G1 X74.053 Y125.07 E126.63169
G1 X74.206 Y125.457 E126.6726
G1 X74.267 Y125.693 E126.69661
G1 X96.857 Y103.103 E129.83975
G1 X97.603 Y102.357 F7800
G1 F1200
G1 X101.591 Y98.369 E130.39465
G1 X100.755 Y98.369 E130.47697
G1 X97.869 Y101.255 E130.87856
G1 X97.869 Y100.418 E130.96088
G1 X99.918 Y98.369 E131.24605
G1 X99.131 Y98.369 E131.32345
G1 X99.131 Y98.318 E131.32837
G1 X97.869 Y99.581 E131.5041
G1 X97.869 Y98.745 E131.58642
G1 X99.131 Y97.482 E131.76215
G1 X99.131 Y96.645 E131.84447
G1 X97.869 Y97.908 E132.0202
G1 X97.869 Y97.071 E132.10251
G1 X99.131 Y95.808 E132.27824
G1 X99.131 Y94.972 E132.36056
G1 X97.869 Y96.235 E132.53629
G1 X97.869 Y95.398 E132.61861
G1 X99.131 Y94.135 E132.79434
G1 X99.131 Y93.298 E132.87665
G1 X97.869 Y94.561 E133.05238
G1 X97.869 Y93.725 E133.1347
G1 X99.131 Y92.462 E133.31043
G1 X99.131 Y91.625 E133.39275
G1 X97.869 Y92.888 E133.56848
G1 X97.869 Y92.051 E133.65079
G1 X99.131 Y90.788 E133.82652
G1 X99.131 Y89.952 E133.90884
G1 X97.869 Y91.215 E134.08457
G1 X97.869 Y90.378 E134.16689
G1 X99.131 Y89.115 E134.34262
G1 X99.131 Y88.278 E134.42493
G1 X97.869 Y89.541 E134.60066
G1 X97.869 Y88.705 E134.68298
G1 X99.131 Y87.442 E134.85871
G1 X99.131 Y86.605 E134.94103
G1 X97.869 Y87.868 E135.11676
G1 X97.869 Y87.031 E135.19907
G1 X99.131 Y85.768 E135.3748
G1 X99.131 Y84.932 E135.45712
G1 X97.869 Y86.195 E135.63285
G1 X97.869 Y85.358 E135.71517
G1 X99.131 Y84.095 E135.89089
G1 X99.131 Y83.258 E135.97321
G1 X97.869 Y84.521 E136.14894
G1 X97.869 Y83.685 E136.23126
G1 X99.131 Y82.422 E136.40699
G1 X99.131 Y81.585 E136.4893
G1 X97.869 Y82.848 E136.66503
G1 X97.869 Y82.011 E136.74735
G1 X99.131 Y80.748 E136.92308
G1 X99.131 Y79.912 E137.0054
G1 X97.869 Y81.175 E137.18112
G1 X97.869 Y80.338 E137.26344
G1 X99.131 Y79.075 E137.43917
G1 X99.131 Y78.238 E137.52149
G1 X97.869 Y79.501 E137.69722
G1 X97.869 Y78.665 E137.77953
G1 X99.131 Y77.402 E137.95526
G1 X99.131 Y77.369 E137.95852
G1 X98.328 Y77.369 E138.03758
G1 X97.603 Y78.093 E138.1384
G1 E135.1384 F2400
G92 E0
G1 X135.603 Y77.743 F7800
G1 E3 F2400
G1 F1200
G1 X135.978 Y77.369 E3.05215
G1 X136.815 Y77.369 E3.13447
G1 X135.869 Y78.315 E3.26614
G1 X135.869 Y79.152 E3.34846
G1 X137.652 Y77.369 E3.59654
G1 X138.488 Y77.369 E3.67886
G1 X135.869 Y79.988 E4.04336
G1 X135.869 Y80.825 E4.12568
G1 X139.325 Y77.369 E4.60659
G1 X140.162 Y77.369 E4.68891
G1 X137.327 Y80.203 E5.08332
G1 X137.577 Y80.156 E5.10832
G1 X138.009 Y80.128 E5.15098
G1 X138.22 Y80.147 E5.17178
G1 X140.998 Y77.369 E5.55838
G1 X141.835 Y77.369 E5.64069
G1 X138.931 Y80.272 E6.04468
G1 X139.242 Y80.362 E6.07654
G1 X139.531 Y80.509 E6.10839
G1 X142.672 Y77.369 E6.5454
G1 X143.508 Y77.369 E6.62772
G1 X140.044 Y80.833 E7.1098
G1 X140.293 Y81.027 E7.14086
G1 X140.484 Y81.23 E7.16826
G1 X144.131 Y77.582 E7.67582
G1 X144.131 Y78.419 E7.75814
G1 X140.851 Y81.699 E8.21463
G1 X141.135 Y82.252 E8.27576
G1 X144.131 Y79.255 E8.69272
G1 X144.131 Y80.092 E8.77504
G1 X141.318 Y82.905 E9.16645
G1 X141.375 Y83.5 E9.22525
G1 X141.355 Y83.705 E9.24549
G1 X144.131 Y80.929 E9.63178
G1 X144.131 Y81.765 E9.71409
G1 X135.603 Y90.293 E10.90068
G1 X135.603 Y89.457 F7800
G1 F1200
G1 X138.205 Y86.855 E11.26265
G1 X138 Y86.875 E11.28289
G1 X137.405 Y86.818 E11.34169
G1 X135.869 Y88.355 E11.55548
G1 X135.869 Y87.518 E11.6378
G1 X136.759 Y86.628 E11.76173
G1 X136.556 Y86.547 E11.78323
G1 X136.207 Y86.343 E11.82299
G1 X135.603 Y86.947 E11.90703
G1 X135.439 Y85.017 F7800
;TYPE:Gap fill
;WIDTH:0.527993
G1 F1200
G1 X135.345 Y84.529 E11.94356
;WIDTH:0.512365
G1 X135.322 Y84.364 E11.95541
;WIDTH:0.465311
G1 X135.298 Y84.199 E11.96594
;WIDTH:0.418257
G1 X135.275 Y84.034 E11.97517
;WIDTH:0.371203
G1 X135.272 Y84.007 E11.97644
;WIDTH:0.366161
G1 X135.249 Y83.511 E11.99959
;WIDTH:0.319381
G1 X135.249 Y83.489 E12.00044
;WIDTH:0.366161
G1 X135.272 Y82.993 E12.02359
;WIDTH:0.371204
G1 X135.275 Y82.966 E12.02486
;WIDTH:0.418254
G1 X135.298 Y82.801 E12.03409
;WIDTH:0.465306
G1 X135.322 Y82.636 E12.04462
;WIDTH:0.512357
G1 X135.345 Y82.471 E12.05647
;WIDTH:0.527983
G1 X135.439 Y81.983 E12.093
G1 E9.093 F2400
G92 E0
G1 X119.733 Y91.103 F7800
G1 E3 F2400
;TYPE:Solid infill
;WIDTH:0.677457
G1 F1200
G1 X118.869 Y91.968 E3.12033
G1 X118.869 Y92.805 E3.20264
G1 X120.305 Y91.369 E3.40249
G1 X121.142 Y91.369 E3.48481
G1 X118.869 Y93.642 E3.80108
G1 X118.869 Y94.478 E3.88339
G1 X121.978 Y91.369 E4.31607
G1 X122.815 Y91.369 E4.39839
G1 X118.869 Y95.315 E4.94748
G1 X118.869 Y96.152 E5.0298
G1 X123.652 Y91.369 E5.6953
G1 X124.488 Y91.369 E5.77762
G1 X118.869 Y96.988 E6.55954
G1 X118.869 Y97.825 E6.64186
G1 X125.325 Y91.369 E7.54019
G1 X126.162 Y91.369 E7.62251
G1 X84.899 Y132.631 E13.3638
G1 X85.735 Y132.631 E13.44611
G1 X126.998 Y91.369 E19.1874
G1 X127.835 Y91.369 E19.26972
G1 X86.572 Y132.631 E25.01101
G1 X87.409 Y132.631 E25.09333
G1 X128.672 Y91.369 E30.83462
G1 X129.508 Y91.369 E30.91694
G1 X88.245 Y132.631 E36.65823
G1 X89.082 Y132.631 E36.74055
G1 X130.345 Y91.369 E42.48184
G1 X131.182 Y91.369 E42.56415
G1 X89.919 Y132.631 E48.30545
G1 X90.755 Y132.631 E48.38776
G1 X132.018 Y91.369 E54.12905
G1 X132.855 Y91.369 E54.21137
G1 X91.592 Y132.631 E59.95266
G1 X92.429 Y132.631 E60.03498
G1 X133.692 Y91.369 E65.77627
G1 X134.528 Y91.369 E65.85859
G1 X93.265 Y132.631 E71.59988
G1 X94.102 Y132.631 E71.6822
G1 X144.131 Y82.602 E78.64325
G1 X144.131 Y83.439 E78.72557
G1 X94.939 Y132.631 E85.57022
G1 X95.775 Y132.631 E85.65253
G1 X144.131 Y84.275 E92.38077
G1 X144.131 Y85.112 E92.46308
G1 X96.612 Y132.631 E99.0749
G1 X97.449 Y132.631 E99.15722
G1 X144.131 Y85.949 E105.65262
G1 X144.131 Y86.785 E105.73494
G1 X98.285 Y132.631 E112.11393
G1 X99.122 Y132.631 E112.19625
G1 X144.131 Y87.622 E118.45883
G1 X144.131 Y88.459 E118.54114
G1 X99.959 Y132.631 E124.68731
G1 X100.795 Y132.631 E124.76962
G1 X144.131 Y89.295 E130.79937
G1 X144.131 Y90.132 E130.88169
G1 X101.632 Y132.631 E136.79503
G1 X102.469 Y132.631 E136.87735
G1 X144.131 Y90.969 E142.67427
G1 X144.131 Y91.805 E142.75659
G1 X103.305 Y132.631 E148.4371
G1 X104.142 Y132.631 E148.51941
G1 X144.131 Y92.642 E154.08351
G1 X144.131 Y93.479 E154.16582
G1 X104.714 Y132.897 E159.6504
G1 E156.6504 F2400
G92 E0
G1 X135.439 Y124.983 F7800
G1 E3 F2400
;TYPE:Gap fill
;WIDTH:0.527984
G1 F1200
G1 X135.345 Y125.471 E3.03653
;WIDTH:0.512357
G1 X135.322 Y125.636 E3.04838
;WIDTH:0.465306
G1 X135.298 Y125.801 E3.05891
;WIDTH:0.418254
G1 X135.275 Y125.966 E3.06814
;WIDTH:0.371204
G1 X135.272 Y125.993 E3.06941
;WIDTH:0.366161
G1 X135.249 Y126.489 E3.09256
;WIDTH:0.319381
G1 X135.249 Y126.511 E3.09341
;WIDTH:0.365217
G1 X135.272 Y126.997 E3.11601
;WIDTH:0.369045
G1 X135.274 Y127.019 E3.11706
;WIDTH:0.403075
G1 X135.326 Y127.434 E3.13911
G1 X135.643 Y127.738 F7800
;WIDTH:0.181064
G1 F1200
G1 X135.576 Y127.645 E3.14093
;WIDTH:0.183088
G1 X135.571 Y127.638 E3.14105
;WIDTH:0.221654
G1 X135.513 Y127.543 E3.14357
;WIDTH:0.260219
G1 X135.455 Y127.448 E3.14681
;WIDTH:0.298785
G1 X135.396 Y127.352 E3.15077
;WIDTH:0.304355
G1 X135.132 Y126.888 E3.17018
G1 X135.67 Y132.897 F7800
;TYPE:Solid infill
;WIDTH:0.677457
G1 F1200
G1 X138.801 Y129.766 E3.6058
G1 X138.632 Y129.815 E3.6231
G1 X138 Y129.875 E3.68559
G1 X137.868 Y129.862 E3.69862
G1 X135.099 Y132.631 E4.08394
G1 X134.262 Y132.631 E4.16626
G1 X137.144 Y129.75 E4.56721
G1 X136.758 Y129.638 E4.60677
G1 X136.534 Y129.523 E4.63152
G1 X133.426 Y132.631 E5.06397
G1 X132.589 Y132.631 E5.14629
G1 X136.011 Y129.209 E5.62247
G1 X135.69 Y128.96 E5.66247
G1 X135.609 Y128.869 E5.67446
G1 X135.515 Y128.869 E5.68373
G1 X131.752 Y132.631 E6.2073
G1 X130.915 Y132.631 E6.28962
G1 X134.678 Y128.869 E6.8132
G1 X133.842 Y128.869 E6.89551
G1 X130.079 Y132.631 E7.41909
G1 X129.242 Y132.631 E7.50141
G1 X133.005 Y128.869 E8.02498
G1 X132.168 Y128.869 E8.1073
G1 X128.405 Y132.631 E8.63088
G1 X127.569 Y132.631 E8.71319
G1 X131.332 Y128.869 E9.23677
G1 X130.495 Y128.869 E9.31909
G1 X126.732 Y132.631 E9.84266
G1 X125.895 Y132.631 E9.92498
G1 X129.658 Y128.869 E10.44856
G1 X128.822 Y128.869 E10.53087
G1 X125.059 Y132.631 E11.05445
G1 X124.222 Y132.631 E11.13677
G1 X127.985 Y128.869 E11.66034
G1 X127.148 Y128.869 E11.74266
G1 X123.385 Y132.631 E12.26624
G1 X122.549 Y132.631 E12.34855
G1 X126.312 Y128.869 E12.87213
G1 X125.475 Y128.869 E12.95445
G1 X121.712 Y132.631 E13.47802
G1 X120.875 Y132.631 E13.56034
G1 X124.638 Y128.869 E14.08392
G1 X123.802 Y128.869 E14.16623
G1 X120.039 Y132.631 E14.68981
G1 X119.202 Y132.631 E14.77213
G1 X122.965 Y128.869 E15.2957
G1 X122.128 Y128.869 E15.37802
G1 X118.365 Y132.631 E15.9016
G1 X117.529 Y132.631 E15.98391
G1 X121.292 Y128.869 E16.50749
G1 X120.455 Y128.869 E16.58981
G1 X116.692 Y132.631 E17.11338
G1 X115.855 Y132.631 E17.1957
G1 X119.618 Y128.869 E17.71928
G1 X118.782 Y128.869 E17.80159
G1 X115.019 Y132.631 E18.32517
G1 X114.182 Y132.631 E18.40749
G1 X117.945 Y128.869 E18.93106
G1 X117.108 Y128.869 E19.01338
G1 X113.345 Y132.631 E19.53696
G1 X112.509 Y132.631 E19.61927
G1 X116.272 Y128.869 E20.14285
G1 X115.435 Y128.869 E20.22517
G1 X111.672 Y132.631 E20.74874
G1 X110.835 Y132.631 E20.83106
G1 X114.631 Y128.835 E21.35925
G1 X114.631 Y127.999 E21.44157
G1 X109.999 Y132.631 E22.08617
G1 X109.162 Y132.631 E22.16848
G1 X114.631 Y127.162 E22.9295
G1 X114.631 Y126.325 E23.01182
G1 X108.325 Y132.631 E23.88925
G1 X107.489 Y132.631 E23.97156
G1 X114.631 Y125.489 E24.96541
G1 X114.631 Y124.652 E25.04772
G1 X106.652 Y132.631 E26.15798
G1 X105.815 Y132.631 E26.2403
G1 X114.897 Y123.55 E27.50385
G1 X115.55 Y122.897 F7800
G1 F1200
G1 X144.131 Y94.315 E31.48062
G1 X144.131 Y95.152 E31.56294
G1 X116.652 Y122.631 E35.38641
G1 X117.489 Y122.631 E35.46872
G1 X144.131 Y95.989 E39.17578
G1 X144.131 Y96.825 E39.25809
G1 X118.325 Y122.631 E42.84873
G1 X119.162 Y122.631 E42.93105
G1 X144.131 Y97.662 E46.40527
G1 X144.131 Y98.499 E46.48759
G1 X119.999 Y122.631 E49.8454
G1 X120.835 Y122.631 E49.92772
G1 X144.131 Y99.335 E53.16912
G1 X144.131 Y100.172 E53.25143
G1 X121.672 Y122.631 E56.37642
G1 X122.509 Y122.631 E56.45873
G1 X144.131 Y101.009 E59.46731
G1 X144.131 Y101.845 E59.54962
G1 X123.345 Y122.631 E62.44178
G1 X124.182 Y122.631 E62.5241
G1 X144.131 Y102.682 E65.29984
G1 X144.131 Y103.519 E65.38216
G1 X125.019 Y122.631 E68.04149
G1 X125.855 Y122.631 E68.1238
G1 X144.131 Y104.355 E70.66672
G1 X144.131 Y105.192 E70.74904
G1 X126.692 Y122.631 E73.17554
G1 X127.529 Y122.631 E73.25786
G1 X144.131 Y106.029 E75.56795
G1 X144.131 Y106.865 E75.65026
G1 X128.365 Y122.631 E77.84394
G1 X129.202 Y122.631 E77.92625
G1 X144.131 Y107.702 E80.00352
G1 X144.131 Y108.539 E80.08583
G1 X130.039 Y122.631 E82.04668
G1 X130.875 Y122.631 E82.129
G1 X144.131 Y109.375 E83.97343
G1 X144.131 Y110.212 E84.05575
G1 X131.712 Y122.631 E85.78377
G1 X132.549 Y122.631 E85.86609
G1 X144.131 Y111.049 E87.4777
G1 X144.131 Y111.885 E87.56001
G1 X133.385 Y122.631 E89.05521
G1 X134.222 Y122.631 E89.13752
G1 X144.131 Y112.722 E90.5163
G1 X144.131 Y113.559 E90.59862
G1 X135.059 Y122.631 E91.86099
G1 X135.869 Y122.631 E91.94065
G1 X135.869 Y122.658 E91.9433
G1 X144.131 Y114.395 E93.093
G1 X144.131 Y115.232 E93.17532
G1 X135.869 Y123.495 E94.32502
G1 X135.869 Y123.9 E94.36489
G1 X136.016 Y123.77 E94.38429
G1 X136.563 Y123.447 E94.44678
G1 X136.861 Y123.339 E94.47792
G1 X144.131 Y116.069 E95.48954
G1 X144.131 Y116.905 E95.57185
G1 X137.902 Y123.135 E96.43857
G1 X138.009 Y123.128 E96.44911
G1 X138.676 Y123.198 E96.51506
G1 X144.131 Y117.742 E97.27415
G1 X144.131 Y118.579 E97.35646
G1 X139.312 Y123.398 E98.027
G1 X139.858 Y123.689 E98.08784
G1 X144.131 Y119.415 E98.68248
G1 X144.131 Y120.252 E98.76479
G1 X140.326 Y124.058 E99.29431
G1 X140.717 Y124.503 E99.35264
G1 X144.131 Y121.089 E99.82766
G1 X144.131 Y121.926 E99.90998
G1 X141.027 Y125.03 E100.34196
G1 X141.144 Y125.279 E100.36896
G1 X141.25 Y125.644 E100.40639
G1 X144.131 Y122.762 E100.80734
G1 X144.131 Y123.599 E100.88966
G1 X141.362 Y126.368 E101.27498
G1 X141.375 Y126.5 E101.28801
G1 X141.315 Y127.134 E101.3507
G1 X141.266 Y127.301 E101.36783
G1 X144.131 Y124.436 E101.76659
G1 X144.131 Y125.272 E101.8489
G1 X136.772 Y132.631 E102.87287
G1 X137.609 Y132.631 E102.95519
G1 X144.131 Y126.109 E103.86274
G1 X144.131 Y126.946 E103.94505
G1 X138.446 Y132.631 E104.73619
G1 X139.282 Y132.631 E104.81851
G1 X144.131 Y127.782 E105.49323
G1 X144.131 Y128.619 E105.57555
G1 X140.119 Y132.631 E106.13386
G1 X140.956 Y132.631 E106.21617
G1 X144.131 Y129.456 E106.65807
G1 X144.131 Y130.292 E106.74039
G1 X141.792 Y132.631 E107.06587
G1 X142.629 Y132.631 E107.14819
G1 X144.131 Y131.129 E107.35726
G1 X144.131 Y131.966 E107.43957
G1 X143.2 Y132.897 E107.56912
;LAYER_CHANGE
;Z:1.05
;HEIGHT:0.4
G1 Z1.05 F7800
G1 E104.56912 F2400
G92 E0
G1 X115.073 Y123.073 F7800
G1 E3 F2400
;TYPE:Perimeter
;WIDTH:0.675
G1 F4800
G1 X135.427 Y123.073 E4.99417
G1 X135.427 Y124.667 E5.15032
G1 X135.666 Y124.749 E5.17507
G1 X135.864 Y124.494 E5.2067
G1 X136.277 Y124.129 E5.26075
G1 X136.752 Y123.848 E5.31479
G1 X137.257 Y123.666 E5.3674
G1 X137.632 Y123.595 E5.40476
G1 X137.993 Y123.571 E5.44023
G1 X138.547 Y123.62 E5.49467
G1 X139.079 Y123.775 E5.54898
G1 X139.57 Y124.025 E5.60303
G1 X140.008 Y124.365 E5.65733
G1 X140.374 Y124.784 E5.71179
G1 X140.567 Y125.09 E5.74725
G1 X140.729 Y125.435 E5.78461
G1 X140.879 Y125.951 E5.83722
G1 X140.931 Y126.5 E5.89126
G1 X140.879 Y127.049 E5.94531
G1 X140.729 Y127.565 E5.99792
G1 X140.566 Y127.911 E6.03539
G1 X140.361 Y128.234 E6.07285
G1 X140.006 Y128.636 E6.12546
G1 X139.57 Y128.975 E6.17951
G1 X139.079 Y129.225 E6.23356
G1 X138.549 Y129.379 E6.2876
G1 X138 Y129.431 E6.34165
G1 X137.451 Y129.379 E6.3957
G1 X136.921 Y129.225 E6.44974
G1 X136.427 Y128.973 E6.50405
G1 X135.99 Y128.63 E6.5585
G1 X135.671 Y128.267 E6.6059
G1 X135.427 Y128.346 E6.63106
G1 X135.427 Y128.427 E6.63895
G1 X115.073 Y128.427 E8.63312
G1 X115.073 Y123.163 E9.14881
G1 X115.663 Y123.663 F7800
;TYPE:External perimeter
G1 F2400
G1 X134.838 Y123.663 E11.02753
G1 X134.838 Y127.838 E11.43659
G1 X115.663 Y127.838 E13.31531
G1 X115.663 Y123.753 E13.71554
G1 X115.4 Y123.123 F7800
G1 E10.71554 F2400
G92 E0
G1 X135.784 Y127.22 F7800
G1 E3 F2400
G1 F1800
G1 X135.702 Y126.938 E3.02874
G1 X135.661 Y126.5 E3.07188
G1 X135.702 Y126.062 E3.11501
G1 X135.825 Y125.639 E3.15814
G1 X136.025 Y125.247 E3.20128
G1 X136.295 Y124.899 E3.24441
G1 X136.625 Y124.608 E3.28754
G1 X137.004 Y124.384 E3.33068
G1 X137.413 Y124.236 E3.37329
G1 X137.707 Y124.18 E3.40254
G1 X137.986 Y124.162 E3.42999
G1 X138.437 Y124.202 E3.47437
G1 X138.861 Y124.325 E3.5176
G1 X139.253 Y124.525 E3.56074
G1 X139.602 Y124.796 E3.60396
G1 X139.9 Y125.137 E3.64835
G1 X140.049 Y125.374 E3.6758
G1 X140.176 Y125.644 E3.70505
G1 X140.298 Y126.062 E3.74766
G1 X140.339 Y126.5 E3.7908
G1 X140.298 Y126.938 E3.83393
G1 X140.176 Y127.356 E3.87654
G1 X140.049 Y127.626 E3.90583
G1 X139.889 Y127.879 E3.93512
G1 X139.601 Y128.205 E3.97773
G1 X139.253 Y128.475 E4.02086
G1 X138.861 Y128.675 E4.064
G1 X138.438 Y128.798 E4.10713
G1 X138 Y128.839 E4.15027
G1 X137.562 Y128.798 E4.1934
G1 X137.139 Y128.675 E4.23653
G1 X136.746 Y128.474 E4.27976
G1 X136.39 Y128.195 E4.32414
G1 X136.198 Y127.99 E4.3516
G1 X136.023 Y127.749 E4.38085
G1 X135.809 Y127.306 E4.42894
G1 X135.495 Y127.17 F7800
G1 E1.42894 F2400
G92 E0
G1 X73.725 Y127.579 F7800
G1 E3 F2400
;TYPE:Perimeter
G1 F1800
G1 X73.475 Y128.07 E3.05405
G1 X73.136 Y128.506 E3.10809
G1 X72.723 Y128.871 E3.16214
G1 X72.248 Y129.152 E3.21619
G1 X71.743 Y129.334 E3.2688
G1 X71.367 Y129.405 E3.30626
G1 X70.985 Y129.429 E3.34373
G1 X70.465 Y129.38 E3.3949
G1 X70.096 Y129.285 E3.43226
G1 X69.759 Y129.153 E3.46772
G1 X69.279 Y128.873 E3.52217
G1 X68.864 Y128.506 E3.57648
G1 X68.525 Y128.07 E3.63053
G1 X68.275 Y127.579 E3.68457
G1 X68.121 Y127.049 E3.73862
G1 X68.069 Y126.5 E3.79267
G1 X68.121 Y125.951 E3.84671
G1 X68.275 Y125.421 E3.90076
G1 X68.525 Y124.93 E3.95481
G1 X68.864 Y124.494 E4.00885
G1 X69.277 Y124.129 E4.0629
G1 X69.752 Y123.848 E4.11695
G1 X70.257 Y123.666 E4.16955
G1 X70.632 Y123.595 E4.20691
G1 X70.993 Y123.571 E4.24238
G1 X71.547 Y123.62 E4.29683
G1 X72.079 Y123.775 E4.35113
G1 X72.57 Y124.025 E4.40518
G1 X73.006 Y124.364 E4.45923
G1 X73.373 Y124.779 E4.51353
G1 X73.653 Y125.259 E4.56798
G1 X73.785 Y125.596 E4.60345
G1 X73.88 Y125.965 E4.64081
G1 X73.931 Y126.5 E4.69342
G1 X73.879 Y127.049 E4.74746
G1 X73.75 Y127.492 E4.79269
G1 X73.216 Y127.22 F7800
;TYPE:External perimeter
G1 F1800
G1 X73.175 Y127.361 E4.80704
G1 X72.975 Y127.753 E4.85018
G1 X72.705 Y128.101 E4.89331
G1 X72.375 Y128.392 E4.93644
G1 X71.996 Y128.616 E4.97958
G1 X71.587 Y128.764 E5.02219
G1 X71.293 Y128.82 E5.05148
G1 X70.995 Y128.839 E5.08077
G1 X70.567 Y128.798 E5.12286
G1 X70.278 Y128.724 E5.15211
G1 X70.017 Y128.621 E5.17956
G1 X69.626 Y128.393 E5.22394
G1 X69.295 Y128.101 E5.26717
G1 X69.025 Y127.753 E5.3103
G1 X68.825 Y127.361 E5.35344
G1 X68.702 Y126.938 E5.39657
G1 X68.661 Y126.5 E5.43971
G1 X68.702 Y126.062 E5.48284
G1 X68.825 Y125.639 E5.52597
G1 X69.025 Y125.247 E5.56911
G1 X69.295 Y124.899 E5.61224
G1 X69.625 Y124.608 E5.65537
G1 X70.004 Y124.384 E5.69851
G1 X70.413 Y124.236 E5.74112
G1 X70.707 Y124.18 E5.77037
G1 X70.986 Y124.162 E5.79782
G1 X71.437 Y124.202 E5.8422
G1 X71.861 Y124.325 E5.88543
G1 X72.253 Y124.525 E5.92857
G1 X72.601 Y124.795 E5.9717
G1 X72.893 Y125.126 E6.01493
G1 X73.121 Y125.517 E6.05931
G1 X73.224 Y125.778 E6.08676
G1 X73.298 Y126.067 E6.11602
G1 X73.339 Y126.5 E6.15862
G1 X73.298 Y126.938 E6.20176
G1 X73.241 Y127.134 E6.22172
G1 X73.321 Y127.322 F7800
G1 E3.22172 F2400
G92 E0
G1 X71.403 Y86.398 F7800
G1 E3 F2400
;TYPE:Perimeter
G1 F1800
G1 X70.985 Y86.429 E3.04107
G1 X70.451 Y86.379 E3.09368
G1 X69.921 Y86.225 E3.14773
G1 X69.443 Y85.981 E3.20034
G1 X69.133 Y85.756 E3.2378
G1 X68.855 Y85.495 E3.27527
G1 X68.525 Y85.07 E3.32788
G1 X68.275 Y84.579 E3.38193
G1 X68.121 Y84.049 E3.43597
G1 X68.069 Y83.5 E3.49002
G1 X68.121 Y82.951 E3.54407
G1 X68.275 Y82.421 E3.59811
G1 X68.525 Y81.93 E3.65216
G1 X68.864 Y81.494 E3.70621
G1 X69.277 Y81.129 E3.76025
G1 X69.752 Y80.848 E3.8143
G1 X70.257 Y80.666 E3.86691
G1 X70.632 Y80.595 E3.90427
G1 X70.993 Y80.571 E3.93973
G1 X71.547 Y80.62 E3.99418
G1 X72.079 Y80.775 E4.04849
G1 X72.57 Y81.025 E4.10254
G1 X73.006 Y81.364 E4.15658
G1 X73.373 Y81.779 E4.21089
G1 X73.653 Y82.259 E4.26534
G1 X73.785 Y82.596 E4.3008
G1 X73.88 Y82.965 E4.33816
G1 X73.931 Y83.5 E4.39077
G1 X73.879 Y84.049 E4.44482
G1 X73.725 Y84.579 E4.49886
G1 X73.475 Y85.07 E4.55291
G1 X73.136 Y85.506 E4.60696
G1 X72.723 Y85.871 E4.661
G1 X72.248 Y86.152 E4.71505
G1 X71.743 Y86.334 E4.76766
G1 X71.492 Y86.382 E4.79268
G1 X71.293 Y85.82 F7800
;TYPE:External perimeter
G1 F1800
G1 X70.995 Y85.839 E4.82197
G1 X70.562 Y85.798 E4.86458
G1 X70.139 Y85.675 E4.90771
G1 X69.751 Y85.477 E4.95032
G1 X69.51 Y85.302 E4.97961
G1 X69.292 Y85.097 E5.0089
G1 X69.025 Y84.753 E5.05151
G1 X68.825 Y84.361 E5.09465
G1 X68.702 Y83.938 E5.13778
G1 X68.661 Y83.5 E5.18091
G1 X68.702 Y83.062 E5.22405
G1 X68.825 Y82.639 E5.26718
G1 X69.025 Y82.247 E5.31032
G1 X69.295 Y81.899 E5.35345
G1 X69.625 Y81.608 E5.39658
G1 X70.004 Y81.384 E5.43972
G1 X70.413 Y81.236 E5.48233
G1 X70.707 Y81.18 E5.51158
G1 X70.986 Y81.162 E5.53903
G1 X71.437 Y81.202 E5.58341
G1 X71.861 Y81.325 E5.62664
G1 X72.253 Y81.525 E5.66978
G1 X72.601 Y81.795 E5.71291
G1 X72.893 Y82.126 E5.75614
G1 X73.121 Y82.517 E5.80052
G1 X73.224 Y82.778 E5.82797
G1 X73.298 Y83.067 E5.85722
G1 X73.339 Y83.5 E5.89983
G1 X73.298 Y83.938 E5.94297
G1 X73.175 Y84.361 E5.9861
G1 X72.975 Y84.753 E6.02923
G1 X72.705 Y85.101 E6.07237
G1 X72.375 Y85.392 E6.1155
G1 X71.996 Y85.616 E6.15864
G1 X71.587 Y85.764 E6.20125
G1 X71.381 Y85.803 E6.22172
G1 X71.18 Y86.096 F7800
G1 E3.22172 F2400
G92 E0
G1 X77.573 Y102.927 F7800
G1 E3 F2400
;TYPE:Perimeter
G1 F4800
G1 X97.427 Y102.927 E4.94518
G1 X97.427 Y76.927 E7.4926
G1 X99.573 Y76.927 E7.70292
G1 X99.573 Y97.927 E9.76045
G1 X118.427 Y97.927 E11.60766
G1 X118.427 Y90.927 E12.2935
G1 X135.427 Y90.927 E13.95912
G1 X135.427 Y85.333 E14.50718
G1 X135.666 Y85.251 E14.53193
G1 X135.864 Y85.506 E14.56356
G1 X136.277 Y85.871 E14.61761
G1 X136.752 Y86.152 E14.67166
G1 X137.257 Y86.334 E14.72426
G1 X137.633 Y86.405 E14.76173
G1 X138.015 Y86.429 E14.7992
G1 X138.549 Y86.379 E14.85181
G1 X139.079 Y86.225 E14.90585
G1 X139.57 Y85.975 E14.9599
G1 X140.006 Y85.636 E15.01395
G1 X140.361 Y85.234 E15.06656
G1 X140.566 Y84.911 E15.10402
G1 X140.729 Y84.565 E15.14149
G1 X140.879 Y84.049 E15.1941
G1 X140.931 Y83.5 E15.24814
G1 X140.879 Y82.951 E15.30219
G1 X140.729 Y82.435 E15.3548
G1 X140.567 Y82.09 E15.39216
G1 X140.374 Y81.784 E15.42762
G1 X140.008 Y81.365 E15.48207
G1 X139.57 Y81.025 E15.53638
G1 X139.079 Y80.775 E15.59043
G1 X138.547 Y80.62 E15.64473
G1 X137.993 Y80.571 E15.69918
G1 X137.632 Y80.595 E15.73465
G1 X137.257 Y80.666 E15.772
G1 X136.752 Y80.848 E15.82461
G1 X136.277 Y81.129 E15.87866
G1 X135.864 Y81.494 E15.93271
G1 X135.666 Y81.749 E15.96434
G1 X135.427 Y81.667 E15.98909
G1 X135.427 Y76.927 E16.45354
G1 X144.573 Y76.927 E17.34971
G1 X144.573 Y133.073 E22.85083
G1 X65.427 Y133.073 E30.60543
G1 X65.427 Y76.927 E36.10655
G1 X77.573 Y76.927 E37.29665
G1 X77.573 Y102.837 E39.83525
G1 E36.83525 F2400
G92 E0
G1 X135.661 Y83.5 F7800
G1 E3 F2400
;TYPE:External perimeter
G1 F1800
G1 X135.702 Y83.062 E3.04313
G1 X135.825 Y82.639 E3.08627
G1 X136.025 Y82.247 E3.1294
G1 X136.295 Y81.899 E3.17253
G1 X136.625 Y81.608 E3.21567
G1 X137.004 Y81.384 E3.2588
G1 X137.413 Y81.236 E3.30141
G1 X137.707 Y81.18 E3.33066
G1 X137.986 Y81.162 E3.35812
G1 X138.437 Y81.202 E3.4025
G1 X138.861 Y81.325 E3.44573
G1 X139.253 Y81.525 E3.48886
G1 X139.602 Y81.796 E3.53209
G1 X139.9 Y82.137 E3.57647
G1 X140.049 Y82.374 E3.60393
G1 X140.176 Y82.644 E3.63318
G1 X140.298 Y83.062 E3.67579
G1 X140.339 Y83.5 E3.71892
G1 X140.298 Y83.938 E3.76205
G1 X140.176 Y84.356 E3.80466
G1 X140.049 Y84.626 E3.83396
G1 X139.889 Y84.879 E3.86324
G1 X139.601 Y85.205 E3.90585
G1 X139.253 Y85.475 E3.94899
G1 X138.861 Y85.675 E3.99212
G1 X138.438 Y85.798 E4.03526
G1 X138.005 Y85.839 E4.07787
G1 X137.707 Y85.82 E4.10716
G1 X137.413 Y85.764 E4.13645
G1 X137.004 Y85.616 E4.17906
G1 X136.625 Y85.392 E4.22219
G1 X136.295 Y85.101 E4.26533
G1 X136.025 Y84.753 E4.30846
G1 X135.825 Y84.361 E4.35159
G1 X135.702 Y83.938 E4.39473
G1 X135.669 Y83.59 E4.42904
G1 X135.28 Y83.28 F7800
G1 E1.42904 F2400
G92 E0
G1 X78.162 Y102.337 F7800
G1 E3 F2400
G1 X96.837 Y102.337 E4.82973
G1 X96.837 Y76.337 E7.37715
G1 X100.162 Y76.337 E7.70292
G1 X100.162 Y97.337 E9.76045
G1 X117.838 Y97.337 E11.49221
G1 X117.838 Y90.337 E12.17805
G1 X134.838 Y90.337 E13.84367
G1 X134.838 Y76.337 E15.21536
G1 X145.163 Y76.337 E16.22697
G1 X145.163 Y133.663 E21.84354
G1 X64.837 Y133.663 E29.71359
G1 X64.837 Y76.337 E35.33015
G1 X78.162 Y76.337 E36.63571
G1 X78.162 Y102.247 E39.17431
G1 X78.257 Y102.93 F7800
G1 E36.17431 F2400
G92 E0
G1 X77.4 Y95.604 F7800
G1 E3 F2400
;TYPE:Top solid infill
;WIDTH:0.600707
G1 F1200
G1 X65.831 Y84.034 E4.40091
G1 X65.831 Y84.762 E4.46326
G1 X77.169 Y96.1 E5.83616
G1 X77.169 Y96.829 E5.8985
G1 X65.831 Y85.491 E7.2714
G1 X65.831 Y86.219 E7.33374
G1 X77.169 Y97.557 E8.70664
G1 X77.169 Y98.285 E8.76899
G1 X65.831 Y86.947 E10.14188
G1 X65.831 Y87.675 E10.20423
G1 X77.169 Y99.013 E11.57713
G1 X77.169 Y99.741 E11.63947
G1 X65.831 Y88.403 E13.01237
G1 X65.831 Y89.131 E13.07471
G1 X77.169 Y100.469 E14.44761
G1 X77.169 Y101.197 E14.50995
G1 X65.831 Y89.859 E15.88285
G1 X65.831 Y90.587 E15.9452
G1 X77.169 Y101.925 E17.31809
G1 X77.169 Y102.654 E17.38044
G1 X65.831 Y91.316 E18.75334
G1 X65.831 Y92.044 E18.81568
G1 X106.456 Y132.669 E23.73494
G1 X107.184 Y132.669 E23.79728
G1 X77.846 Y103.331 E27.34977
G1 X78.575 Y103.331 E27.41212
G1 X107.913 Y132.669 E30.96461
G1 X108.641 Y132.669 E31.02696
G1 X79.303 Y103.331 E34.57945
G1 X80.031 Y103.331 E34.64179
G1 X109.369 Y132.669 E38.19429
G1 X110.097 Y132.669 E38.25663
G1 X80.759 Y103.331 E41.80912
G1 X81.487 Y103.331 E41.87147
G1 X110.825 Y132.669 E45.42396
G1 X111.553 Y132.669 E45.4863
G1 X82.215 Y103.331 E49.0388
G1 X82.943 Y103.331 E49.10114
G1 X112.281 Y132.669 E52.65364
G1 X113.009 Y132.669 E52.71598
G1 X83.671 Y103.331 E56.26847
G1 X84.4 Y103.331 E56.33082
G1 X113.738 Y132.669 E59.88331
G1 X114.466 Y132.669 E59.94565
G1 X85.128 Y103.331 E63.49815
G1 X85.856 Y103.331 E63.56049
G1 X115.194 Y132.669 E67.11299
G1 X115.922 Y132.669 E67.17533
G1 X86.584 Y103.331 E70.72782
G1 X87.312 Y103.331 E70.79017
G1 X116.65 Y132.669 E74.34266
G1 X117.378 Y132.669 E74.405
G1 X88.04 Y103.331 E77.9575
G1 X88.768 Y103.331 E78.01984
G1 X118.338 Y132.9 E81.60035
G1 X105.96 Y132.9 F7800
G1 F1200
G1 X65.831 Y92.772 E86.45945
G1 X65.831 Y93.5 E86.5218
G1 X105 Y132.669 E91.26472
G1 X104.272 Y132.669 E91.32706
G1 X65.831 Y94.228 E95.98181
G1 X65.831 Y94.956 E96.04416
G1 X103.544 Y132.669 E100.61074
G1 X102.816 Y132.669 E100.67308
G1 X65.831 Y95.684 E105.1515
G1 X65.831 Y96.413 E105.21384
G1 X102.087 Y132.669 E109.60409
G1 X101.359 Y132.669 E109.66643
G1 X65.831 Y97.141 E113.96851
G1 X65.831 Y97.869 E114.03085
G1 X100.631 Y132.669 E118.24476
G1 X99.903 Y132.669 E118.3071
G1 X65.831 Y98.597 E122.43284
G1 X65.831 Y99.325 E122.49519
G1 X99.175 Y132.669 E126.53276
G1 X98.447 Y132.669 E126.59511
G1 X65.831 Y100.053 E130.54451
G1 X65.831 Y100.781 E130.60685
G1 X97.719 Y132.669 E134.46809
G1 X96.991 Y132.669 E134.53043
G1 X65.831 Y101.509 E138.3035
G1 X65.831 Y102.238 E138.36584
G1 X96.262 Y132.669 E142.05074
G1 X95.534 Y132.669 E142.11309
G1 X65.831 Y102.966 E145.70982
G1 X65.831 Y103.694 E145.77216
G1 X94.806 Y132.669 E149.28073
G1 X94.078 Y132.669 E149.34307
G1 X65.831 Y104.422 E152.76346
G1 X65.831 Y105.15 E152.82581
G1 X93.35 Y132.669 E156.15803
G1 X92.622 Y132.669 E156.22038
G1 X65.831 Y105.878 E159.46444
G1 X65.831 Y106.606 E159.52678
G1 X91.894 Y132.669 E162.68267
G1 X91.166 Y132.669 E162.74501
G1 X65.831 Y107.334 E165.81273
G1 X65.831 Y108.063 E165.87508
G1 X90.437 Y132.669 E168.85463
G1 X89.709 Y132.669 E168.91698
G1 X65.831 Y108.791 E171.80836
G1 X65.831 Y109.519 E171.8707
G1 X88.981 Y132.669 E174.67392
G1 X88.253 Y132.669 E174.73626
G1 X65.831 Y110.247 E177.45131
G1 X65.831 Y110.975 E177.51366
G1 X87.525 Y132.669 E180.14054
G1 X86.797 Y132.669 E180.20288
G1 X65.831 Y111.703 E182.74159
G1 X65.831 Y112.431 E182.80394
G1 X86.069 Y132.669 E185.25448
G1 X85.34 Y132.669 E185.31682
G1 X65.831 Y113.16 E187.6792
G1 X65.831 Y113.888 E187.74154
G1 X84.612 Y132.669 E190.01575
G1 X83.884 Y132.669 E190.07809
G1 X65.831 Y114.616 E192.26413
G1 X65.831 Y115.344 E192.32648
G1 X83.156 Y132.669 E194.42434
G1 X82.428 Y132.669 E194.48669
G1 X65.831 Y116.072 E196.49639
G1 X65.831 Y116.8 E196.55874
G1 X81.7 Y132.669 E198.48027
G1 X80.972 Y132.669 E198.54261
G1 X74.288 Y125.986 E199.35189
G1 X74.337 Y126.5 E199.39613
G1 X74.314 Y126.74 E199.41675
G1 X80.244 Y132.669 E200.13472
G1 X79.515 Y132.669 E200.19706
G1 X74.209 Y127.362 E200.83962
G1 X74.103 Y127.728 E200.87225
G1 X74.016 Y127.898 E200.88854
G1 X78.787 Y132.669 E201.46626
G1 X78.059 Y132.669 E201.5286
G1 X73.757 Y128.366 E202.04959
G1 X73.439 Y128.777 E202.09402
G1 X77.331 Y132.669 E202.56536
G1 X76.603 Y132.669 E202.6277
G1 X73.053 Y129.119 E203.05757
G1 X72.961 Y129.2 E203.06802
G1 X72.612 Y129.406 E203.10276
G1 X75.875 Y132.669 E203.49784
G1 X75.147 Y132.669 E203.56019
G1 X72.109 Y129.632 E203.92799
G1 X71.85 Y129.725 E203.95161
G1 X71.535 Y129.785 E203.97907
G1 X74.419 Y132.669 E204.32828
G1 X73.69 Y132.669 E204.39062
G1 X70.844 Y129.822 E204.73534
G1 X70.396 Y129.78 E204.77386
G1 X69.959 Y129.666 E204.81245
G1 X72.962 Y132.669 E205.17606
G1 X72.234 Y132.669 E205.2384
G1 X65.831 Y126.266 E206.01374
G1 X65.831 Y125.538 E206.07609
G1 X67.846 Y127.553 E206.32014
G1 X67.722 Y127.125 E206.35829
G1 X67.678 Y126.656 E206.39862
G1 X65.831 Y124.81 E206.62224
G1 X65.831 Y124.081 E206.68459
G1 X67.714 Y125.964 E206.91256
G1 X67.722 Y125.875 E206.92025
G1 X67.864 Y125.386 E206.9638
G1 X65.831 Y123.353 E207.20997
G1 X65.831 Y122.625 E207.27232
G1 X68.093 Y124.887 E207.54624
G1 X68.183 Y124.712 E207.56309
G1 X68.385 Y124.451 E207.59137
G1 X65.831 Y121.897 E207.90062
G1 X65.831 Y121.169 E207.96296
G1 X68.732 Y124.07 E208.31429
G1 X69.039 Y123.8 E208.34924
G1 X69.134 Y123.744 E208.35874
G1 X65.831 Y120.441 E208.7587
G1 X65.831 Y119.713 E208.82105
G1 X69.594 Y123.475 E209.27667
G1 X70.129 Y123.283 E209.32539
G1 X65.831 Y118.985 E209.84584
G1 X65.831 Y118.256 E209.90818
G1 X70.756 Y123.181 E210.50455
G1 X70.998 Y123.166 E210.52529
G1 X71.514 Y123.212 E210.56969
G1 X65.6 Y117.297 E211.28588
G1 E208.28588 F2400
G92 E0
G1 X66.64 Y132.9 F7800
G1 E3 F2400
G1 F1200
G1 X65.831 Y132.091 E3.09802
G1 X65.831 Y131.363 E3.16036
G1 X67.137 Y132.669 E3.31853
G1 X67.865 Y132.669 E3.38087
G1 X65.831 Y130.635 E3.62721
G1 X65.831 Y129.907 E3.68955
G1 X68.593 Y132.669 E4.02406
G1 X69.322 Y132.669 E4.0864
G1 X65.831 Y129.178 E4.50907
G1 X65.831 Y128.45 E4.57142
G1 X70.05 Y132.669 E5.08226
G1 X70.778 Y132.669 E5.1446
G1 X65.831 Y127.722 E5.74361
G1 X65.831 Y126.994 E5.80595
G1 X71.737 Y132.9 E6.52115
G1 E3.52115 F2400
G92 E0
G1 X77.4 Y86.138 F7800
G1 E3 F2400
G1 F1200
G1 X74.293 Y83.03 E3.37632
G1 X74.337 Y83.5 E3.41673
G1 X74.311 Y83.777 E3.44052
G1 X77.169 Y86.635 E3.78661
G1 X77.169 Y87.363 E3.84895
G1 X74.2 Y84.394 E4.20848
G1 X74.103 Y84.728 E4.23832
G1 X74.003 Y84.925 E4.25718
G1 X77.169 Y88.091 E4.64058
G1 X77.169 Y88.819 E4.70293
G1 X73.739 Y85.389 E5.11825
G1 X73.418 Y85.797 E5.16265
G1 X77.169 Y89.547 E5.61679
G1 X77.169 Y90.275 E5.67914
G1 X73.031 Y86.138 E6.18014
G1 X72.961 Y86.2 E6.18814
G1 X72.587 Y86.421 E6.22541
G1 X77.169 Y91.003 E6.78027
G1 X77.169 Y91.732 E6.84261
G1 X72.08 Y86.642 E7.45888
G1 X71.85 Y86.725 E7.4798
G1 X71.501 Y86.792 E7.51021
G1 X77.169 Y92.46 E8.19657
G1 X77.169 Y93.188 E8.25891
G1 X70.799 Y86.818 E9.03023
G1 X70.375 Y86.778 E9.06673
G1 X69.89 Y86.637 E9.10995
G1 X77.169 Y93.916 E9.99135
G1 X77.169 Y94.644 E10.05369
G1 X65.831 Y83.306 E11.42659
G1 X65.831 Y82.578 E11.48893
G1 X67.863 Y84.61 E11.73498
G1 X67.722 Y84.125 E11.7782
G1 X67.682 Y83.701 E11.8147
G1 X65.831 Y81.85 E12.03883
G1 X65.831 Y81.122 E12.10118
G1 X67.71 Y83.001 E12.32873
G1 X67.722 Y82.875 E12.33959
G1 X67.855 Y82.418 E12.38035
G1 X65.831 Y80.394 E12.62542
G1 X65.831 Y79.666 E12.68777
G1 X68.08 Y81.914 E12.96004
G1 X68.183 Y81.712 E12.97946
G1 X68.367 Y81.474 E13.00528
G1 X65.831 Y78.937 E13.3124
G1 X65.831 Y78.209 E13.37474
G1 X68.711 Y81.089 E13.72347
G1 X69.039 Y80.8 E13.76087
G1 X69.109 Y80.759 E13.76785
G1 X65.831 Y77.481 E14.16474
G1 X65.831 Y77.331 E14.1776
G1 X66.409 Y77.331 E14.22709
G1 X69.566 Y80.488 E14.6094
G1 X70.099 Y80.293 E14.658
G1 X67.137 Y77.331 E15.01671
G1 X67.865 Y77.331 E15.07905
G1 X70.718 Y80.184 E15.42451
G1 X70.998 Y80.166 E15.4485
G1 X71.47 Y80.208 E15.48909
G1 X68.593 Y77.331 E15.83742
G1 X69.322 Y77.331 E15.89976
G1 X77.169 Y85.178 E16.84999
G1 X77.169 Y84.45 E16.91234
G1 X70.05 Y77.331 E17.7744
G1 X70.778 Y77.331 E17.83674
G1 X77.169 Y83.722 E18.61064
G1 X77.169 Y82.994 E18.67298
G1 X71.506 Y77.331 E19.35871
G1 X72.234 Y77.331 E19.42105
G1 X77.169 Y82.266 E20.01861
G1 X77.169 Y81.538 E20.08096
G1 X72.962 Y77.331 E20.59035
G1 X73.69 Y77.331 E20.65269
G1 X77.169 Y80.81 E21.07391
G1 X77.169 Y80.082 E21.13626
G1 X74.418 Y77.331 E21.46931
G1 X75.147 Y77.331 E21.53166
G1 X77.169 Y79.353 E21.77654
G1 X77.169 Y78.625 E21.83889
G1 X75.875 Y77.331 E21.9956
G1 X76.603 Y77.331 E22.05795
G1 X77.4 Y78.128 E22.15451
G1 E19.15451 F2400
G92 E0
G1 X135.439 Y85.017 F7800
G1 E3 F2400
;TYPE:Gap fill
;WIDTH:0.527989
G1 F1200
G1 X135.345 Y84.529 E3.03653
;WIDTH:0.512361
G1 X135.322 Y84.364 E3.04838
;WIDTH:0.465308
G1 X135.298 Y84.199 E3.05891
;WIDTH:0.418256
G1 X135.275 Y84.034 E3.06814
;WIDTH:0.371203
G1 X135.272 Y84.007 E3.06941
;WIDTH:0.366161
G1 X135.249 Y83.511 E3.09256
;WIDTH:0.319379
G1 X135.249 Y83.489 E3.09341
;WIDTH:0.366155
G1 X135.272 Y82.993 E3.11656
;WIDTH:0.371199
G1 X135.275 Y82.966 E3.11782
;WIDTH:0.418251
G1 X135.298 Y82.801 E3.12705
;WIDTH:0.465303
G1 X135.322 Y82.636 E3.13759
;WIDTH:0.512356
G1 X135.345 Y82.471 E3.14943
;WIDTH:0.527983
G1 X135.439 Y81.983 E3.18597
G1 X136.27 Y80.932 F7800
;TYPE:Top solid infill
;WIDTH:0.600707
G1 F1200
G1 X135.831 Y80.493 E3.23914
G1 X135.831 Y79.765 E3.30148
G1 X136.559 Y80.493 E3.3896
G1 X137.091 Y80.296 E3.43815
G1 X135.831 Y79.037 E3.59068
G1 X135.831 Y78.309 E3.65302
G1 X137.707 Y80.185 E3.88018
G1 X137.998 Y80.166 E3.90513
G1 X138.457 Y80.206 E3.94459
G1 X135.831 Y77.581 E4.26256
G1 X135.831 Y77.331 E4.28393
G1 X136.31 Y77.331 E4.3249
G1 X144.169 Y85.19 E5.27659
G1 X144.169 Y84.462 E5.33893
G1 X137.038 Y77.331 E6.20245
G1 X137.766 Y77.331 E6.26479
G1 X144.169 Y83.734 E7.04014
G1 X144.169 Y83.006 E7.10248
G1 X138.494 Y77.331 E7.78966
G1 X139.222 Y77.331 E7.85201
G1 X144.169 Y82.278 E8.45102
G1 X144.169 Y81.55 E8.51336
G1 X139.95 Y77.331 E9.02421
G1 X140.678 Y77.331 E9.08655
G1 X144.169 Y80.822 E9.50923
G1 X144.169 Y80.094 E9.57157
G1 X141.406 Y77.331 E9.90608
G1 X142.135 Y77.331 E9.96842
G1 X144.169 Y79.365 E10.21476
G1 X144.169 Y78.637 E10.27711
G1 X142.863 Y77.331 E10.43528
G1 X143.591 Y77.331 E10.49762
G1 X144.4 Y78.14 E10.59564
G1 X144.4 Y86.15 F7800
G1 F1200
G1 X141.294 Y83.043 E10.97181
G1 X141.337 Y83.5 E11.01108
G1 X141.31 Y83.787 E11.03581
G1 X144.169 Y86.647 E11.38202
G1 X144.169 Y87.375 E11.44437
G1 X141.197 Y84.403 E11.80422
G1 X141.108 Y84.708 E11.83143
G1 X141.002 Y84.935 E11.85294
G1 X144.169 Y88.103 E12.23649
G1 X144.169 Y88.831 E12.29883
G1 X140.736 Y85.398 E12.71453
G1 X140.405 Y85.795 E12.7588
G1 X144.169 Y89.559 E13.21455
G1 X144.169 Y90.287 E13.2769
G1 X140.02 Y86.138 E13.77935
G1 X139.788 Y86.317 E13.80443
G1 X139.578 Y86.424 E13.82462
G1 X144.169 Y91.015 E14.38053
G1 X144.169 Y91.744 E14.44288
G1 X139.073 Y86.648 E15.05993
G1 X138.625 Y86.778 E15.09986
G1 X138.488 Y86.791 E15.11166
G1 X144.169 Y92.472 E15.79955
G1 X144.169 Y93.2 E15.8619
G1 X137.79 Y86.82 E16.63438
G1 X137.582 Y86.807 E16.65217
G1 X137.15 Y86.725 E16.68981
G1 X136.862 Y86.621 E16.71602
G1 X144.169 Y93.928 E17.60078
G1 X144.169 Y94.656 E17.66313
G1 X135.831 Y86.318 E18.67276
G1 X135.831 Y87.046 E18.7351
G1 X144.169 Y95.384 E19.74473
G1 X144.169 Y96.112 E19.80708
G1 X135.831 Y87.774 E20.81671
G1 X135.831 Y88.503 E20.87906
G1 X144.169 Y96.841 E21.88869
G1 X144.169 Y97.569 E21.95103
G1 X135.831 Y89.231 E22.96066
G1 X135.831 Y89.959 E23.02301
G1 X144.169 Y98.297 E24.03264
G1 X144.169 Y99.025 E24.09499
G1 X135.831 Y90.687 E25.10462
G1 X135.831 Y91.331 E25.15976
G1 X135.747 Y91.331 E25.16696
G1 X144.169 Y99.753 E26.18677
G1 X144.169 Y100.481 E26.24912
G1 X135.019 Y91.331 E27.3571
G1 X134.291 Y91.331 E27.41944
G1 X144.169 Y101.209 E28.61559
G1 X144.169 Y101.937 E28.67793
G1 X133.563 Y91.331 E29.96225
G1 X132.834 Y91.331 E30.02459
G1 X144.169 Y102.666 E31.39708
G1 X144.169 Y103.394 E31.45942
G1 X132.106 Y91.331 E32.92007
G1 X131.378 Y91.331 E32.98242
G1 X144.169 Y104.122 E34.53124
G1 X144.169 Y104.85 E34.59358
G1 X130.65 Y91.331 E36.23057
G1 X129.922 Y91.331 E36.29292
G1 X144.169 Y105.578 E38.01807
G1 X144.169 Y106.306 E38.08042
G1 X129.194 Y91.331 E39.89374
G1 X128.466 Y91.331 E39.95609
G1 X144.169 Y107.034 E41.85758
G1 X144.169 Y107.762 E41.91992
G1 X127.738 Y91.331 E43.90959
G1 X127.009 Y91.331 E43.97193
G1 X144.169 Y108.491 E46.04976
G1 X144.169 Y109.219 E46.11211
G1 X126.281 Y91.331 E48.2781
G1 X125.553 Y91.331 E48.34045
G1 X144.169 Y109.947 E50.59462
G1 X144.169 Y110.675 E50.65696
G1 X124.825 Y91.331 E52.9993
G1 X124.097 Y91.331 E53.06164
G1 X144.169 Y111.403 E55.49214
G1 X144.169 Y112.131 E55.55449
G1 X123.369 Y91.331 E58.07316
G1 X122.641 Y91.331 E58.1355
G1 X144.169 Y112.859 E60.74234
G1 X144.169 Y113.588 E60.80469
G1 X121.912 Y91.331 E63.4997
G1 X121.184 Y91.331 E63.56204
G1 X144.169 Y114.316 E66.34522
G1 X144.169 Y115.044 E66.40756
G1 X120.456 Y91.331 E69.27891
G1 X119.728 Y91.331 E69.34125
G1 X144.169 Y115.772 E72.30076
G1 X144.169 Y116.5 E72.36311
G1 X119 Y91.331 E75.41079
G1 X118.831 Y91.331 E75.42525
G1 X118.831 Y91.89 E75.47313
G1 X144.169 Y117.228 E78.54127
G1 X144.169 Y117.956 E78.60361
G1 X118.831 Y92.618 E81.67175
G1 X118.831 Y93.346 E81.7341
G1 X144.169 Y118.684 E84.80223
G1 X144.169 Y119.413 E84.86458
G1 X118.831 Y94.075 E87.93272
G1 X118.831 Y94.803 E87.99506
G1 X144.169 Y120.141 E91.0632
G1 X144.169 Y120.869 E91.12554
G1 X118.831 Y95.531 E94.19368
G1 X118.831 Y96.259 E94.25603
G1 X144.169 Y121.597 E97.32416
G1 X144.169 Y122.325 E97.38651
G1 X118.831 Y96.987 E100.45465
G1 X118.831 Y97.715 E100.51699
G1 X144.169 Y123.053 E103.58513
G1 X144.169 Y123.781 E103.64747
G1 X118.719 Y98.331 E106.72922
G1 X117.991 Y98.331 E106.79156
G1 X144.169 Y124.509 E109.96147
G1 X144.169 Y125.238 E110.02382
G1 X117.262 Y98.331 E113.2819
G1 X116.534 Y98.331 E113.34424
G1 X144.169 Y125.966 E116.69049
G1 X144.169 Y126.694 E116.75284
G1 X115.806 Y98.331 E120.18725
G1 X115.078 Y98.331 E120.2496
G1 X144.169 Y127.422 E123.77218
G1 X144.169 Y128.15 E123.83453
G1 X114.35 Y98.331 E127.44528
G1 X113.622 Y98.331 E127.50763
G1 X138.501 Y123.21 E130.52024
G1 X137.998 Y123.166 E130.5635
G1 X137.745 Y123.182 E130.58521
G1 X112.894 Y98.331 E133.5944
G1 X112.165 Y98.331 E133.65675
G1 X137.12 Y123.286 E136.67849
G1 X136.585 Y123.479 E136.72721
G1 X111.437 Y98.331 E139.7723
G1 X110.709 Y98.331 E139.83464
G1 X135.047 Y122.669 E142.78169
G1 X134.319 Y122.669 E142.84403
G1 X109.981 Y98.331 E145.79108
G1 X109.253 Y98.331 E145.85343
G1 X133.591 Y122.669 E148.80048
G1 X132.863 Y122.669 E148.86282
G1 X108.525 Y98.331 E151.80987
G1 X107.797 Y98.331 E151.87222
G1 X132.135 Y122.669 E154.81927
G1 X131.407 Y122.669 E154.88161
G1 X107.069 Y98.331 E157.82866
G1 X106.34 Y98.331 E157.89101
G1 X130.678 Y122.669 E160.83806
G1 X129.95 Y122.669 E160.9004
G1 X105.612 Y98.331 E163.84745
G1 X104.884 Y98.331 E163.9098
G1 X129.222 Y122.669 E166.85685
G1 X128.494 Y122.669 E166.91919
G1 X104.156 Y98.331 E169.86624
G1 X103.428 Y98.331 E169.92859
G1 X127.766 Y122.669 E172.87564
G1 X127.038 Y122.669 E172.93798
G1 X102.7 Y98.331 E175.88503
G1 X101.972 Y98.331 E175.94738
G1 X126.31 Y122.669 E178.89443
G1 X125.581 Y122.669 E178.95677
G1 X101.244 Y98.331 E181.90382
G1 X100.515 Y98.331 E181.96617
G1 X124.853 Y122.669 E184.91322
G1 X124.125 Y122.669 E184.97556
G1 X99.787 Y98.331 E187.92261
G1 X99.169 Y98.331 E187.97555
G1 X99.169 Y97.713 E188.02849
G1 X97.831 Y96.375 E188.1905
G1 X97.831 Y95.647 E188.25285
G1 X99.169 Y96.985 E188.41486
G1 X99.169 Y96.256 E188.4772
G1 X97.831 Y94.919 E188.63921
G1 X97.831 Y94.19 E188.70156
G1 X99.169 Y95.528 E188.86357
G1 X99.169 Y94.8 E188.92592
G1 X97.831 Y93.462 E189.08793
G1 X97.831 Y92.734 E189.15027
G1 X99.169 Y94.072 E189.31228
G1 X99.169 Y93.344 E189.37463
G1 X97.831 Y92.006 E189.53664
G1 X97.831 Y91.278 E189.59899
G1 X99.169 Y92.616 E189.761
G1 X99.169 Y91.888 E189.82334
G1 X97.831 Y90.55 E189.98535
G1 X97.831 Y89.822 E190.0477
G1 X99.169 Y91.16 E190.20971
G1 X99.169 Y90.431 E190.27205
G1 X97.831 Y89.093 E190.43407
G1 X97.831 Y88.365 E190.49641
G1 X99.169 Y89.703 E190.65842
G1 X99.169 Y88.975 E190.72077
G1 X97.831 Y87.637 E190.88278
G1 X97.831 Y86.909 E190.94512
G1 X99.169 Y88.247 E191.10714
G1 X99.169 Y87.519 E191.16948
G1 X97.831 Y86.181 E191.33149
G1 X97.831 Y85.453 E191.39384
G1 X99.169 Y86.791 E191.55585
G1 X99.169 Y86.063 E191.61819
G1 X97.831 Y84.725 E191.78021
G1 X97.831 Y83.997 E191.84255
G1 X99.169 Y85.335 E192.00456
G1 X99.169 Y84.606 E192.06691
G1 X97.831 Y83.268 E192.22892
G1 X97.831 Y82.54 E192.29126
G1 X99.169 Y83.878 E192.45327
G1 X99.169 Y83.15 E192.51562
G1 X97.831 Y81.812 E192.67763
G1 X97.831 Y81.084 E192.73998
G1 X99.169 Y82.422 E192.90199
G1 X99.169 Y81.694 E192.96433
G1 X97.831 Y80.356 E193.12634
G1 X97.831 Y79.628 E193.18869
G1 X99.169 Y80.966 E193.3507
G1 X99.169 Y80.238 E193.41304
G1 X97.831 Y78.9 E193.57506
G1 X97.831 Y78.172 E193.6374
G1 X99.169 Y79.509 E193.79941
G1 X99.169 Y78.781 E193.86176
G1 X97.831 Y77.443 E194.02377
G1 X97.831 Y77.331 E194.03339
G1 X98.447 Y77.331 E194.08611
G1 X99.4 Y78.285 E194.20158
G1 E191.20158 F2400
G92 E0
G1 X97.6 Y96.872 F7800
G1 E3 F2400
G1 F1200
G1 X123.397 Y122.669 E6.12378
G1 X122.669 Y122.669 E6.18612
G1 X97.831 Y97.831 E9.19372
G1 X97.831 Y98.559 E9.25606
G1 X121.941 Y122.669 E12.17548
G1 X121.213 Y122.669 E12.23783
G1 X97.831 Y99.287 E15.06909
G1 X97.831 Y100.015 E15.13143
G1 X120.485 Y122.669 E17.87452
G1 X119.756 Y122.669 E17.93686
G1 X97.831 Y100.744 E20.59178
G1 X97.831 Y101.472 E20.65413
G1 X119.028 Y122.669 E23.22088
G1 X118.3 Y122.669 E23.28322
G1 X97.831 Y102.2 E25.76181
G1 X97.831 Y102.928 E25.82415
G1 X117.572 Y122.669 E28.21457
G1 X116.844 Y122.669 E28.27691
G1 X97.506 Y103.331 E30.61852
G1 X96.778 Y103.331 E30.68086
G1 X116.116 Y122.669 E33.02247
G1 X115.388 Y122.669 E33.08481
G1 X96.05 Y103.331 E35.42642
G1 X95.322 Y103.331 E35.48877
G1 X114.669 Y122.678 E37.83152
G1 X114.669 Y123.407 E37.89386
G1 X94.593 Y103.331 E40.32478
G1 X93.865 Y103.331 E40.38713
G1 X114.669 Y124.135 E42.90621
G1 X114.669 Y124.863 E42.96856
G1 X93.137 Y103.331 E45.57582
G1 X92.409 Y103.331 E45.63816
G1 X114.669 Y125.591 E48.33358
G1 X114.669 Y126.319 E48.39593
G1 X91.681 Y103.331 E51.17952
G1 X90.953 Y103.331 E51.24187
G1 X114.669 Y127.047 E54.11363
G1 X114.669 Y127.775 E54.17597
G1 X90.225 Y103.331 E57.1359
G1 X89.497 Y103.331 E57.19825
G1 X118.834 Y132.669 E60.75074
G1 X119.563 Y132.669 E60.81308
G1 X115.725 Y128.831 E61.27782
G1 X116.453 Y128.831 E61.34016
G1 X120.291 Y132.669 E61.80489
G1 X121.019 Y132.669 E61.86724
G1 X117.181 Y128.831 E62.33197
G1 X117.909 Y128.831 E62.39432
G1 X121.747 Y132.669 E62.85905
G1 X122.475 Y132.669 E62.9214
G1 X118.637 Y128.831 E63.38613
G1 X119.365 Y128.831 E63.44847
G1 X123.203 Y132.669 E63.91321
G1 X123.931 Y132.669 E63.97555
G1 X120.093 Y128.831 E64.44028
G1 X120.822 Y128.831 E64.50263
G1 X124.66 Y132.669 E64.96736
G1 X125.388 Y132.669 E65.02971
G1 X121.55 Y128.831 E65.49444
G1 X122.278 Y128.831 E65.55678
G1 X126.116 Y132.669 E66.02152
G1 X126.844 Y132.669 E66.08386
G1 X123.006 Y128.831 E66.5486
G1 X123.734 Y128.831 E66.61094
G1 X127.572 Y132.669 E67.07567
G1 X128.3 Y132.669 E67.13802
G1 X124.462 Y128.831 E67.60275
G1 X125.19 Y128.831 E67.6651
G1 X129.028 Y132.669 E68.12983
G1 X129.756 Y132.669 E68.19217
G1 X125.918 Y128.831 E68.65691
G1 X126.647 Y128.831 E68.71925
G1 X130.485 Y132.669 E69.18399
G1 X131.213 Y132.669 E69.24633
G1 X127.375 Y128.831 E69.71106
G1 X128.103 Y128.831 E69.77341
G1 X131.941 Y132.669 E70.23814
G1 X132.669 Y132.669 E70.30049
G1 X128.831 Y128.831 E70.76522
G1 X129.559 Y128.831 E70.82756
G1 X133.397 Y132.669 E71.2923
G1 X134.125 Y132.669 E71.35464
G1 X130.287 Y128.831 E71.81938
G1 X131.015 Y128.831 E71.88172
G1 X134.853 Y132.669 E72.34645
G1 X135.581 Y132.669 E72.4088
G1 X131.744 Y128.831 E72.87353
G1 X132.472 Y128.831 E72.93588
G1 X136.31 Y132.669 E73.40061
G1 X137.038 Y132.669 E73.46295
G1 X133.2 Y128.831 E73.92769
G1 X133.928 Y128.831 E73.99003
G1 X137.766 Y132.669 E74.45476
G1 X138.494 Y132.669 E74.51711
G1 X134.656 Y128.831 E74.98184
G1 X135.384 Y128.831 E75.04419
G1 X139.222 Y132.669 E75.50892
G1 X139.95 Y132.669 E75.57126
G1 X136.93 Y129.649 E75.937
G1 X137.375 Y129.778 E75.97666
G1 X137.83 Y129.821 E76.01584
G1 X140.678 Y132.669 E76.36071
G1 X141.407 Y132.669 E76.42306
G1 X138.525 Y129.787 E76.77199
G1 X138.625 Y129.778 E76.78063
G1 X139.104 Y129.639 E76.82334
G1 X142.135 Y132.669 E77.19028
G1 X142.863 Y132.669 E77.25262
G1 X139.605 Y129.411 E77.64714
G1 X139.788 Y129.317 E77.66476
G1 X140.042 Y129.12 E77.69231
G1 X143.591 Y132.669 E78.12201
G1 X144.169 Y132.669 E78.17151
G1 X144.169 Y132.519 E78.18436
G1 X140.424 Y128.774 E78.63782
G1 X140.686 Y128.477 E78.6717
G1 X140.752 Y128.373 E78.68223
G1 X144.169 Y131.791 E79.09603
G1 X144.169 Y131.063 E79.15838
G1 X141.014 Y127.908 E79.54036
G1 X141.108 Y127.708 E79.55927
G1 X141.206 Y127.372 E79.58927
G1 X144.169 Y130.335 E79.94802
G1 X144.169 Y129.606 E80.01037
G1 X141.313 Y126.751 E80.35616
G1 X141.337 Y126.5 E80.37772
G1 X141.29 Y125.999 E80.42082
G1 X144.4 Y129.11 E80.7975
G1 E77.7975 F2400
G92 E0
G1 X135.441 Y128.032 F7800
G1 E3 F2400
;TYPE:Gap fill
;WIDTH:0.527987
G1 F1200
G1 X135.345 Y127.529 E3.03759
;WIDTH:0.512359
G1 X135.322 Y127.364 E3.04943
;WIDTH:0.465307
G1 X135.298 Y127.199 E3.05997
;WIDTH:0.418255
G1 X135.275 Y127.034 E3.0692
;WIDTH:0.371203
G1 X135.272 Y127.007 E3.07047
;WIDTH:0.366161
G1 X135.249 Y126.511 E3.09361
;WIDTH:0.319379
G1 X135.249 Y126.489 E3.09447
;WIDTH:0.366155
G1 X135.272 Y125.993 E3.11761
;WIDTH:0.371199
G1 X135.275 Y125.966 E3.11888
;WIDTH:0.418252
G1 X135.298 Y125.801 E3.12811
;WIDTH:0.465305
G1 X135.322 Y125.636 E3.13865
;WIDTH:0.512357
G1 X135.345 Y125.471 E3.15049
;WIDTH:0.527987
G1 X135.439 Y124.983 E3.18702
G1 X136.295 Y123.917 F7800
;TYPE:Top solid infill
;WIDTH:0.600707
G1 F1200
G1 X135.6 Y123.221 E3.27128
M106 S153
;LAYER_CHANGE
;Z:1.45
;HEIGHT:0.4
G1 Z1.45 F7800
G1 E.27128 F2400
G92 E0
G1 X73.224 Y127.223 F7800
G1 E3 F2400
;TYPE:External perimeter
;WIDTH:0.675
G1 F1800
G1 X73.114 Y127.5 E3.02929
G1 X72.892 Y127.875 E3.0719
G1 X72.601 Y128.205 E3.11503
G1 X72.253 Y128.475 E3.15817
G1 X71.861 Y128.675 E3.2013
G1 X71.438 Y128.798 E3.24444
G1 X71 Y128.839 E3.28757
G1 X70.562 Y128.798 E3.3307
G1 X70.139 Y128.675 E3.37384
G1 X69.747 Y128.475 E3.41697
G1 X69.399 Y128.205 E3.46011
G1 X69.107 Y127.874 E3.50337
G1 X68.875 Y127.475 E3.54859
G1 X68.776 Y127.222 E3.57518
G1 X68.702 Y126.933 E3.60441
G1 X68.661 Y126.5 E3.64702
G1 X68.702 Y126.062 E3.69016
G1 X68.825 Y125.639 E3.73329
G1 X69.025 Y125.247 E3.77643
G1 X69.295 Y124.899 E3.81956
G1 X69.625 Y124.608 E3.86269
G1 X70.004 Y124.384 E3.90583
G1 X70.413 Y124.236 E3.94844
G1 X70.706 Y124.18 E3.97767
G1 X70.977 Y124.162 E4.00426
G1 X71.437 Y124.202 E4.04948
G1 X71.861 Y124.325 E4.09275
G1 X72.253 Y124.525 E4.13588
G1 X72.601 Y124.795 E4.17901
G1 X72.892 Y125.125 E4.22215
G1 X73.114 Y125.5 E4.26476
G1 X73.224 Y125.777 E4.29405
G1 X73.298 Y126.067 E4.32334
G1 X73.339 Y126.5 E4.36595
G1 X73.298 Y126.933 E4.40856
G1 X73.246 Y127.135 E4.42903
G1 X73.426 Y127.443 F7800
G1 X74.001 Y127.476
G1 F1800
G1 X73.94 Y127.664 E4.44844
G1 X73.768 Y128.028 E4.48786
G1 X73.561 Y128.354 E4.52573
G1 X73.305 Y128.664 E4.56516
G1 X73.015 Y128.936 E4.60406
G1 X72.528 Y129.268 E4.66185
G1 X72.164 Y129.44 E4.70128
G1 X71.781 Y129.564 E4.7407
G1 X71.193 Y129.656 E4.79902
G1 X70.807 Y129.656 E4.83689
G1 X70.403 Y129.605 E4.87678
G1 X70.209 Y129.561 E4.89627
G1 X69.836 Y129.44 E4.93466
G1 X69.472 Y129.268 E4.9741
G1 X68.98 Y128.933 E5.03242
G1 X68.699 Y128.669 E5.07029
G1 X68.442 Y128.358 E5.10971
G1 X68.229 Y128.023 E5.14863
G1 X67.994 Y127.482 E5.20646
G1 X67.894 Y127.092 E5.24583
G1 X67.844 Y126.693 E5.28526
G1 X67.844 Y126.307 E5.32313
G1 X67.894 Y125.907 E5.36256
G1 X67.991 Y125.528 E5.40096
G1 X68.058 Y125.34 E5.42045
G1 X68.229 Y124.977 E5.45982
G1 X68.442 Y124.642 E5.49873
G1 X68.699 Y124.331 E5.53815
G1 X68.98 Y124.067 E5.57602
G1 X69.31 Y123.828 E5.61592
G1 X69.481 Y123.727 E5.6354
G1 X69.836 Y123.56 E5.6738
G1 X70.219 Y123.436 E5.71324
G1 X70.806 Y123.344 E5.7715
G1 X71.396 Y123.363 E5.82933
G1 X71.786 Y123.438 E5.86825
G1 X72.346 Y123.638 E5.92651
G1 X72.863 Y123.945 E5.98538
G1 X73.305 Y124.336 E6.0432
G1 X73.555 Y124.637 E6.0816
G1 X73.768 Y124.972 E6.12048
G1 X73.94 Y125.336 E6.1599
G1 X74.064 Y125.719 E6.19933
G1 X74.137 Y126.098 E6.2372
G1 X74.162 Y126.5 E6.27663
G1 X74.138 Y126.891 E6.31503
G1 X74.029 Y127.39 E6.36504
G1 X73.81 Y127.526 F7800
G1 X73.634 Y127.275
;TYPE:Gap fill
;WIDTH:0.324888
G1 F1200
G1 X73.615 Y127.342 E6.3678
;WIDTH:0.313753
G1 X73.61 Y127.356 E6.36835
;WIDTH:0.324144
G1 X73.554 Y127.511 E6.3749
;WIDTH:0.324145
G1 X73.485 Y127.672 E6.38185
;WIDTH:0.313407
G1 X73.477 Y127.688 E6.38253
;WIDTH:0.328835
G1 X73.4 Y127.833 E6.38915
;WIDTH:0.328836
G1 X73.319 Y127.971 E6.39564
;WIDTH:0.328829
G1 X73.232 Y128.107 E6.40214
;WIDTH:0.318718
G1 X73.232 Y128.108 E6.40217
;WIDTH:0.318588
G1 X73.218 Y128.125 E6.40302
;WIDTH:0.327714
G1 X73.001 Y128.379 E6.41647
;WIDTH:0.327713
G1 X72.889 Y128.496 E6.42298
;WIDTH:0.312461
G1 X72.873 Y128.51 E6.42378
;WIDTH:0.327716
G1 X72.75 Y128.615 E6.43029
;WIDTH:0.327716
G1 X72.483 Y128.816 E6.44374
;WIDTH:0.318589
G1 X72.465 Y128.828 E6.44458
;WIDTH:0.31872
G1 X72.464 Y128.829 E6.44462
;WIDTH:0.32809
G1 X72.333 Y128.901 E6.45062
;WIDTH:0.328089
G1 X72.023 Y129.053 E6.46457
;WIDTH:0.31739
G1 X72.013 Y129.058 E6.46499
;WIDTH:0.317391
G1 X72.002 Y129.061 E6.46541
;WIDTH:0.32809
G1 X71.671 Y129.163 E6.47935
;WIDTH:0.32809
G1 X71.527 Y129.2 E6.48536
;WIDTH:0.31872
G1 X71.526 Y129.2 E6.48539
;WIDTH:0.318594
G1 X71.505 Y129.203 E6.48623
;WIDTH:0.32809
G1 X71.161 Y129.241 E6.50018
;WIDTH:0.328091
G1 X71.011 Y129.251 E6.50622
;WIDTH:0.318668
G1 X71 Y129.251 E6.50664
;WIDTH:0.318666
G1 X70.989 Y129.251 E6.50707
;WIDTH:0.32809
G1 X70.839 Y129.241 E6.51311
;WIDTH:0.328089
G1 X70.495 Y129.203 E6.52705
;WIDTH:0.318546
G1 X70.474 Y129.2 E6.52789
;WIDTH:0.318563
G1 X70.474 Y129.2 E6.5279
;WIDTH:0.328108
G1 X70.319 Y129.16 E6.53432
;WIDTH:0.32811
G1 X69.998 Y129.061 E6.54788
;WIDTH:0.31741
G1 X69.988 Y129.058 E6.54829
;WIDTH:0.317409
G1 X69.978 Y129.053 E6.54872
;WIDTH:0.328088
G1 X69.667 Y128.901 E6.56267
;WIDTH:0.328086
G1 X69.536 Y128.829 E6.56867
;WIDTH:0.318717
G1 X69.535 Y128.828 E6.56871
;WIDTH:0.318587
G1 X69.517 Y128.816 E6.56955
;WIDTH:0.328085
G1 X69.24 Y128.608 E6.58349
;WIDTH:0.328086
G1 X69.125 Y128.513 E6.58953
;WIDTH:0.318665
G1 X69.117 Y128.506 E6.58996
;WIDTH:0.318664
G1 X69.109 Y128.498 E6.59038
;WIDTH:0.328081
G1 X69.006 Y128.388 E6.59642
;WIDTH:0.328081
G1 X68.78 Y128.123 E6.61047
;WIDTH:0.317168
G1 X68.775 Y128.117 E6.61079
G1 X68.767 Y128.105 E6.61135
;WIDTH:0.329936
G1 X68.595 Y127.822 E6.62478
;WIDTH:0.329936
G1 X68.51 Y127.66 E6.63218
;WIDTH:0.314392
G1 X68.503 Y127.645 E6.63284
;WIDTH:0.324146
G1 X68.444 Y127.509 E6.63868
;WIDTH:0.324147
G1 X68.388 Y127.36 E6.64501
;WIDTH:0.320186
G1 X68.386 Y127.355 E6.64521
;WIDTH:0.319584
G1 X68.382 Y127.342 E6.64576
;WIDTH:0.318719
G1 X68.299 Y127.015 E6.65881
;WIDTH:0.318718
G1 X68.298 Y127.013 E6.65891
;WIDTH:0.318385
G1 X68.296 Y126.995 E6.65961
;WIDTH:0.328087
G1 X68.259 Y126.661 E6.67315
;WIDTH:0.328087
G1 X68.249 Y126.511 E6.67919
;WIDTH:0.318665
G1 X68.249 Y126.5 E6.67962
;WIDTH:0.318666
G1 X68.249 Y126.489 E6.68004
;WIDTH:0.328087
G1 X68.259 Y126.339 E6.68608
;WIDTH:0.328087
G1 X68.297 Y125.995 E6.70003
;WIDTH:0.3174
G1 X68.298 Y125.984 E6.70046
;WIDTH:0.317401
G1 X68.301 Y125.974 E6.70087
;WIDTH:0.328101
G1 X68.389 Y125.649 E6.71443
;WIDTH:0.328102
G1 X68.438 Y125.498 E6.72085
;WIDTH:0.318563
G1 X68.438 Y125.497 E6.72086
;WIDTH:0.318546
G1 X68.447 Y125.477 E6.7217
;WIDTH:0.327716
G1 X68.594 Y125.177 E6.73514
;WIDTH:0.327717
G1 X68.674 Y125.037 E6.74165
;WIDTH:0.312466
G1 X68.686 Y125.019 E6.74246
;WIDTH:0.327716
G1 X68.779 Y124.886 E6.74897
;WIDTH:0.327716
G1 X68.988 Y124.625 E6.76242
;WIDTH:0.318588
G1 X69.002 Y124.609 E6.76326
;WIDTH:0.318716
G1 X69.003 Y124.608 E6.76329
;WIDTH:0.328831
G1 X69.12 Y124.498 E6.7698
;WIDTH:0.328834
G1 X69.241 Y124.392 E6.77629
;WIDTH:0.328835
G1 X69.376 Y124.283 E6.78331
;WIDTH:0.312466
G1 X69.394 Y124.271 E6.78412
;WIDTH:0.328729
G1 X69.538 Y124.176 E6.79109
;WIDTH:0.328726
G1 X69.675 Y124.095 E6.79753
;WIDTH:0.328248
G1 X69.82 Y124.018 E6.80415
;WIDTH:0.312647
G1 X69.84 Y124.009 E6.80495
;WIDTH:0.327725
G1 X69.989 Y123.947 E6.81145
;WIDTH:0.327726
G1 X70.296 Y123.842 E6.82451
;WIDTH:0.318392
G1 X70.314 Y123.837 E6.82521
;WIDTH:0.320202
G1 X70.328 Y123.833 E6.82578
;WIDTH:0.324886
G1 X70.474 Y123.803 E6.8317
;WIDTH:0.324885
G1 X70.647 Y123.776 E6.83871
;WIDTH:0.313824
G1 X70.661 Y123.774 E6.83923
;WIDTH:0.324314
G1 X70.838 Y123.757 E6.84628
;WIDTH:0.324315
G1 X70.972 Y123.751 E6.85161
;WIDTH:0.319881
G1 X70.99 Y123.75 E6.8523
;WIDTH:0.320759
G1 X70.998 Y123.751 E6.8526
;WIDTH:0.328549
G1 X71.344 Y123.777 E6.8666
;WIDTH:0.328549
G1 X71.501 Y123.798 E6.87301
;WIDTH:0.312303
G1 X71.523 Y123.802 E6.87385
;WIDTH:0.327712
G1 X71.683 Y123.841 E6.88046
;WIDTH:0.327712
G1 X72.002 Y123.939 E6.89391
;WIDTH:0.318589
G1 X72.023 Y123.946 E6.89475
;WIDTH:0.318718
G1 X72.024 Y123.947 E6.89478
;WIDTH:0.328758
G1 X72.168 Y124.015 E6.90124
;WIDTH:0.328757
G1 X72.321 Y124.093 E6.90816
;WIDTH:0.328252
G1 X72.463 Y124.174 E6.91478
;WIDTH:0.312646
G1 X72.481 Y124.186 E6.91559
;WIDTH:0.328828
G1 X72.623 Y124.285 E6.9226
;WIDTH:0.328832
G1 X72.741 Y124.377 E6.92862
;WIDTH:0.328833
G1 X72.873 Y124.49 E6.93564
;WIDTH:0.312463
G1 X72.889 Y124.504 E6.93645
;WIDTH:0.327742
G1 X73.002 Y124.621 E6.94297
;WIDTH:0.327741
G1 X73.219 Y124.875 E6.95641
;WIDTH:0.31786
G1 X73.227 Y124.885 E6.95691
;WIDTH:0.318105
G1 X73.232 Y124.892 E6.95725
;WIDTH:0.328829
G1 X73.319 Y125.03 E6.96384
;WIDTH:0.328834
G1 X73.4 Y125.167 E6.97028
;WIDTH:0.328834
G1 X73.477 Y125.312 E6.9769
;WIDTH:0.313408
G1 X73.485 Y125.328 E6.97757
;WIDTH:0.324146
G1 X73.554 Y125.489 E6.98453
;WIDTH:0.324146
G1 X73.61 Y125.644 E6.99108
;WIDTH:0.313755
G1 X73.615 Y125.658 E6.99162
;WIDTH:0.324889
G1 X73.664 Y125.828 E6.99867
;WIDTH:0.32489
G1 X73.702 Y125.985 E7.00507
;WIDTH:0.31983
G1 X73.702 Y125.987 E7.00517
;WIDTH:0.319582
G1 X73.705 Y126.005 E7.00588
;WIDTH:0.328087
G1 X73.723 Y126.144 E7.01152
;WIDTH:0.328088
G1 X73.75 Y126.489 E7.02546
;WIDTH:0.317403
G1 X73.751 Y126.5 E7.02589
;WIDTH:0.317403
G1 X73.75 Y126.511 E7.0263
;WIDTH:0.328105
G1 X73.724 Y126.846 E7.03986
;WIDTH:0.328104
G1 X73.705 Y126.995 E7.04588
;WIDTH:0.319499
G1 X73.702 Y127.013 E7.04659
;WIDTH:0.319862
G1 X73.702 Y127.016 E7.04674
;WIDTH:0.324889
G1 X73.664 Y127.172 E7.05309
;WIDTH:0.324888
G1 X73.659 Y127.189 E7.0538
G1 E4.0538 F2400
G92 E0
G1 X71.292 Y85.811 F7800
G1 E3 F2400
;TYPE:External perimeter
;WIDTH:0.675
G1 F1800
G1 X71 Y85.839 E3.02876
G1 X70.562 Y85.798 E3.0719
G1 X70.139 Y85.675 E3.11503
G1 X69.751 Y85.477 E3.15764
G1 X69.51 Y85.302 E3.18693
G1 X69.292 Y85.097 E3.21622
G1 X69.025 Y84.753 E3.25883
G1 X68.825 Y84.361 E3.30197
G1 X68.702 Y83.938 E3.3451
G1 X68.661 Y83.5 E3.38823
G1 X68.702 Y83.062 E3.43137
G1 X68.825 Y82.639 E3.4745
G1 X69.025 Y82.247 E3.51763
G1 X69.295 Y81.899 E3.56077
G1 X69.625 Y81.608 E3.6039
G1 X70.004 Y81.384 E3.64704
G1 X70.413 Y81.236 E3.68965
G1 X70.706 Y81.18 E3.71888
G1 X70.977 Y81.162 E3.74547
G1 X71.437 Y81.202 E3.79069
G1 X71.861 Y81.325 E3.83396
G1 X72.253 Y81.525 E3.87709
G1 X72.601 Y81.795 E3.92022
G1 X72.892 Y82.125 E3.96336
G1 X73.114 Y82.5 E4.00597
G1 X73.224 Y82.777 E4.03526
G1 X73.298 Y83.067 E4.06455
G1 X73.339 Y83.5 E4.10716
G1 X73.298 Y83.938 E4.15029
G1 X73.175 Y84.361 E4.19343
G1 X72.977 Y84.749 E4.23604
G1 X72.802 Y84.99 E4.26527
G1 X72.617 Y85.188 E4.29186
G1 X72.255 Y85.474 E4.33708
G1 X71.861 Y85.675 E4.38035
G1 X71.382 Y85.803 E4.42895
G1 X71.192 Y86.087 F7800
G1 X71 Y86.662
G1 F1800
G1 X70.408 Y86.606 E4.48726
G1 X70.018 Y86.506 E4.52663
G1 X69.831 Y86.438 E4.54612
G1 X69.477 Y86.271 E4.58452
G1 X69.137 Y86.055 E4.62395
G1 X68.695 Y85.664 E4.68176
G1 X68.33 Y85.194 E4.74011
G1 X68.058 Y84.659 E4.79889
G1 X67.894 Y84.092 E4.85668
G1 X67.838 Y83.5 E4.915
G1 X67.894 Y82.907 E4.97332
G1 X68.058 Y82.34 E5.03115
G1 X68.229 Y81.977 E5.07053
G1 X68.442 Y81.642 E5.10943
G1 X68.831 Y81.199 E5.16722
G1 X69.305 Y80.83 E5.22601
G1 X69.836 Y80.56 E5.28435
G1 X70.402 Y80.395 E5.34216
G1 X70.806 Y80.344 E5.38205
G1 X71.005 Y80.338 E5.40154
G1 X71.396 Y80.363 E5.43994
G1 X71.786 Y80.438 E5.47886
G1 X72.346 Y80.638 E5.53712
G1 X72.863 Y80.945 E5.59599
G1 X73.305 Y81.336 E5.65381
G1 X73.67 Y81.806 E5.71215
G1 X73.94 Y82.336 E5.77042
G1 X74.106 Y82.907 E5.82873
G1 X74.162 Y83.5 E5.88705
G1 X74.106 Y84.093 E5.9454
G1 X73.94 Y84.664 E6.00366
G1 X73.67 Y85.194 E6.06198
G1 X73.305 Y85.664 E6.12029
G1 X73.015 Y85.936 E6.15919
G1 X72.69 Y86.173 E6.19862
G1 X72.164 Y86.44 E6.25641
G1 X71.598 Y86.605 E6.3142
G1 X71.09 Y86.66 E6.36424
G1 X70.703 Y86.147 F7800
G1 X71.064 Y86.247
;TYPE:Gap fill
;WIDTH:0.328089
G1 F1200
G1 X71.011 Y86.251 E6.36638
;WIDTH:0.318666
G1 X71 Y86.251 E6.36681
;WIDTH:0.318666
G1 X70.989 Y86.251 E6.36723
;WIDTH:0.328088
G1 X70.839 Y86.241 E6.37327
;WIDTH:0.328087
G1 X70.495 Y86.203 E6.38722
;WIDTH:0.317389
G1 X70.485 Y86.202 E6.38763
;WIDTH:0.317389
G1 X70.474 Y86.199 E6.38805
;WIDTH:0.328052
G1 X70.141 Y86.108 E6.40195
;WIDTH:0.328053
G1 X69.998 Y86.061 E6.40804
;WIDTH:0.318108
G1 X69.989 Y86.059 E6.40837
;WIDTH:0.317862
G1 X69.977 Y86.053 E6.40888
;WIDTH:0.327742
G1 X69.678 Y85.906 E6.42231
;WIDTH:0.327743
G1 X69.545 Y85.831 E6.42844
;WIDTH:0.313402
G1 X69.53 Y85.821 E6.42911
;WIDTH:0.324883
G1 X69.375 Y85.716 E6.43655
;WIDTH:0.324884
G1 X69.256 Y85.626 E6.44248
;WIDTH:0.320199
G1 X69.253 Y85.624 E6.44265
;WIDTH:0.319646
G1 X69.242 Y85.614 E6.44322
;WIDTH:0.318723
G1 X68.995 Y85.382 E6.45633
;WIDTH:0.318721
G1 X68.994 Y85.381 E6.45642
;WIDTH:0.318425
G1 X68.982 Y85.367 E6.45712
;WIDTH:0.328105
G1 X68.777 Y85.112 E6.47028
;WIDTH:0.328106
G1 X68.683 Y84.983 E6.47671
;WIDTH:0.318562
G1 X68.676 Y84.973 E6.47717
;WIDTH:0.31867
G1 X68.672 Y84.965 E6.47755
;WIDTH:0.328088
G1 X68.599 Y84.833 E6.48359
;WIDTH:0.328089
G1 X68.447 Y84.523 E6.49754
;WIDTH:0.318591
G1 X68.438 Y84.502 E6.49838
;WIDTH:0.318722
G1 X68.438 Y84.502 E6.49842
;WIDTH:0.328084
G1 X68.392 Y84.36 E6.50442
;WIDTH:0.328086
G1 X68.301 Y84.026 E6.51837
;WIDTH:0.31738
G1 X68.298 Y84.015 E6.51879
;WIDTH:0.317381
G1 X68.297 Y84.005 E6.51921
;WIDTH:0.328086
G1 X68.259 Y83.661 E6.53315
;WIDTH:0.328087
G1 X68.249 Y83.511 E6.53919
;WIDTH:0.318665
G1 X68.249 Y83.5 E6.53961
;WIDTH:0.318666
G1 X68.249 Y83.489 E6.54004
;WIDTH:0.328087
G1 X68.259 Y83.339 E6.54608
;WIDTH:0.328087
G1 X68.297 Y82.995 E6.56002
;WIDTH:0.3174
G1 X68.298 Y82.984 E6.56045
;WIDTH:0.317401
G1 X68.301 Y82.974 E6.56086
;WIDTH:0.328102
G1 X68.389 Y82.649 E6.57442
;WIDTH:0.328101
G1 X68.438 Y82.498 E6.58085
;WIDTH:0.318562
G1 X68.438 Y82.497 E6.58086
;WIDTH:0.318544
G1 X68.447 Y82.478 E6.58169
;WIDTH:0.327715
G1 X68.594 Y82.177 E6.59514
;WIDTH:0.327716
G1 X68.674 Y82.037 E6.60165
;WIDTH:0.312463
G1 X68.686 Y82.019 E6.60245
;WIDTH:0.327716
G1 X68.779 Y81.886 E6.60897
;WIDTH:0.327718
G1 X68.988 Y81.625 E6.62241
;WIDTH:0.318588
G1 X69.002 Y81.609 E6.62326
;WIDTH:0.318713
G1 X69.003 Y81.608 E6.62329
;WIDTH:0.328085
G1 X69.112 Y81.506 E6.6293
;WIDTH:0.328084
G1 X69.375 Y81.282 E6.64324
;WIDTH:0.318595
G1 X69.392 Y81.268 E6.64408
;WIDTH:0.318722
G1 X69.393 Y81.268 E6.64412
;WIDTH:0.328761
G1 X69.528 Y81.182 E6.65057
;WIDTH:0.32876
G1 X69.675 Y81.095 E6.6575
;WIDTH:0.328249
G1 X69.82 Y81.018 E6.66411
;WIDTH:0.312648
G1 X69.84 Y81.009 E6.66492
;WIDTH:0.327726
G1 X69.989 Y80.947 E6.67142
;WIDTH:0.327728
G1 X70.296 Y80.842 E6.68448
;WIDTH:0.31839
G1 X70.314 Y80.837 E6.68518
;WIDTH:0.320201
G1 X70.328 Y80.833 E6.68574
;WIDTH:0.324887
G1 X70.474 Y80.803 E6.69167
;WIDTH:0.324889
G1 X70.647 Y80.776 E6.69867
;WIDTH:0.313825
G1 X70.661 Y80.774 E6.6992
;WIDTH:0.324315
G1 X70.838 Y80.757 E6.70624
;WIDTH:0.324315
G1 X70.972 Y80.751 E6.71157
;WIDTH:0.319882
G1 X70.99 Y80.75 E6.71227
;WIDTH:0.320759
G1 X70.998 Y80.751 E6.71256
;WIDTH:0.328551
G1 X71.344 Y80.777 E6.72657
;WIDTH:0.328551
G1 X71.501 Y80.798 E6.73298
;WIDTH:0.312306
G1 X71.523 Y80.802 E6.73381
;WIDTH:0.327714
G1 X71.683 Y80.841 E6.74043
;WIDTH:0.327714
G1 X72.002 Y80.939 E6.75387
;WIDTH:0.318589
G1 X72.023 Y80.946 E6.75472
;WIDTH:0.318718
G1 X72.024 Y80.947 E6.75475
;WIDTH:0.328757
G1 X72.168 Y81.015 E6.76121
;WIDTH:0.328757
G1 X72.321 Y81.093 E6.76813
;WIDTH:0.328251
G1 X72.463 Y81.174 E6.77475
;WIDTH:0.312647
G1 X72.481 Y81.186 E6.77555
;WIDTH:0.32883
G1 X72.623 Y81.285 E6.78256
;WIDTH:0.328832
G1 X72.741 Y81.377 E6.78859
;WIDTH:0.328831
G1 X72.873 Y81.49 E6.79561
;WIDTH:0.312463
G1 X72.889 Y81.504 E6.79641
;WIDTH:0.327742
G1 X73.002 Y81.621 E6.80294
;WIDTH:0.327741
G1 X73.219 Y81.875 E6.81637
;WIDTH:0.31786
G1 X73.227 Y81.885 E6.81688
;WIDTH:0.318105
G1 X73.232 Y81.892 E6.81722
;WIDTH:0.328829
G1 X73.319 Y82.03 E6.8238
;WIDTH:0.328834
G1 X73.4 Y82.167 E6.83025
;WIDTH:0.328833
G1 X73.477 Y82.312 E6.83686
;WIDTH:0.313406
G1 X73.485 Y82.328 E6.83754
;WIDTH:0.324144
G1 X73.554 Y82.489 E6.84449
;WIDTH:0.324143
G1 X73.61 Y82.644 E6.85105
;WIDTH:0.313753
G1 X73.615 Y82.658 E6.85159
;WIDTH:0.32489
G1 X73.664 Y82.828 E6.85864
;WIDTH:0.32489
G1 X73.702 Y82.985 E6.86503
;WIDTH:0.31983
G1 X73.702 Y82.987 E6.86513
;WIDTH:0.319583
G1 X73.705 Y83.005 E6.86585
;WIDTH:0.328088
G1 X73.723 Y83.144 E6.87148
;WIDTH:0.328088
G1 X73.75 Y83.489 E6.88543
;WIDTH:0.317403
G1 X73.751 Y83.5 E6.88586
;WIDTH:0.317403
G1 X73.75 Y83.511 E6.88627
;WIDTH:0.328103
G1 X73.724 Y83.846 E6.89983
;WIDTH:0.328104
G1 X73.704 Y84.005 E6.90625
;WIDTH:0.318559
G1 X73.702 Y84.017 E6.90672
;WIDTH:0.318665
G1 X73.7 Y84.026 E6.9071
;WIDTH:0.328091
G1 X73.663 Y84.171 E6.91314
;WIDTH:0.328092
G1 X73.561 Y84.502 E6.92709
;WIDTH:0.31739
G1 X73.558 Y84.513 E6.9275
;WIDTH:0.317391
G1 X73.553 Y84.523 E6.92793
;WIDTH:0.328088
G1 X73.401 Y84.833 E6.94187
;WIDTH:0.328088
G1 X73.333 Y84.956 E6.9475
;WIDTH:0.319579
G1 X73.324 Y84.972 E6.94822
;WIDTH:0.319824
G1 X73.322 Y84.974 E6.94832
;WIDTH:0.324882
G1 X73.23 Y85.105 E6.95472
;WIDTH:0.324882
G1 X73.122 Y85.245 E6.96172
;WIDTH:0.313819
G1 X73.113 Y85.255 E6.96224
;WIDTH:0.323678
G1 X73.003 Y85.381 E6.96885
G1 X72.9 Y85.484 E6.97459
;WIDTH:0.314207
G1 X72.888 Y85.495 E6.97525
;WIDTH:0.329926
G1 X72.749 Y85.615 E6.98266
;WIDTH:0.329924
G1 X72.486 Y85.814 E6.99608
;WIDTH:0.318178
G1 X72.467 Y85.827 E6.99696
;WIDTH:0.318721
G1 X72.464 Y85.829 E6.9971
;WIDTH:0.328089
G1 X72.333 Y85.901 E7.0031
;WIDTH:0.328088
G1 X72.022 Y86.053 E7.01705
;WIDTH:0.317383
G1 X72.013 Y86.058 E7.01747
;WIDTH:0.317385
G1 X72.002 Y86.061 E7.01789
;WIDTH:0.328088
G1 X71.671 Y86.163 E7.03183
G1 X71.527 Y86.2 E7.03784
;WIDTH:0.318717
G1 X71.526 Y86.2 E7.03787
;WIDTH:0.318592
G1 X71.505 Y86.203 E7.03871
;WIDTH:0.328089
G1 X71.161 Y86.241 E7.05266
;WIDTH:0.328089
G1 X71.154 Y86.242 E7.05293
G1 E4.05293 F2400
G92 E0
G1 X65.427 Y78.073 F7800
G1 E3 F2400
;TYPE:Perimeter
;WIDTH:0.675
G1 F1800
G1 X65.427 Y76.927 E3.11235
G1 X77.573 Y76.927 E4.30245
G1 X77.573 Y78.073 E4.4148
G1 X65.517 Y78.073 E5.59609
G1 X65.517 Y131.927 F7800
G1 F4800
G1 X143.427 Y131.927 E13.22952
G1 X143.427 Y78.073 E18.50594
G1 X135.427 Y78.073 E19.28976
G1 X135.427 Y76.927 E19.40211
G1 X144.573 Y76.927 E20.29828
G1 X144.573 Y133.073 E25.79939
G1 X65.427 Y133.073 E33.554
G1 X65.427 Y131.927 E33.66634
G1 X66.162 Y78.662 F7800
;TYPE:External perimeter
G1 F2400
G1 X66.162 Y131.338 E38.82731
G1 X142.838 Y131.338 E46.33975
G1 X142.838 Y78.662 E51.50072
G1 X134.838 Y78.662 E52.28454
G1 X134.838 Y76.337 E52.51233
G1 X145.163 Y76.337 E53.52395
G1 X145.163 Y133.663 E59.14052
G1 X64.837 Y133.663 E67.01057
G1 X64.837 Y76.337 E72.62713
G1 X78.162 Y76.337 E73.93268
G1 X78.162 Y78.662 E74.16048
G1 X66.252 Y78.662 E75.3274
G1 X65.564 Y78.701 F7800
G1 X65.5 Y78.368
;TYPE:Gap fill
;WIDTH:0.821683
G1 F1200
G1 X65.5 Y131.632 E81.84538
G1 X65.721 Y132.5 F7800
;WIDTH:0.643365
G1 F1200
G1 X143.721 Y132.5 E89.07728
;WIDTH:0.691191
G1 X143.837 Y132.476 E89.08915
;WIDTH:0.691193
G1 X143.952 Y132.452 E89.10102
G1 X144 Y132.221 E89.12476
;WIDTH:0.643365
G1 X144 Y77.779 E94.17249
;WIDTH:0.691191
G1 X143.976 Y77.663 E94.18436
;WIDTH:0.691193
G1 X143.952 Y77.548 E94.19623
G1 X143.721 Y77.5 E94.21997
;WIDTH:0.643363
G1 X135.721 Y77.5 E94.9617
G1 E91.9617 F2400
G92 E0
G1 X77.279 Y77.5 F7800
G1 E3 F2400
;WIDTH:0.643365
G1 F1200
G1 X65.721 Y77.5 E4.07157
G1 E1.07157 F2400
G92 E0
G1 X97.427 Y78.073 F7800
G1 E3 F2400
;TYPE:Perimeter
;WIDTH:0.675
G1 F1800
G1 X97.427 Y76.927 E3.11235
G1 X99.573 Y76.927 E3.32268
G1 X99.573 Y78.073 E3.43502
G1 X97.517 Y78.073 E3.63653
G1 X96.837 Y78.662 F7800
;TYPE:External perimeter
G1 F1800
G1 X96.837 Y76.337 E3.86433
G1 X100.162 Y76.337 E4.19011
G1 X100.162 Y78.662 E4.4179
G1 X96.927 Y78.662 E4.73486
G1 X97.026 Y78.093 F7800
G1 X97.721 Y77.5
;TYPE:Gap fill
;WIDTH:0.643365
G1 F1200
G1 X99.279 Y77.5 E4.87927
G1 E1.87927 F2400
G92 E0
G1 X135.661 Y83.5 F7800
G1 E3 F2400
;TYPE:External perimeter
;WIDTH:0.675
G1 F1800
G1 X135.702 Y83.062 E3.04313
G1 X135.825 Y82.639 E3.08627
G1 X136.025 Y82.247 E3.1294
G1 X136.295 Y81.899 E3.17253
G1 X136.625 Y81.608 E3.21567
G1 X137.004 Y81.384 E3.2588
G1 X137.413 Y81.236 E3.30141
G1 X137.706 Y81.18 E3.33064
G1 X137.977 Y81.162 E3.35723
G1 X138.437 Y81.202 E3.40245
G1 X138.861 Y81.325 E3.44572
G1 X139.253 Y81.525 E3.48886
G1 X139.602 Y81.796 E3.53213
G1 X139.905 Y82.144 E3.57734
G1 X140.049 Y82.374 E3.60394
G1 X140.176 Y82.644 E3.63317
G1 X140.298 Y83.062 E3.67578
G1 X140.339 Y83.5 E3.71891
G1 X140.297 Y83.94 E3.76218
G1 X140.165 Y84.382 E3.8074
G1 X140.049 Y84.627 E3.83399
G1 X139.889 Y84.879 E3.86322
G1 X139.601 Y85.205 E3.90583
G1 X139.253 Y85.475 E3.94896
G1 X138.861 Y85.675 E3.9921
G1 X138.438 Y85.798 E4.03523
G1 X138.005 Y85.839 E4.07784
G1 X137.707 Y85.82 E4.10713
G1 X137.413 Y85.764 E4.13642
G1 X137.004 Y85.616 E4.17903
G1 X136.625 Y85.392 E4.22217
G1 X136.295 Y85.101 E4.2653
G1 X136.025 Y84.753 E4.30843
G1 X135.825 Y84.361 E4.35157
G1 X135.702 Y83.938 E4.3947
G1 X135.669 Y83.59 E4.42902
G1 X135.28 Y83.28 F7800
G1 X134.839 Y83.528
G1 F1800
G1 X134.844 Y83.307 E4.45073
G1 X134.895 Y82.902 E4.49068
G1 X135.06 Y82.336 E4.54847
G1 X135.229 Y81.977 E4.58737
G1 X135.442 Y81.642 E4.62628
G1 X135.699 Y81.331 E4.6657
G1 X136.146 Y80.939 E4.72401
G1 X136.305 Y80.83 E4.74291
G1 X136.836 Y80.56 E4.80126
G1 X137.402 Y80.395 E4.85906
G1 X137.806 Y80.344 E4.89896
G1 X138.005 Y80.338 E4.91845
G1 X138.396 Y80.363 E4.95684
G1 X138.786 Y80.438 E4.99576
G1 X139.169 Y80.562 E5.03518
G1 X139.528 Y80.732 E5.07406
G1 X139.858 Y80.942 E5.11246
G1 X140.302 Y81.332 E5.17028
G1 X140.67 Y81.806 E5.22915
G1 X140.94 Y82.336 E5.28741
G1 X141.105 Y82.902 E5.34521
G1 X141.162 Y83.5 E5.40404
G1 X141.105 Y84.098 E5.46287
G1 X140.94 Y84.664 E5.52066
G1 X140.771 Y85.023 E5.55957
G1 X140.558 Y85.359 E5.59848
G1 X140.168 Y85.802 E5.65631
G1 X139.694 Y86.17 E5.7151
G1 X139.164 Y86.44 E5.77341
G1 X138.598 Y86.605 E5.8312
G1 X138 Y86.662 E5.89003
G1 X137.403 Y86.605 E5.94882
G1 X136.836 Y86.44 E6.00665
G1 X136.31 Y86.173 E6.06445
G1 X135.839 Y85.809 E6.12276
G1 X135.564 Y85.515 E6.1622
G1 X135.333 Y85.198 E6.2006
G1 X135.231 Y85.028 E6.22008
G1 X135.06 Y84.664 E6.25946
G1 X134.895 Y84.098 E6.31727
G1 X134.842 Y83.618 E6.36452
G1 X135.025 Y83.408 F7800
G1 X135.254 Y83.592
;TYPE:Gap fill
;WIDTH:0.328104
G1 F1200
G1 X135.249 Y83.511 E6.36778
;WIDTH:0.31856
G1 X135.249 Y83.499 E6.36825
;WIDTH:0.318666
G1 X135.249 Y83.489 E6.36863
;WIDTH:0.328089
G1 X135.259 Y83.339 E6.37467
;WIDTH:0.328089
G1 X135.297 Y82.995 E6.38861
;WIDTH:0.318592
G1 X135.3 Y82.974 E6.38946
;WIDTH:0.318719
G1 X135.3 Y82.973 E6.38949
;WIDTH:0.32809
G1 X135.337 Y82.829 E6.3955
;WIDTH:0.328088
G1 X135.439 Y82.498 E6.40944
;WIDTH:0.317387
G1 X135.442 Y82.487 E6.40986
;WIDTH:0.317385
G1 X135.447 Y82.478 E6.41028
;WIDTH:0.327714
G1 X135.594 Y82.177 E6.42372
;WIDTH:0.327714
G1 X135.674 Y82.037 E6.43024
;WIDTH:0.312459
G1 X135.686 Y82.019 E6.43104
;WIDTH:0.327713
G1 X135.779 Y81.886 E6.43755
;WIDTH:0.327713
G1 X135.988 Y81.625 E6.451
;WIDTH:0.318587
G1 X136.002 Y81.609 E6.45184
;WIDTH:0.318721
G1 X136.003 Y81.608 E6.45188
;WIDTH:0.328087
G1 X136.112 Y81.506 E6.45788
;WIDTH:0.328088
G1 X136.375 Y81.282 E6.47183
;WIDTH:0.31859
G1 X136.392 Y81.268 E6.47267
;WIDTH:0.318716
G1 X136.393 Y81.268 E6.4727
;WIDTH:0.328756
G1 X136.528 Y81.182 E6.47916
;WIDTH:0.328757
G1 X136.675 Y81.095 E6.48608
;WIDTH:0.328247
G1 X136.82 Y81.018 E6.4927
;WIDTH:0.312646
G1 X136.84 Y81.009 E6.49351
;WIDTH:0.327724
G1 X136.989 Y80.947 E6.50001
;WIDTH:0.327724
G1 X137.296 Y80.842 E6.51306
;WIDTH:0.318388
G1 X137.314 Y80.837 E6.51377
;WIDTH:0.320201
G1 X137.328 Y80.833 E6.51433
;WIDTH:0.324885
G1 X137.474 Y80.803 E6.52026
;WIDTH:0.324887
G1 X137.647 Y80.776 E6.52726
;WIDTH:0.313826
G1 X137.661 Y80.774 E6.52778
;WIDTH:0.324315
G1 X137.838 Y80.757 E6.53483
;WIDTH:0.324317
G1 X137.972 Y80.751 E6.54016
;WIDTH:0.319884
G1 X137.99 Y80.75 E6.54085
;WIDTH:0.320762
G1 X137.998 Y80.751 E6.54115
;WIDTH:0.328551
G1 X138.344 Y80.777 E6.55516
G1 X138.501 Y80.798 E6.56156
;WIDTH:0.312305
G1 X138.523 Y80.802 E6.5624
;WIDTH:0.327713
G1 X138.683 Y80.841 E6.56902
;WIDTH:0.327714
G1 X139.002 Y80.939 E6.58246
;WIDTH:0.318589
G1 X139.023 Y80.946 E6.58331
;WIDTH:0.318717
G1 X139.024 Y80.947 E6.58334
;WIDTH:0.328759
G1 X139.168 Y81.015 E6.5898
;WIDTH:0.328756
G1 X139.321 Y81.093 E6.59672
;WIDTH:0.328248
G1 X139.463 Y81.174 E6.60334
;WIDTH:0.312647
G1 X139.481 Y81.186 E6.60414
;WIDTH:0.327726
G1 X139.614 Y81.279 E6.61064
;WIDTH:0.327724
G1 X139.877 Y81.489 E6.6242
;WIDTH:0.31824
G1 X139.892 Y81.503 E6.62498
;WIDTH:0.318401
G1 X139.894 Y81.505 E6.62508
;WIDTH:0.328815
G1 X139.994 Y81.612 E6.63101
;WIDTH:0.328815
G1 X140.226 Y81.886 E6.64551
;WIDTH:0.320758
G1 X140.23 Y81.892 E6.64581
;WIDTH:0.31988
G1 X140.241 Y81.906 E6.64651
;WIDTH:0.324761
G1 X140.321 Y82.028 E6.65231
;WIDTH:0.32476
G1 X140.404 Y82.165 E6.65866
;WIDTH:0.320329
G1 X140.407 Y82.17 E6.6589
;WIDTH:0.319592
G1 X140.413 Y82.183 E6.65945
;WIDTH:0.318723
G1 X140.557 Y82.488 E6.6725
;WIDTH:0.318723
G1 X140.558 Y82.49 E6.6726
;WIDTH:0.318388
G1 X140.564 Y82.507 E6.6733
;WIDTH:0.328084
G1 X140.663 Y82.829 E6.68684
;WIDTH:0.328085
G1 X140.7 Y82.973 E6.69285
;WIDTH:0.318716
G1 X140.7 Y82.974 E6.69288
;WIDTH:0.318587
G1 X140.703 Y82.995 E6.69373
;WIDTH:0.328088
G1 X140.741 Y83.339 E6.70767
;WIDTH:0.328087
G1 X140.751 Y83.489 E6.71371
;WIDTH:0.318666
G1 X140.751 Y83.5 E6.71414
;WIDTH:0.318666
G1 X140.751 Y83.511 E6.71456
;WIDTH:0.328087
G1 X140.741 Y83.661 E6.7206
;WIDTH:0.328087
G1 X140.703 Y84.007 E6.73465
;WIDTH:0.318238
G1 X140.7 Y84.027 E6.73542
;WIDTH:0.3184
G1 X140.699 Y84.03 E6.73553
;WIDTH:0.328793
G1 X140.662 Y84.171 E6.74145
;WIDTH:0.328793
G1 X140.556 Y84.512 E6.75586
;WIDTH:0.320496
G1 X140.553 Y84.521 E6.75625
;WIDTH:0.319019
G1 X140.546 Y84.538 E6.75694
;WIDTH:0.31887
G1 X140.412 Y84.82 E6.76903
;WIDTH:0.319031
G1 X140.41 Y84.825 E6.76925
;WIDTH:0.319033
G1 X140.405 Y84.832 E6.76958
;WIDTH:0.318724
G1 X140.225 Y85.117 E6.78264
;WIDTH:0.318718
G1 X140.223 Y85.119 E6.78273
;WIDTH:0.318424
G1 X140.212 Y85.133 E6.78343
;WIDTH:0.328103
G1 X140 Y85.381 E6.79659
;WIDTH:0.328102
G1 X139.891 Y85.498 E6.80301
;WIDTH:0.31856
G1 X139.891 Y85.498 E6.80303
;WIDTH:0.318543
G1 X139.875 Y85.512 E6.80386
;WIDTH:0.328085
G1 X139.605 Y85.729 E6.8178
G1 X139.483 Y85.817 E6.82384
;WIDTH:0.318663
G1 X139.474 Y85.823 E6.82427
;WIDTH:0.318664
G1 X139.465 Y85.828 E6.82469
;WIDTH:0.328088
G1 X139.333 Y85.901 E6.83073
;WIDTH:0.328088
G1 X139.023 Y86.053 E6.84468
;WIDTH:0.317384
G1 X139.013 Y86.058 E6.8451
;WIDTH:0.317383
G1 X139.002 Y86.061 E6.84552
;WIDTH:0.328091
G1 X138.671 Y86.163 E6.85946
;WIDTH:0.328091
G1 X138.527 Y86.2 E6.86547
;WIDTH:0.318719
G1 X138.526 Y86.2 E6.8655
;WIDTH:0.318595
G1 X138.505 Y86.203 E6.86634
;WIDTH:0.32809
G1 X138.161 Y86.241 E6.88029
;WIDTH:0.328089
G1 X138.021 Y86.25 E6.88593
;WIDTH:0.319584
G1 X138.003 Y86.251 E6.88664
;WIDTH:0.319829
G1 X138 Y86.251 E6.88674
;WIDTH:0.324886
G1 X137.839 Y86.243 E6.89314
;WIDTH:0.324887
G1 X137.663 Y86.226 E6.90018
;WIDTH:0.313752
G1 X137.649 Y86.225 E6.90073
;WIDTH:0.324817
G1 X137.475 Y86.197 E6.90773
;WIDTH:0.324818
G1 X137.318 Y86.164 E6.91408
;WIDTH:0.31932
G1 X137.313 Y86.163 E6.91426
;WIDTH:0.318704
G1 X137.296 Y86.158 E6.91497
;WIDTH:0.327743
G1 X136.99 Y86.053 E6.928
;WIDTH:0.327743
G1 X136.84 Y85.991 E6.93453
;WIDTH:0.312461
G1 X136.82 Y85.982 E6.93533
;WIDTH:0.328829
G1 X136.667 Y85.9 E6.94235
;WIDTH:0.32883
G1 X136.539 Y85.825 E6.94837
;WIDTH:0.328828
G1 X136.394 Y85.729 E6.95539
;WIDTH:0.312461
G1 X136.376 Y85.717 E6.95619
;WIDTH:0.328833
G1 X136.241 Y85.608 E6.96321
;WIDTH:0.328833
G1 X136.129 Y85.51 E6.96923
;WIDTH:0.32883
G1 X136.004 Y85.389 E6.97625
;WIDTH:0.312459
G1 X135.99 Y85.373 E6.97705
;WIDTH:0.327742
G1 X135.884 Y85.25 E6.98358
;WIDTH:0.327742
G1 X135.684 Y84.983 E6.99701
;WIDTH:0.317861
G1 X135.676 Y84.972 E6.99752
;WIDTH:0.318108
G1 X135.672 Y84.965 E6.99785
;WIDTH:0.32805
G1 X135.599 Y84.832 E7.00394
;WIDTH:0.328051
G1 X135.447 Y84.522 E7.01783
;WIDTH:0.317387
G1 X135.442 Y84.513 E7.01826
;WIDTH:0.317385
G1 X135.439 Y84.502 E7.01867
;WIDTH:0.32809
G1 X135.337 Y84.171 E7.03262
;WIDTH:0.328091
G1 X135.3 Y84.027 E7.03864
;WIDTH:0.318702
G1 X135.3 Y84.026 E7.03866
;WIDTH:0.318622
G1 X135.297 Y84.005 E7.0395
;WIDTH:0.328105
G1 X135.261 Y83.681 E7.0526
G1 E4.0526 F2400
G92 E0
G1 X135.68 Y126.793 F7800
G1 E3 F2400
;TYPE:External perimeter
;WIDTH:0.675
G1 F1800
G1 X135.661 Y126.495 E3.02929
G1 X135.702 Y126.062 E3.0719
G1 X135.825 Y125.639 E3.11503
G1 X136.025 Y125.247 E3.15817
G1 X136.295 Y124.899 E3.2013
G1 X136.625 Y124.608 E3.24444
G1 X137.004 Y124.384 E3.28757
G1 X137.413 Y124.236 E3.33018
G1 X137.706 Y124.18 E3.35941
G1 X137.977 Y124.162 E3.386
G1 X138.437 Y124.202 E3.43122
G1 X138.861 Y124.325 E3.47449
G1 X139.253 Y124.525 E3.51762
G1 X139.602 Y124.796 E3.56089
G1 X139.905 Y125.144 E3.60611
G1 X140.049 Y125.374 E3.6327
G1 X140.176 Y125.644 E3.66193
G1 X140.298 Y126.062 E3.70454
G1 X140.339 Y126.5 E3.74768
G1 X140.297 Y126.94 E3.79095
G1 X140.165 Y127.382 E3.83616
G1 X140.049 Y127.627 E3.86276
G1 X139.889 Y127.879 E3.89199
G1 X139.601 Y128.205 E3.9346
G1 X139.253 Y128.475 E3.97773
G1 X138.861 Y128.675 E4.02086
G1 X138.438 Y128.798 E4.064
G1 X138 Y128.839 E4.10713
G1 X137.562 Y128.798 E4.15027
G1 X137.139 Y128.675 E4.1934
G1 X136.747 Y128.475 E4.23653
G1 X136.399 Y128.205 E4.27967
G1 X136.108 Y127.875 E4.3228
G1 X135.884 Y127.496 E4.36594
G1 X135.736 Y127.087 E4.40854
G1 X135.697 Y126.881 E4.42902
G1 X135.404 Y126.68 F7800
G1 X134.999 Y127.475
G1 F1800
G1 X134.895 Y127.098 E4.46739
G1 X134.838 Y126.499 E4.52626
G1 X134.895 Y125.902 E4.58504
G1 X135.06 Y125.336 E4.64284
G1 X135.229 Y124.977 E4.68174
G1 X135.442 Y124.642 E4.72064
G1 X135.699 Y124.331 E4.76007
G1 X135.98 Y124.067 E4.79794
G1 X136.31 Y123.828 E4.83783
G1 X136.836 Y123.56 E4.89566
G1 X137.402 Y123.395 E4.95347
G1 X137.806 Y123.344 E4.99336
G1 X138.005 Y123.338 E5.01285
G1 X138.396 Y123.363 E5.05125
G1 X138.786 Y123.438 E5.09016
G1 X139.169 Y123.562 E5.12959
G1 X139.528 Y123.732 E5.16847
G1 X139.858 Y123.942 E5.20687
G1 X140.302 Y124.332 E5.26468
G1 X140.67 Y124.806 E5.32355
G1 X140.94 Y125.336 E5.38182
G1 X141.105 Y125.902 E5.43961
G1 X141.162 Y126.5 E5.49844
G1 X141.105 Y127.098 E5.55728
G1 X140.94 Y127.664 E5.61507
G1 X140.673 Y128.19 E5.67286
G1 X140.436 Y128.516 E5.7123
G1 X140.168 Y128.801 E5.7507
G1 X140.019 Y128.933 E5.77018
G1 X139.69 Y129.173 E5.81008
G1 X139.164 Y129.44 E5.86787
G1 X138.598 Y129.605 E5.92567
G1 X138 Y129.662 E5.9845
G1 X137.403 Y129.605 E6.04328
G1 X136.836 Y129.44 E6.10111
G1 X136.306 Y129.17 E6.15939
G1 X135.836 Y128.805 E6.21773
G1 X135.445 Y128.363 E6.27554
G1 X135.229 Y128.023 E6.31496
G1 X135.027 Y127.561 E6.36443
G1 X135.255 Y127.179 F7800
G1 X135.419 Y127.427
;TYPE:Gap fill
;WIDTH:0.327713
G1 F1200
G1 X135.342 Y127.204 E6.3739
;WIDTH:0.31839
G1 X135.337 Y127.186 E6.3746
;WIDTH:0.320203
G1 X135.333 Y127.172 E6.37516
;WIDTH:0.324897
G1 X135.303 Y127.026 E6.38111
;WIDTH:0.324896
G1 X135.275 Y126.851 E6.38814
;WIDTH:0.313933
G1 X135.274 Y126.837 E6.38868
;WIDTH:0.324602
G1 X135.258 Y126.67 E6.39534
;WIDTH:0.324604
G1 X135.249 Y126.499 E6.40215
;WIDTH:0.319726
G1 X135.249 Y126.497 E6.40221
;WIDTH:0.319584
G1 X135.25 Y126.479 E6.40293
;WIDTH:0.328089
G1 X135.259 Y126.339 E6.40856
;WIDTH:0.328089
G1 X135.297 Y125.995 E6.42251
;WIDTH:0.318594
G1 X135.3 Y125.974 E6.42335
;WIDTH:0.318721
G1 X135.3 Y125.973 E6.42338
;WIDTH:0.328089
G1 X135.337 Y125.829 E6.42939
;WIDTH:0.328089
G1 X135.439 Y125.498 E6.44333
;WIDTH:0.317383
G1 X135.442 Y125.487 E6.44375
;WIDTH:0.317381
G1 X135.447 Y125.478 E6.44417
;WIDTH:0.327712
G1 X135.594 Y125.177 E6.45762
;WIDTH:0.327713
G1 X135.674 Y125.037 E6.46413
;WIDTH:0.31246
G1 X135.686 Y125.019 E6.46493
;WIDTH:0.327713
G1 X135.779 Y124.886 E6.47145
;WIDTH:0.327713
G1 X135.988 Y124.625 E6.48489
;WIDTH:0.318587
G1 X136.002 Y124.609 E6.48574
;WIDTH:0.318721
G1 X136.003 Y124.608 E6.48577
;WIDTH:0.328832
G1 X136.12 Y124.498 E6.49227
;WIDTH:0.328832
G1 X136.241 Y124.392 E6.49877
;WIDTH:0.328831
G1 X136.376 Y124.283 E6.50579
;WIDTH:0.31246
G1 X136.394 Y124.271 E6.50659
;WIDTH:0.328722
G1 X136.538 Y124.176 E6.51356
;WIDTH:0.328723
G1 X136.675 Y124.095 E6.52001
;WIDTH:0.328246
G1 X136.82 Y124.018 E6.52662
;WIDTH:0.312648
G1 X136.84 Y124.009 E6.52743
;WIDTH:0.327724
G1 X136.989 Y123.947 E6.53393
;WIDTH:0.327726
G1 X137.296 Y123.842 E6.54699
;WIDTH:0.318387
G1 X137.314 Y123.837 E6.54769
;WIDTH:0.3202
G1 X137.328 Y123.833 E6.54825
;WIDTH:0.324884
G1 X137.474 Y123.803 E6.55418
;WIDTH:0.324885
G1 X137.647 Y123.776 E6.56118
;WIDTH:0.313825
G1 X137.661 Y123.774 E6.56171
;WIDTH:0.324314
G1 X137.838 Y123.757 E6.56875
;WIDTH:0.324315
G1 X137.972 Y123.751 E6.57408
;WIDTH:0.319881
G1 X137.99 Y123.75 E6.57478
;WIDTH:0.32076
G1 X137.998 Y123.751 E6.57508
;WIDTH:0.328548
G1 X138.344 Y123.777 E6.58908
;WIDTH:0.328549
G1 X138.501 Y123.798 E6.59548
;WIDTH:0.312302
G1 X138.523 Y123.802 E6.59632
;WIDTH:0.327712
G1 X138.683 Y123.841 E6.60294
;WIDTH:0.327712
G1 X139.002 Y123.939 E6.61638
;WIDTH:0.318592
G1 X139.023 Y123.946 E6.61723
;WIDTH:0.318718
G1 X139.024 Y123.947 E6.61726
;WIDTH:0.328758
G1 X139.168 Y124.015 E6.62372
;WIDTH:0.328759
G1 X139.321 Y124.093 E6.63064
;WIDTH:0.328249
G1 X139.463 Y124.174 E6.63726
;WIDTH:0.312648
G1 X139.481 Y124.186 E6.63806
;WIDTH:0.327723
G1 X139.614 Y124.279 E6.64456
;WIDTH:0.327721
G1 X139.877 Y124.489 E6.65813
;WIDTH:0.318242
G1 X139.892 Y124.503 E6.6589
;WIDTH:0.318401
G1 X139.894 Y124.505 E6.65901
;WIDTH:0.328815
G1 X139.994 Y124.612 E6.66494
;WIDTH:0.328815
G1 X140.226 Y124.886 E6.67943
;WIDTH:0.320759
G1 X140.23 Y124.892 E6.67973
;WIDTH:0.319881
G1 X140.241 Y124.906 E6.68043
;WIDTH:0.324761
G1 X140.321 Y125.028 E6.68623
;WIDTH:0.32476
G1 X140.404 Y125.165 E6.69258
;WIDTH:0.320327
G1 X140.407 Y125.17 E6.69282
;WIDTH:0.319591
G1 X140.413 Y125.183 E6.69337
;WIDTH:0.318722
G1 X140.557 Y125.488 E6.70642
;WIDTH:0.318718
G1 X140.558 Y125.49 E6.70652
;WIDTH:0.318387
G1 X140.564 Y125.507 E6.70722
;WIDTH:0.328084
G1 X140.663 Y125.829 E6.72076
;WIDTH:0.328085
G1 X140.7 Y125.973 E6.72677
;WIDTH:0.318716
G1 X140.7 Y125.974 E6.7268
;WIDTH:0.318587
G1 X140.703 Y125.995 E6.72765
;WIDTH:0.328088
G1 X140.741 Y126.339 E6.74159
;WIDTH:0.328087
G1 X140.751 Y126.489 E6.74763
;WIDTH:0.318666
G1 X140.751 Y126.5 E6.74806
;WIDTH:0.318666
G1 X140.751 Y126.511 E6.74848
;WIDTH:0.328086
G1 X140.741 Y126.661 E6.75452
;WIDTH:0.328087
G1 X140.703 Y127.007 E6.76857
;WIDTH:0.318239
G1 X140.7 Y127.027 E6.76935
;WIDTH:0.318401
G1 X140.699 Y127.03 E6.76945
;WIDTH:0.328792
G1 X140.662 Y127.171 E6.77537
;WIDTH:0.328793
G1 X140.556 Y127.512 E6.78979
;WIDTH:0.320493
G1 X140.553 Y127.521 E6.79017
;WIDTH:0.319018
G1 X140.546 Y127.538 E6.79086
;WIDTH:0.31887
G1 X140.412 Y127.82 E6.80295
;WIDTH:0.319791
G1 X140.406 Y127.832 E6.8035
;WIDTH:0.320202
G1 X140.404 Y127.835 E6.80363
;WIDTH:0.324885
G1 X140.326 Y127.962 E6.80956
;WIDTH:0.324884
G1 X140.221 Y128.117 E6.817
;WIDTH:0.313401
G1 X140.21 Y128.132 E6.81768
;WIDTH:0.32774
G1 X140.115 Y128.25 E6.8238
;WIDTH:0.32774
G1 X139.891 Y128.497 E6.83723
;WIDTH:0.317862
G1 X139.882 Y128.507 E6.83774
;WIDTH:0.318107
G1 X139.875 Y128.513 E6.83808
;WIDTH:0.328047
G1 X139.759 Y128.609 E6.84416
;WIDTH:0.328048
G1 X139.483 Y128.816 E6.85806
;WIDTH:0.318585
G1 X139.465 Y128.828 E6.8589
;WIDTH:0.318714
G1 X139.464 Y128.829 E6.85894
;WIDTH:0.328088
G1 X139.333 Y128.901 E6.86494
;WIDTH:0.328089
G1 X139.023 Y129.053 E6.87889
;WIDTH:0.317392
G1 X139.013 Y129.058 E6.87931
;WIDTH:0.317391
G1 X139.002 Y129.061 E6.87973
;WIDTH:0.328089
G1 X138.671 Y129.163 E6.89367
;WIDTH:0.32809
G1 X138.527 Y129.2 E6.89968
;WIDTH:0.318717
G1 X138.526 Y129.2 E6.89971
;WIDTH:0.318593
G1 X138.505 Y129.203 E6.90055
;WIDTH:0.328089
G1 X138.161 Y129.241 E6.9145
;WIDTH:0.328091
G1 X138.011 Y129.251 E6.92054
;WIDTH:0.318667
G1 X138 Y129.251 E6.92096
;WIDTH:0.318666
G1 X137.989 Y129.251 E6.92139
;WIDTH:0.32809
G1 X137.839 Y129.241 E6.92743
;WIDTH:0.328089
G1 X137.495 Y129.203 E6.94137
;WIDTH:0.318544
G1 X137.474 Y129.2 E6.94221
;WIDTH:0.318561
G1 X137.474 Y129.2 E6.94222
;WIDTH:0.328107
G1 X137.319 Y129.16 E6.94864
;WIDTH:0.328109
G1 X136.998 Y129.061 E6.9622
;WIDTH:0.317409
G1 X136.988 Y129.058 E6.96261
;WIDTH:0.317409
G1 X136.978 Y129.053 E6.96304
;WIDTH:0.328087
G1 X136.667 Y128.901 E6.97698
G1 X136.535 Y128.828 E6.98303
;WIDTH:0.318664
G1 X136.527 Y128.824 E6.98341
;WIDTH:0.318559
G1 X136.517 Y128.817 E6.98388
;WIDTH:0.3281
G1 X136.388 Y128.723 E6.9903
;WIDTH:0.328102
G1 X136.125 Y128.512 E7.00386
;WIDTH:0.317403
G1 X136.117 Y128.505 E7.00427
;WIDTH:0.317403
G1 X136.11 Y128.497 E7.0047
;WIDTH:0.328084
G1 X135.877 Y128.241 E7.01864
;WIDTH:0.328086
G1 X135.782 Y128.126 E7.02465
;WIDTH:0.318715
G1 X135.781 Y128.126 E7.02468
;WIDTH:0.318588
G1 X135.769 Y128.108 E7.02553
;WIDTH:0.327716
G1 X135.594 Y127.823 E7.03897
;WIDTH:0.327717
G1 X135.518 Y127.68 E7.04549
;WIDTH:0.312462
G1 X135.509 Y127.66 E7.04629
;WIDTH:0.327715
G1 X135.448 Y127.512 E7.05275
;LAYER_CHANGE
;Z:1.85
;HEIGHT:0.4
G1 Z1.85 F7800
G1 E4.05275 F2400
G92 E0
G1 X73.216 Y127.22 F7800
G1 E3 F2400
;TYPE:External perimeter
;WIDTH:0.675
G1 F1800
G1 X73.175 Y127.361 E3.01437
G1 X72.975 Y127.753 E3.05751
G1 X72.705 Y128.101 E3.10064
G1 X72.375 Y128.392 E3.14377
G1 X71.996 Y128.616 E3.18691
G1 X71.587 Y128.764 E3.22952
G1 X71.293 Y128.82 E3.25881
G1 X70.995 Y128.839 E3.2881
G1 X70.562 Y128.798 E3.33071
G1 X70.139 Y128.675 E3.37384
G1 X69.747 Y128.475 E3.41698
G1 X69.399 Y128.205 E3.46011
G1 X69.108 Y127.875 E3.50324
G1 X68.886 Y127.501 E3.54585
G1 X68.776 Y127.223 E3.57515
G1 X68.702 Y126.933 E3.60444
G1 X68.661 Y126.5 E3.64705
G1 X68.702 Y126.062 E3.69018
G1 X68.825 Y125.639 E3.73332
G1 X69.025 Y125.247 E3.77645
G1 X69.295 Y124.899 E3.81958
G1 X69.625 Y124.608 E3.86271
G1 X70.004 Y124.384 E3.90585
G1 X70.413 Y124.236 E3.94846
G1 X70.706 Y124.18 E3.97767
G1 X70.968 Y124.163 E4.0034
G1 X71.437 Y124.202 E4.04945
G1 X71.861 Y124.325 E4.09276
G1 X72.253 Y124.525 E4.1359
G1 X72.601 Y124.795 E4.17903
G1 X72.892 Y125.125 E4.22216
G1 X73.114 Y125.5 E4.26478
G1 X73.224 Y125.777 E4.29406
G1 X73.298 Y126.067 E4.32336
G1 X73.339 Y126.5 E4.36597
G1 X73.298 Y126.938 E4.4091
G1 X73.241 Y127.134 E4.42904
G1 X73.321 Y127.322 F7800
G1 X74.001 Y127.476
G1 F1800
G1 X73.94 Y127.664 E4.44845
G1 X73.771 Y128.023 E4.48735
G1 X73.558 Y128.358 E4.52626
G1 X73.165 Y128.805 E4.58457
G1 X73.02 Y128.933 E4.60351
G1 X72.528 Y129.268 E4.66183
G1 X72.164 Y129.44 E4.70125
G1 X71.598 Y129.605 E4.75904
G1 X71.001 Y129.662 E4.81776
G1 X70.78 Y129.654 E4.83946
G1 X70.219 Y129.564 E4.89514
G1 X69.836 Y129.44 E4.93456
G1 X69.472 Y129.268 E4.97398
G1 X68.98 Y128.933 E5.0323
G1 X68.699 Y128.669 E5.07017
G1 X68.442 Y128.358 E5.10959
G1 X68.229 Y128.023 E5.1485
G1 X67.994 Y127.482 E5.20629
G1 X67.894 Y127.092 E5.24571
G1 X67.844 Y126.693 E5.28514
G1 X67.844 Y126.307 E5.32301
G1 X67.894 Y125.907 E5.36247
G1 X67.987 Y125.544 E5.39921
G1 X68.058 Y125.34 E5.4204
G1 X68.229 Y124.977 E5.4597
G1 X68.442 Y124.642 E5.49861
G1 X68.699 Y124.331 E5.53803
G1 X68.98 Y124.067 E5.5759
G1 X69.309 Y123.828 E5.61573
G1 X69.496 Y123.719 E5.63691
G1 X69.836 Y123.56 E5.67366
G1 X70.219 Y123.436 E5.71311
G1 X70.806 Y123.344 E5.77131
G1 X71.396 Y123.363 E5.82919
G1 X71.786 Y123.438 E5.86813
G1 X72.346 Y123.639 E5.92644
G1 X72.863 Y123.945 E5.98527
G1 X73.305 Y124.336 E6.04306
G1 X73.561 Y124.646 E6.08249
G1 X73.768 Y124.972 E6.12036
G1 X73.94 Y125.336 E6.15978
G1 X74.064 Y125.719 E6.19921
G1 X74.137 Y126.098 E6.23708
G1 X74.162 Y126.5 E6.2765
G1 X74.137 Y126.902 E6.31593
G1 X74.029 Y127.39 E6.36493
G1 X73.81 Y127.526 F7800
G1 X73.633 Y127.268
;TYPE:Gap fill
;WIDTH:0.32809
G1 F1200
G1 X73.561 Y127.502 E6.37479
;WIDTH:0.317392
G1 X73.558 Y127.513 E6.37521
;WIDTH:0.317393
G1 X73.553 Y127.522 E6.37563
;WIDTH:0.327716
G1 X73.406 Y127.823 E6.38908
;WIDTH:0.327718
G1 X73.326 Y127.963 E6.39559
;WIDTH:0.312458
G1 X73.314 Y127.981 E6.39639
;WIDTH:0.327711
G1 X73.221 Y128.114 E6.40291
;WIDTH:0.327712
G1 X73.012 Y128.375 E6.41635
;WIDTH:0.318586
G1 X72.998 Y128.391 E6.4172
;WIDTH:0.318714
G1 X72.997 Y128.392 E6.41723
;WIDTH:0.328829
G1 X72.88 Y128.502 E6.42373
;WIDTH:0.328833
G1 X72.759 Y128.608 E6.43023
;WIDTH:0.328835
G1 X72.624 Y128.717 E6.43725
;WIDTH:0.312465
G1 X72.606 Y128.729 E6.43805
;WIDTH:0.328833
G1 X72.461 Y128.825 E6.44507
;WIDTH:0.328833
G1 X72.333 Y128.9 E6.45109
;WIDTH:0.328833
G1 X72.18 Y128.982 E6.45811
;WIDTH:0.312462
G1 X72.16 Y128.991 E6.45891
;WIDTH:0.327717
G1 X72.011 Y129.053 E6.46542
;WIDTH:0.327718
G1 X71.704 Y129.158 E6.47847
;WIDTH:0.318394
G1 X71.686 Y129.163 E6.47917
;WIDTH:0.320206
G1 X71.672 Y129.167 E6.47973
;WIDTH:0.324888
G1 X71.526 Y129.197 E6.48566
;WIDTH:0.324887
G1 X71.351 Y129.225 E6.49271
;WIDTH:0.313753
G1 X71.337 Y129.226 E6.49325
;WIDTH:0.324889
G1 X71.161 Y129.243 E6.5003
;WIDTH:0.324889
G1 X71.003 Y129.25 E6.50659
;WIDTH:0.319917
G1 X70.997 Y129.25 E6.50679
;WIDTH:0.319375
G1 X70.979 Y129.25 E6.5075
;WIDTH:0.328129
G1 X70.814 Y129.239 E6.51415
;WIDTH:0.328129
G1 X70.495 Y129.203 E6.52709
;WIDTH:0.31867
G1 X70.474 Y129.2 E6.52793
G1 X70.474 Y129.2 F7800
;WIDTH:0.32809
G1 F1200
G1 X70.329 Y129.163 E6.53397
;WIDTH:0.328091
G1 X69.998 Y129.061 E6.54792
;WIDTH:0.317391
G1 X69.987 Y129.058 E6.54834
;WIDTH:0.317389
G1 X69.978 Y129.053 E6.54876
;WIDTH:0.328087
G1 X69.667 Y128.901 E6.5627
;WIDTH:0.328089
G1 X69.536 Y128.829 E6.56871
;WIDTH:0.318717
G1 X69.535 Y128.828 E6.56874
;WIDTH:0.318589
G1 X69.517 Y128.816 E6.56959
;WIDTH:0.328087
G1 X69.24 Y128.608 E6.58353
;WIDTH:0.328086
G1 X69.125 Y128.513 E6.58957
;WIDTH:0.318662
G1 X69.117 Y128.506 E6.58999
;WIDTH:0.318662
G1 X69.109 Y128.498 E6.59042
;WIDTH:0.328082
G1 X69.006 Y128.388 E6.59646
;WIDTH:0.328083
G1 X68.782 Y128.125 E6.6104
;WIDTH:0.317383
G1 X68.775 Y128.117 E6.61082
;WIDTH:0.317381
G1 X68.769 Y128.108 E6.61124
;WIDTH:0.327712
G1 X68.594 Y127.823 E6.62469
;WIDTH:0.327712
G1 X68.523 Y127.688 E6.6308
;WIDTH:0.313406
G1 X68.515 Y127.672 E6.63147
;WIDTH:0.324886
G1 X68.441 Y127.501 E6.63891
;WIDTH:0.324885
G1 X68.388 Y127.361 E6.64484
;WIDTH:0.320195
G1 X68.387 Y127.357 E6.64501
;WIDTH:0.319639
G1 X68.383 Y127.343 E6.64558
;WIDTH:0.31872
G1 X68.299 Y127.015 E6.65868
;WIDTH:0.31872
G1 X68.298 Y127.013 E6.65878
;WIDTH:0.318385
G1 X68.296 Y126.995 E6.65948
;WIDTH:0.328087
G1 X68.259 Y126.661 E6.67302
;WIDTH:0.328087
G1 X68.249 Y126.511 E6.67906
;WIDTH:0.318665
G1 X68.249 Y126.5 E6.67949
;WIDTH:0.318666
G1 X68.249 Y126.489 E6.67991
;WIDTH:0.328087
G1 X68.259 Y126.339 E6.68595
;WIDTH:0.328087
G1 X68.297 Y125.995 E6.6999
;WIDTH:0.317436
G1 X68.298 Y125.984 E6.70035
;WIDTH:0.317438
G1 X68.301 Y125.974 E6.70074
;WIDTH:0.328124
G1 X68.385 Y125.664 E6.71367
;WIDTH:0.328125
G1 X68.438 Y125.498 E6.72072
;WIDTH:0.3184
G1 X68.439 Y125.496 E6.7208
;WIDTH:0.31831
G1 X68.447 Y125.477 E6.72157
;WIDTH:0.327715
G1 X68.594 Y125.177 E6.73501
;WIDTH:0.327714
G1 X68.674 Y125.037 E6.74153
;WIDTH:0.312464
G1 X68.686 Y125.019 E6.74233
;WIDTH:0.327716
G1 X68.779 Y124.886 E6.74884
;WIDTH:0.327718
G1 X68.988 Y124.625 E6.76229
;WIDTH:0.31859
G1 X69.002 Y124.609 E6.76313
;WIDTH:0.318722
G1 X69.003 Y124.608 E6.76316
;WIDTH:0.328831
G1 X69.12 Y124.498 E6.76967
;WIDTH:0.328833
G1 X69.241 Y124.392 E6.77616
;WIDTH:0.328835
G1 X69.376 Y124.283 E6.78318
;WIDTH:0.312464
G1 X69.394 Y124.271 E6.78399
;WIDTH:0.328574
G1 X69.536 Y124.177 E6.79089
;WIDTH:0.328573
G1 X69.689 Y124.088 E6.79802
;WIDTH:0.327299
G1 X69.82 Y124.018 E6.80399
;WIDTH:0.312965
G1 X69.84 Y124.009 E6.8048
;WIDTH:0.327742
G1 X69.989 Y123.948 E6.81127
;WIDTH:0.327743
G1 X70.296 Y123.842 E6.82435
;WIDTH:0.318392
G1 X70.314 Y123.837 E6.82506
;WIDTH:0.320203
G1 X70.327 Y123.833 E6.82562
;WIDTH:0.324886
G1 X70.474 Y123.803 E6.83155
;WIDTH:0.324885
G1 X70.647 Y123.776 E6.83853
;WIDTH:0.31385
G1 X70.661 Y123.774 E6.83905
;WIDTH:0.324032
G1 X70.837 Y123.757 E6.84605
;WIDTH:0.324033
G1 X70.963 Y123.751 E6.85105
;WIDTH:0.319091
G1 X70.98 Y123.751 E6.85173
;WIDTH:0.322649
G1 X71.013 Y123.752 E6.85303
;WIDTH:0.328831
G1 X71.343 Y123.777 E6.86641
;WIDTH:0.328832
G1 X71.5 Y123.798 E6.8728
;WIDTH:0.312261
G1 X71.522 Y123.802 E6.87365
;WIDTH:0.327711
G1 X71.683 Y123.841 E6.88029
;WIDTH:0.327712
G1 X72.002 Y123.939 E6.89374
;WIDTH:0.318589
G1 X72.023 Y123.946 E6.89458
;WIDTH:0.318716
G1 X72.024 Y123.947 E6.89461
;WIDTH:0.328827
G1 X72.169 Y124.015 E6.90112
;WIDTH:0.328831
G1 X72.312 Y124.088 E6.90761
;WIDTH:0.328829
G1 X72.463 Y124.174 E6.91463
;WIDTH:0.312461
G1 X72.481 Y124.186 E6.91544
;WIDTH:0.32883
G1 X72.623 Y124.286 E6.92246
;WIDTH:0.328833
G1 X72.741 Y124.377 E6.92847
;WIDTH:0.328833
G1 X72.873 Y124.49 E6.93549
;WIDTH:0.312463
G1 X72.889 Y124.504 E6.9363
;WIDTH:0.327716
G1 X73.001 Y124.621 E6.94281
;WIDTH:0.327716
G1 X73.218 Y124.875 E6.95625
;WIDTH:0.318592
G1 X73.232 Y124.892 E6.9571
;WIDTH:0.318715
G1 X73.232 Y124.893 E6.95713
;WIDTH:0.328829
G1 X73.319 Y125.029 E6.96364
;WIDTH:0.328834
G1 X73.4 Y125.167 E6.97013
;WIDTH:0.328836
G1 X73.477 Y125.312 E6.97675
;WIDTH:0.313407
G1 X73.485 Y125.328 E6.97742
;WIDTH:0.324144
G1 X73.554 Y125.489 E6.98437
;WIDTH:0.324143
G1 X73.61 Y125.644 E6.99093
;WIDTH:0.313754
G1 X73.615 Y125.658 E6.99147
;WIDTH:0.324891
G1 X73.664 Y125.828 E6.99852
;WIDTH:0.32489
G1 X73.702 Y125.985 E7.00491
;WIDTH:0.31983
G1 X73.702 Y125.987 E7.00502
;WIDTH:0.319582
G1 X73.705 Y126.005 E7.00573
;WIDTH:0.328088
G1 X73.723 Y126.144 E7.01137
;WIDTH:0.328086
G1 X73.75 Y126.489 E7.02531
;WIDTH:0.317385
G1 X73.751 Y126.5 E7.02573
;WIDTH:0.317383
G1 X73.75 Y126.511 E7.02615
;WIDTH:0.328088
G1 X73.723 Y126.856 E7.04009
;WIDTH:0.328086
G1 X73.704 Y127.005 E7.04613
;WIDTH:0.318664
G1 X73.702 Y127.016 E7.04656
;WIDTH:0.318665
G1 X73.7 Y127.026 E7.04698
;WIDTH:0.328092
G1 X73.663 Y127.171 E7.05302
;WIDTH:0.32809
G1 X73.659 Y127.182 E7.05347
G1 E4.05347 F2400
G92 E0
G1 X71.294 Y85.82 F7800
G1 E3 F2400
;TYPE:External perimeter
;WIDTH:0.675
G1 F1800
G1 X70.995 Y85.839 E3.02937
G1 X70.562 Y85.798 E3.07198
G1 X70.139 Y85.675 E3.11511
G1 X69.751 Y85.477 E3.15772
G1 X69.51 Y85.302 E3.18701
G1 X69.292 Y85.097 E3.2163
G1 X69.025 Y84.753 E3.25891
G1 X68.825 Y84.361 E3.30205
G1 X68.702 Y83.938 E3.34518
G1 X68.661 Y83.5 E3.38832
G1 X68.702 Y83.062 E3.43145
G1 X68.825 Y82.639 E3.47458
G1 X69.025 Y82.247 E3.51772
G1 X69.295 Y81.899 E3.56085
G1 X69.625 Y81.608 E3.60398
G1 X70.004 Y81.384 E3.64712
G1 X70.413 Y81.236 E3.68973
G1 X70.706 Y81.18 E3.71894
G1 X70.968 Y81.163 E3.74467
G1 X71.437 Y81.202 E3.79072
G1 X71.861 Y81.325 E3.83403
G1 X72.253 Y81.525 E3.87717
G1 X72.601 Y81.795 E3.9203
G1 X72.892 Y82.125 E3.96343
G1 X73.114 Y82.499 E4.00604
G1 X73.224 Y82.777 E4.03533
G1 X73.298 Y83.067 E4.06463
G1 X73.339 Y83.5 E4.10724
G1 X73.298 Y83.938 E4.15037
G1 X73.175 Y84.361 E4.1935
G1 X72.975 Y84.753 E4.23664
G1 X72.705 Y85.101 E4.27977
G1 X72.375 Y85.392 E4.3229
G1 X71.996 Y85.616 E4.36604
G1 X71.587 Y85.764 E4.40865
G1 X71.382 Y85.803 E4.42904
G1 X71.181 Y86.097 F7800
G1 X71.001 Y86.662
G1 F1800
G1 X70.403 Y86.605 E4.48796
G1 X69.836 Y86.44 E4.54579
G1 X69.477 Y86.271 E4.58469
G1 X69.137 Y86.055 E4.62412
G1 X68.695 Y85.664 E4.68191
G1 X68.33 Y85.194 E4.74022
G1 X68.058 Y84.659 E4.79905
G1 X67.894 Y84.092 E4.85685
G1 X67.838 Y83.5 E4.91516
G1 X67.894 Y82.908 E4.97347
G1 X68.058 Y82.341 E5.03126
G1 X68.229 Y81.977 E5.07069
G1 X68.442 Y81.642 E5.10959
G1 X68.699 Y81.331 E5.14902
G1 X68.98 Y81.067 E5.18689
G1 X69.309 Y80.828 E5.22671
G1 X69.496 Y80.719 E5.2479
G1 X69.836 Y80.56 E5.28464
G1 X70.219 Y80.436 E5.3241
G1 X70.806 Y80.344 E5.3823
G1 X71.396 Y80.363 E5.44017
G1 X71.786 Y80.438 E5.47911
G1 X72.169 Y80.562 E5.51853
G1 X72.519 Y80.726 E5.55641
G1 X72.863 Y80.945 E5.59635
G1 X73.305 Y81.336 E5.65415
G1 X73.67 Y81.806 E5.71246
G1 X73.94 Y82.336 E5.77077
G1 X74.106 Y82.907 E5.82908
G1 X74.162 Y83.5 E5.88739
G1 X74.106 Y84.093 E5.94571
G1 X73.94 Y84.664 E6.00402
G1 X73.67 Y85.194 E6.06233
G1 X73.305 Y85.664 E6.12064
G1 X73.015 Y85.936 E6.15954
G1 X72.69 Y86.173 E6.19897
G1 X72.164 Y86.44 E6.25676
G1 X71.598 Y86.605 E6.31455
G1 X71.091 Y86.659 E6.36447
G1 X70.701 Y86.143 F7800
G1 X71.072 Y86.247
;TYPE:Gap fill
;WIDTH:0.324887
G1 F1200
G1 X71.003 Y86.25 E6.36722
;WIDTH:0.319917
G1 X70.997 Y86.25 E6.36743
;WIDTH:0.319375
G1 X70.979 Y86.25 E6.36814
;WIDTH:0.328129
G1 X70.814 Y86.239 E6.37478
;WIDTH:0.328129
G1 X70.495 Y86.203 E6.38772
;WIDTH:0.31867
G1 X70.474 Y86.2 E6.38857
G1 X70.474 Y86.2 F7800
;WIDTH:0.32809
G1 F1200
G1 X70.329 Y86.163 E6.39461
;WIDTH:0.328089
G1 X69.998 Y86.061 E6.40855
;WIDTH:0.317385
G1 X69.987 Y86.058 E6.40897
;WIDTH:0.317385
G1 X69.978 Y86.053 E6.40939
;WIDTH:0.327713
G1 X69.677 Y85.906 E6.42283
;WIDTH:0.327713
G1 X69.545 Y85.831 E6.42894
;WIDTH:0.313402
G1 X69.53 Y85.821 E6.42962
;WIDTH:0.324885
G1 X69.375 Y85.716 E6.43706
;WIDTH:0.324884
G1 X69.256 Y85.626 E6.44299
;WIDTH:0.3202
G1 X69.253 Y85.624 E6.44316
;WIDTH:0.319645
G1 X69.242 Y85.614 E6.44373
;WIDTH:0.318724
G1 X68.995 Y85.383 E6.45682
;WIDTH:0.31872
G1 X68.994 Y85.381 E6.45693
;WIDTH:0.318388
G1 X68.982 Y85.367 E6.45763
;WIDTH:0.328089
G1 X68.771 Y85.105 E6.47117
;WIDTH:0.328086
G1 X68.683 Y84.983 E6.47721
;WIDTH:0.31867
G1 X68.677 Y84.974 E6.47764
;WIDTH:0.31867
G1 X68.672 Y84.965 E6.47806
;WIDTH:0.328091
G1 X68.599 Y84.833 E6.4841
;WIDTH:0.328091
G1 X68.447 Y84.522 E6.49805
;WIDTH:0.318593
G1 X68.438 Y84.502 E6.49889
;WIDTH:0.318721
G1 X68.438 Y84.502 E6.49892
;WIDTH:0.328085
G1 X68.392 Y84.36 E6.50493
;WIDTH:0.328086
G1 X68.301 Y84.026 E6.51887
;WIDTH:0.317381
G1 X68.298 Y84.015 E6.51929
;WIDTH:0.317381
G1 X68.297 Y84.005 E6.51971
;WIDTH:0.328087
G1 X68.259 Y83.661 E6.53366
;WIDTH:0.328087
G1 X68.249 Y83.511 E6.5397
;WIDTH:0.318665
G1 X68.249 Y83.5 E6.54012
;WIDTH:0.318666
G1 X68.249 Y83.489 E6.54055
;WIDTH:0.328087
G1 X68.259 Y83.339 E6.54659
;WIDTH:0.328087
G1 X68.297 Y82.995 E6.56053
;WIDTH:0.31738
G1 X68.298 Y82.985 E6.56095
;WIDTH:0.317381
G1 X68.301 Y82.974 E6.56137
;WIDTH:0.328085
G1 X68.392 Y82.64 E6.57531
;WIDTH:0.328084
G1 X68.438 Y82.498 E6.58132
;WIDTH:0.318718
G1 X68.438 Y82.498 E6.58135
;WIDTH:0.318593
G1 X68.447 Y82.478 E6.5822
;WIDTH:0.32772
G1 X68.594 Y82.177 E6.59564
;WIDTH:0.327718
G1 X68.674 Y82.037 E6.60216
;WIDTH:0.312466
G1 X68.686 Y82.019 E6.60296
;WIDTH:0.327717
G1 X68.779 Y81.886 E6.60947
;WIDTH:0.327718
G1 X68.988 Y81.625 E6.62292
;WIDTH:0.318589
G1 X69.002 Y81.609 E6.62376
;WIDTH:0.318721
G1 X69.003 Y81.608 E6.62379
;WIDTH:0.328831
G1 X69.12 Y81.498 E6.6303
;WIDTH:0.328833
G1 X69.241 Y81.392 E6.63679
;WIDTH:0.328835
G1 X69.376 Y81.283 E6.64381
;WIDTH:0.312465
G1 X69.394 Y81.271 E6.64462
;WIDTH:0.328574
G1 X69.536 Y81.177 E6.65152
;WIDTH:0.328574
G1 X69.689 Y81.088 E6.65865
;WIDTH:0.327299
G1 X69.82 Y81.018 E6.66462
;WIDTH:0.312965
G1 X69.84 Y81.009 E6.66543
;WIDTH:0.327742
G1 X69.989 Y80.948 E6.67191
;WIDTH:0.327743
G1 X70.296 Y80.842 E6.68498
;WIDTH:0.318392
G1 X70.314 Y80.837 E6.68569
;WIDTH:0.3202
G1 X70.327 Y80.833 E6.68625
;WIDTH:0.324885
G1 X70.474 Y80.803 E6.69218
;WIDTH:0.324885
G1 X70.647 Y80.776 E6.69916
;WIDTH:0.31385
G1 X70.661 Y80.774 E6.69968
;WIDTH:0.324033
G1 X70.837 Y80.757 E6.70668
;WIDTH:0.324033
G1 X70.963 Y80.751 E6.71168
;WIDTH:0.319091
G1 X70.98 Y80.751 E6.71236
;WIDTH:0.322649
G1 X71.013 Y80.752 E6.71366
;WIDTH:0.328833
G1 X71.343 Y80.777 E6.72704
;WIDTH:0.328834
G1 X71.5 Y80.798 E6.73343
;WIDTH:0.312263
G1 X71.522 Y80.802 E6.73428
;WIDTH:0.327714
G1 X71.683 Y80.841 E6.74092
;WIDTH:0.327712
G1 X72.002 Y80.939 E6.75437
;WIDTH:0.318591
G1 X72.023 Y80.946 E6.75521
;WIDTH:0.318719
G1 X72.024 Y80.947 E6.75525
;WIDTH:0.328828
G1 X72.169 Y81.015 E6.76175
;WIDTH:0.328828
G1 X72.312 Y81.088 E6.76824
;WIDTH:0.328831
G1 X72.463 Y81.174 E6.77526
;WIDTH:0.312461
G1 X72.481 Y81.186 E6.77607
;WIDTH:0.328829
G1 X72.623 Y81.286 E6.78309
;WIDTH:0.328832
G1 X72.741 Y81.377 E6.7891
;WIDTH:0.328833
G1 X72.873 Y81.49 E6.79612
;WIDTH:0.312463
G1 X72.889 Y81.504 E6.79693
;WIDTH:0.327716
G1 X73.001 Y81.621 E6.80344
;WIDTH:0.327716
G1 X73.218 Y81.875 E6.81688
;WIDTH:0.318592
G1 X73.232 Y81.892 E6.81773
;WIDTH:0.318716
G1 X73.232 Y81.893 E6.81776
;WIDTH:0.32883
G1 X73.319 Y82.029 E6.82427
;WIDTH:0.328836
G1 X73.4 Y82.167 E6.83076
;WIDTH:0.328836
G1 X73.477 Y82.312 E6.83738
;WIDTH:0.31341
G1 X73.485 Y82.328 E6.83805
;WIDTH:0.324145
G1 X73.554 Y82.489 E6.845
;WIDTH:0.324146
G1 X73.61 Y82.644 E6.85156
;WIDTH:0.313753
G1 X73.615 Y82.658 E6.8521
;WIDTH:0.32489
G1 X73.664 Y82.828 E6.85915
;WIDTH:0.324888
G1 X73.702 Y82.985 E6.86554
;WIDTH:0.31983
G1 X73.702 Y82.987 E6.86565
;WIDTH:0.319582
G1 X73.705 Y83.005 E6.86636
;WIDTH:0.328087
G1 X73.723 Y83.144 E6.872
;WIDTH:0.328088
G1 X73.75 Y83.489 E6.88594
;WIDTH:0.317385
G1 X73.751 Y83.5 E6.88636
;WIDTH:0.317383
G1 X73.75 Y83.511 E6.88678
;WIDTH:0.328088
G1 X73.723 Y83.856 E6.90072
;WIDTH:0.328086
G1 X73.704 Y84.005 E6.90676
;WIDTH:0.318664
G1 X73.702 Y84.016 E6.90719
;WIDTH:0.318664
G1 X73.7 Y84.026 E6.90761
;WIDTH:0.328091
G1 X73.663 Y84.171 E6.91365
;WIDTH:0.32809
G1 X73.561 Y84.502 E6.9276
;WIDTH:0.317391
G1 X73.558 Y84.513 E6.92802
;WIDTH:0.317391
G1 X73.553 Y84.522 E6.92844
;WIDTH:0.328089
G1 X73.401 Y84.833 E6.94238
;WIDTH:0.32809
G1 X73.328 Y84.965 E6.94842
;WIDTH:0.318662
G1 X73.323 Y84.974 E6.94884
;WIDTH:0.31866
G1 X73.317 Y84.983 E6.94927
;WIDTH:0.328083
G1 X73.229 Y85.105 E6.95531
;WIDTH:0.328082
G1 X73.012 Y85.375 E6.96925
;WIDTH:0.317384
G1 X73.005 Y85.383 E6.96967
;WIDTH:0.317385
G1 X72.997 Y85.39 E6.97009
;WIDTH:0.327717
G1 X72.75 Y85.615 E6.98354
;WIDTH:0.327718
G1 X72.624 Y85.717 E6.99005
;WIDTH:0.312463
G1 X72.606 Y85.729 E6.99085
;WIDTH:0.328829
G1 X72.461 Y85.825 E6.99787
;WIDTH:0.328831
G1 X72.333 Y85.9 E7.00389
;WIDTH:0.32883
G1 X72.18 Y85.982 E7.01091
;WIDTH:0.312459
G1 X72.16 Y85.991 E7.01171
;WIDTH:0.327713
G1 X72.011 Y86.053 E7.01822
;WIDTH:0.327714
G1 X71.704 Y86.158 E7.03127
;WIDTH:0.31839
G1 X71.686 Y86.163 E7.03197
;WIDTH:0.320202
G1 X71.673 Y86.167 E7.03253
;WIDTH:0.324885
G1 X71.526 Y86.197 E7.03846
;WIDTH:0.324884
G1 X71.351 Y86.225 E7.04551
;WIDTH:0.31375
G1 X71.337 Y86.226 E7.04605
;WIDTH:0.324886
G1 X71.162 Y86.243 E7.05306
G1 E4.05306 F2400
G92 E0
G1 X65.427 Y78.073 F7800
G1 E3 F2400
;TYPE:Perimeter
;WIDTH:0.675
G1 F1800
G1 X65.427 Y76.927 E3.11235
G1 X77.573 Y76.927 E4.30245
G1 X77.573 Y78.073 E4.4148
G1 X65.517 Y78.073 E5.59609
G1 X65.517 Y131.927 F7800
G1 F4800
G1 X143.427 Y131.927 E13.22952
G1 X143.427 Y78.073 E18.50594
G1 X135.427 Y78.073 E19.28976
G1 X135.427 Y76.927 E19.40211
G1 X144.573 Y76.927 E20.29828
G1 X144.573 Y133.073 E25.79939
G1 X65.427 Y133.073 E33.554
G1 X65.427 Y131.927 E33.66634
G1 X66.162 Y78.662 F7800
;TYPE:External perimeter
G1 F2400
G1 X66.162 Y131.338 E38.82731
G1 X142.838 Y131.338 E46.33975
G1 X142.838 Y78.662 E51.50072
G1 X134.838 Y78.662 E52.28454
G1 X134.838 Y76.337 E52.51233
G1 X145.163 Y76.337 E53.52395
G1 X145.163 Y133.663 E59.14052
G1 X64.837 Y133.663 E67.01057
G1 X64.837 Y76.337 E72.62713
G1 X78.162 Y76.337 E73.93268
G1 X78.162 Y78.662 E74.16048
G1 X66.252 Y78.662 E75.3274
G1 X65.564 Y78.701 F7800
G1 X65.5 Y78.368
;TYPE:Gap fill
;WIDTH:0.821683
G1 F1200
G1 X65.5 Y131.632 E81.84538
G1 X65.721 Y132.5 F7800
;WIDTH:0.643365
G1 F1200
G1 X143.721 Y132.5 E89.07728
;WIDTH:0.691191
G1 X143.837 Y132.476 E89.08915
;WIDTH:0.691193
G1 X143.952 Y132.452 E89.10102
G1 X144 Y132.221 E89.12476
;WIDTH:0.643365
G1 X144 Y77.779 E94.17249
;WIDTH:0.691191
G1 X143.976 Y77.663 E94.18436
;WIDTH:0.691193
G1 X143.952 Y77.548 E94.19623
G1 X143.721 Y77.5 E94.21997
;WIDTH:0.643363
G1 X135.721 Y77.5 E94.9617
G1 E91.9617 F2400
G92 E0
G1 X77.279 Y77.5 F7800
G1 E3 F2400
;WIDTH:0.643365
G1 F1200
G1 X65.721 Y77.5 E4.07157
G1 E1.07157 F2400
G92 E0
G1 X97.427 Y78.073 F7800
G1 E3 F2400
;TYPE:Perimeter
;WIDTH:0.675
G1 F1800
G1 X97.427 Y76.927 E3.11235
G1 X99.573 Y76.927 E3.32268
G1 X99.573 Y78.073 E3.43502
G1 X97.517 Y78.073 E3.63653
G1 X96.837 Y78.662 F7800
;TYPE:External perimeter
G1 F1800
G1 X96.837 Y76.337 E3.86433
G1 X100.162 Y76.337 E4.19011
G1 X100.162 Y78.662 E4.4179
G1 X96.927 Y78.662 E4.73486
G1 X97.026 Y78.093 F7800
G1 X97.721 Y77.5
;TYPE:Gap fill
;WIDTH:0.643365
G1 F1200
G1 X99.279 Y77.5 E4.87927
G1 E1.87927 F2400
G92 E0
G1 X135.68 Y83.793 F7800
G1 E3 F2400
;TYPE:External perimeter
;WIDTH:0.675
G1 F1800
G1 X135.661 Y83.495 E3.02929
G1 X135.702 Y83.062 E3.0719
G1 X135.825 Y82.639 E3.11503
G1 X136.025 Y82.247 E3.15817
G1 X136.295 Y81.899 E3.2013
G1 X136.625 Y81.608 E3.24444
G1 X137.004 Y81.384 E3.28757
G1 X137.413 Y81.236 E3.33018
G1 X137.706 Y81.18 E3.35939
G1 X137.968 Y81.163 E3.38512
G1 X138.437 Y81.202 E3.43118
G1 X138.861 Y81.325 E3.47448
G1 X139.253 Y81.525 E3.51762
G1 X139.601 Y81.795 E3.56075
G1 X139.889 Y82.121 E3.60336
G1 X140.049 Y82.374 E3.63265
G1 X140.176 Y82.644 E3.66195
G1 X140.298 Y83.062 E3.70456
G1 X140.339 Y83.5 E3.74769
G1 X140.298 Y83.938 E3.79082
G1 X140.175 Y84.361 E3.83396
G1 X139.975 Y84.753 E3.87709
G1 X139.708 Y85.097 E3.9197
G1 X139.491 Y85.301 E3.94891
G1 X139.279 Y85.456 E3.97464
G1 X138.863 Y85.674 E4.0207
G1 X138.438 Y85.798 E4.064
G1 X138 Y85.839 E4.10714
G1 X137.562 Y85.798 E4.15027
G1 X137.139 Y85.675 E4.19341
G1 X136.747 Y85.475 E4.23654
G1 X136.399 Y85.205 E4.27967
G1 X136.108 Y84.875 E4.32281
G1 X135.884 Y84.496 E4.36594
G1 X135.736 Y84.087 E4.40855
G1 X135.697 Y83.881 E4.42902
G1 X135.404 Y83.68 F7800
G1 X134.839 Y83.528
G1 F1800
G1 X134.844 Y83.307 E4.45074
G1 X134.895 Y82.902 E4.49068
G1 X135.06 Y82.336 E4.54848
G1 X135.229 Y81.977 E4.58738
G1 X135.442 Y81.641 E4.62632
G1 X135.832 Y81.198 E4.6842
G1 X136.306 Y80.83 E4.74291
G1 X136.836 Y80.56 E4.80122
G1 X137.402 Y80.395 E4.85901
G1 X137.806 Y80.344 E4.89884
G1 X138.022 Y80.339 E4.92002
G1 X138.396 Y80.363 E4.95677
G1 X138.786 Y80.438 E4.99571
G1 X139.345 Y80.638 E5.0539
G1 X139.858 Y80.942 E5.1123
G1 X140.302 Y81.332 E5.17016
G1 X140.671 Y81.807 E5.22908
G1 X140.94 Y82.336 E5.28727
G1 X141.105 Y82.903 E5.3451
G1 X141.162 Y83.501 E5.40401
G1 X141.105 Y84.098 E5.46273
G1 X140.94 Y84.664 E5.52056
G1 X140.669 Y85.195 E5.57895
G1 X140.561 Y85.354 E5.59778
G1 X140.169 Y85.801 E5.65609
G1 X139.858 Y86.058 E5.69551
G1 X139.523 Y86.271 E5.73442
G1 X139.164 Y86.44 E5.77332
G1 X138.598 Y86.605 E5.83111
G1 X138.001 Y86.662 E5.88983
G1 X137.403 Y86.605 E5.94874
G1 X136.836 Y86.44 E6.00657
G1 X136.31 Y86.173 E6.06436
G1 X135.835 Y85.805 E6.1232
G1 X135.442 Y85.358 E6.18151
G1 X135.229 Y85.023 E6.22045
G1 X135.069 Y84.684 E6.25719
G1 X134.994 Y84.481 E6.27838
G1 X134.894 Y84.092 E6.31768
G1 X134.841 Y83.618 E6.36443
G1 X135.026 Y83.41 F7800
G1 X135.254 Y83.599
;TYPE:Gap fill
;WIDTH:0.324887
G1 F1200
G1 X135.249 Y83.5 E6.36836
;WIDTH:0.319831
G1 X135.249 Y83.497 E6.36847
;WIDTH:0.319582
G1 X135.25 Y83.479 E6.36918
;WIDTH:0.328087
G1 X135.259 Y83.339 E6.37482
;WIDTH:0.328087
G1 X135.297 Y82.995 E6.38876
;WIDTH:0.31859
G1 X135.3 Y82.974 E6.3896
;WIDTH:0.318719
G1 X135.3 Y82.973 E6.38964
;WIDTH:0.32809
G1 X135.337 Y82.829 E6.39564
;WIDTH:0.328088
G1 X135.439 Y82.498 E6.40959
;WIDTH:0.317386
G1 X135.442 Y82.487 E6.41001
;WIDTH:0.317387
G1 X135.447 Y82.478 E6.41043
;WIDTH:0.327715
G1 X135.594 Y82.177 E6.42387
;WIDTH:0.327714
G1 X135.674 Y82.037 E6.43038
;WIDTH:0.312461
G1 X135.686 Y82.019 E6.43119
;WIDTH:0.327791
G1 X135.779 Y81.886 E6.43774
;WIDTH:0.327793
G1 X135.986 Y81.627 E6.45106
;WIDTH:0.318114
G1 X135.988 Y81.625 E6.45115
;WIDTH:0.317833
G1 X136.003 Y81.609 E6.45199
;WIDTH:0.328001
G1 X136.114 Y81.505 E6.45814
;WIDTH:0.328002
G1 X136.375 Y81.282 E6.47197
;WIDTH:0.318589
G1 X136.392 Y81.268 E6.47281
;WIDTH:0.31872
G1 X136.393 Y81.268 E6.47284
;WIDTH:0.328828
G1 X136.529 Y81.181 E6.47935
;WIDTH:0.328832
G1 X136.667 Y81.1 E6.48584
;WIDTH:0.328831
G1 X136.82 Y81.018 E6.49286
;WIDTH:0.312463
G1 X136.84 Y81.009 E6.49366
;WIDTH:0.327716
G1 X136.989 Y80.947 E6.50018
;WIDTH:0.327716
G1 X137.296 Y80.842 E6.51322
;WIDTH:0.31839
G1 X137.314 Y80.837 E6.51392
;WIDTH:0.320202
G1 X137.328 Y80.833 E6.51449
;WIDTH:0.324886
G1 X137.474 Y80.803 E6.52041
;WIDTH:0.324885
G1 X137.647 Y80.776 E6.5274
;WIDTH:0.313851
G1 X137.661 Y80.774 E6.52792
;WIDTH:0.324032
G1 X137.837 Y80.757 E6.53492
;WIDTH:0.324033
G1 X137.963 Y80.751 E6.53992
;WIDTH:0.319091
G1 X137.98 Y80.751 E6.5406
;WIDTH:0.32265
G1 X138.013 Y80.752 E6.5419
;WIDTH:0.328836
G1 X138.343 Y80.777 E6.55527
;WIDTH:0.328834
G1 X138.5 Y80.798 E6.56167
;WIDTH:0.312262
G1 X138.522 Y80.802 E6.56251
;WIDTH:0.327713
G1 X138.683 Y80.841 E6.56916
;WIDTH:0.327714
G1 X139.002 Y80.939 E6.58261
;WIDTH:0.318588
G1 X139.023 Y80.946 E6.58345
;WIDTH:0.318717
G1 X139.024 Y80.947 E6.58348
;WIDTH:0.328657
G1 X139.167 Y81.014 E6.58987
;WIDTH:0.328655
G1 X139.334 Y81.1 E6.59748
;WIDTH:0.327295
G1 X139.463 Y81.174 E6.60345
;WIDTH:0.312963
G1 X139.481 Y81.186 E6.60426
;WIDTH:0.327738
G1 X139.613 Y81.278 E6.61074
;WIDTH:0.327739
G1 X139.875 Y81.488 E6.62422
;WIDTH:0.318585
G1 X139.891 Y81.502 E6.62506
;WIDTH:0.318718
G1 X139.892 Y81.503 E6.6251
;WIDTH:0.328136
G1 X139.994 Y81.612 E6.63114
;WIDTH:0.328136
G1 X140.212 Y81.867 E6.64465
;WIDTH:0.318362
G1 X140.217 Y81.873 E6.64494
;WIDTH:0.318363
G1 X140.223 Y81.881 E6.64535
;WIDTH:0.32517
G1 X140.322 Y82.03 E6.65244
;WIDTH:0.32517
G1 X140.404 Y82.165 E6.65874
;WIDTH:0.3202
G1 X140.406 Y82.169 E6.65891
;WIDTH:0.319643
G1 X140.413 Y82.182 E6.65948
;WIDTH:0.318722
G1 X140.557 Y82.488 E6.67257
;WIDTH:0.318723
G1 X140.558 Y82.49 E6.67268
;WIDTH:0.318386
G1 X140.564 Y82.507 E6.67338
;WIDTH:0.328084
G1 X140.663 Y82.829 E6.68692
;WIDTH:0.328085
G1 X140.7 Y82.974 E6.69296
G1 X140.7 Y82.974 F7800
;WIDTH:0.318665
G1 F1200
G1 X140.703 Y82.995 E6.69381
;WIDTH:0.328128
G1 X140.739 Y83.314 E6.70674
;WIDTH:0.328127
G1 X140.751 Y83.489 E6.71379
;WIDTH:0.31844
G1 X140.751 Y83.503 E6.71432
;WIDTH:0.318666
G1 X140.751 Y83.511 E6.71464
;WIDTH:0.328087
G1 X140.741 Y83.661 E6.72068
;WIDTH:0.328087
G1 X140.703 Y84.005 E6.73462
;WIDTH:0.318586
G1 X140.7 Y84.026 E6.73547
;WIDTH:0.318716
G1 X140.7 Y84.027 E6.7355
;WIDTH:0.328084
G1 X140.663 Y84.171 E6.74151
;WIDTH:0.328085
G1 X140.561 Y84.502 E6.75545
;WIDTH:0.317438
G1 X140.557 Y84.513 E6.7559
;WIDTH:0.317438
G1 X140.553 Y84.523 E6.75629
;WIDTH:0.328124
G1 X140.412 Y84.811 E6.76923
;WIDTH:0.328124
G1 X140.328 Y84.965 E6.77628
;WIDTH:0.318437
G1 X140.321 Y84.976 E6.77681
;WIDTH:0.318664
G1 X140.317 Y84.983 E6.77713
;WIDTH:0.328085
G1 X140.229 Y85.105 E6.78317
;WIDTH:0.328085
G1 X140.018 Y85.367 E6.79671
;WIDTH:0.318386
G1 X140.006 Y85.381 E6.79741
;WIDTH:0.320201
G1 X139.997 Y85.391 E6.79798
;WIDTH:0.324885
G1 X139.89 Y85.495 E6.8039
;WIDTH:0.324884
G1 X139.758 Y85.611 E6.81089
;WIDTH:0.313848
G1 X139.747 Y85.62 E6.81141
;WIDTH:0.323503
G1 X139.615 Y85.723 E6.81803
;WIDTH:0.323505
G1 X139.503 Y85.799 E6.82338
;WIDTH:0.314463
G1 X139.489 Y85.808 E6.82404
;WIDTH:0.330566
G1 X139.322 Y85.905 E6.83187
;WIDTH:0.330565
G1 X139.027 Y86.051 E6.84529
;WIDTH:0.317117
G1 X139.013 Y86.058 E6.84588
;WIDTH:0.317119
G1 X139.005 Y86.06 E6.84617
;WIDTH:0.32809
G1 X138.671 Y86.163 E6.86025
;WIDTH:0.32809
G1 X138.527 Y86.2 E6.86626
;WIDTH:0.318719
G1 X138.526 Y86.2 E6.86629
;WIDTH:0.318592
G1 X138.505 Y86.203 E6.86713
;WIDTH:0.328087
G1 X138.161 Y86.241 E6.88108
;WIDTH:0.328089
G1 X138.011 Y86.251 E6.88712
;WIDTH:0.318667
G1 X138.003 Y86.251 E6.88744
;WIDTH:0.318442
G1 X137.989 Y86.251 E6.88797
;WIDTH:0.32813
G1 X137.814 Y86.239 E6.89502
;WIDTH:0.328129
G1 X137.495 Y86.203 E6.90795
;WIDTH:0.318667
G1 X137.474 Y86.2 E6.9088
G1 X137.474 Y86.2 F7800
;WIDTH:0.328089
G1 F1200
G1 X137.329 Y86.163 E6.91484
;WIDTH:0.328091
G1 X136.998 Y86.061 E6.92878
;WIDTH:0.317386
G1 X136.987 Y86.058 E6.9292
;WIDTH:0.317387
G1 X136.978 Y86.053 E6.92962
;WIDTH:0.328087
G1 X136.667 Y85.901 E6.94356
;WIDTH:0.328087
G1 X136.536 Y85.829 E6.94957
;WIDTH:0.318714
G1 X136.535 Y85.828 E6.9496
;WIDTH:0.318587
G1 X136.517 Y85.816 E6.95045
;WIDTH:0.328085
G1 X136.24 Y85.608 E6.96439
;WIDTH:0.328086
G1 X136.125 Y85.513 E6.97043
;WIDTH:0.318667
G1 X136.117 Y85.506 E6.97086
;WIDTH:0.318667
G1 X136.109 Y85.498 E6.97128
;WIDTH:0.328086
G1 X136.006 Y85.388 E6.97732
;WIDTH:0.328084
G1 X135.782 Y85.125 E6.99127
;WIDTH:0.317384
G1 X135.775 Y85.117 E6.99169
;WIDTH:0.317385
G1 X135.769 Y85.108 E6.99211
;WIDTH:0.327738
G1 X135.594 Y84.822 E7.00559
;WIDTH:0.327739
G1 X135.518 Y84.68 E7.01206
;WIDTH:0.312962
G1 X135.509 Y84.66 E7.01287
;WIDTH:0.327298
G1 X135.452 Y84.523 E7.01884
;WIDTH:0.328574
G1 X135.392 Y84.357 E7.02597
;WIDTH:0.328574
G1 X135.344 Y84.203 E7.03247
;WIDTH:0.313403
G1 X135.34 Y84.186 E7.03314
;WIDTH:0.324141
G1 X135.301 Y84.015 E7.0401
;WIDTH:0.324143
G1 X135.275 Y83.851 E7.04665
;WIDTH:0.313751
G1 X135.274 Y83.837 E7.0472
;WIDTH:0.324887
G1 X135.26 Y83.689 E7.05313
G1 E4.05313 F2400
G92 E0
G1 X135.68 Y126.793 F7800
G1 E3 F2400
;TYPE:External perimeter
;WIDTH:0.675
G1 F1800
G1 X135.661 Y126.495 E3.02929
G1 X135.702 Y126.062 E3.0719
G1 X135.825 Y125.639 E3.11503
G1 X136.025 Y125.247 E3.15817
G1 X136.295 Y124.899 E3.2013
G1 X136.625 Y124.608 E3.24444
G1 X137.004 Y124.384 E3.28757
G1 X137.413 Y124.236 E3.33018
G1 X137.706 Y124.18 E3.35939
G1 X137.968 Y124.163 E3.38512
G1 X138.437 Y124.202 E3.43118
G1 X138.861 Y124.325 E3.47448
G1 X139.253 Y124.525 E3.51762
G1 X139.601 Y124.795 E3.56075
G1 X139.889 Y125.121 E3.60336
G1 X140.049 Y125.374 E3.63265
G1 X140.176 Y125.644 E3.66195
G1 X140.298 Y126.062 E3.70456
G1 X140.339 Y126.5 E3.74769
G1 X140.298 Y126.938 E3.79082
G1 X140.176 Y127.356 E3.83343
G1 X140.049 Y127.626 E3.86272
G1 X139.889 Y127.879 E3.89202
G1 X139.601 Y128.205 E3.93463
G1 X139.253 Y128.475 E3.97776
G1 X138.861 Y128.675 E4.02089
G1 X138.438 Y128.798 E4.06403
G1 X138 Y128.839 E4.10716
G1 X137.562 Y128.798 E4.15029
G1 X137.139 Y128.675 E4.19343
G1 X136.747 Y128.475 E4.23656
G1 X136.399 Y128.205 E4.27969
G1 X136.108 Y127.875 E4.32283
G1 X135.884 Y127.496 E4.36596
G1 X135.736 Y127.087 E4.40857
G1 X135.697 Y126.881 E4.42905
G1 X135.404 Y126.68 F7800
G1 X134.994 Y127.481
G1 F1800
G1 X134.894 Y127.092 E4.46835
G1 X134.838 Y126.5 E4.52666
G1 X134.895 Y125.902 E4.5855
G1 X135.06 Y125.336 E4.64329
G1 X135.229 Y124.977 E4.68219
G1 X135.442 Y124.641 E4.72113
G1 X135.835 Y124.195 E4.77941
G1 X136.31 Y123.827 E4.8382
G1 X136.836 Y123.56 E4.89603
G1 X137.402 Y123.395 E4.95382
G1 X137.806 Y123.344 E4.99365
G1 X138.022 Y123.339 E5.01483
G1 X138.396 Y123.363 E5.05158
G1 X138.786 Y123.438 E5.09052
G1 X139.169 Y123.562 E5.12994
G1 X139.542 Y123.74 E5.17045
G1 X139.858 Y123.942 E5.20719
G1 X140.302 Y124.332 E5.26506
G1 X140.671 Y124.807 E5.32397
G1 X140.94 Y125.336 E5.38217
G1 X141.105 Y125.903 E5.43999
G1 X141.162 Y126.501 E5.49891
G1 X141.105 Y127.098 E5.55762
G1 X140.94 Y127.664 E5.61545
G1 X140.672 Y128.191 E5.67333
G1 X140.436 Y128.516 E5.71267
G1 X140.18 Y128.79 E5.74941
G1 X140.019 Y128.934 E5.7706
G1 X139.69 Y129.173 E5.81043
G1 X139.164 Y129.44 E5.86822
G1 X138.598 Y129.605 E5.92601
G1 X138.001 Y129.662 E5.98472
G1 X137.403 Y129.605 E6.04364
G1 X136.836 Y129.44 E6.10147
G1 X136.307 Y129.171 E6.15966
G1 X135.836 Y128.805 E6.21806
G1 X135.445 Y128.363 E6.27588
G1 X135.229 Y128.023 E6.31535
G1 X135.025 Y127.565 E6.36442
G1 X135.259 Y127.18 F7800
G1 X135.416 Y127.423
;TYPE:Gap fill
;WIDTH:0.328575
G1 F1200
G1 X135.392 Y127.357 E6.36726
;WIDTH:0.328574
G1 X135.344 Y127.203 E6.37376
;WIDTH:0.313404
G1 X135.34 Y127.186 E6.37443
;WIDTH:0.324141
G1 X135.301 Y127.015 E6.38139
;WIDTH:0.324143
G1 X135.276 Y126.851 E6.38794
;WIDTH:0.313751
G1 X135.274 Y126.837 E6.38849
;WIDTH:0.324887
G1 X135.257 Y126.661 E6.39553
;WIDTH:0.324887
G1 X135.249 Y126.5 E6.40193
;WIDTH:0.319831
G1 X135.249 Y126.497 E6.40203
;WIDTH:0.319582
G1 X135.25 Y126.479 E6.40274
;WIDTH:0.328087
G1 X135.259 Y126.339 E6.40838
;WIDTH:0.328087
G1 X135.297 Y125.995 E6.42232
;WIDTH:0.31859
G1 X135.3 Y125.974 E6.42317
;WIDTH:0.318717
G1 X135.3 Y125.973 E6.4232
;WIDTH:0.328089
G1 X135.337 Y125.829 E6.42921
;WIDTH:0.328088
G1 X135.439 Y125.498 E6.44315
;WIDTH:0.317384
G1 X135.442 Y125.487 E6.44357
;WIDTH:0.317385
G1 X135.447 Y125.478 E6.44399
;WIDTH:0.327714
G1 X135.594 Y125.177 E6.45744
;WIDTH:0.327714
G1 X135.674 Y125.037 E6.46395
;WIDTH:0.312461
G1 X135.686 Y125.019 E6.46475
;WIDTH:0.327792
G1 X135.779 Y124.886 E6.4713
;WIDTH:0.327792
G1 X135.986 Y124.627 E6.48462
;WIDTH:0.318114
G1 X135.988 Y124.625 E6.48471
;WIDTH:0.317835
G1 X136.003 Y124.609 E6.48555
;WIDTH:0.32864
G1 X136.12 Y124.498 E6.49209
;WIDTH:0.328638
G1 X136.26 Y124.376 E6.49958
;WIDTH:0.327297
G1 X136.376 Y124.283 E6.50556
;WIDTH:0.312962
G1 X136.393 Y124.271 E6.50636
;WIDTH:0.328831
G1 X136.538 Y124.176 E6.51335
;WIDTH:0.328832
G1 X136.667 Y124.1 E6.5194
;WIDTH:0.328832
G1 X136.82 Y124.018 E6.52642
;WIDTH:0.312463
G1 X136.84 Y124.009 E6.52722
;WIDTH:0.327717
G1 X136.989 Y123.947 E6.53373
;WIDTH:0.327716
G1 X137.296 Y123.842 E6.54678
;WIDTH:0.318388
G1 X137.314 Y123.837 E6.54748
;WIDTH:0.320201
G1 X137.327 Y123.833 E6.54804
;WIDTH:0.324883
G1 X137.474 Y123.803 E6.55397
;WIDTH:0.324885
G1 X137.647 Y123.776 E6.56096
;WIDTH:0.31385
G1 X137.661 Y123.774 E6.56148
;WIDTH:0.324034
G1 X137.837 Y123.757 E6.56848
;WIDTH:0.324033
G1 X137.963 Y123.751 E6.57347
;WIDTH:0.319091
G1 X137.98 Y123.751 E6.57416
;WIDTH:0.32265
G1 X138.013 Y123.752 E6.57546
;WIDTH:0.328833
G1 X138.343 Y123.777 E6.58883
;WIDTH:0.328832
G1 X138.5 Y123.798 E6.59522
;WIDTH:0.31226
G1 X138.522 Y123.802 E6.59607
;WIDTH:0.327713
G1 X138.683 Y123.841 E6.60272
;WIDTH:0.327714
G1 X139.002 Y123.939 E6.61616
;WIDTH:0.318591
G1 X139.023 Y123.946 E6.61701
;WIDTH:0.318719
G1 X139.024 Y123.947 E6.61704
;WIDTH:0.328659
G1 X139.167 Y124.014 E6.62343
;WIDTH:0.328657
G1 X139.334 Y124.1 E6.63104
;WIDTH:0.327297
G1 X139.463 Y124.174 E6.63701
;WIDTH:0.312963
G1 X139.481 Y124.186 E6.63782
;WIDTH:0.327738
G1 X139.613 Y124.278 E6.6443
;WIDTH:0.327738
G1 X139.875 Y124.488 E6.65778
;WIDTH:0.318585
G1 X139.891 Y124.502 E6.65862
;WIDTH:0.318718
G1 X139.892 Y124.503 E6.65865
;WIDTH:0.328137
G1 X139.994 Y124.612 E6.66469
;WIDTH:0.328138
G1 X140.212 Y124.867 E6.6782
;WIDTH:0.318364
G1 X140.217 Y124.873 E6.6785
;WIDTH:0.318364
G1 X140.223 Y124.881 E6.67891
;WIDTH:0.32517
G1 X140.322 Y125.03 E6.686
;WIDTH:0.32517
G1 X140.404 Y125.165 E6.6923
;WIDTH:0.3202
G1 X140.406 Y125.169 E6.69247
;WIDTH:0.319643
G1 X140.413 Y125.182 E6.69304
;WIDTH:0.318722
G1 X140.557 Y125.488 E6.70613
;WIDTH:0.318721
G1 X140.558 Y125.49 E6.70623
;WIDTH:0.318386
G1 X140.564 Y125.507 E6.70694
;WIDTH:0.328083
G1 X140.663 Y125.829 E6.72048
;WIDTH:0.328085
G1 X140.7 Y125.974 E6.72652
G1 X140.7 Y125.974 F7800
;WIDTH:0.318665
G1 F1200
G1 X140.703 Y125.995 E6.72736
;WIDTH:0.328128
G1 X140.739 Y126.314 E6.7403
;WIDTH:0.328127
G1 X140.751 Y126.489 E6.74735
;WIDTH:0.31844
G1 X140.751 Y126.503 E6.74788
;WIDTH:0.318666
G1 X140.751 Y126.511 E6.7482
;WIDTH:0.328087
G1 X140.741 Y126.661 E6.75424
;WIDTH:0.328087
G1 X140.703 Y127.005 E6.76818
;WIDTH:0.318584
G1 X140.7 Y127.026 E6.76903
;WIDTH:0.318714
G1 X140.7 Y127.027 E6.76906
;WIDTH:0.328083
G1 X140.663 Y127.171 E6.77507
;WIDTH:0.328084
G1 X140.564 Y127.493 E6.78861
;WIDTH:0.318388
G1 X140.558 Y127.51 E6.78931
;WIDTH:0.318824
G1 X140.557 Y127.513 E6.78945
;WIDTH:0.319548
G1 X140.416 Y127.813 E6.80232
;WIDTH:0.319549
G1 X140.413 Y127.818 E6.80255
;WIDTH:0.31903
G1 X140.406 Y127.831 E6.80312
;WIDTH:0.324714
G1 X140.325 Y127.965 E6.80933
;WIDTH:0.324714
G1 X140.221 Y128.117 E6.81666
;WIDTH:0.313401
G1 X140.21 Y128.132 E6.81733
;WIDTH:0.327789
G1 X140.115 Y128.251 E6.82348
;WIDTH:0.32779
G1 X139.892 Y128.496 E6.8368
;WIDTH:0.318116
G1 X139.891 Y128.497 E6.83689
;WIDTH:0.317833
G1 X139.875 Y128.512 E6.83773
;WIDTH:0.327998
G1 X139.757 Y128.61 E6.84388
;WIDTH:0.327998
G1 X139.483 Y128.816 E6.85771
;WIDTH:0.318585
G1 X139.465 Y128.828 E6.85855
;WIDTH:0.318714
G1 X139.464 Y128.829 E6.85859
;WIDTH:0.328085
G1 X139.333 Y128.901 E6.86459
;WIDTH:0.328086
G1 X139.022 Y129.053 E6.87854
;WIDTH:0.317388
G1 X139.013 Y129.058 E6.87896
;WIDTH:0.31739
G1 X139.002 Y129.061 E6.87938
;WIDTH:0.328091
G1 X138.671 Y129.163 E6.89332
;WIDTH:0.328092
G1 X138.527 Y129.2 E6.89933
;WIDTH:0.318719
G1 X138.526 Y129.2 E6.89936
;WIDTH:0.318591
G1 X138.505 Y129.203 E6.9002
;WIDTH:0.32809
G1 X138.161 Y129.241 E6.91415
;WIDTH:0.328089
G1 X138.011 Y129.251 E6.92019
;WIDTH:0.318668
G1 X138.003 Y129.251 E6.92051
;WIDTH:0.318442
G1 X137.989 Y129.251 E6.92104
;WIDTH:0.32813
G1 X137.814 Y129.239 E6.92809
;WIDTH:0.328129
G1 X137.495 Y129.203 E6.94102
;WIDTH:0.318665
G1 X137.474 Y129.2 E6.94187
G1 X137.474 Y129.2 F7800
;WIDTH:0.328089
G1 F1200
G1 X137.329 Y129.163 E6.94791
;WIDTH:0.328089
G1 X136.998 Y129.061 E6.96185
;WIDTH:0.317391
G1 X136.987 Y129.058 E6.96227
;WIDTH:0.317391
G1 X136.977 Y129.053 E6.96269
;WIDTH:0.328087
G1 X136.667 Y128.901 E6.97663
;WIDTH:0.328087
G1 X136.535 Y128.828 E6.98268
;WIDTH:0.318662
G1 X136.528 Y128.824 E6.983
;WIDTH:0.318437
G1 X136.517 Y128.817 E6.98352
;WIDTH:0.328124
G1 X136.376 Y128.713 E6.99057
;WIDTH:0.328126
G1 X136.125 Y128.512 E7.00351
;WIDTH:0.317438
G1 X136.118 Y128.506 E7.0039
;WIDTH:0.317438
G1 X136.11 Y128.497 E7.00435
;WIDTH:0.328086
G1 X135.877 Y128.241 E7.01829
;WIDTH:0.328086
G1 X135.782 Y128.126 E7.0243
;WIDTH:0.318718
G1 X135.781 Y128.126 E7.02433
;WIDTH:0.318588
G1 X135.769 Y128.108 E7.02518
;WIDTH:0.327739
G1 X135.594 Y127.822 E7.03866
;WIDTH:0.327739
G1 X135.518 Y127.68 E7.04514
;WIDTH:0.312964
G1 X135.509 Y127.66 E7.04594
;WIDTH:0.3273
G1 X135.452 Y127.523 E7.05192
;WIDTH:0.328575
G1 X135.446 Y127.508 E7.05257
M106 S155.55
;LAYER_CHANGE
;Z:2.25
;HEIGHT:0.4
G1 Z2.25 F7800
G1 X135.689 Y126.792
;TYPE:External perimeter
;WIDTH:0.675
G1 F1800
G1 X135.661 Y126.5 E7.08133
G1 X135.702 Y126.062 E7.12447
G1 X135.825 Y125.639 E7.1676
G1 X136.025 Y125.247 E7.21073
G1 X136.295 Y124.899 E7.25386
G1 X136.625 Y124.608 E7.297
G1 X137.004 Y124.384 E7.34013
G1 X137.413 Y124.236 E7.38274
G1 X137.706 Y124.18 E7.41193
G1 X137.959 Y124.163 E7.4368
G1 X138.436 Y124.202 E7.4837
G1 X138.861 Y124.325 E7.52704
G1 X139.253 Y124.525 E7.57018
G1 X139.601 Y124.795 E7.61331
G1 X139.889 Y125.121 E7.65592
G1 X140.049 Y125.374 E7.68521
G1 X140.176 Y125.644 E7.7145
G1 X140.298 Y126.062 E7.75711
G1 X140.339 Y126.5 E7.80025
G1 X140.298 Y126.938 E7.84338
G1 X140.176 Y127.356 E7.88599
G1 X140.049 Y127.626 E7.91528
G1 X139.889 Y127.879 E7.94457
G1 X139.601 Y128.205 E7.98718
G1 X139.253 Y128.475 E8.03032
G1 X138.861 Y128.675 E8.07345
G1 X138.438 Y128.798 E8.11658
G1 X138 Y128.839 E8.15972
G1 X137.562 Y128.798 E8.20285
G1 X137.139 Y128.675 E8.24599
G1 X136.745 Y128.474 E8.28933
G1 X136.37 Y128.176 E8.33623
G1 X136.198 Y127.99 E8.3611
G1 X136.023 Y127.749 E8.39029
G1 X135.825 Y127.361 E8.4329
G1 X135.697 Y126.882 E8.4815
G1 X135.413 Y126.692 F7800
G1 X134.994 Y127.481
G1 F1800
G1 X134.894 Y127.092 E8.52086
G1 X134.838 Y126.498 E8.57929
G1 X134.895 Y125.902 E8.63795
G1 X135.06 Y125.336 E8.69574
G1 X135.229 Y124.977 E8.73464
G1 X135.445 Y124.637 E8.77407
G1 X135.839 Y124.191 E8.83238
G1 X136.31 Y123.827 E8.89069
G1 X136.836 Y123.56 E8.94849
G1 X137.402 Y123.395 E9.00628
G1 X137.805 Y123.344 E9.04604
G1 X138.038 Y123.339 E9.06892
G1 X138.396 Y123.363 E9.10401
G1 X138.786 Y123.438 E9.14297
G1 X139.169 Y123.562 E9.1824
G1 X139.519 Y123.726 E9.22027
G1 X139.858 Y123.942 E9.25969
G1 X140.302 Y124.332 E9.31754
G1 X140.535 Y124.611 E9.35315
G1 X140.671 Y124.807 E9.37655
G1 X140.94 Y125.336 E9.43468
G1 X141.105 Y125.902 E9.49248
G1 X141.162 Y126.5 E9.55131
G1 X141.105 Y127.098 E9.61014
G1 X140.94 Y127.664 E9.66793
G1 X140.771 Y128.023 E9.70684
G1 X140.555 Y128.363 E9.74626
G1 X140.164 Y128.805 E9.80406
G1 X139.694 Y129.17 E9.86237
G1 X139.164 Y129.44 E9.92068
G1 X138.598 Y129.605 E9.97847
G1 X138 Y129.662 E10.0373
G1 X137.402 Y129.605 E10.09614
G1 X136.836 Y129.44 E10.15393
G1 X136.307 Y129.171 E10.21206
G1 X135.836 Y128.805 E10.27049
G1 X135.445 Y128.363 E10.32835
G1 X135.229 Y128.023 E10.36783
G1 X135.025 Y127.565 E10.41688
G1 X135.26 Y127.179 F7800
G1 X135.417 Y127.436
;TYPE:Gap fill
;WIDTH:0.327962
G1 F1200
G1 X135.391 Y127.356 E10.42026
;WIDTH:0.32796
G1 X135.301 Y127.026 E10.43403
;WIDTH:0.317484
G1 X135.298 Y127.014 E10.4345
;WIDTH:0.317482
G1 X135.297 Y127.005 E10.43487
;WIDTH:0.328144
G1 X135.262 Y126.701 E10.44718
;WIDTH:0.328144
G1 X135.249 Y126.511 E10.45486
;WIDTH:0.318436
G1 X135.249 Y126.496 E10.45544
;WIDTH:0.318666
G1 X135.249 Y126.489 E10.45571
;WIDTH:0.328087
G1 X135.259 Y126.339 E10.46175
;WIDTH:0.328089
G1 X135.297 Y125.995 E10.47569
;WIDTH:0.318594
G1 X135.3 Y125.974 E10.47654
;WIDTH:0.31872
G1 X135.3 Y125.973 E10.47657
;WIDTH:0.32809
G1 X135.337 Y125.829 E10.48258
;WIDTH:0.32809
G1 X135.439 Y125.498 E10.49652
;WIDTH:0.317383
G1 X135.442 Y125.487 E10.49694
;WIDTH:0.317385
G1 X135.447 Y125.478 E10.49736
;WIDTH:0.327715
G1 X135.594 Y125.177 E10.51081
;WIDTH:0.327714
G1 X135.674 Y125.037 E10.51732
;WIDTH:0.31246
G1 X135.686 Y125.019 E10.51812
;WIDTH:0.328831
G1 X135.786 Y124.877 E10.52514
;WIDTH:0.328831
G1 X135.877 Y124.759 E10.53116
;WIDTH:0.32883
G1 X135.99 Y124.627 E10.53818
;WIDTH:0.312462
G1 X136.004 Y124.611 E10.53898
;WIDTH:0.328831
G1 X136.129 Y124.49 E10.546
;WIDTH:0.328831
G1 X136.241 Y124.392 E10.55202
;WIDTH:0.328831
G1 X136.376 Y124.283 E10.55904
;WIDTH:0.31246
G1 X136.394 Y124.271 E10.55984
;WIDTH:0.328831
G1 X136.539 Y124.175 E10.56686
;WIDTH:0.328832
G1 X136.667 Y124.1 E10.57287
;WIDTH:0.328831
G1 X136.82 Y124.018 E10.5799
;WIDTH:0.312464
G1 X136.84 Y124.009 E10.5807
;WIDTH:0.327717
G1 X136.989 Y123.947 E10.58721
;WIDTH:0.327717
G1 X137.296 Y123.842 E10.60025
;WIDTH:0.318387
G1 X137.314 Y123.837 E10.60096
;WIDTH:0.320199
G1 X137.328 Y123.833 E10.60152
;WIDTH:0.324883
G1 X137.474 Y123.803 E10.60745
;WIDTH:0.324885
G1 X137.647 Y123.776 E10.61442
;WIDTH:0.313881
G1 X137.66 Y123.774 E10.61493
;WIDTH:0.323753
G1 X137.835 Y123.757 E10.62189
;WIDTH:0.323752
G1 X137.953 Y123.752 E10.62655
;WIDTH:0.318467
G1 X137.97 Y123.752 E10.62723
;WIDTH:0.324427
G1 X138.029 Y123.753 E10.62955
;WIDTH:0.32911
G1 X138.343 Y123.777 E10.64228
;WIDTH:0.329108
G1 X138.499 Y123.798 E10.64866
;WIDTH:0.312217
G1 X138.521 Y123.802 E10.64952
;WIDTH:0.327712
G1 X138.683 Y123.841 E10.6562
;WIDTH:0.327712
G1 X139.002 Y123.939 E10.66964
;WIDTH:0.318589
G1 X139.023 Y123.946 E10.67049
;WIDTH:0.318717
G1 X139.024 Y123.947 E10.67052
;WIDTH:0.328829
G1 X139.169 Y124.015 E10.67702
;WIDTH:0.328831
G1 X139.312 Y124.088 E10.68352
;WIDTH:0.32883
G1 X139.463 Y124.174 E10.69054
;WIDTH:0.31246
G1 X139.481 Y124.186 E10.69134
;WIDTH:0.327712
G1 X139.614 Y124.279 E10.69785
;WIDTH:0.327712
G1 X139.875 Y124.488 E10.7113
;WIDTH:0.318587
G1 X139.891 Y124.502 E10.71214
;WIDTH:0.31872
G1 X139.892 Y124.503 E10.71218
;WIDTH:0.328175
G1 X139.995 Y124.613 E10.71824
;WIDTH:0.328175
G1 X140.207 Y124.861 E10.73141
;WIDTH:0.319116
G1 X140.212 Y124.867 E10.73172
;WIDTH:0.318193
G1 X140.223 Y124.882 E10.73242
;WIDTH:0.325128
G1 X140.322 Y125.031 E10.73956
;WIDTH:0.325128
G1 X140.404 Y125.165 E10.74581
;WIDTH:0.320202
G1 X140.406 Y125.169 E10.74598
;WIDTH:0.319647
G1 X140.413 Y125.182 E10.74655
;WIDTH:0.318725
G1 X140.557 Y125.488 E10.75964
;WIDTH:0.31872
G1 X140.558 Y125.49 E10.75974
;WIDTH:0.318383
G1 X140.564 Y125.507 E10.76045
;WIDTH:0.328083
G1 X140.663 Y125.829 E10.77399
;WIDTH:0.328084
G1 X140.7 Y125.973 E10.77999
;WIDTH:0.318716
G1 X140.7 Y125.974 E10.78003
;WIDTH:0.318586
G1 X140.703 Y125.995 E10.78087
;WIDTH:0.328088
G1 X140.741 Y126.339 E10.79481
;WIDTH:0.328087
G1 X140.751 Y126.489 E10.80086
;WIDTH:0.318665
G1 X140.751 Y126.5 E10.80128
;WIDTH:0.318666
G1 X140.751 Y126.511 E10.8017
;WIDTH:0.328087
G1 X140.741 Y126.661 E10.80775
;WIDTH:0.328087
G1 X140.703 Y127.005 E10.82169
;WIDTH:0.318588
G1 X140.7 Y127.026 E10.82253
;WIDTH:0.318715
G1 X140.7 Y127.027 E10.82257
;WIDTH:0.328083
G1 X140.663 Y127.171 E10.82857
;WIDTH:0.328085
G1 X140.564 Y127.493 E10.84211
;WIDTH:0.318388
G1 X140.558 Y127.51 E10.84282
;WIDTH:0.318721
G1 X140.557 Y127.512 E10.84292
;WIDTH:0.318723
G1 X140.413 Y127.818 E10.85601
;WIDTH:0.318951
G1 X140.41 Y127.825 E10.8563
;WIDTH:0.318952
G1 X140.406 Y127.831 E10.85658
;WIDTH:0.318721
G1 X140.223 Y128.119 E10.86977
;WIDTH:0.319075
G1 X140.218 Y128.126 E10.87013
;WIDTH:0.31929
G1 X140.213 Y128.133 E10.87048
;WIDTH:0.328083
G1 X140.123 Y128.241 E10.87612
;WIDTH:0.328085
G1 X139.89 Y128.497 E10.89006
;WIDTH:0.317386
G1 X139.883 Y128.505 E10.89048
;WIDTH:0.317386
G1 X139.875 Y128.512 E10.8909
;WIDTH:0.328089
G1 X139.605 Y128.729 E10.90485
;WIDTH:0.328089
G1 X139.483 Y128.817 E10.91089
;WIDTH:0.318666
G1 X139.474 Y128.823 E10.91131
;WIDTH:0.318662
G1 X139.465 Y128.828 E10.91174
;WIDTH:0.328086
G1 X139.333 Y128.901 E10.91778
;WIDTH:0.328087
G1 X139.023 Y129.053 E10.93172
;WIDTH:0.317389
G1 X139.013 Y129.058 E10.93214
;WIDTH:0.317389
G1 X139.002 Y129.061 E10.93256
;WIDTH:0.32809
G1 X138.671 Y129.163 E10.9465
;WIDTH:0.328088
G1 X138.527 Y129.2 E10.95251
;WIDTH:0.318718
G1 X138.526 Y129.2 E10.95254
;WIDTH:0.318592
G1 X138.505 Y129.203 E10.95339
;WIDTH:0.328089
G1 X138.161 Y129.241 E10.96733
;WIDTH:0.328089
G1 X138.011 Y129.251 E10.97337
;WIDTH:0.318665
G1 X138 Y129.251 E10.9738
;WIDTH:0.318666
G1 X137.989 Y129.251 E10.97422
;WIDTH:0.328087
G1 X137.839 Y129.241 E10.98026
;WIDTH:0.328089
G1 X137.495 Y129.203 E10.99421
;WIDTH:0.318591
G1 X137.474 Y129.2 E10.99505
;WIDTH:0.318716
G1 X137.473 Y129.2 E10.99508
;WIDTH:0.328089
G1 X137.329 Y129.163 E11.00109
;WIDTH:0.328088
G1 X136.998 Y129.061 E11.01503
;WIDTH:0.317391
G1 X136.987 Y129.058 E11.01545
;WIDTH:0.317391
G1 X136.977 Y129.053 E11.01587
;WIDTH:0.328086
G1 X136.667 Y128.901 E11.02982
;WIDTH:0.328084
G1 X136.532 Y128.826 E11.03602
;WIDTH:0.318406
G1 X136.529 Y128.825 E11.03613
;WIDTH:0.318264
G1 X136.512 Y128.814 E11.03692
;WIDTH:0.329758
G1 X136.364 Y128.703 E11.04443
;WIDTH:0.329759
G1 X136.12 Y128.504 E11.0572
;WIDTH:0.322752
G1 X136.097 Y128.483 E11.05842
;WIDTH:0.318284
G1 X136.085 Y128.471 E11.0591
;WIDTH:0.31898
G1 X135.884 Y128.256 E11.07048
;WIDTH:0.319901
G1 X135.875 Y128.246 E11.07102
;WIDTH:0.3202
G1 X135.874 Y128.244 E11.07112
;WIDTH:0.324884
G1 X135.784 Y128.125 E11.07705
;WIDTH:0.324884
G1 X135.679 Y127.97 E11.08449
;WIDTH:0.313402
G1 X135.669 Y127.955 E11.08516
;WIDTH:0.327846
G1 X135.593 Y127.821 E11.09133
;WIDTH:0.327843
G1 X135.454 Y127.539 E11.104
;WIDTH:0.319118
G1 X135.447 Y127.522 E11.1047
;WIDTH:0.317046
G1 X135.446 Y127.521 E11.10477
G1 E8.10477 F2400
G92 E0
G1 X135.689 Y83.792 F7800
G1 E3 F2400
;TYPE:External perimeter
;WIDTH:0.675
G1 F1800
G1 X135.661 Y83.5 E3.02876
G1 X135.702 Y83.062 E3.0719
G1 X135.825 Y82.639 E3.11503
G1 X136.025 Y82.247 E3.15816
G1 X136.295 Y81.899 E3.2013
G1 X136.625 Y81.608 E3.24443
G1 X137.004 Y81.384 E3.28756
G1 X137.413 Y81.236 E3.33017
G1 X137.706 Y81.18 E3.35936
G1 X137.959 Y81.163 E3.38423
G1 X138.436 Y81.202 E3.43113
G1 X138.861 Y81.325 E3.47448
G1 X139.253 Y81.525 E3.51761
G1 X139.601 Y81.795 E3.56074
G1 X139.889 Y82.121 E3.60335
G1 X140.049 Y82.374 E3.63264
G1 X140.176 Y82.644 E3.66194
G1 X140.298 Y83.062 E3.70455
G1 X140.339 Y83.5 E3.74768
G1 X140.298 Y83.938 E3.79081
G1 X140.176 Y84.356 E3.83342
G1 X140.049 Y84.626 E3.86272
G1 X139.889 Y84.879 E3.89201
G1 X139.601 Y85.205 E3.93462
G1 X139.253 Y85.475 E3.97775
G1 X138.861 Y85.675 E4.02088
G1 X138.438 Y85.798 E4.06402
G1 X138.005 Y85.839 E4.10663
G1 X137.707 Y85.82 E4.13592
G1 X137.413 Y85.764 E4.16521
G1 X137.004 Y85.616 E4.20782
G1 X136.625 Y85.392 E4.25095
G1 X136.295 Y85.101 E4.29409
G1 X136.025 Y84.753 E4.33722
G1 X135.825 Y84.361 E4.38035
G1 X135.697 Y83.882 E4.42895
G1 X135.413 Y83.692 F7800
G1 X134.839 Y83.528
G1 F1800
G1 X134.844 Y83.307 E4.45066
G1 X134.895 Y82.902 E4.49061
G1 X135.06 Y82.336 E4.5484
G1 X135.229 Y81.977 E4.58731
G1 X135.56 Y81.488 E4.6451
G1 X135.836 Y81.195 E4.68452
G1 X136.146 Y80.939 E4.72395
G1 X136.472 Y80.732 E4.76182
G1 X136.836 Y80.56 E4.80124
G1 X137.219 Y80.436 E4.84067
G1 X137.805 Y80.344 E4.8988
G1 X138.396 Y80.363 E4.95671
G1 X138.786 Y80.438 E4.99568
G1 X139.169 Y80.562 E5.0351
G1 X139.519 Y80.726 E5.07297
G1 X139.858 Y80.942 E5.1124
G1 X140.169 Y81.199 E5.15182
G1 X140.535 Y81.611 E5.20586
G1 X140.671 Y81.807 E5.22926
G1 X140.94 Y82.336 E5.28739
G1 X141.105 Y82.902 E5.34518
G1 X141.156 Y83.307 E5.38513
G1 X141.156 Y83.693 E5.423
G1 X141.105 Y84.098 E5.46295
G1 X140.94 Y84.664 E5.52074
G1 X140.771 Y85.023 E5.55964
G1 X140.558 Y85.359 E5.59861
G1 X140.33 Y85.636 E5.63369
G1 X140.167 Y85.803 E5.65657
G1 X139.854 Y86.061 E5.69633
G1 X139.528 Y86.268 E5.73421
G1 X139.164 Y86.44 E5.77363
G1 X138.781 Y86.564 E5.81305
G1 X138.193 Y86.656 E5.87137
G1 X137.604 Y86.637 E5.92916
G1 X137.214 Y86.562 E5.96806
G1 X136.654 Y86.361 E6.02637
G1 X136.481 Y86.274 E6.04532
G1 X135.988 Y85.94 E6.10363
G1 X135.567 Y85.52 E6.16195
G1 X135.232 Y85.028 E6.22026
G1 X135.06 Y84.664 E6.25969
G1 X134.936 Y84.281 E6.29911
G1 X134.895 Y84.097 E6.3176
G1 X134.843 Y83.618 E6.36479
G1 X135.028 Y83.412 F7800
G1 X135.255 Y83.59
;TYPE:Gap fill
;WIDTH:0.328144
G1 F1200
G1 X135.249 Y83.511 E6.36799
;WIDTH:0.318437
G1 X135.249 Y83.496 E6.36857
;WIDTH:0.318666
G1 X135.249 Y83.489 E6.36884
;WIDTH:0.328088
G1 X135.259 Y83.339 E6.37488
;WIDTH:0.328089
G1 X135.297 Y82.995 E6.38882
;WIDTH:0.318594
G1 X135.3 Y82.974 E6.38967
;WIDTH:0.318719
G1 X135.3 Y82.973 E6.3897
;WIDTH:0.328091
G1 X135.337 Y82.829 E6.39571
;WIDTH:0.328091
G1 X135.439 Y82.498 E6.40965
;WIDTH:0.317383
G1 X135.442 Y82.487 E6.41007
;WIDTH:0.317383
G1 X135.447 Y82.478 E6.41049
;WIDTH:0.327715
G1 X135.594 Y82.177 E6.42393
;WIDTH:0.327714
G1 X135.674 Y82.037 E6.43045
;WIDTH:0.31246
G1 X135.686 Y82.019 E6.43125
;WIDTH:0.32883
G1 X135.786 Y81.877 E6.43827
;WIDTH:0.32883
G1 X135.877 Y81.759 E6.44428
;WIDTH:0.32883
G1 X135.99 Y81.627 E6.45131
;WIDTH:0.312462
G1 X136.004 Y81.611 E6.45211
;WIDTH:0.327715
G1 X136.121 Y81.499 E6.45862
;WIDTH:0.327713
G1 X136.375 Y81.282 E6.47207
;WIDTH:0.318588
G1 X136.392 Y81.268 E6.47291
;WIDTH:0.31872
G1 X136.393 Y81.268 E6.47294
;WIDTH:0.328828
G1 X136.529 Y81.181 E6.47945
;WIDTH:0.328831
G1 X136.667 Y81.1 E6.48594
;WIDTH:0.328831
G1 X136.82 Y81.018 E6.49296
;WIDTH:0.312463
G1 X136.84 Y81.009 E6.49377
;WIDTH:0.327716
G1 X136.989 Y80.947 E6.50028
;WIDTH:0.327718
G1 X137.296 Y80.842 E6.51332
;WIDTH:0.318387
G1 X137.314 Y80.837 E6.51403
;WIDTH:0.3202
G1 X137.328 Y80.833 E6.51459
;WIDTH:0.324886
G1 X137.474 Y80.803 E6.52052
;WIDTH:0.324885
G1 X137.647 Y80.776 E6.52748
;WIDTH:0.313883
G1 X137.66 Y80.774 E6.528
;WIDTH:0.323753
G1 X137.835 Y80.757 E6.53496
;WIDTH:0.323752
G1 X137.953 Y80.752 E6.53962
;WIDTH:0.318465
G1 X137.97 Y80.752 E6.5403
;WIDTH:0.324424
G1 X138.029 Y80.753 E6.54262
;WIDTH:0.32911
G1 X138.343 Y80.777 E6.55535
;WIDTH:0.329112
G1 X138.499 Y80.798 E6.56173
;WIDTH:0.31222
G1 X138.521 Y80.802 E6.56259
;WIDTH:0.327713
G1 X138.683 Y80.841 E6.56926
;WIDTH:0.327714
G1 X139.002 Y80.939 E6.58271
;WIDTH:0.318591
G1 X139.023 Y80.946 E6.58355
;WIDTH:0.318717
G1 X139.024 Y80.947 E6.58359
;WIDTH:0.328832
G1 X139.169 Y81.015 E6.59009
;WIDTH:0.328833
G1 X139.312 Y81.088 E6.59658
;WIDTH:0.328831
G1 X139.463 Y81.174 E6.6036
;WIDTH:0.312464
G1 X139.481 Y81.186 E6.60441
;WIDTH:0.327716
G1 X139.614 Y81.279 E6.61092
;WIDTH:0.327716
G1 X139.875 Y81.488 E6.62437
;WIDTH:0.318587
G1 X139.891 Y81.502 E6.62521
;WIDTH:0.318718
G1 X139.892 Y81.503 E6.62524
;WIDTH:0.328171
G1 X139.995 Y81.613 E6.63131
;WIDTH:0.328172
G1 X140.207 Y81.861 E6.64447
;WIDTH:0.319113
G1 X140.212 Y81.867 E6.64479
;WIDTH:0.318192
G1 X140.223 Y81.882 E6.64549
;WIDTH:0.325127
G1 X140.322 Y82.031 E6.65263
;WIDTH:0.325125
G1 X140.404 Y82.165 E6.65887
;WIDTH:0.3202
G1 X140.406 Y82.169 E6.65905
;WIDTH:0.319645
G1 X140.413 Y82.182 E6.65961
;WIDTH:0.318723
G1 X140.557 Y82.488 E6.67271
;WIDTH:0.318723
G1 X140.558 Y82.49 E6.67281
;WIDTH:0.318386
G1 X140.564 Y82.507 E6.67351
;WIDTH:0.328084
G1 X140.663 Y82.829 E6.68705
;WIDTH:0.328084
G1 X140.7 Y82.973 E6.69306
;WIDTH:0.318716
G1 X140.7 Y82.974 E6.69309
;WIDTH:0.318587
G1 X140.703 Y82.995 E6.69394
;WIDTH:0.328088
G1 X140.741 Y83.339 E6.70788
;WIDTH:0.328087
G1 X140.751 Y83.489 E6.71392
;WIDTH:0.318665
G1 X140.751 Y83.5 E6.71435
;WIDTH:0.318666
G1 X140.751 Y83.511 E6.71477
;WIDTH:0.328087
G1 X140.741 Y83.661 E6.72081
;WIDTH:0.328087
G1 X140.703 Y84.005 E6.73475
;WIDTH:0.318588
G1 X140.7 Y84.026 E6.7356
;WIDTH:0.318714
G1 X140.7 Y84.027 E6.73563
;WIDTH:0.328083
G1 X140.663 Y84.171 E6.74164
;WIDTH:0.328085
G1 X140.564 Y84.493 E6.75518
;WIDTH:0.318387
G1 X140.558 Y84.51 E6.75588
;WIDTH:0.318721
G1 X140.557 Y84.512 E6.75599
;WIDTH:0.318725
G1 X140.413 Y84.818 E6.76908
;WIDTH:0.318955
G1 X140.41 Y84.825 E6.76936
;WIDTH:0.318954
G1 X140.406 Y84.831 E6.76965
;WIDTH:0.318723
G1 X140.224 Y85.118 E6.78279
;WIDTH:0.318717
G1 X140.223 Y85.119 E6.78284
;WIDTH:0.318563
G1 X140.212 Y85.133 E6.78355
;WIDTH:0.32814
G1 X140.021 Y85.358 E6.79545
;WIDTH:0.32814
G1 X139.891 Y85.498 E6.80313
;WIDTH:0.318244
G1 X139.889 Y85.5 E6.80326
;WIDTH:0.318122
G1 X139.875 Y85.512 E6.80397
;WIDTH:0.328086
G1 X139.605 Y85.729 E6.81792
;WIDTH:0.328086
G1 X139.483 Y85.817 E6.82396
;WIDTH:0.318664
G1 X139.474 Y85.823 E6.82438
;WIDTH:0.318664
G1 X139.465 Y85.828 E6.82481
;WIDTH:0.328085
G1 X139.333 Y85.901 E6.83085
;WIDTH:0.328087
G1 X139.022 Y86.053 E6.84479
;WIDTH:0.317384
G1 X139.013 Y86.058 E6.84521
;WIDTH:0.317385
G1 X139.002 Y86.061 E6.84563
;WIDTH:0.328091
G1 X138.671 Y86.163 E6.85957
;WIDTH:0.328091
G1 X138.527 Y86.2 E6.86558
;WIDTH:0.318719
G1 X138.526 Y86.2 E6.86561
;WIDTH:0.318592
G1 X138.505 Y86.203 E6.86646
;WIDTH:0.328087
G1 X138.161 Y86.241 E6.8804
;WIDTH:0.328089
G1 X138.021 Y86.25 E6.88604
;WIDTH:0.319295
G1 X138.012 Y86.251 E6.8864
;WIDTH:0.31908
G1 X138.003 Y86.25 E6.88675
;WIDTH:0.318722
G1 X137.663 Y86.229 E6.89994
;WIDTH:0.318952
G1 X137.655 Y86.228 E6.90023
;WIDTH:0.318954
G1 X137.648 Y86.227 E6.90051
;WIDTH:0.318722
G1 X137.316 Y86.164 E6.9136
;WIDTH:0.318723
G1 X137.314 Y86.163 E6.91371
;WIDTH:0.318389
G1 X137.296 Y86.158 E6.91441
;WIDTH:0.328085
G1 X136.978 Y86.049 E6.92795
;WIDTH:0.328083
G1 X136.839 Y85.994 E6.93399
;WIDTH:0.318666
G1 X136.829 Y85.989 E6.93441
;WIDTH:0.318666
G1 X136.819 Y85.984 E6.93484
;WIDTH:0.328088
G1 X136.687 Y85.912 E6.94088
;WIDTH:0.328086
G1 X136.392 Y85.731 E6.95482
;WIDTH:0.318586
G1 X136.374 Y85.719 E6.95567
;WIDTH:0.318717
G1 X136.374 Y85.718 E6.9557
;WIDTH:0.328085
G1 X136.259 Y85.623 E6.96171
;WIDTH:0.328085
G1 X136.003 Y85.39 E6.97565
;WIDTH:0.318587
G1 X135.987 Y85.375 E6.9765
;WIDTH:0.318716
G1 X135.987 Y85.374 E6.97653
;WIDTH:0.328087
G1 X135.892 Y85.26 E6.98254
;WIDTH:0.328087
G1 X135.684 Y84.983 E6.99648
;WIDTH:0.318586
G1 X135.672 Y84.965 E6.99732
;WIDTH:0.318714
G1 X135.671 Y84.964 E6.99736
;WIDTH:0.328086
G1 X135.599 Y84.833 E7.00336
;WIDTH:0.328087
G1 X135.447 Y84.522 E7.01731
;WIDTH:0.317389
G1 X135.442 Y84.513 E7.01773
;WIDTH:0.317387
G1 X135.439 Y84.502 E7.01815
;WIDTH:0.32809
G1 X135.337 Y84.171 E7.03209
;WIDTH:0.328091
G1 X135.3 Y84.026 E7.03813
;WIDTH:0.318669
G1 X135.3 Y84.026 E7.03815
;WIDTH:0.318634
G1 X135.297 Y84.005 E7.03898
;WIDTH:0.328145
G1 X135.262 Y83.701 E7.05128
;WIDTH:0.328144
G1 X135.261 Y83.68 E7.05214
G1 E4.05214 F2400
G92 E0
G1 X97.427 Y78.073 F7800
G1 E3 F2400
;TYPE:Perimeter
;WIDTH:0.675
G1 F1800
G1 X97.427 Y76.927 E3.11235
G1 X99.573 Y76.927 E3.32268
G1 X99.573 Y78.073 E3.43502
G1 X97.517 Y78.073 E3.63653
G1 X96.837 Y78.662 F7800
;TYPE:External perimeter
G1 F1800
G1 X96.837 Y76.337 E3.86433
G1 X100.162 Y76.337 E4.19011
G1 X100.162 Y78.662 E4.4179
G1 X96.927 Y78.662 E4.73486
G1 X97.026 Y78.093 F7800
G1 X97.721 Y77.5
;TYPE:Gap fill
;WIDTH:0.643365
G1 F1200
G1 X99.279 Y77.5 E4.87927
G1 E1.87927 F2400
G92 E0
G1 X65.427 Y78.073 F7800
G1 E3 F2400
;TYPE:Perimeter
;WIDTH:0.675
G1 F1800
G1 X65.427 Y76.927 E3.11235
G1 X77.573 Y76.927 E4.30245
G1 X77.573 Y78.073 E4.4148
G1 X65.517 Y78.073 E5.59609
G1 X65.427 Y131.927 F7800
G1 F4800
G1 X143.427 Y131.927 E13.23834
G1 X143.427 Y78.073 E18.51476
G1 X135.427 Y78.073 E19.29858
G1 X135.427 Y76.927 E19.41093
G1 X144.573 Y76.927 E20.3071
G1 X144.573 Y133.073 E25.80821
G1 X65.427 Y133.073 E33.56281
G1 X65.427 Y132.017 E33.66634
G1 X66.162 Y78.662 F7800
;TYPE:External perimeter
G1 F2400
G1 X66.162 Y131.338 E38.82731
G1 X142.838 Y131.338 E46.33975
G1 X142.838 Y78.662 E51.50072
G1 X134.838 Y78.662 E52.28454
G1 X134.838 Y76.337 E52.51233
G1 X145.163 Y76.337 E53.52395
G1 X145.163 Y133.663 E59.14052
G1 X64.837 Y133.663 E67.01057
G1 X64.837 Y76.337 E72.62713
G1 X78.162 Y76.337 E73.93268
G1 X78.162 Y78.662 E74.16048
G1 X66.252 Y78.662 E75.3274
G1 X65.564 Y78.701 F7800
G1 X65.5 Y78.368
;TYPE:Gap fill
;WIDTH:0.821683
G1 F1200
G1 X65.5 Y131.632 E81.84538
G1 X65.721 Y132.5 F7800
;WIDTH:0.643365
G1 F1200
G1 X143.721 Y132.5 E89.07728
;WIDTH:0.691191
G1 X143.837 Y132.476 E89.08915
;WIDTH:0.691193
G1 X143.952 Y132.452 E89.10102
G1 X144 Y132.221 E89.12476
;WIDTH:0.643365
G1 X144 Y77.779 E94.17249
;WIDTH:0.691191
G1 X143.976 Y77.663 E94.18436
;WIDTH:0.691193
G1 X143.952 Y77.548 E94.19623
G1 X143.721 Y77.5 E94.21997
;WIDTH:0.643363
G1 X135.721 Y77.5 E94.9617
G1 E91.9617 F2400
G92 E0
G1 X77.279 Y77.5 F7800
G1 E3 F2400
;WIDTH:0.643365
G1 F1200
G1 X65.721 Y77.5 E4.07157
G1 E1.07157 F2400
G92 E0
G1 X71.293 Y85.811 F7800
G1 E3 F2400
;TYPE:External perimeter
;WIDTH:0.675
G1 F1800
G1 X71 Y85.839 E3.02884
G1 X70.562 Y85.798 E3.07197
G1 X70.139 Y85.675 E3.11511
G1 X69.751 Y85.477 E3.15772
G1 X69.51 Y85.302 E3.18701
G1 X69.292 Y85.097 E3.2163
G1 X69.025 Y84.753 E3.25891
G1 X68.825 Y84.361 E3.30204
G1 X68.702 Y83.938 E3.34518
G1 X68.661 Y83.5 E3.38831
G1 X68.702 Y83.062 E3.43144
G1 X68.825 Y82.639 E3.47458
G1 X69.025 Y82.247 E3.51771
G1 X69.295 Y81.899 E3.56084
G1 X69.625 Y81.608 E3.60398
G1 X70.004 Y81.384 E3.64711
G1 X70.413 Y81.236 E3.68972
G1 X70.706 Y81.18 E3.71891
G1 X70.959 Y81.163 E3.74378
G1 X71.436 Y81.202 E3.79068
G1 X71.861 Y81.325 E3.83402
G1 X72.253 Y81.525 E3.87716
G1 X72.601 Y81.795 E3.92029
G1 X72.892 Y82.125 E3.96342
G1 X73.114 Y82.499 E4.00603
G1 X73.224 Y82.777 E4.03533
G1 X73.298 Y83.067 E4.06462
G1 X73.339 Y83.5 E4.10723
G1 X73.298 Y83.938 E4.15036
G1 X73.175 Y84.361 E4.1935
G1 X72.977 Y84.749 E4.2361
G1 X72.802 Y84.99 E4.26529
G1 X72.63 Y85.176 E4.29016
G1 X72.255 Y85.474 E4.33706
G1 X71.861 Y85.675 E4.3804
G1 X71.383 Y85.803 E4.42893
G1 X71.193 Y86.088 F7800
G1 X71.001 Y86.662
G1 F1800
G1 X70.408 Y86.606 E4.48736
G1 X70.02 Y86.506 E4.5266
G1 X69.801 Y86.425 E4.54948
G1 X69.477 Y86.271 E4.58457
G1 X69.137 Y86.055 E4.62405
G1 X68.695 Y85.664 E4.68185
G1 X68.33 Y85.194 E4.74016
G1 X68.058 Y84.659 E4.79899
G1 X67.894 Y84.092 E4.85678
G1 X67.838 Y83.5 E4.9151
G1 X67.894 Y82.908 E4.97341
G1 X68.058 Y82.341 E5.0312
G1 X68.229 Y81.977 E5.07062
G1 X68.442 Y81.642 E5.10953
G1 X68.699 Y81.331 E5.14895
G1 X68.98 Y81.067 E5.18682
G1 X69.31 Y80.827 E5.22677
G1 X69.836 Y80.56 E5.28456
G1 X70.402 Y80.395 E5.34235
G1 X70.805 Y80.344 E5.38212
G1 X71.396 Y80.363 E5.44003
G1 X71.786 Y80.438 E5.479
G1 X72.169 Y80.562 E5.51842
G1 X72.519 Y80.726 E5.55629
G1 X72.863 Y80.945 E5.59623
G1 X73.305 Y81.336 E5.65403
G1 X73.67 Y81.806 E5.71234
G1 X73.94 Y82.336 E5.77065
G1 X74.106 Y82.907 E5.82896
G1 X74.162 Y83.5 E5.88728
G1 X74.106 Y84.093 E5.94559
G1 X73.94 Y84.664 E6.0039
G1 X73.673 Y85.19 E6.06169
G1 X73.434 Y85.518 E6.10146
G1 X73.278 Y85.692 E6.12434
G1 X73.016 Y85.936 E6.15942
G1 X72.69 Y86.173 E6.19891
G1 X72.164 Y86.44 E6.2567
G1 X71.598 Y86.605 E6.31449
G1 X71.091 Y86.659 E6.36441
G1 X70.703 Y86.146 F7800
G1 X71.065 Y86.247
;TYPE:Gap fill
;WIDTH:0.328087
G1 F1200
G1 X71.011 Y86.251 E6.3666
;WIDTH:0.318665
G1 X71 Y86.251 E6.36703
;WIDTH:0.318666
G1 X70.989 Y86.251 E6.36745
;WIDTH:0.328088
G1 X70.839 Y86.241 E6.37349
;WIDTH:0.328087
G1 X70.495 Y86.203 E6.38743
;WIDTH:0.317388
G1 X70.485 Y86.202 E6.38785
;WIDTH:0.317389
G1 X70.474 Y86.199 E6.38827
;WIDTH:0.327957
G1 X70.144 Y86.109 E6.40204
;WIDTH:0.327958
G1 X69.998 Y86.061 E6.40825
;WIDTH:0.317044
G1 X69.978 Y86.053 E6.40908
;WIDTH:0.319114
G1 X69.961 Y86.046 E6.40978
;WIDTH:0.327845
G1 X69.679 Y85.907 E6.42245
;WIDTH:0.327843
G1 X69.545 Y85.831 E6.42862
;WIDTH:0.313403
G1 X69.53 Y85.821 E6.4293
;WIDTH:0.324884
G1 X69.375 Y85.716 E6.43674
;WIDTH:0.324884
G1 X69.256 Y85.626 E6.44267
;WIDTH:0.320202
G1 X69.253 Y85.624 E6.44284
;WIDTH:0.319644
G1 X69.242 Y85.614 E6.44341
;WIDTH:0.318721
G1 X68.995 Y85.383 E6.4565
;WIDTH:0.318721
G1 X68.994 Y85.381 E6.45661
;WIDTH:0.318387
G1 X68.982 Y85.367 E6.45731
;WIDTH:0.328088
G1 X68.771 Y85.105 E6.47085
;WIDTH:0.328089
G1 X68.683 Y84.983 E6.47689
;WIDTH:0.31867
G1 X68.677 Y84.974 E6.47732
;WIDTH:0.318669
G1 X68.672 Y84.965 E6.47774
;WIDTH:0.32809
G1 X68.599 Y84.833 E6.48378
;WIDTH:0.328089
G1 X68.447 Y84.523 E6.49772
;WIDTH:0.318591
G1 X68.438 Y84.502 E6.49857
;WIDTH:0.31872
G1 X68.438 Y84.502 E6.4986
;WIDTH:0.328086
G1 X68.392 Y84.36 E6.50461
;WIDTH:0.328086
G1 X68.301 Y84.026 E6.51855
;WIDTH:0.317382
G1 X68.298 Y84.015 E6.51897
;WIDTH:0.317381
G1 X68.297 Y84.005 E6.51939
;WIDTH:0.328087
G1 X68.259 Y83.661 E6.53333
;WIDTH:0.328087
G1 X68.249 Y83.511 E6.53938
;WIDTH:0.318666
G1 X68.249 Y83.5 E6.5398
;WIDTH:0.318666
G1 X68.249 Y83.489 E6.54022
;WIDTH:0.328086
G1 X68.259 Y83.339 E6.54627
;WIDTH:0.328087
G1 X68.297 Y82.995 E6.56021
;WIDTH:0.317379
G1 X68.298 Y82.985 E6.56063
;WIDTH:0.31738
G1 X68.301 Y82.974 E6.56105
;WIDTH:0.328086
G1 X68.392 Y82.64 E6.57499
;WIDTH:0.328086
G1 X68.438 Y82.498 E6.581
;WIDTH:0.318722
G1 X68.438 Y82.498 E6.58103
;WIDTH:0.318591
G1 X68.447 Y82.477 E6.58188
;WIDTH:0.327717
G1 X68.594 Y82.177 E6.59532
;WIDTH:0.327718
G1 X68.674 Y82.037 E6.60183
;WIDTH:0.312465
G1 X68.686 Y82.019 E6.60264
;WIDTH:0.327717
G1 X68.779 Y81.886 E6.60915
;WIDTH:0.327718
G1 X68.988 Y81.625 E6.62259
;WIDTH:0.318589
G1 X69.002 Y81.609 E6.62344
;WIDTH:0.31872
G1 X69.003 Y81.608 E6.62347
;WIDTH:0.328831
G1 X69.12 Y81.498 E6.62998
;WIDTH:0.328833
G1 X69.241 Y81.392 E6.63647
;WIDTH:0.328835
G1 X69.376 Y81.283 E6.64349
;WIDTH:0.312464
G1 X69.394 Y81.271 E6.64429
;WIDTH:0.328832
G1 X69.539 Y81.175 E6.65132
;WIDTH:0.328831
G1 X69.667 Y81.1 E6.65733
;WIDTH:0.328832
G1 X69.82 Y81.018 E6.66435
;WIDTH:0.312464
G1 X69.84 Y81.009 E6.66515
;WIDTH:0.327718
G1 X69.989 Y80.947 E6.67167
;WIDTH:0.327718
G1 X70.296 Y80.842 E6.68471
;WIDTH:0.318392
G1 X70.314 Y80.837 E6.68541
;WIDTH:0.320203
G1 X70.328 Y80.833 E6.68598
;WIDTH:0.324887
G1 X70.474 Y80.803 E6.6919
;WIDTH:0.324889
G1 X70.647 Y80.776 E6.69887
;WIDTH:0.313883
G1 X70.66 Y80.774 E6.69938
;WIDTH:0.323753
G1 X70.835 Y80.757 E6.70634
;WIDTH:0.323752
G1 X70.953 Y80.752 E6.71101
;WIDTH:0.318465
G1 X70.97 Y80.752 E6.71168
;WIDTH:0.324424
G1 X71.029 Y80.753 E6.71401
;WIDTH:0.329111
G1 X71.343 Y80.777 E6.72673
;WIDTH:0.32911
G1 X71.499 Y80.798 E6.73312
;WIDTH:0.312221
G1 X71.521 Y80.802 E6.73398
;WIDTH:0.327715
G1 X71.683 Y80.841 E6.74065
;WIDTH:0.327714
G1 X72.002 Y80.939 E6.7541
;WIDTH:0.318591
G1 X72.023 Y80.946 E6.75494
;WIDTH:0.318718
G1 X72.024 Y80.947 E6.75497
;WIDTH:0.328829
G1 X72.169 Y81.015 E6.76148
;WIDTH:0.328831
G1 X72.312 Y81.088 E6.76797
;WIDTH:0.328831
G1 X72.463 Y81.174 E6.77499
;WIDTH:0.312459
G1 X72.481 Y81.186 E6.7758
;WIDTH:0.32883
G1 X72.623 Y81.286 E6.78282
;WIDTH:0.32883
G1 X72.741 Y81.377 E6.78883
;WIDTH:0.328831
G1 X72.873 Y81.49 E6.79585
;WIDTH:0.31246
G1 X72.889 Y81.504 E6.79666
;WIDTH:0.327716
G1 X73.001 Y81.621 E6.80317
;WIDTH:0.327716
G1 X73.218 Y81.875 E6.81661
;WIDTH:0.318591
G1 X73.232 Y81.892 E6.81746
;WIDTH:0.318717
G1 X73.232 Y81.893 E6.81749
;WIDTH:0.328829
G1 X73.319 Y82.029 E6.824
;WIDTH:0.328834
G1 X73.4 Y82.167 E6.83049
;WIDTH:0.328833
G1 X73.477 Y82.312 E6.8371
;WIDTH:0.313406
G1 X73.485 Y82.328 E6.83778
;WIDTH:0.324145
G1 X73.554 Y82.489 E6.84473
;WIDTH:0.324146
G1 X73.61 Y82.644 E6.85129
;WIDTH:0.313754
G1 X73.615 Y82.658 E6.85183
;WIDTH:0.32489
G1 X73.664 Y82.828 E6.85888
;WIDTH:0.324888
G1 X73.702 Y82.985 E6.86527
;WIDTH:0.31983
G1 X73.702 Y82.987 E6.86538
;WIDTH:0.319582
G1 X73.705 Y83.005 E6.86609
;WIDTH:0.328087
G1 X73.723 Y83.144 E6.87173
;WIDTH:0.328088
G1 X73.75 Y83.489 E6.88567
;WIDTH:0.317385
G1 X73.751 Y83.5 E6.88609
;WIDTH:0.317383
G1 X73.75 Y83.511 E6.88651
;WIDTH:0.328086
G1 X73.723 Y83.856 E6.90045
;WIDTH:0.328084
G1 X73.704 Y84.005 E6.90649
;WIDTH:0.318662
G1 X73.702 Y84.016 E6.90692
;WIDTH:0.318663
G1 X73.7 Y84.026 E6.90734
;WIDTH:0.328089
G1 X73.663 Y84.171 E6.91338
;WIDTH:0.32809
G1 X73.561 Y84.502 E6.92732
;WIDTH:0.317389
G1 X73.558 Y84.513 E6.92774
;WIDTH:0.317389
G1 X73.553 Y84.523 E6.92816
;WIDTH:0.328086
G1 X73.401 Y84.833 E6.94211
;WIDTH:0.328087
G1 X73.333 Y84.956 E6.94774
;WIDTH:0.319288
G1 X73.329 Y84.964 E6.9481
;WIDTH:0.319071
G1 X73.323 Y84.971 E6.94845
;WIDTH:0.31872
G1 X73.124 Y85.245 E6.96157
;WIDTH:0.319549
G1 X73.116 Y85.256 E6.96211
;WIDTH:0.319924
G1 X73.114 Y85.259 E6.96223
;WIDTH:0.322649
G1 X72.983 Y85.402 E6.96987
;WIDTH:0.32265
G1 X72.915 Y85.47 E6.97368
;WIDTH:0.315633
G1 X72.902 Y85.482 E6.97434
;WIDTH:0.331235
G1 X72.75 Y85.613 E6.98253
;WIDTH:0.331236
G1 X72.487 Y85.813 E6.996
;WIDTH:0.317941
G1 X72.468 Y85.826 E6.9969
;WIDTH:0.318714
G1 X72.464 Y85.829 E6.99709
;WIDTH:0.328085
G1 X72.333 Y85.901 E7.0031
;WIDTH:0.328084
G1 X72.023 Y86.053 E7.01704
;WIDTH:0.317383
G1 X72.013 Y86.058 E7.01746
;WIDTH:0.317383
G1 X72.002 Y86.061 E7.01788
;WIDTH:0.32809
G1 X71.671 Y86.163 E7.03182
;WIDTH:0.328091
G1 X71.527 Y86.2 E7.03783
;WIDTH:0.318721
G1 X71.526 Y86.2 E7.03786
;WIDTH:0.318594
G1 X71.505 Y86.203 E7.03871
;WIDTH:0.328086
G1 X71.161 Y86.241 E7.05265
;WIDTH:0.328087
G1 X71.155 Y86.242 E7.05288
G1 E4.05288 F2400
G92 E0
G1 X73.224 Y127.223 F7800
G1 E3 F2400
;TYPE:External perimeter
;WIDTH:0.675
G1 F1800
G1 X73.114 Y127.5 E3.02929
G1 X72.892 Y127.875 E3.0719
G1 X72.601 Y128.205 E3.11504
G1 X72.253 Y128.475 E3.15817
G1 X71.861 Y128.675 E3.2013
G1 X71.438 Y128.798 E3.24443
G1 X71 Y128.839 E3.28757
G1 X70.562 Y128.798 E3.3307
G1 X70.139 Y128.675 E3.37384
G1 X69.745 Y128.474 E3.41719
G1 X69.37 Y128.176 E3.46408
G1 X69.198 Y127.99 E3.48895
G1 X69.023 Y127.749 E3.51814
G1 X68.825 Y127.361 E3.56075
G1 X68.702 Y126.938 E3.60388
G1 X68.661 Y126.5 E3.64702
G1 X68.702 Y126.062 E3.69015
G1 X68.825 Y125.639 E3.73328
G1 X69.025 Y125.247 E3.77642
G1 X69.295 Y124.899 E3.81955
G1 X69.625 Y124.608 E3.86268
G1 X70.004 Y124.384 E3.90582
G1 X70.413 Y124.236 E3.94843
G1 X70.706 Y124.18 E3.97761
G1 X70.959 Y124.163 E4.00249
G1 X71.436 Y124.202 E4.04938
G1 X71.861 Y124.325 E4.09273
G1 X72.253 Y124.525 E4.13586
G1 X72.601 Y124.795 E4.179
G1 X72.892 Y125.125 E4.22213
G1 X73.114 Y125.5 E4.26474
G1 X73.224 Y125.777 E4.29403
G1 X73.298 Y126.067 E4.32332
G1 X73.339 Y126.5 E4.36593
G1 X73.298 Y126.933 E4.40854
G1 X73.246 Y127.135 E4.42902
G1 X73.426 Y127.443 F7800
G1 X74.001 Y127.476
G1 F1800
G1 X73.94 Y127.664 E4.44842
G1 X73.771 Y128.023 E4.48732
G1 X73.558 Y128.359 E4.52629
G1 X73.33 Y128.636 E4.56137
G1 X73.02 Y128.933 E4.60351
G1 X72.528 Y129.268 E4.66182
G1 X72.164 Y129.44 E4.70125
G1 X71.598 Y129.605 E4.75904
G1 X71 Y129.662 E4.81787
G1 X70.807 Y129.656 E4.83682
G1 X70.219 Y129.564 E4.89513
G1 X69.836 Y129.44 E4.93455
G1 X69.472 Y129.268 E4.97398
G1 X68.98 Y128.933 E5.03229
G1 X68.699 Y128.669 E5.07016
G1 X68.442 Y128.358 E5.10959
G1 X68.229 Y128.023 E5.14849
G1 X67.994 Y127.482 E5.20628
G1 X67.894 Y127.092 E5.24571
G1 X67.844 Y126.693 E5.28513
G1 X67.844 Y126.307 E5.323
G1 X67.894 Y125.907 E5.36249
G1 X67.982 Y125.56 E5.39757
G1 X68.059 Y125.339 E5.42045
G1 X68.229 Y124.977 E5.45969
G1 X68.442 Y124.642 E5.4986
G1 X68.835 Y124.195 E5.55691
G1 X68.98 Y124.067 E5.57586
G1 X69.472 Y123.732 E5.63417
G1 X69.836 Y123.56 E5.67359
G1 X70.402 Y123.395 E5.73139
G1 X70.805 Y123.344 E5.77115
G1 X71.038 Y123.339 E5.79403
G1 X71.396 Y123.363 E5.82911
G1 X71.786 Y123.438 E5.86808
G1 X72.346 Y123.639 E5.92639
G1 X72.863 Y123.945 E5.98522
G1 X73.305 Y124.336 E6.04302
G1 X73.561 Y124.646 E6.08244
G1 X73.768 Y124.972 E6.12031
G1 X73.94 Y125.336 E6.15974
G1 X74.064 Y125.719 E6.19916
G1 X74.137 Y126.098 E6.23703
G1 X74.162 Y126.5 E6.27646
G1 X74.137 Y126.902 E6.31588
G1 X74.029 Y127.39 E6.36488
G1 X73.81 Y127.526 F7800
G1 X73.634 Y127.275
;TYPE:Gap fill
;WIDTH:0.324889
G1 F1200
G1 X73.615 Y127.342 E6.36765
;WIDTH:0.313752
G1 X73.61 Y127.356 E6.36819
;WIDTH:0.324143
G1 X73.554 Y127.511 E6.37474
;WIDTH:0.324143
G1 X73.485 Y127.672 E6.3817
;WIDTH:0.313407
G1 X73.477 Y127.688 E6.38237
;WIDTH:0.32772
G1 X73.406 Y127.823 E6.38848
;WIDTH:0.327718
G1 X73.231 Y128.108 E6.40193
;WIDTH:0.317477
G1 X73.225 Y128.118 E6.4024
;WIDTH:0.317479
G1 X73.219 Y128.125 E6.40277
;WIDTH:0.328141
G1 X73.021 Y128.358 E6.41507
;WIDTH:0.328142
G1 X72.891 Y128.498 E6.42275
;WIDTH:0.318434
G1 X72.88 Y128.508 E6.42334
;WIDTH:0.318663
G1 X72.875 Y128.513 E6.4236
;WIDTH:0.328086
G1 X72.76 Y128.608 E6.42964
;WIDTH:0.328086
G1 X72.483 Y128.816 E6.44359
;WIDTH:0.318588
G1 X72.465 Y128.828 E6.44443
;WIDTH:0.318717
G1 X72.464 Y128.829 E6.44446
;WIDTH:0.328087
G1 X72.333 Y128.901 E6.45047
;WIDTH:0.328087
G1 X72.023 Y129.053 E6.46441
;WIDTH:0.317388
G1 X72.013 Y129.058 E6.46483
;WIDTH:0.317389
G1 X72.002 Y129.061 E6.46525
;WIDTH:0.32809
G1 X71.671 Y129.163 E6.4792
;WIDTH:0.32809
G1 X71.527 Y129.2 E6.4852
;WIDTH:0.318719
G1 X71.526 Y129.2 E6.48524
;WIDTH:0.318592
G1 X71.505 Y129.203 E6.48608
;WIDTH:0.32809
G1 X71.161 Y129.241 E6.50002
;WIDTH:0.328089
G1 X71.011 Y129.251 E6.50607
;WIDTH:0.318667
G1 X71 Y129.251 E6.50649
;WIDTH:0.318666
G1 X70.989 Y129.251 E6.50691
;WIDTH:0.32809
G1 X70.839 Y129.241 E6.51296
;WIDTH:0.328089
G1 X70.495 Y129.203 E6.5269
;WIDTH:0.318593
G1 X70.474 Y129.2 E6.52774
;WIDTH:0.31872
G1 X70.473 Y129.2 E6.52778
;WIDTH:0.32809
G1 X70.329 Y129.163 E6.53378
;WIDTH:0.32809
G1 X69.998 Y129.061 E6.54773
;WIDTH:0.317389
G1 X69.987 Y129.058 E6.54815
G1 X69.978 Y129.053 E6.54857
;WIDTH:0.328085
G1 X69.667 Y128.901 E6.56251
;WIDTH:0.328086
G1 X69.536 Y128.829 E6.56852
;WIDTH:0.318714
G1 X69.532 Y128.826 E6.56871
;WIDTH:0.317944
G1 X69.513 Y128.813 E6.56961
;WIDTH:0.331699
G1 X69.242 Y128.607 E6.58353
;WIDTH:0.331699
G1 X69.118 Y128.504 E6.5901
;WIDTH:0.323662
G1 X69.096 Y128.484 E6.59127
;WIDTH:0.320331
G1 X69.084 Y128.472 E6.59196
;WIDTH:0.32398
G1 X69.005 Y128.39 E6.59646
;WIDTH:0.323979
G1 X68.886 Y128.254 E6.60359
;WIDTH:0.313883
G1 X68.878 Y128.244 E6.60411
;WIDTH:0.324146
G1 X68.777 Y128.115 E6.61058
;WIDTH:0.324146
G1 X68.679 Y127.97 E6.61753
;WIDTH:0.313405
G1 X68.669 Y127.955 E6.61821
;WIDTH:0.327716
G1 X68.594 Y127.823 E6.62432
;WIDTH:0.327717
G1 X68.447 Y127.523 E6.63776
;WIDTH:0.318594
G1 X68.438 Y127.502 E6.63861
;WIDTH:0.318723
G1 X68.438 Y127.502 E6.63864
;WIDTH:0.328085
G1 X68.392 Y127.36 E6.64465
;WIDTH:0.328086
G1 X68.301 Y127.026 E6.65859
;WIDTH:0.317382
G1 X68.298 Y127.015 E6.65901
;WIDTH:0.317381
G1 X68.297 Y127.005 E6.65943
;WIDTH:0.328086
G1 X68.259 Y126.661 E6.67337
;WIDTH:0.328087
G1 X68.249 Y126.511 E6.67941
;WIDTH:0.318665
G1 X68.249 Y126.5 E6.67984
;WIDTH:0.318666
G1 X68.249 Y126.489 E6.68026
;WIDTH:0.328086
G1 X68.259 Y126.339 E6.6863
;WIDTH:0.328087
G1 X68.297 Y125.995 E6.70025
;WIDTH:0.317475
G1 X68.298 Y125.983 E6.70072
;WIDTH:0.317476
G1 X68.301 Y125.974 E6.70109
;WIDTH:0.328141
G1 X68.381 Y125.679 E6.71339
;WIDTH:0.32814
G1 X68.439 Y125.498 E6.72108
;WIDTH:0.318249
G1 X68.44 Y125.495 E6.7212
;WIDTH:0.318126
G1 X68.447 Y125.477 E6.72192
;WIDTH:0.327718
G1 X68.594 Y125.177 E6.73536
;WIDTH:0.327718
G1 X68.674 Y125.037 E6.74188
;WIDTH:0.312465
G1 X68.686 Y125.019 E6.74268
;WIDTH:0.327717
G1 X68.779 Y124.886 E6.74919
;WIDTH:0.327718
G1 X68.988 Y124.625 E6.76264
;WIDTH:0.318589
G1 X69.002 Y124.609 E6.76348
;WIDTH:0.31872
G1 X69.003 Y124.608 E6.76352
;WIDTH:0.32883
G1 X69.12 Y124.498 E6.77002
;WIDTH:0.328833
G1 X69.241 Y124.392 E6.77651
;WIDTH:0.328835
G1 X69.376 Y124.283 E6.78353
;WIDTH:0.312464
G1 X69.394 Y124.271 E6.78434
;WIDTH:0.328832
G1 X69.539 Y124.175 E6.79136
;WIDTH:0.328831
G1 X69.667 Y124.1 E6.79737
;WIDTH:0.328832
G1 X69.82 Y124.018 E6.80439
;WIDTH:0.312462
G1 X69.84 Y124.009 E6.8052
;WIDTH:0.327717
G1 X69.989 Y123.947 E6.81171
;WIDTH:0.327716
G1 X70.296 Y123.842 E6.82475
;WIDTH:0.318392
G1 X70.314 Y123.837 E6.82546
;WIDTH:0.320203
G1 X70.328 Y123.833 E6.82602
;WIDTH:0.324887
G1 X70.474 Y123.803 E6.83195
G1 X70.647 Y123.776 E6.83891
;WIDTH:0.313882
G1 X70.66 Y123.774 E6.83943
;WIDTH:0.323753
G1 X70.835 Y123.757 E6.84639
;WIDTH:0.323752
G1 X70.953 Y123.752 E6.85105
;WIDTH:0.318467
G1 X70.97 Y123.752 E6.85173
;WIDTH:0.324425
G1 X71.029 Y123.753 E6.85405
;WIDTH:0.329108
G1 X71.343 Y123.777 E6.86678
;WIDTH:0.32911
G1 X71.499 Y123.798 E6.87316
;WIDTH:0.312219
G1 X71.521 Y123.802 E6.87402
;WIDTH:0.327713
G1 X71.683 Y123.841 E6.8807
;WIDTH:0.327714
G1 X72.002 Y123.939 E6.89414
;WIDTH:0.318589
G1 X72.023 Y123.946 E6.89499
;WIDTH:0.318718
G1 X72.024 Y123.947 E6.89502
;WIDTH:0.32883
G1 X72.169 Y124.015 E6.90152
;WIDTH:0.328832
G1 X72.312 Y124.088 E6.90801
;WIDTH:0.328831
G1 X72.463 Y124.174 E6.91504
;WIDTH:0.312461
G1 X72.481 Y124.186 E6.91584
;WIDTH:0.32883
G1 X72.623 Y124.286 E6.92286
;WIDTH:0.32883
G1 X72.741 Y124.377 E6.92887
;WIDTH:0.32883
G1 X72.873 Y124.49 E6.93589
;WIDTH:0.312459
G1 X72.889 Y124.504 E6.9367
;WIDTH:0.327717
G1 X73.001 Y124.621 E6.94321
;WIDTH:0.327716
G1 X73.218 Y124.875 E6.95666
;WIDTH:0.318593
G1 X73.232 Y124.892 E6.9575
;WIDTH:0.31872
G1 X73.232 Y124.893 E6.95753
;WIDTH:0.32883
G1 X73.319 Y125.029 E6.96404
;WIDTH:0.328836
G1 X73.4 Y125.167 E6.97053
;WIDTH:0.328833
G1 X73.477 Y125.312 E6.97715
;WIDTH:0.313405
G1 X73.485 Y125.328 E6.97782
;WIDTH:0.324144
G1 X73.554 Y125.489 E6.98477
;WIDTH:0.324144
G1 X73.61 Y125.644 E6.99133
;WIDTH:0.313753
G1 X73.615 Y125.658 E6.99187
;WIDTH:0.324889
G1 X73.664 Y125.828 E6.99892
;WIDTH:0.32489
G1 X73.702 Y125.985 E7.00532
;WIDTH:0.31983
G1 X73.702 Y125.987 E7.00542
;WIDTH:0.319582
G1 X73.705 Y126.005 E7.00613
;WIDTH:0.328087
G1 X73.723 Y126.144 E7.01177
;WIDTH:0.328088
G1 X73.75 Y126.489 E7.02571
;WIDTH:0.317385
G1 X73.751 Y126.5 E7.02613
;WIDTH:0.317383
G1 X73.75 Y126.511 E7.02655
;WIDTH:0.328086
G1 X73.723 Y126.856 E7.04049
;WIDTH:0.328088
G1 X73.705 Y126.995 E7.04613
;WIDTH:0.319582
G1 X73.702 Y127.013 E7.04684
;WIDTH:0.319831
G1 X73.702 Y127.015 E7.04695
;WIDTH:0.32489
G1 X73.664 Y127.172 E7.05334
;WIDTH:0.324889
G1 X73.659 Y127.189 E7.05405
M106 S153
;LAYER_CHANGE
;Z:2.65
;HEIGHT:0.4
G1 Z2.65 F7800
G1 E4.05405 F2400
G92 E0
G1 X135.689 Y126.792 F7800
G1 E3 F2400
;TYPE:External perimeter
;WIDTH:0.675
G1 F1800
G1 X135.661 Y126.5 E3.02876
G1 X135.702 Y126.062 E3.0719
G1 X135.825 Y125.639 E3.11503
G1 X136.025 Y125.247 E3.15816
G1 X136.295 Y124.899 E3.2013
G1 X136.625 Y124.608 E3.24443
G1 X137.004 Y124.384 E3.28756
G1 X137.413 Y124.236 E3.33017
G1 X137.706 Y124.181 E3.35933
G1 X137.95 Y124.163 E3.38335
G1 X138.436 Y124.202 E3.43109
G1 X138.861 Y124.325 E3.47447
G1 X139.253 Y124.525 E3.5176
G1 X139.601 Y124.795 E3.56074
G1 X139.889 Y125.121 E3.60335
G1 X140.049 Y125.374 E3.63264
G1 X140.176 Y125.644 E3.66193
G1 X140.298 Y126.062 E3.70454
G1 X140.339 Y126.5 E3.74768
G1 X140.298 Y126.938 E3.79081
G1 X140.176 Y127.356 E3.83342
G1 X140.049 Y127.626 E3.86271
G1 X139.889 Y127.879 E3.892
G1 X139.601 Y128.205 E3.93461
G1 X139.253 Y128.475 E3.97775
G1 X138.861 Y128.675 E4.02088
G1 X138.438 Y128.798 E4.06401
G1 X138 Y128.839 E4.10715
G1 X137.562 Y128.798 E4.15028
G1 X137.139 Y128.675 E4.19341
G1 X136.744 Y128.474 E4.2368
G1 X136.364 Y128.169 E4.28454
G1 X136.198 Y127.989 E4.30855
G1 X136.023 Y127.749 E4.33771
G1 X135.825 Y127.361 E4.38032
G1 X135.697 Y126.882 E4.42892
G1 X135.413 Y126.692 F7800
G1 X134.994 Y127.481
G1 F1800
G1 X134.894 Y127.092 E4.46822
G1 X134.838 Y126.5 E4.52654
G1 X134.895 Y125.902 E4.58537
G1 X135.06 Y125.336 E4.64316
G1 X135.229 Y124.977 E4.68206
G1 X135.443 Y124.641 E4.72106
G1 X135.835 Y124.195 E4.77928
G1 X136.028 Y124.03 E4.80414
G1 X136.309 Y123.828 E4.83808
G1 X136.836 Y123.56 E4.89596
G1 X137.402 Y123.395 E4.95375
G1 X137.804 Y123.344 E4.99346
G1 X138.055 Y123.34 E5.01804
G1 X138.395 Y123.363 E5.05145
G1 X138.786 Y123.438 E5.09044
G1 X139.169 Y123.562 E5.12987
G1 X139.519 Y123.726 E5.16773
G1 X139.858 Y123.942 E5.20716
G1 X140.301 Y124.331 E5.26495
G1 X140.67 Y124.806 E5.32379
G1 X140.94 Y125.336 E5.3821
G1 X141.105 Y125.902 E5.43989
G1 X141.162 Y126.5 E5.49872
G1 X141.105 Y127.098 E5.55756
G1 X140.94 Y127.664 E5.61535
G1 X140.771 Y128.023 E5.65425
G1 X140.555 Y128.363 E5.69368
G1 X140.164 Y128.805 E5.75147
G1 X139.694 Y129.17 E5.80978
G1 X139.164 Y129.44 E5.8681
G1 X138.598 Y129.605 E5.92589
G1 X138 Y129.662 E5.98472
G1 X137.402 Y129.605 E6.04355
G1 X136.836 Y129.44 E6.10134
G1 X136.31 Y129.173 E6.15914
G1 X135.839 Y128.809 E6.21745
G1 X135.445 Y128.363 E6.27577
G1 X135.229 Y128.022 E6.31528
G1 X135.026 Y127.565 E6.3643
G1 X135.259 Y127.18 F7800
G1 X135.417 Y127.435
;TYPE:Gap fill
;WIDTH:0.32792
G1 F1200
G1 X135.391 Y127.355 E6.3677
;WIDTH:0.327921
G1 X135.301 Y127.026 E6.38142
;WIDTH:0.317386
G1 X135.298 Y127.015 E6.38184
;WIDTH:0.317387
G1 X135.297 Y127.005 E6.38226
;WIDTH:0.328089
G1 X135.259 Y126.661 E6.3962
;WIDTH:0.328087
G1 X135.249 Y126.511 E6.40224
;WIDTH:0.318665
G1 X135.249 Y126.5 E6.40267
;WIDTH:0.318666
G1 X135.249 Y126.489 E6.40309
;WIDTH:0.328088
G1 X135.259 Y126.339 E6.40913
;WIDTH:0.328087
G1 X135.297 Y125.995 E6.42308
;WIDTH:0.318592
G1 X135.3 Y125.974 E6.42392
;WIDTH:0.31872
G1 X135.3 Y125.973 E6.42395
;WIDTH:0.328091
G1 X135.337 Y125.829 E6.42996
;WIDTH:0.32809
G1 X135.439 Y125.498 E6.4439
;WIDTH:0.317384
G1 X135.442 Y125.487 E6.44432
;WIDTH:0.317385
G1 X135.447 Y125.478 E6.44474
;WIDTH:0.327714
G1 X135.594 Y125.177 E6.45819
;WIDTH:0.327714
G1 X135.674 Y125.037 E6.4647
;WIDTH:0.312459
G1 X135.686 Y125.019 E6.4655
;WIDTH:0.327901
G1 X135.78 Y124.885 E6.4721
;WIDTH:0.327903
G1 X135.966 Y124.651 E6.48412
;WIDTH:0.320117
G1 X135.988 Y124.626 E6.48544
;WIDTH:0.316346
G1 X136.003 Y124.61 E6.48627
;WIDTH:0.328424
G1 X136.12 Y124.498 E6.49279
;WIDTH:0.328425
G1 X136.284 Y124.356 E6.50155
;WIDTH:0.325356
G1 X136.376 Y124.283 E6.50622
;WIDTH:0.313679
G1 X136.393 Y124.27 E6.50704
;WIDTH:0.328829
G1 X136.537 Y124.176 E6.51398
;WIDTH:0.32883
G1 X136.667 Y124.1 E6.52007
;WIDTH:0.328829
G1 X136.82 Y124.018 E6.52709
;WIDTH:0.312461
G1 X136.84 Y124.009 E6.52789
;WIDTH:0.327716
G1 X136.989 Y123.947 E6.53441
;WIDTH:0.327718
G1 X137.296 Y123.842 E6.54745
;WIDTH:0.318388
G1 X137.314 Y123.837 E6.54815
;WIDTH:0.3202
G1 X137.328 Y123.833 E6.54872
;WIDTH:0.324884
G1 X137.474 Y123.803 E6.55464
;WIDTH:0.324883
G1 X137.646 Y123.776 E6.56159
;WIDTH:0.313908
G1 X137.659 Y123.774 E6.5621
;WIDTH:0.323463
G1 X137.834 Y123.757 E6.56903
;WIDTH:0.323463
G1 X137.943 Y123.752 E6.57335
;WIDTH:0.317979
G1 X137.961 Y123.752 E6.57402
;WIDTH:0.326091
G1 X138.045 Y123.755 E6.57738
;WIDTH:0.329383
G1 X138.342 Y123.777 E6.58946
;WIDTH:0.329382
G1 X138.498 Y123.798 E6.59584
;WIDTH:0.31218
G1 X138.521 Y123.802 E6.5967
;WIDTH:0.327715
G1 X138.683 Y123.841 E6.60341
;WIDTH:0.327714
G1 X139.002 Y123.939 E6.61685
;WIDTH:0.318591
G1 X139.023 Y123.946 E6.6177
;WIDTH:0.318719
G1 X139.024 Y123.947 E6.61773
;WIDTH:0.328831
G1 X139.169 Y124.015 E6.62424
;WIDTH:0.328832
G1 X139.312 Y124.088 E6.63073
;WIDTH:0.328832
G1 X139.463 Y124.174 E6.63775
;WIDTH:0.312461
G1 X139.481 Y124.186 E6.63855
;WIDTH:0.327713
G1 X139.614 Y124.279 E6.64507
;WIDTH:0.327713
G1 X139.875 Y124.488 E6.65851
;WIDTH:0.318587
G1 X139.891 Y124.502 E6.65935
;WIDTH:0.318718
G1 X139.892 Y124.503 E6.65939
;WIDTH:0.328086
G1 X139.994 Y124.612 E6.66539
;WIDTH:0.328084
G1 X140.212 Y124.867 E6.67893
;WIDTH:0.318386
G1 X140.223 Y124.881 E6.67964
;WIDTH:0.320199
G1 X140.232 Y124.893 E6.6802
;WIDTH:0.325256
G1 X140.32 Y125.028 E6.68661
;WIDTH:0.325255
G1 X140.404 Y125.165 E6.69302
;WIDTH:0.320202
G1 X140.406 Y125.169 E6.69319
;WIDTH:0.319645
G1 X140.413 Y125.182 E6.69376
;WIDTH:0.318723
G1 X140.557 Y125.488 E6.70685
G1 X140.558 Y125.49 E6.70695
;WIDTH:0.318388
G1 X140.564 Y125.507 E6.70766
;WIDTH:0.328084
G1 X140.663 Y125.829 E6.7212
;WIDTH:0.328085
G1 X140.7 Y125.973 E6.72721
;WIDTH:0.318716
G1 X140.7 Y125.974 E6.72724
;WIDTH:0.318586
G1 X140.703 Y125.995 E6.72808
;WIDTH:0.328087
G1 X140.741 Y126.339 E6.74203
;WIDTH:0.328087
G1 X140.751 Y126.489 E6.74807
;WIDTH:0.318665
G1 X140.751 Y126.5 E6.74849
;WIDTH:0.318666
G1 X140.751 Y126.511 E6.74892
;WIDTH:0.328087
G1 X140.741 Y126.661 E6.75496
;WIDTH:0.328087
G1 X140.703 Y127.005 E6.7689
;WIDTH:0.318586
G1 X140.7 Y127.026 E6.76975
;WIDTH:0.318714
G1 X140.7 Y127.027 E6.76978
;WIDTH:0.328083
G1 X140.663 Y127.171 E6.77579
;WIDTH:0.328084
G1 X140.564 Y127.493 E6.78932
;WIDTH:0.318386
G1 X140.558 Y127.51 E6.79003
;WIDTH:0.318722
G1 X140.557 Y127.512 E6.79013
;WIDTH:0.318723
G1 X140.413 Y127.818 E6.80322
;WIDTH:0.318953
G1 X140.41 Y127.825 E6.80351
;WIDTH:0.318954
G1 X140.406 Y127.831 E6.80379
;WIDTH:0.318724
G1 X140.223 Y128.119 E6.81698
;WIDTH:0.319077
G1 X140.218 Y128.126 E6.81734
;WIDTH:0.319292
G1 X140.213 Y128.133 E6.81769
;WIDTH:0.328086
G1 X140.123 Y128.241 E6.82333
;WIDTH:0.328085
G1 X139.89 Y128.497 E6.83728
;WIDTH:0.317384
G1 X139.883 Y128.505 E6.8377
;WIDTH:0.317385
G1 X139.875 Y128.512 E6.83812
;WIDTH:0.328085
G1 X139.605 Y128.729 E6.85206
;WIDTH:0.328085
G1 X139.483 Y128.817 E6.8581
;WIDTH:0.318662
G1 X139.474 Y128.823 E6.85852
;WIDTH:0.318661
G1 X139.465 Y128.828 E6.85895
;WIDTH:0.328087
G1 X139.333 Y128.901 E6.86499
;WIDTH:0.328085
G1 X139.023 Y129.053 E6.87893
;WIDTH:0.317391
G1 X139.013 Y129.058 E6.87935
;WIDTH:0.317391
G1 X139.002 Y129.061 E6.87977
;WIDTH:0.328089
G1 X138.671 Y129.163 E6.89371
;WIDTH:0.32809
G1 X138.527 Y129.2 E6.89972
;WIDTH:0.318717
G1 X138.526 Y129.2 E6.89975
;WIDTH:0.318591
G1 X138.505 Y129.203 E6.9006
;WIDTH:0.328089
G1 X138.161 Y129.241 E6.91454
;WIDTH:0.328089
G1 X138.011 Y129.251 E6.92058
;WIDTH:0.318666
G1 X138 Y129.251 E6.92101
;WIDTH:0.318666
G1 X137.989 Y129.251 E6.92143
;WIDTH:0.328088
G1 X137.839 Y129.241 E6.92747
;WIDTH:0.328089
G1 X137.495 Y129.203 E6.94142
;WIDTH:0.318591
G1 X137.474 Y129.2 E6.94226
;WIDTH:0.318719
G1 X137.473 Y129.2 E6.94229
;WIDTH:0.328092
G1 X137.329 Y129.163 E6.9483
;WIDTH:0.32809
G1 X136.998 Y129.061 E6.96225
;WIDTH:0.317389
G1 X136.987 Y129.058 E6.96266
;WIDTH:0.317389
G1 X136.977 Y129.053 E6.96308
;WIDTH:0.328089
G1 X136.667 Y128.901 E6.97703
;WIDTH:0.328087
G1 X136.536 Y128.829 E6.98304
;WIDTH:0.318715
G1 X136.531 Y128.826 E6.98325
;WIDTH:0.317832
G1 X136.512 Y128.813 E6.98416
;WIDTH:0.332307
G1 X136.242 Y128.607 E6.99808
;WIDTH:0.332307
G1 X136.128 Y128.511 E7.00418
;WIDTH:0.325193
G1 X136.09 Y128.476 E7.00622
;WIDTH:0.317916
G1 X136.078 Y128.464 E7.00689
;WIDTH:0.319045
G1 X135.884 Y128.256 E7.01793
;WIDTH:0.319964
G1 X135.875 Y128.245 E7.01847
;WIDTH:0.320198
G1 X135.874 Y128.244 E7.01854
;WIDTH:0.324883
G1 X135.784 Y128.125 E7.02447
;WIDTH:0.324883
G1 X135.679 Y127.97 E7.03191
;WIDTH:0.313402
G1 X135.669 Y127.955 E7.03258
;WIDTH:0.327903
G1 X135.593 Y127.821 E7.03878
;WIDTH:0.327902
G1 X135.461 Y127.553 E7.05079
;WIDTH:0.320121
G1 X135.447 Y127.522 E7.05211
;WIDTH:0.316349
G1 X135.447 Y127.52 E7.05221
G1 E4.05221 F2400
G92 E0
G1 X135.68 Y83.794 F7800
G1 E3 F2400
;TYPE:External perimeter
;WIDTH:0.675
G1 F1800
G1 X135.661 Y83.495 E3.02937
G1 X135.702 Y83.062 E3.07198
G1 X135.825 Y82.639 E3.11511
G1 X136.025 Y82.247 E3.15824
G1 X136.295 Y81.899 E3.20138
G1 X136.625 Y81.608 E3.24451
G1 X137.004 Y81.384 E3.28765
G1 X137.413 Y81.236 E3.33026
G1 X137.706 Y81.181 E3.35941
G1 X137.95 Y81.163 E3.38343
G1 X138.436 Y81.202 E3.43117
G1 X138.861 Y81.325 E3.47455
G1 X139.253 Y81.525 E3.51769
G1 X139.601 Y81.795 E3.56082
G1 X139.889 Y82.121 E3.60343
G1 X140.049 Y82.374 E3.63272
G1 X140.176 Y82.644 E3.66201
G1 X140.298 Y83.062 E3.70462
G1 X140.339 Y83.5 E3.74776
G1 X140.298 Y83.938 E3.79089
G1 X140.176 Y84.356 E3.8335
G1 X140.049 Y84.626 E3.86279
G1 X139.889 Y84.879 E3.89208
G1 X139.601 Y85.205 E3.93469
G1 X139.253 Y85.475 E3.97783
G1 X138.861 Y85.675 E4.02096
G1 X138.438 Y85.798 E4.06409
G1 X138 Y85.839 E4.10723
G1 X137.562 Y85.798 E4.15036
G1 X137.139 Y85.675 E4.1935
G1 X136.747 Y85.475 E4.23663
G1 X136.399 Y85.205 E4.27976
G1 X136.108 Y84.875 E4.3229
G1 X135.884 Y84.496 E4.36603
G1 X135.736 Y84.087 E4.40864
G1 X135.697 Y83.882 E4.42904
G1 X135.403 Y83.681 F7800
G1 X134.839 Y83.528
G1 F1800
G1 X134.844 Y83.307 E4.45075
G1 X134.895 Y82.902 E4.49069
G1 X135.06 Y82.336 E4.54849
G1 X135.229 Y81.977 E4.58739
G1 X135.443 Y81.641 E4.62638
G1 X135.833 Y81.197 E4.68432
G1 X136.306 Y80.83 E4.74292
G1 X136.836 Y80.56 E4.80123
G1 X137.402 Y80.395 E4.85902
G1 X137.804 Y80.344 E4.89874
G1 X138.055 Y80.34 E4.92331
G1 X138.395 Y80.363 E4.95672
G1 X138.786 Y80.438 E4.99572
G1 X139.346 Y80.639 E5.05403
G1 X139.858 Y80.942 E5.11234
G1 X140.301 Y81.331 E5.17013
G1 X140.67 Y81.806 E5.22897
G1 X140.94 Y82.336 E5.28728
G1 X141.105 Y82.902 E5.34507
G1 X141.162 Y83.5 E5.4039
G1 X141.105 Y84.098 E5.46274
G1 X140.94 Y84.665 E5.52062
G1 X140.669 Y85.196 E5.57907
G1 X140.301 Y85.669 E5.63767
G1 X139.858 Y86.058 E5.69547
G1 X139.523 Y86.271 E5.73437
G1 X139.164 Y86.44 E5.77327
G1 X138.598 Y86.605 E5.83107
G1 X138.002 Y86.662 E5.88967
G1 X137.747 Y86.651 E5.91476
G1 X137.403 Y86.605 E5.9487
G1 X136.836 Y86.44 E6.00658
G1 X136.31 Y86.173 E6.06437
G1 X135.839 Y85.809 E6.12268
G1 X135.445 Y85.363 E6.181
G1 X135.229 Y85.022 E6.22051
G1 X135.082 Y84.715 E6.25392
G1 X134.994 Y84.48 E6.2785
G1 X134.894 Y84.092 E6.31769
G1 X134.841 Y83.618 E6.36444
G1 X135.026 Y83.41 F7800
G1 X135.254 Y83.599
;TYPE:Gap fill
;WIDTH:0.324887
G1 F1200
G1 X135.249 Y83.5 E6.36837
;WIDTH:0.319831
G1 X135.249 Y83.497 E6.36847
;WIDTH:0.319582
G1 X135.25 Y83.479 E6.36918
;WIDTH:0.328088
G1 X135.259 Y83.339 E6.37482
;WIDTH:0.328087
G1 X135.297 Y82.995 E6.38876
;WIDTH:0.318592
G1 X135.3 Y82.974 E6.38961
;WIDTH:0.318721
G1 X135.3 Y82.973 E6.38964
;WIDTH:0.328092
G1 X135.337 Y82.829 E6.39565
;WIDTH:0.32809
G1 X135.439 Y82.498 E6.40959
;WIDTH:0.317384
G1 X135.442 Y82.487 E6.41001
;WIDTH:0.317385
G1 X135.447 Y82.478 E6.41043
;WIDTH:0.327714
G1 X135.594 Y82.177 E6.42388
;WIDTH:0.327714
G1 X135.674 Y82.037 E6.43039
;WIDTH:0.312459
G1 X135.686 Y82.019 E6.43119
;WIDTH:0.327902
G1 X135.78 Y81.885 E6.43779
;WIDTH:0.327903
G1 X135.966 Y81.651 E6.44981
;WIDTH:0.320119
G1 X135.988 Y81.626 E6.45112
;WIDTH:0.316347
G1 X136.003 Y81.61 E6.45195
;WIDTH:0.327922
G1 X136.116 Y81.503 E6.45821
;WIDTH:0.32792
G1 X136.375 Y81.282 E6.47193
;WIDTH:0.318589
G1 X136.392 Y81.268 E6.47277
;WIDTH:0.318715
G1 X136.393 Y81.268 E6.4728
;WIDTH:0.328826
G1 X136.529 Y81.181 E6.47931
;WIDTH:0.328829
G1 X136.667 Y81.1 E6.4858
;WIDTH:0.328829
G1 X136.82 Y81.018 E6.49282
;WIDTH:0.312461
G1 X136.84 Y81.009 E6.49363
;WIDTH:0.327717
G1 X136.989 Y80.947 E6.50014
;WIDTH:0.327715
G1 X137.296 Y80.842 E6.51318
;WIDTH:0.318387
G1 X137.314 Y80.837 E6.51388
;WIDTH:0.320202
G1 X137.328 Y80.833 E6.51445
;WIDTH:0.324886
G1 X137.474 Y80.803 E6.52038
;WIDTH:0.324885
G1 X137.646 Y80.776 E6.52732
;WIDTH:0.313911
G1 X137.659 Y80.774 E6.52783
;WIDTH:0.323462
G1 X137.834 Y80.757 E6.53476
;WIDTH:0.323463
G1 X137.943 Y80.752 E6.53908
;WIDTH:0.317979
G1 X137.961 Y80.752 E6.53975
;WIDTH:0.326091
G1 X138.045 Y80.755 E6.54311
;WIDTH:0.329384
G1 X138.342 Y80.777 E6.55519
;WIDTH:0.329383
G1 X138.498 Y80.798 E6.56157
;WIDTH:0.312181
G1 X138.521 Y80.802 E6.56243
;WIDTH:0.327715
G1 X138.683 Y80.841 E6.56914
;WIDTH:0.327714
G1 X139.002 Y80.939 E6.58258
;WIDTH:0.318589
G1 X139.023 Y80.946 E6.58343
;WIDTH:0.318719
G1 X139.024 Y80.947 E6.58346
;WIDTH:0.32883
G1 X139.169 Y81.015 E6.58997
;WIDTH:0.32883
G1 X139.312 Y81.088 E6.59646
;WIDTH:0.328831
G1 X139.463 Y81.174 E6.60348
;WIDTH:0.312461
G1 X139.481 Y81.186 E6.60428
;WIDTH:0.327714
G1 X139.614 Y81.279 E6.6108
;WIDTH:0.327716
G1 X139.875 Y81.488 E6.62424
;WIDTH:0.318586
G1 X139.891 Y81.502 E6.62509
;WIDTH:0.318718
G1 X139.892 Y81.503 E6.62512
;WIDTH:0.328085
G1 X139.994 Y81.612 E6.63112
;WIDTH:0.328084
G1 X140.212 Y81.867 E6.64466
;WIDTH:0.318383
G1 X140.223 Y81.881 E6.64537
;WIDTH:0.320198
G1 X140.232 Y81.893 E6.64593
;WIDTH:0.325255
G1 X140.32 Y82.028 E6.65234
;WIDTH:0.325255
G1 X140.404 Y82.165 E6.65875
;WIDTH:0.320202
G1 X140.406 Y82.169 E6.65892
;WIDTH:0.319644
G1 X140.413 Y82.182 E6.65949
;WIDTH:0.318724
G1 X140.557 Y82.488 E6.67258
;WIDTH:0.318723
G1 X140.558 Y82.49 E6.67268
;WIDTH:0.318387
G1 X140.564 Y82.507 E6.67339
;WIDTH:0.328084
G1 X140.663 Y82.829 E6.68693
;WIDTH:0.328085
G1 X140.7 Y82.973 E6.69294
;WIDTH:0.318714
G1 X140.7 Y82.974 E6.69297
;WIDTH:0.318586
G1 X140.703 Y82.995 E6.69381
;WIDTH:0.328088
G1 X140.741 Y83.339 E6.70776
;WIDTH:0.328087
G1 X140.751 Y83.489 E6.7138
;WIDTH:0.318666
G1 X140.751 Y83.5 E6.71422
;WIDTH:0.318666
G1 X140.751 Y83.511 E6.71465
;WIDTH:0.328087
G1 X140.741 Y83.661 E6.72069
;WIDTH:0.328087
G1 X140.703 Y84.005 E6.73463
;WIDTH:0.318586
G1 X140.7 Y84.026 E6.73548
;WIDTH:0.318715
G1 X140.7 Y84.027 E6.73551
;WIDTH:0.328085
G1 X140.663 Y84.171 E6.74152
;WIDTH:0.328085
G1 X140.564 Y84.493 E6.75506
;WIDTH:0.318386
G1 X140.558 Y84.51 E6.75576
;WIDTH:0.31897
G1 X140.556 Y84.514 E6.75594
;WIDTH:0.320565
G1 X140.43 Y84.785 E6.7676
;WIDTH:0.320567
G1 X140.412 Y84.818 E6.76906
;WIDTH:0.317573
G1 X140.405 Y84.831 E6.76962
;WIDTH:0.325089
G1 X140.317 Y84.977 E6.77641
;WIDTH:0.325089
G1 X140.232 Y85.107 E6.7826
;WIDTH:0.320199
G1 X140.223 Y85.119 E6.78317
;WIDTH:0.318384
G1 X140.212 Y85.133 E6.78387
;WIDTH:0.328084
G1 X139.994 Y85.388 E6.79741
;WIDTH:0.328084
G1 X139.892 Y85.497 E6.80342
;WIDTH:0.318718
G1 X139.891 Y85.498 E6.80345
;WIDTH:0.318588
G1 X139.875 Y85.512 E6.80429
;WIDTH:0.327715
G1 X139.614 Y85.721 E6.81774
;WIDTH:0.327714
G1 X139.481 Y85.814 E6.82425
;WIDTH:0.312462
G1 X139.463 Y85.826 E6.82506
;WIDTH:0.327715
G1 X139.323 Y85.906 E6.83157
;WIDTH:0.327714
G1 X139.022 Y86.053 E6.84501
;WIDTH:0.317385
G1 X139.013 Y86.058 E6.84543
;WIDTH:0.317385
G1 X139.002 Y86.061 E6.84585
;WIDTH:0.328092
G1 X138.671 Y86.163 E6.85979
;WIDTH:0.328091
G1 X138.527 Y86.2 E6.8658
;WIDTH:0.318719
G1 X138.526 Y86.2 E6.86583
;WIDTH:0.318593
G1 X138.505 Y86.203 E6.86668
;WIDTH:0.328087
G1 X138.161 Y86.241 E6.88062
;WIDTH:0.328089
G1 X138.011 Y86.251 E6.88666
;WIDTH:0.318666
G1 X138.005 Y86.251 E6.88688
;WIDTH:0.318448
G1 X137.989 Y86.251 E6.88751
;WIDTH:0.328157
G1 X137.783 Y86.236 E6.89583
;WIDTH:0.328158
G1 X137.495 Y86.204 E6.9075
;WIDTH:0.318599
G1 X137.475 Y86.2 E6.9083
;WIDTH:0.318667
G1 X137.474 Y86.2 E6.90835
;WIDTH:0.32809
G1 X137.329 Y86.163 E6.91439
;WIDTH:0.328088
G1 X136.998 Y86.061 E6.92833
;WIDTH:0.317388
G1 X136.987 Y86.058 E6.92875
;WIDTH:0.317387
G1 X136.978 Y86.053 E6.92917
;WIDTH:0.328088
G1 X136.667 Y85.901 E6.94311
;WIDTH:0.328087
G1 X136.536 Y85.829 E6.94912
;WIDTH:0.318715
G1 X136.535 Y85.828 E6.94915
;WIDTH:0.318589
G1 X136.517 Y85.816 E6.95
;WIDTH:0.328086
G1 X136.24 Y85.608 E6.96394
;WIDTH:0.328086
G1 X136.126 Y85.513 E6.96995
;WIDTH:0.318714
G1 X136.125 Y85.513 E6.96998
;WIDTH:0.318588
G1 X136.11 Y85.497 E6.97083
;WIDTH:0.328087
G1 X135.877 Y85.241 E6.98477
;WIDTH:0.328086
G1 X135.782 Y85.126 E6.99078
;WIDTH:0.318718
G1 X135.781 Y85.126 E6.99081
;WIDTH:0.318587
G1 X135.769 Y85.108 E6.99166
;WIDTH:0.327778
G1 X135.593 Y84.821 E7.00518
;WIDTH:0.327776
G1 X135.518 Y84.68 E7.01162
;WIDTH:0.31368
G1 X135.509 Y84.66 E7.01243
;WIDTH:0.325357
G1 X135.464 Y84.552 E7.0171
;WIDTH:0.328328
G1 X135.391 Y84.355 E7.02559
;WIDTH:0.328329
G1 X135.344 Y84.203 E7.03198
;WIDTH:0.313403
G1 X135.34 Y84.186 E7.03266
;WIDTH:0.324142
G1 X135.301 Y84.015 E7.03961
;WIDTH:0.324143
G1 X135.275 Y83.851 E7.04616
;WIDTH:0.313751
G1 X135.274 Y83.837 E7.04671
;WIDTH:0.324887
G1 X135.26 Y83.689 E7.05264
G1 E4.05264 F2400
G92 E0
G1 X97.427 Y78.073 F7800
G1 E3 F2400
;TYPE:Perimeter
;WIDTH:0.675
G1 F1800
G1 X97.427 Y76.927 E3.11235
G1 X99.573 Y76.927 E3.32268
G1 X99.573 Y78.073 E3.43502
G1 X97.517 Y78.073 E3.63653
G1 X96.837 Y78.662 F7800
;TYPE:External perimeter
G1 F1800
G1 X96.837 Y76.337 E3.86433
G1 X100.162 Y76.337 E4.19011
G1 X100.162 Y78.662 E4.4179
G1 X96.927 Y78.662 E4.73486
G1 X97.026 Y78.093 F7800
G1 X97.721 Y77.5
;TYPE:Gap fill
;WIDTH:0.643365
G1 F1200
G1 X99.279 Y77.5 E4.87927
G1 E1.87927 F2400
G92 E0
G1 X65.427 Y78.073 F7800
G1 E3 F2400
;TYPE:Perimeter
;WIDTH:0.675
G1 F1800
G1 X65.427 Y76.927 E3.11235
G1 X77.573 Y76.927 E4.30245
G1 X77.573 Y78.073 E4.4148
G1 X65.517 Y78.073 E5.59609
G1 X65.427 Y131.927 F7800
G1 F4800
G1 X143.427 Y131.927 E13.23834
G1 X143.427 Y78.073 E18.51476
G1 X135.427 Y78.073 E19.29858
G1 X135.427 Y76.927 E19.41093
G1 X144.573 Y76.927 E20.3071
G1 X144.573 Y133.073 E25.80821
G1 X65.427 Y133.073 E33.56281
G1 X65.427 Y132.017 E33.66634
G1 X66.162 Y78.662 F7800
;TYPE:External perimeter
G1 F2400
G1 X66.162 Y131.338 E38.82731
G1 X142.838 Y131.338 E46.33975
G1 X142.838 Y78.662 E51.50072
G1 X134.838 Y78.662 E52.28454
G1 X134.838 Y76.337 E52.51233
G1 X145.163 Y76.337 E53.52395
G1 X145.163 Y133.663 E59.14052
G1 X64.837 Y133.663 E67.01057
G1 X64.837 Y76.337 E72.62713
G1 X78.162 Y76.337 E73.93268
G1 X78.162 Y78.662 E74.16048
G1 X66.252 Y78.662 E75.3274
G1 X65.564 Y78.701 F7800
G1 X65.5 Y78.368
;TYPE:Gap fill
;WIDTH:0.821683
G1 F1200
G1 X65.5 Y131.632 E81.84538
G1 X65.721 Y132.5 F7800
;WIDTH:0.643365
G1 F1200
G1 X143.721 Y132.5 E89.07728
;WIDTH:0.691191
G1 X143.837 Y132.476 E89.08915
;WIDTH:0.691193
G1 X143.952 Y132.452 E89.10102
G1 X144 Y132.221 E89.12476
;WIDTH:0.643365
G1 X144 Y77.779 E94.17249
;WIDTH:0.691191
G1 X143.976 Y77.663 E94.18436
;WIDTH:0.691193
G1 X143.952 Y77.548 E94.19623
G1 X143.721 Y77.5 E94.21997
;WIDTH:0.643363
G1 X135.721 Y77.5 E94.9617
G1 E91.9617 F2400
G92 E0
G1 X77.279 Y77.5 F7800
G1 E3 F2400
;WIDTH:0.643365
G1 F1200
G1 X65.721 Y77.5 E4.07157
G1 E1.07157 F2400
G92 E0
G1 X71.293 Y85.82 F7800
G1 E3 F2400
;TYPE:External perimeter
;WIDTH:0.675
G1 F1800
G1 X70.995 Y85.839 E3.02929
G1 X70.562 Y85.798 E3.0719
G1 X70.139 Y85.675 E3.11503
G1 X69.751 Y85.477 E3.15765
G1 X69.51 Y85.302 E3.18694
G1 X69.292 Y85.097 E3.21623
G1 X69.025 Y84.753 E3.25884
G1 X68.825 Y84.361 E3.30197
G1 X68.702 Y83.938 E3.3451
G1 X68.661 Y83.5 E3.38824
G1 X68.702 Y83.062 E3.43137
G1 X68.825 Y82.639 E3.47451
G1 X69.025 Y82.247 E3.51764
G1 X69.295 Y81.899 E3.56077
G1 X69.625 Y81.608 E3.60391
G1 X70.004 Y81.384 E3.64704
G1 X70.413 Y81.236 E3.68965
G1 X70.706 Y81.181 E3.71881
G1 X70.95 Y81.163 E3.74283
G1 X71.436 Y81.202 E3.79056
G1 X71.861 Y81.325 E3.83395
G1 X72.253 Y81.525 E3.87708
G1 X72.601 Y81.795 E3.92022
G1 X72.892 Y82.125 E3.96335
G1 X73.114 Y82.5 E4.00596
G1 X73.224 Y82.777 E4.03525
G1 X73.298 Y83.067 E4.06454
G1 X73.339 Y83.5 E4.10715
G1 X73.298 Y83.938 E4.15028
G1 X73.175 Y84.361 E4.19342
G1 X72.975 Y84.753 E4.23655
G1 X72.705 Y85.101 E4.27969
G1 X72.375 Y85.392 E4.32282
G1 X71.996 Y85.616 E4.36595
G1 X71.587 Y85.764 E4.40856
G1 X71.381 Y85.803 E4.42904
G1 X71.18 Y86.096 F7800
G1 X71.002 Y86.662
G1 F1800
G1 X70.747 Y86.651 E4.45413
G1 X70.403 Y86.605 E4.48807
G1 X69.836 Y86.44 E4.54595
G1 X69.477 Y86.271 E4.58485
G1 X69.137 Y86.055 E4.62428
G1 X68.695 Y85.664 E4.68207
G1 X68.33 Y85.194 E4.74038
G1 X68.058 Y84.659 E4.79921
G1 X67.894 Y84.092 E4.85701
G1 X67.838 Y83.5 E4.91532
G1 X67.894 Y82.907 E4.97372
G1 X68.059 Y82.339 E5.03165
G1 X68.229 Y81.977 E5.07085
G1 X68.442 Y81.642 E5.10975
G1 X68.699 Y81.331 E5.14917
G1 X69.028 Y81.03 E5.19294
G1 X69.307 Y80.829 E5.22665
G1 X69.526 Y80.704 E5.25131
G1 X69.835 Y80.56 E5.28473
G1 X70.219 Y80.436 E5.32424
G1 X70.804 Y80.344 E5.38232
G1 X71.395 Y80.363 E5.44025
G1 X71.786 Y80.438 E5.47925
G1 X72.169 Y80.562 E5.51867
G1 X72.519 Y80.726 E5.55654
G1 X72.863 Y80.945 E5.59648
G1 X73.305 Y81.336 E5.65428
G1 X73.67 Y81.806 E5.71259
G1 X73.94 Y82.336 E5.7709
G1 X74.106 Y82.907 E5.82921
G1 X74.162 Y83.5 E5.88753
G1 X74.106 Y84.093 E5.94584
G1 X73.94 Y84.664 E6.00415
G1 X73.67 Y85.194 E6.06246
G1 X73.305 Y85.664 E6.12077
G1 X73.013 Y85.938 E6.15997
G1 X72.813 Y86.089 E6.18454
G1 X72.524 Y86.27 E6.21795
G1 X72.164 Y86.44 E6.25695
G1 X71.598 Y86.605 E6.31474
G1 X71.092 Y86.659 E6.36454
G1 X70.867 Y86.445 F7800
G1 X71.073 Y86.247
;TYPE:Gap fill
;WIDTH:0.324887
G1 F1200
G1 X71.005 Y86.25 E6.36723
;WIDTH:0.319997
G1 X70.997 Y86.25 E6.36754
;WIDTH:0.319138
G1 X70.979 Y86.25 E6.36825
;WIDTH:0.328157
G1 X70.783 Y86.236 E6.37616
;WIDTH:0.328158
G1 X70.495 Y86.204 E6.38784
;WIDTH:0.318602
G1 X70.475 Y86.2 E6.38864
;WIDTH:0.318671
G1 X70.474 Y86.2 E6.38868
;WIDTH:0.328089
G1 X70.329 Y86.163 E6.39472
;WIDTH:0.328091
G1 X69.998 Y86.061 E6.40867
;WIDTH:0.317386
G1 X69.987 Y86.058 E6.40909
;WIDTH:0.317387
G1 X69.978 Y86.053 E6.40951
;WIDTH:0.327714
G1 X69.677 Y85.906 E6.42295
;WIDTH:0.327714
G1 X69.545 Y85.831 E6.42906
;WIDTH:0.313404
G1 X69.53 Y85.821 E6.42974
;WIDTH:0.324887
G1 X69.375 Y85.716 E6.43718
;WIDTH:0.324885
G1 X69.256 Y85.626 E6.44311
;WIDTH:0.320203
G1 X69.253 Y85.624 E6.44328
;WIDTH:0.319643
G1 X69.242 Y85.614 E6.44385
;WIDTH:0.318722
G1 X68.995 Y85.383 E6.45694
;WIDTH:0.318718
G1 X68.994 Y85.381 E6.45704
;WIDTH:0.318386
G1 X68.982 Y85.367 E6.45775
;WIDTH:0.32809
G1 X68.771 Y85.105 E6.47129
;WIDTH:0.328089
G1 X68.683 Y84.983 E6.47733
;WIDTH:0.31867
G1 X68.677 Y84.974 E6.47775
;WIDTH:0.318671
G1 X68.672 Y84.965 E6.47818
;WIDTH:0.32809
G1 X68.599 Y84.833 E6.48422
;WIDTH:0.328092
G1 X68.447 Y84.523 E6.49816
;WIDTH:0.318593
G1 X68.438 Y84.502 E6.49901
;WIDTH:0.318719
G1 X68.438 Y84.502 E6.49904
;WIDTH:0.328085
G1 X68.392 Y84.36 E6.50505
;WIDTH:0.328086
G1 X68.301 Y84.026 E6.51899
;WIDTH:0.317382
G1 X68.298 Y84.015 E6.51941
;WIDTH:0.317381
G1 X68.297 Y84.005 E6.51983
;WIDTH:0.328087
G1 X68.259 Y83.661 E6.53377
;WIDTH:0.328087
G1 X68.249 Y83.511 E6.53981
;WIDTH:0.318665
G1 X68.249 Y83.5 E6.54024
;WIDTH:0.318666
G1 X68.249 Y83.489 E6.54066
;WIDTH:0.328087
G1 X68.259 Y83.339 E6.5467
;WIDTH:0.328087
G1 X68.297 Y82.995 E6.56065
;WIDTH:0.317524
G1 X68.298 Y82.983 E6.56114
;WIDTH:0.317525
G1 X68.301 Y82.974 E6.56149
;WIDTH:0.328156
G1 X68.376 Y82.694 E6.57316
G1 X68.439 Y82.498 E6.58148
;WIDTH:0.318111
G1 X68.44 Y82.493 E6.58165
;WIDTH:0.317978
G1 X68.447 Y82.477 E6.58232
;WIDTH:0.327715
G1 X68.594 Y82.177 E6.59576
;WIDTH:0.327716
G1 X68.674 Y82.037 E6.60228
;WIDTH:0.312465
G1 X68.686 Y82.019 E6.60308
;WIDTH:0.327717
G1 X68.779 Y81.886 E6.60959
;WIDTH:0.327718
G1 X68.988 Y81.625 E6.62304
;WIDTH:0.318588
G1 X69.002 Y81.609 E6.62388
;WIDTH:0.318718
G1 X69.003 Y81.608 E6.62392
;WIDTH:0.328494
G1 X69.116 Y81.502 E6.6302
;WIDTH:0.328495
G1 X69.284 Y81.356 E6.63917
;WIDTH:0.32536
G1 X69.376 Y81.283 E6.64384
;WIDTH:0.313683
G1 X69.393 Y81.27 E6.64466
;WIDTH:0.328357
G1 X69.533 Y81.179 E6.65137
;WIDTH:0.328355
G1 X69.716 Y81.072 E6.65994
;WIDTH:0.325357
G1 X69.82 Y81.018 E6.66461
;WIDTH:0.313682
G1 X69.84 Y81.009 E6.66542
;WIDTH:0.32778
G1 X69.987 Y80.948 E6.67186
;WIDTH:0.32778
G1 X70.296 Y80.842 E6.68498
;WIDTH:0.318392
G1 X70.314 Y80.837 E6.68569
;WIDTH:0.320203
G1 X70.328 Y80.833 E6.68625
;WIDTH:0.324886
G1 X70.474 Y80.803 E6.69218
;WIDTH:0.324887
G1 X70.646 Y80.776 E6.69912
;WIDTH:0.313911
G1 X70.659 Y80.774 E6.69963
;WIDTH:0.323462
G1 X70.834 Y80.757 E6.70656
;WIDTH:0.323463
G1 X70.943 Y80.752 E6.71088
;WIDTH:0.317979
G1 X70.961 Y80.752 E6.71155
;WIDTH:0.326091
G1 X71.045 Y80.755 E6.71491
;WIDTH:0.329384
G1 X71.342 Y80.777 E6.72699
;WIDTH:0.329383
G1 X71.498 Y80.798 E6.73337
;WIDTH:0.312182
G1 X71.521 Y80.802 E6.73424
;WIDTH:0.327714
G1 X71.683 Y80.841 E6.74094
;WIDTH:0.327714
G1 X72.002 Y80.939 E6.75439
;WIDTH:0.318589
G1 X72.023 Y80.946 E6.75523
;WIDTH:0.318717
G1 X72.024 Y80.947 E6.75526
;WIDTH:0.328829
G1 X72.169 Y81.015 E6.76177
;WIDTH:0.32883
G1 X72.312 Y81.088 E6.76826
;WIDTH:0.328831
G1 X72.463 Y81.174 E6.77528
;WIDTH:0.312461
G1 X72.481 Y81.186 E6.77608
;WIDTH:0.32883
G1 X72.623 Y81.286 E6.78311
;WIDTH:0.328831
G1 X72.741 Y81.377 E6.78912
;WIDTH:0.328831
G1 X72.873 Y81.49 E6.79614
;WIDTH:0.312462
G1 X72.889 Y81.504 E6.79694
;WIDTH:0.327715
G1 X73.001 Y81.621 E6.80346
;WIDTH:0.327713
G1 X73.218 Y81.875 E6.8169
;WIDTH:0.318589
G1 X73.232 Y81.892 E6.81775
;WIDTH:0.318718
G1 X73.232 Y81.893 E6.81778
;WIDTH:0.328826
G1 X73.319 Y82.029 E6.82428
;WIDTH:0.328834
G1 X73.4 Y82.167 E6.83078
;WIDTH:0.328834
G1 X73.477 Y82.312 E6.83739
;WIDTH:0.313406
G1 X73.485 Y82.328 E6.83807
;WIDTH:0.324144
G1 X73.554 Y82.489 E6.84502
;WIDTH:0.324145
G1 X73.61 Y82.644 E6.85158
;WIDTH:0.313755
G1 X73.615 Y82.658 E6.85212
;WIDTH:0.324892
G1 X73.664 Y82.828 E6.85916
;WIDTH:0.32489
G1 X73.702 Y82.985 E6.86556
;WIDTH:0.31983
G1 X73.702 Y82.987 E6.86566
;WIDTH:0.319583
G1 X73.705 Y83.005 E6.86638
;WIDTH:0.328089
G1 X73.723 Y83.144 E6.87201
;WIDTH:0.328088
G1 X73.75 Y83.489 E6.88596
;WIDTH:0.317385
G1 X73.751 Y83.5 E6.88638
;WIDTH:0.317383
G1 X73.75 Y83.511 E6.8868
;WIDTH:0.328085
G1 X73.723 Y83.856 E6.90074
;WIDTH:0.328086
G1 X73.704 Y84.005 E6.90678
;WIDTH:0.318663
G1 X73.702 Y84.016 E6.9072
;WIDTH:0.318664
G1 X73.7 Y84.026 E6.90763
;WIDTH:0.328092
G1 X73.663 Y84.171 E6.91367
;WIDTH:0.32809
G1 X73.561 Y84.502 E6.92761
;WIDTH:0.31739
G1 X73.558 Y84.513 E6.92803
;WIDTH:0.317389
G1 X73.553 Y84.523 E6.92845
;WIDTH:0.328088
G1 X73.401 Y84.833 E6.9424
;WIDTH:0.328088
G1 X73.328 Y84.965 E6.94844
;WIDTH:0.318662
G1 X73.323 Y84.974 E6.94886
;WIDTH:0.318661
G1 X73.317 Y84.983 E6.94928
;WIDTH:0.328083
G1 X73.229 Y85.105 E6.95533
;WIDTH:0.328082
G1 X73.012 Y85.375 E6.96927
;WIDTH:0.317384
G1 X73.005 Y85.383 E6.96969
;WIDTH:0.317385
G1 X72.997 Y85.39 E6.97011
;WIDTH:0.327924
G1 X72.745 Y85.62 E6.98383
;WIDTH:0.327922
G1 X72.625 Y85.718 E6.99008
;WIDTH:0.31635
G1 X72.607 Y85.731 E6.99091
;WIDTH:0.320118
G1 X72.579 Y85.75 E6.99223
;WIDTH:0.327905
G1 X72.324 Y85.905 E7.00424
;WIDTH:0.327905
G1 X72.18 Y85.982 E7.01084
;WIDTH:0.312459
G1 X72.16 Y85.991 E7.01164
;WIDTH:0.327712
G1 X72.011 Y86.053 E7.01816
;WIDTH:0.327713
G1 X71.704 Y86.158 E7.0312
;WIDTH:0.318388
G1 X71.686 Y86.163 E7.0319
;WIDTH:0.320201
G1 X71.672 Y86.167 E7.03247
;WIDTH:0.324884
G1 X71.526 Y86.197 E7.03839
;WIDTH:0.324885
G1 X71.351 Y86.225 E7.04544
;WIDTH:0.313748
G1 X71.337 Y86.226 E7.04598
;WIDTH:0.324886
G1 X71.163 Y86.243 E7.05295
G1 E4.05295 F2400
G92 E0
G1 X73.224 Y127.223 F7800
G1 E3 F2400
;TYPE:External perimeter
;WIDTH:0.675
G1 F1800
G1 X73.114 Y127.5 E3.02929
G1 X72.892 Y127.875 E3.0719
G1 X72.601 Y128.205 E3.11503
G1 X72.253 Y128.475 E3.15817
G1 X71.861 Y128.675 E3.2013
G1 X71.438 Y128.798 E3.24444
G1 X71 Y128.839 E3.28757
G1 X70.562 Y128.798 E3.3307
G1 X70.139 Y128.675 E3.37384
G1 X69.744 Y128.474 E3.41722
G1 X69.364 Y128.169 E3.46496
G1 X69.198 Y127.989 E3.48898
G1 X69.023 Y127.749 E3.51813
G1 X68.825 Y127.361 E3.56074
G1 X68.702 Y126.938 E3.60388
G1 X68.661 Y126.5 E3.64701
G1 X68.702 Y126.062 E3.69015
G1 X68.825 Y125.639 E3.73328
G1 X69.025 Y125.247 E3.77641
G1 X69.295 Y124.899 E3.81954
G1 X69.625 Y124.608 E3.86268
G1 X70.004 Y124.384 E3.90581
G1 X70.413 Y124.236 E3.94842
G1 X70.706 Y124.181 E3.97758
G1 X70.95 Y124.163 E4.0016
G1 X71.436 Y124.202 E4.04934
G1 X71.861 Y124.325 E4.09272
G1 X72.253 Y124.525 E4.13585
G1 X72.601 Y124.795 E4.17899
G1 X72.892 Y125.125 E4.22212
G1 X73.114 Y125.5 E4.26473
G1 X73.224 Y125.777 E4.29402
G1 X73.298 Y126.067 E4.32331
G1 X73.339 Y126.5 E4.36592
G1 X73.298 Y126.933 E4.40853
G1 X73.246 Y127.135 E4.42901
G1 X73.426 Y127.443 F7800
G1 X74.001 Y127.476
G1 F1800
G1 X73.94 Y127.664 E4.44841
G1 X73.771 Y128.023 E4.48731
G1 X73.558 Y128.358 E4.52622
G1 X73.165 Y128.805 E4.58453
G1 X73.02 Y128.933 E4.60348
G1 X72.528 Y129.268 E4.66179
G1 X72.164 Y129.44 E4.70121
G1 X71.598 Y129.605 E4.75901
G1 X71 Y129.662 E4.81784
G1 X70.807 Y129.656 E4.83678
G1 X70.219 Y129.564 E4.8951
G1 X69.836 Y129.44 E4.93452
G1 X69.472 Y129.268 E4.97395
G1 X68.98 Y128.933 E5.03226
G1 X68.699 Y128.669 E5.07013
G1 X68.442 Y128.358 E5.10955
G1 X68.229 Y128.023 E5.14846
G1 X67.994 Y127.482 E5.20625
G1 X67.894 Y127.092 E5.24568
G1 X67.844 Y126.693 E5.2851
G1 X67.844 Y126.307 E5.32297
G1 X67.894 Y125.907 E5.36248
G1 X67.977 Y125.576 E5.3959
G1 X68.059 Y125.339 E5.42047
G1 X68.229 Y124.977 E5.45966
G1 X68.442 Y124.642 E5.49857
G1 X68.699 Y124.331 E5.53799
G1 X69.028 Y124.03 E5.58176
G1 X69.307 Y123.829 E5.61546
G1 X69.526 Y123.704 E5.64013
G1 X69.835 Y123.56 E5.67354
G1 X70.219 Y123.436 E5.71305
G1 X70.804 Y123.344 E5.77113
G1 X71.395 Y123.363 E5.82907
G1 X71.786 Y123.438 E5.86806
G1 X72.346 Y123.639 E5.92638
G1 X72.863 Y123.945 E5.98521
G1 X73.305 Y124.336 E6.043
G1 X73.561 Y124.646 E6.08243
G1 X73.768 Y124.972 E6.1203
G1 X73.94 Y125.336 E6.15972
G1 X74.064 Y125.719 E6.19914
G1 X74.137 Y126.098 E6.23701
G1 X74.162 Y126.5 E6.27644
G1 X74.137 Y126.902 E6.31586
G1 X74.029 Y127.39 E6.36487
G1 X73.81 Y127.526 F7800
G1 X73.634 Y127.275
;TYPE:Gap fill
;WIDTH:0.324888
G1 F1200
G1 X73.615 Y127.342 E6.36763
;WIDTH:0.313752
G1 X73.61 Y127.356 E6.36817
;WIDTH:0.324144
G1 X73.554 Y127.511 E6.37473
;WIDTH:0.324143
G1 X73.485 Y127.672 E6.38168
;WIDTH:0.313407
G1 X73.477 Y127.688 E6.38235
;WIDTH:0.327719
G1 X73.406 Y127.823 E6.38846
;WIDTH:0.32772
G1 X73.231 Y128.108 E6.40191
;WIDTH:0.317386
G1 X73.225 Y128.117 E6.40233
;WIDTH:0.317387
G1 X73.218 Y128.125 E6.40275
;WIDTH:0.328086
G1 X72.994 Y128.388 E6.41669
;WIDTH:0.328084
G1 X72.891 Y128.498 E6.42273
;WIDTH:0.318665
G1 X72.883 Y128.506 E6.42316
;WIDTH:0.318667
G1 X72.875 Y128.513 E6.42358
;WIDTH:0.328089
G1 X72.76 Y128.608 E6.42962
;WIDTH:0.328087
G1 X72.483 Y128.816 E6.44357
;WIDTH:0.318588
G1 X72.465 Y128.828 E6.44441
;WIDTH:0.318717
G1 X72.464 Y128.829 E6.44444
;WIDTH:0.328089
G1 X72.333 Y128.901 E6.45045
G1 X72.023 Y129.053 E6.46439
;WIDTH:0.317389
G1 X72.013 Y129.058 E6.46481
;WIDTH:0.317387
G1 X72.002 Y129.061 E6.46523
;WIDTH:0.32809
G1 X71.671 Y129.163 E6.47918
;WIDTH:0.328089
G1 X71.527 Y129.2 E6.48518
;WIDTH:0.31872
G1 X71.526 Y129.2 E6.48522
;WIDTH:0.318592
G1 X71.505 Y129.203 E6.48606
;WIDTH:0.328089
G1 X71.161 Y129.241 E6.50001
;WIDTH:0.328089
G1 X71.011 Y129.251 E6.50605
;WIDTH:0.318667
G1 X71 Y129.251 E6.50647
;WIDTH:0.318666
G1 X70.989 Y129.251 E6.50689
;WIDTH:0.32809
G1 X70.839 Y129.241 E6.51294
;WIDTH:0.328089
G1 X70.495 Y129.203 E6.52688
;WIDTH:0.318593
G1 X70.474 Y129.2 E6.52772
;WIDTH:0.318721
G1 X70.473 Y129.2 E6.52776
;WIDTH:0.328091
G1 X70.329 Y129.163 E6.53376
;WIDTH:0.328091
G1 X69.998 Y129.061 E6.54771
;WIDTH:0.317389
G1 X69.987 Y129.058 E6.54813
;WIDTH:0.317389
G1 X69.977 Y129.053 E6.54855
;WIDTH:0.328086
G1 X69.667 Y128.901 E6.56249
;WIDTH:0.328086
G1 X69.536 Y128.829 E6.5685
;WIDTH:0.318716
G1 X69.531 Y128.826 E6.56872
;WIDTH:0.317832
G1 X69.512 Y128.813 E6.56962
;WIDTH:0.332307
G1 X69.242 Y128.607 E6.58354
;WIDTH:0.332307
G1 X69.119 Y128.503 E6.59013
;WIDTH:0.324625
G1 X69.089 Y128.477 E6.59169
;WIDTH:0.32027
G1 X69.077 Y128.465 E6.59238
;WIDTH:0.32375
G1 X69.005 Y128.39 E6.59649
;WIDTH:0.323751
G1 X68.886 Y128.254 E6.60364
;WIDTH:0.313913
G1 X68.877 Y128.244 E6.60415
;WIDTH:0.324145
G1 X68.777 Y128.115 E6.6106
;WIDTH:0.324146
G1 X68.679 Y127.97 E6.61755
;WIDTH:0.313405
G1 X68.669 Y127.955 E6.61823
;WIDTH:0.327716
G1 X68.594 Y127.823 E6.62434
;WIDTH:0.327717
G1 X68.447 Y127.523 E6.63778
;WIDTH:0.318593
G1 X68.438 Y127.502 E6.63863
;WIDTH:0.31872
G1 X68.438 Y127.502 E6.63866
;WIDTH:0.328086
G1 X68.392 Y127.36 E6.64467
;WIDTH:0.328086
G1 X68.301 Y127.026 E6.65861
;WIDTH:0.317381
G1 X68.298 Y127.015 E6.65903
;WIDTH:0.31738
G1 X68.297 Y127.005 E6.65945
;WIDTH:0.328087
G1 X68.259 Y126.661 E6.6734
;WIDTH:0.328087
G1 X68.249 Y126.511 E6.67944
;WIDTH:0.318666
G1 X68.249 Y126.5 E6.67986
;WIDTH:0.318666
G1 X68.249 Y126.489 E6.68029
;WIDTH:0.328087
G1 X68.259 Y126.339 E6.68633
;WIDTH:0.328087
G1 X68.297 Y125.995 E6.70027
;WIDTH:0.317525
G1 X68.298 Y125.983 E6.70077
;WIDTH:0.317523
G1 X68.301 Y125.974 E6.70111
;WIDTH:0.328152
G1 X68.376 Y125.694 E6.71278
;WIDTH:0.328152
G1 X68.439 Y125.498 E6.7211
;WIDTH:0.318106
G1 X68.44 Y125.493 E6.72127
;WIDTH:0.317974
G1 X68.447 Y125.478 E6.72194
;WIDTH:0.327716
G1 X68.594 Y125.177 E6.73539
;WIDTH:0.327714
G1 X68.674 Y125.037 E6.7419
;WIDTH:0.312464
G1 X68.686 Y125.019 E6.7427
;WIDTH:0.327717
G1 X68.779 Y124.886 E6.74922
;WIDTH:0.327718
G1 X68.988 Y124.625 E6.76266
;WIDTH:0.318589
G1 X69.002 Y124.609 E6.76351
;WIDTH:0.31872
G1 X69.003 Y124.608 E6.76354
;WIDTH:0.328496
G1 X69.116 Y124.502 E6.76982
;WIDTH:0.328496
G1 X69.284 Y124.356 E6.77879
;WIDTH:0.325359
G1 X69.376 Y124.283 E6.78347
;WIDTH:0.313685
G1 X69.393 Y124.27 E6.78428
;WIDTH:0.328359
G1 X69.533 Y124.179 E6.79099
;WIDTH:0.328358
G1 X69.716 Y124.072 E6.79956
;WIDTH:0.325356
G1 X69.82 Y124.018 E6.80423
;WIDTH:0.313683
G1 X69.84 Y124.009 E6.80505
;WIDTH:0.327781
G1 X69.987 Y123.948 E6.81148
;WIDTH:0.32778
G1 X70.296 Y123.842 E6.8246
;WIDTH:0.31839
G1 X70.314 Y123.837 E6.82531
;WIDTH:0.320203
G1 X70.328 Y123.833 E6.82587
;WIDTH:0.324886
G1 X70.474 Y123.803 E6.8318
;WIDTH:0.324887
G1 X70.646 Y123.776 E6.83875
;WIDTH:0.313911
G1 X70.659 Y123.774 E6.83925
;WIDTH:0.323462
G1 X70.834 Y123.757 E6.84618
;WIDTH:0.323461
G1 X70.943 Y123.752 E6.8505
;WIDTH:0.317976
G1 X70.961 Y123.752 E6.85118
;WIDTH:0.326088
G1 X71.045 Y123.755 E6.85454
;WIDTH:0.329381
G1 X71.342 Y123.777 E6.86661
;WIDTH:0.329382
G1 X71.498 Y123.798 E6.87299
;WIDTH:0.312178
G1 X71.521 Y123.802 E6.87386
;WIDTH:0.327711
G1 X71.683 Y123.841 E6.88056
;WIDTH:0.327712
G1 X72.002 Y123.939 E6.89401
;WIDTH:0.318587
G1 X72.023 Y123.946 E6.89485
;WIDTH:0.318715
G1 X72.024 Y123.947 E6.89488
;WIDTH:0.328828
G1 X72.169 Y124.015 E6.90139
;WIDTH:0.328831
G1 X72.312 Y124.088 E6.90788
;WIDTH:0.328829
G1 X72.463 Y124.174 E6.9149
;WIDTH:0.31246
G1 X72.481 Y124.186 E6.91571
;WIDTH:0.328828
G1 X72.623 Y124.286 E6.92273
;WIDTH:0.328833
G1 X72.741 Y124.377 E6.92874
;WIDTH:0.328831
G1 X72.873 Y124.49 E6.93576
;WIDTH:0.312463
G1 X72.889 Y124.504 E6.93657
;WIDTH:0.327714
G1 X73.001 Y124.621 E6.94308
;WIDTH:0.327714
G1 X73.218 Y124.875 E6.95652
;WIDTH:0.318589
G1 X73.232 Y124.892 E6.95737
;WIDTH:0.318716
G1 X73.232 Y124.893 E6.9574
;WIDTH:0.328829
G1 X73.319 Y125.029 E6.96391
;WIDTH:0.328834
G1 X73.4 Y125.167 E6.9704
;WIDTH:0.328836
G1 X73.477 Y125.312 E6.97701
;WIDTH:0.313407
G1 X73.485 Y125.328 E6.97769
;WIDTH:0.324146
G1 X73.554 Y125.489 E6.98464
;WIDTH:0.324145
G1 X73.61 Y125.644 E6.9912
;WIDTH:0.313755
G1 X73.615 Y125.658 E6.99174
;WIDTH:0.32489
G1 X73.664 Y125.828 E6.99879
;WIDTH:0.324892
G1 X73.702 Y125.985 E7.00518
;WIDTH:0.31983
G1 X73.702 Y125.987 E7.00529
;WIDTH:0.319583
G1 X73.705 Y126.005 E7.006
;WIDTH:0.328089
G1 X73.723 Y126.144 E7.01164
;WIDTH:0.328088
G1 X73.75 Y126.489 E7.02558
;WIDTH:0.317385
G1 X73.751 Y126.5 E7.026
;WIDTH:0.317383
G1 X73.75 Y126.511 E7.02642
;WIDTH:0.328087
G1 X73.723 Y126.856 E7.04036
;WIDTH:0.328086
G1 X73.705 Y126.995 E7.046
;WIDTH:0.31958
G1 X73.702 Y127.013 E7.04671
;WIDTH:0.319827
G1 X73.702 Y127.015 E7.04681
;WIDTH:0.324888
G1 X73.664 Y127.172 E7.05321
;WIDTH:0.324888
G1 X73.659 Y127.189 E7.05392
;LAYER_CHANGE
;Z:3.05
;HEIGHT:0.4
G1 Z3.05 F7800
G1 E4.05392 F2400
G92 E0
G1 X135.68 Y126.794 F7800
G1 E3 F2400
;TYPE:External perimeter
;WIDTH:0.675
G1 F1800
G1 X135.661 Y126.495 E3.02937
G1 X135.702 Y126.062 E3.07198
G1 X135.825 Y125.639 E3.11511
G1 X136.025 Y125.247 E3.15825
G1 X136.295 Y124.899 E3.20138
G1 X136.625 Y124.608 E3.24451
G1 X137.004 Y124.384 E3.28765
G1 X137.413 Y124.236 E3.33026
G1 X137.705 Y124.181 E3.35939
G1 X137.941 Y124.163 E3.38255
G1 X138.435 Y124.202 E3.43113
G1 X138.861 Y124.325 E3.47455
G1 X139.253 Y124.525 E3.51768
G1 X139.601 Y124.795 E3.56082
G1 X139.889 Y125.121 E3.60343
G1 X140.049 Y125.374 E3.63272
G1 X140.176 Y125.644 E3.66201
G1 X140.298 Y126.062 E3.70462
G1 X140.339 Y126.5 E3.74775
G1 X140.298 Y126.938 E3.79089
G1 X140.176 Y127.356 E3.8335
G1 X140.049 Y127.626 E3.86279
G1 X139.889 Y127.879 E3.89208
G1 X139.601 Y128.205 E3.93469
G1 X139.253 Y128.475 E3.97782
G1 X138.861 Y128.675 E4.02096
G1 X138.438 Y128.798 E4.06409
G1 X138 Y128.839 E4.10722
G1 X137.562 Y128.798 E4.15036
G1 X137.139 Y128.675 E4.19349
G1 X136.747 Y128.475 E4.23662
G1 X136.399 Y128.205 E4.27976
G1 X136.108 Y127.875 E4.32289
G1 X135.884 Y127.496 E4.36603
G1 X135.736 Y127.087 E4.40864
G1 X135.697 Y126.882 E4.42903
G1 X135.403 Y126.681 F7800
G1 X135 Y127.479
G1 F1800
G1 X134.895 Y127.098 E4.46779
G1 X134.838 Y126.5 E4.52662
G1 X134.895 Y125.902 E4.58545
G1 X135.06 Y125.336 E4.64324
G1 X135.23 Y124.976 E4.68227
G1 X135.401 Y124.701 E4.71401
G1 X135.562 Y124.486 E4.74027
G1 X135.837 Y124.193 E4.77966
G1 X136.309 Y123.828 E4.83813
G1 X136.836 Y123.56 E4.89604
G1 X137.402 Y123.395 E4.95383
G1 X137.804 Y123.344 E4.9935
G1 X138.072 Y123.34 E5.01976
G1 X138.395 Y123.363 E5.0515
G1 X138.786 Y123.438 E5.09052
G1 X139.169 Y123.562 E5.12995
G1 X139.519 Y123.726 E5.16782
G1 X139.858 Y123.942 E5.20724
G1 X140.301 Y124.331 E5.26503
G1 X140.67 Y124.806 E5.32387
G1 X140.94 Y125.336 E5.38218
G1 X141.105 Y125.902 E5.43997
G1 X141.162 Y126.5 E5.49881
G1 X141.105 Y127.098 E5.55764
G1 X140.94 Y127.664 E5.61543
G1 X140.771 Y128.023 E5.65433
G1 X140.555 Y128.363 E5.69376
G1 X140.164 Y128.805 E5.75155
G1 X139.694 Y129.17 E5.80987
G1 X139.164 Y129.44 E5.86818
G1 X138.598 Y129.605 E5.92597
G1 X138 Y129.662 E5.9848
G1 X137.402 Y129.605 E6.04364
G1 X136.836 Y129.44 E6.10143
G1 X136.31 Y129.173 E6.15922
G1 X135.839 Y128.809 E6.21754
G1 X135.445 Y128.363 E6.27585
G1 X135.229 Y128.023 E6.31527
G1 X135.028 Y127.565 E6.36435
G1 X135.259 Y127.18 F7800
G1 X135.42 Y127.43
;TYPE:Gap fill
;WIDTH:0.327715
G1 F1200
G1 X135.342 Y127.204 E6.37398
;WIDTH:0.31839
G1 X135.337 Y127.186 E6.37468
;WIDTH:0.320202
G1 X135.333 Y127.172 E6.37524
;WIDTH:0.324886
G1 X135.303 Y127.026 E6.38117
;WIDTH:0.324885
G1 X135.275 Y126.851 E6.38822
;WIDTH:0.313751
G1 X135.274 Y126.837 E6.38876
;WIDTH:0.324888
G1 X135.257 Y126.661 E6.39581
;WIDTH:0.324887
G1 X135.249 Y126.5 E6.4022
;WIDTH:0.319831
G1 X135.249 Y126.497 E6.40231
;WIDTH:0.319582
G1 X135.25 Y126.479 E6.40302
;WIDTH:0.328087
G1 X135.259 Y126.339 E6.40866
;WIDTH:0.328089
G1 X135.297 Y125.995 E6.4226
;WIDTH:0.318592
G1 X135.3 Y125.974 E6.42344
;WIDTH:0.318721
G1 X135.3 Y125.973 E6.42348
;WIDTH:0.328091
G1 X135.337 Y125.829 E6.42948
;WIDTH:0.32809
G1 X135.439 Y125.498 E6.44343
;WIDTH:0.317386
G1 X135.442 Y125.487 E6.44385
;WIDTH:0.317385
G1 X135.447 Y125.478 E6.44427
;WIDTH:0.327798
G1 X135.595 Y125.175 E6.45782
;WIDTH:0.327797
G1 X135.674 Y125.036 E6.46423
;WIDTH:0.314087
G1 X135.685 Y125.018 E6.46504
;WIDTH:0.324366
G1 X135.743 Y124.935 E6.46907
;WIDTH:0.328225
G1 X135.881 Y124.754 E6.47824
;WIDTH:0.328225
G1 X135.99 Y124.627 E6.48498
;WIDTH:0.31246
G1 X136.004 Y124.611 E6.48579
;WIDTH:0.328227
G1 X136.124 Y124.495 E6.49253
;WIDTH:0.32823
G1 X136.296 Y124.346 E6.5017
;WIDTH:0.324367
G1 X136.376 Y124.283 E6.50572
;WIDTH:0.314089
G1 X136.393 Y124.27 E6.50654
;WIDTH:0.328828
G1 X136.536 Y124.177 E6.51345
;WIDTH:0.328831
G1 X136.667 Y124.1 E6.51957
;WIDTH:0.328833
G1 X136.82 Y124.018 E6.52659
;WIDTH:0.312463
G1 X136.84 Y124.009 E6.5274
;WIDTH:0.327715
G1 X136.989 Y123.947 E6.53391
;WIDTH:0.327715
G1 X137.296 Y123.842 E6.54695
;WIDTH:0.318388
G1 X137.314 Y123.837 E6.54766
;WIDTH:0.3202
G1 X137.327 Y123.833 E6.54822
;WIDTH:0.324883
G1 X137.474 Y123.803 E6.55415
;WIDTH:0.324883
G1 X137.646 Y123.776 E6.56107
;WIDTH:0.313944
G1 X137.659 Y123.774 E6.56157
;WIDTH:0.323167
G1 X137.833 Y123.757 E6.56848
;WIDTH:0.323168
G1 X137.933 Y123.753 E6.57245
;WIDTH:0.317605
G1 X137.951 Y123.752 E6.57312
;WIDTH:0.327648
G1 X138.06 Y123.756 E6.57753
;WIDTH:0.329652
G1 X138.341 Y123.777 E6.58896
;WIDTH:0.329652
G1 X138.497 Y123.797 E6.59533
;WIDTH:0.312141
G1 X138.52 Y123.802 E6.59621
;WIDTH:0.327713
G1 X138.683 Y123.841 E6.60294
;WIDTH:0.327714
G1 X139.002 Y123.939 E6.61638
;WIDTH:0.318591
G1 X139.023 Y123.946 E6.61723
;WIDTH:0.318717
G1 X139.024 Y123.947 E6.61726
;WIDTH:0.32883
G1 X139.169 Y124.015 E6.62377
;WIDTH:0.328829
G1 X139.312 Y124.088 E6.63026
;WIDTH:0.328829
G1 X139.463 Y124.174 E6.63728
;WIDTH:0.312461
G1 X139.481 Y124.186 E6.63808
;WIDTH:0.327713
G1 X139.614 Y124.279 E6.64459
;WIDTH:0.327713
G1 X139.875 Y124.488 E6.65804
;WIDTH:0.318587
G1 X139.891 Y124.502 E6.65888
;WIDTH:0.318719
G1 X139.892 Y124.503 E6.65892
;WIDTH:0.328085
G1 X139.994 Y124.612 E6.66492
;WIDTH:0.328087
G1 X140.212 Y124.867 E6.67846
;WIDTH:0.318388
G1 X140.223 Y124.881 E6.67917
;WIDTH:0.320202
G1 X140.232 Y124.893 E6.67973
;WIDTH:0.325256
G1 X140.32 Y125.028 E6.68614
;WIDTH:0.325257
G1 X140.404 Y125.165 E6.69255
;WIDTH:0.320201
G1 X140.406 Y125.169 E6.69272
;WIDTH:0.319646
G1 X140.413 Y125.182 E6.69329
;WIDTH:0.318724
G1 X140.557 Y125.488 E6.70638
;WIDTH:0.318718
G1 X140.558 Y125.49 E6.70648
;WIDTH:0.318384
G1 X140.564 Y125.507 E6.70719
;WIDTH:0.328083
G1 X140.663 Y125.829 E6.72073
;WIDTH:0.328083
G1 X140.7 Y125.973 E6.72674
;WIDTH:0.318716
G1 X140.7 Y125.974 E6.72677
;WIDTH:0.318587
G1 X140.703 Y125.995 E6.72761
;WIDTH:0.328088
G1 X140.741 Y126.339 E6.74156
;WIDTH:0.328087
G1 X140.751 Y126.489 E6.7476
;WIDTH:0.318666
G1 X140.751 Y126.5 E6.74802
;WIDTH:0.318666
G1 X140.751 Y126.511 E6.74845
;WIDTH:0.328088
G1 X140.741 Y126.661 E6.75449
;WIDTH:0.328087
G1 X140.703 Y127.005 E6.76843
;WIDTH:0.318588
G1 X140.7 Y127.026 E6.76928
;WIDTH:0.318715
G1 X140.7 Y127.027 E6.76931
;WIDTH:0.328084
G1 X140.663 Y127.171 E6.77532
;WIDTH:0.328083
G1 X140.564 Y127.493 E6.78885
;WIDTH:0.318386
G1 X140.558 Y127.51 E6.78956
;WIDTH:0.318722
G1 X140.557 Y127.512 E6.78966
;WIDTH:0.318724
G1 X140.413 Y127.818 E6.80275
;WIDTH:0.318955
G1 X140.41 Y127.825 E6.80304
;WIDTH:0.318954
G1 X140.406 Y127.831 E6.80332
;WIDTH:0.318723
G1 X140.223 Y128.119 E6.81651
;WIDTH:0.319076
G1 X140.218 Y128.126 E6.81687
;WIDTH:0.31929
G1 X140.213 Y128.133 E6.81723
;WIDTH:0.328084
G1 X140.123 Y128.241 E6.82286
;WIDTH:0.328082
G1 X139.89 Y128.497 E6.83681
;WIDTH:0.317383
G1 X139.883 Y128.505 E6.83723
;WIDTH:0.317385
G1 X139.875 Y128.512 E6.83765
;WIDTH:0.328086
G1 X139.605 Y128.729 E6.85159
;WIDTH:0.328088
G1 X139.483 Y128.817 E6.85763
;WIDTH:0.318665
G1 X139.474 Y128.823 E6.85805
;WIDTH:0.318664
G1 X139.465 Y128.828 E6.85848
;WIDTH:0.328088
G1 X139.333 Y128.901 E6.86452
;WIDTH:0.328089
G1 X139.022 Y129.053 E6.87846
;WIDTH:0.317388
G1 X139.013 Y129.058 E6.87888
;WIDTH:0.317389
G1 X139.002 Y129.061 E6.8793
;WIDTH:0.328089
G1 X138.671 Y129.163 E6.89324
;WIDTH:0.328091
G1 X138.527 Y129.2 E6.89925
;WIDTH:0.318717
G1 X138.526 Y129.2 E6.89928
;WIDTH:0.318592
G1 X138.505 Y129.203 E6.90013
;WIDTH:0.32809
G1 X138.161 Y129.241 E6.91407
;WIDTH:0.328089
G1 X138.011 Y129.251 E6.92011
;WIDTH:0.318667
G1 X138 Y129.251 E6.92054
;WIDTH:0.318666
G1 X137.989 Y129.251 E6.92096
;WIDTH:0.32809
G1 X137.839 Y129.241 E6.927
;WIDTH:0.328089
G1 X137.495 Y129.203 E6.94095
;WIDTH:0.318591
G1 X137.474 Y129.2 E6.94179
;WIDTH:0.318719
G1 X137.473 Y129.2 E6.94182
;WIDTH:0.328092
G1 X137.329 Y129.163 E6.94783
;WIDTH:0.32809
G1 X136.998 Y129.061 E6.96177
;WIDTH:0.317389
G1 X136.987 Y129.058 E6.96219
;WIDTH:0.317391
G1 X136.978 Y129.053 E6.96261
;WIDTH:0.328085
G1 X136.667 Y128.901 E6.97656
;WIDTH:0.328087
G1 X136.536 Y128.829 E6.98257
;WIDTH:0.318712
G1 X136.535 Y128.828 E6.9826
;WIDTH:0.318589
G1 X136.517 Y128.816 E6.98344
;WIDTH:0.328084
G1 X136.24 Y128.608 E6.99739
;WIDTH:0.328085
G1 X136.126 Y128.513 E7.00339
;WIDTH:0.318713
G1 X136.125 Y128.513 E7.00342
;WIDTH:0.318588
G1 X136.11 Y128.497 E7.00427
;WIDTH:0.328086
G1 X135.877 Y128.241 E7.01821
;WIDTH:0.328086
G1 X135.782 Y128.126 E7.02422
;WIDTH:0.318718
G1 X135.781 Y128.126 E7.02425
;WIDTH:0.318588
G1 X135.769 Y128.108 E7.0251
;WIDTH:0.327715
G1 X135.594 Y127.823 E7.03854
;WIDTH:0.327714
G1 X135.518 Y127.68 E7.04506
;WIDTH:0.31246
G1 X135.509 Y127.66 E7.04586
;WIDTH:0.327715
G1 X135.449 Y127.515 E7.05216
G1 E4.05216 F2400
G92 E0
G1 X135.776 Y84.221 F7800
G1 E3 F2400
;TYPE:External perimeter
;WIDTH:0.675
G1 F1800
G1 X135.702 Y83.933 E3.02913
G1 X135.661 Y83.5 E3.07174
G1 X135.702 Y83.062 E3.11487
G1 X135.825 Y82.639 E3.158
G1 X136.025 Y82.247 E3.20114
G1 X136.295 Y81.899 E3.24427
G1 X136.625 Y81.608 E3.28741
G1 X137.004 Y81.384 E3.33054
G1 X137.413 Y81.236 E3.37315
G1 X137.705 Y81.181 E3.40228
G1 X137.941 Y81.163 E3.42544
G1 X138.435 Y81.202 E3.47402
G1 X138.861 Y81.325 E3.51744
G1 X139.253 Y81.525 E3.56058
G1 X139.601 Y81.795 E3.60371
G1 X139.889 Y82.121 E3.64632
G1 X140.049 Y82.374 E3.67561
G1 X140.176 Y82.644 E3.7049
G1 X140.298 Y83.062 E3.74751
G1 X140.339 Y83.5 E3.79065
G1 X140.298 Y83.938 E3.83378
G1 X140.176 Y84.356 E3.87639
G1 X140.049 Y84.626 E3.90568
G1 X139.889 Y84.879 E3.93497
G1 X139.601 Y85.205 E3.97758
G1 X139.253 Y85.475 E4.02072
G1 X138.861 Y85.675 E4.06385
G1 X138.438 Y85.798 E4.10698
G1 X138 Y85.839 E4.15012
G1 X137.562 Y85.798 E4.19325
G1 X137.139 Y85.675 E4.23639
G1 X136.747 Y85.475 E4.27952
G1 X136.399 Y85.205 E4.32265
G1 X136.106 Y84.873 E4.36607
G1 X135.861 Y84.442 E4.41466
G1 X135.808 Y84.305 E4.429
G1 X135.484 Y84.162 F7800
G1 X134.839 Y83.528
G1 F1800
G1 X134.844 Y83.307 E4.45071
G1 X134.895 Y82.902 E4.49065
G1 X135.06 Y82.336 E4.54845
G1 X135.229 Y81.977 E4.58735
G1 X135.443 Y81.641 E4.62637
G1 X135.647 Y81.389 E4.65811
G1 X135.834 Y81.197 E4.68438
G1 X136.146 Y80.939 E4.72404
G1 X136.472 Y80.732 E4.76191
G1 X136.836 Y80.56 E4.80134
G1 X137.219 Y80.436 E4.84076
G1 X137.804 Y80.344 E4.89879
G1 X138.395 Y80.363 E4.95675
G1 X138.786 Y80.438 E4.99577
G1 X139.169 Y80.562 E5.03519
G1 X139.519 Y80.726 E5.07306
G1 X139.858 Y80.942 E5.11249
G1 X140.169 Y81.199 E5.15191
G1 X140.561 Y81.646 E5.21023
G1 X140.67 Y81.806 E5.22917
G1 X140.94 Y82.336 E5.28748
G1 X141.105 Y82.902 E5.34528
G1 X141.156 Y83.307 E5.38522
G1 X141.156 Y83.693 E5.42309
G1 X141.105 Y84.098 E5.46304
G1 X140.94 Y84.664 E5.52083
G1 X140.67 Y85.194 E5.57914
G1 X140.303 Y85.666 E5.63769
G1 X139.859 Y86.057 E5.69565
G1 X139.521 Y86.272 E5.73491
G1 X139.28 Y86.39 E5.76117
G1 X138.978 Y86.507 E5.79291
G1 X138.592 Y86.606 E5.83193
G1 X138.193 Y86.656 E5.87136
G1 X137.598 Y86.637 E5.92967
G1 X137.407 Y86.606 E5.94862
G1 X136.836 Y86.44 E6.00693
G1 X136.31 Y86.173 E6.06472
G1 X135.839 Y85.809 E6.12304
G1 X135.445 Y85.363 E6.18135
G1 X135.229 Y85.023 E6.22077
G1 X135.06 Y84.664 E6.25968
G1 X134.895 Y84.097 E6.31759
G1 X134.844 Y83.618 E6.36473
G1 X135.025 Y83.408 F7800
G1 X135.255 Y83.589
;TYPE:Gap fill
;WIDTH:0.328167
G1 F1200
G1 X135.25 Y83.511 E6.36787
;WIDTH:0.318469
G1 X135.249 Y83.494 E6.36854
;WIDTH:0.318666
G1 X135.249 Y83.489 E6.36872
;WIDTH:0.328089
G1 X135.259 Y83.339 E6.37476
;WIDTH:0.328087
G1 X135.297 Y82.995 E6.3887
;WIDTH:0.318592
G1 X135.3 Y82.974 E6.38955
;WIDTH:0.31872
G1 X135.3 Y82.973 E6.38958
;WIDTH:0.328089
G1 X135.337 Y82.829 E6.39559
;WIDTH:0.32809
G1 X135.439 Y82.498 E6.40953
;WIDTH:0.317388
G1 X135.442 Y82.487 E6.40995
;WIDTH:0.317387
G1 X135.447 Y82.478 E6.41037
;WIDTH:0.327714
G1 X135.594 Y82.177 E6.42381
;WIDTH:0.327716
G1 X135.674 Y82.037 E6.43033
;WIDTH:0.312459
G1 X135.686 Y82.019 E6.43113
;WIDTH:0.327968
G1 X135.78 Y81.884 E6.43776
;WIDTH:0.327967
G1 X135.956 Y81.663 E6.44911
;WIDTH:0.321122
G1 X135.988 Y81.626 E6.45106
;WIDTH:0.315723
G1 X136.003 Y81.61 E6.45188
;WIDTH:0.327887
G1 X136.116 Y81.502 E6.45818
;WIDTH:0.327886
G1 X136.375 Y81.282 E6.47185
;WIDTH:0.318589
G1 X136.392 Y81.268 E6.4727
;WIDTH:0.318715
G1 X136.393 Y81.268 E6.47273
;WIDTH:0.328829
G1 X136.529 Y81.181 E6.47923
;WIDTH:0.328832
G1 X136.667 Y81.1 E6.48573
;WIDTH:0.328833
G1 X136.82 Y81.018 E6.49275
;WIDTH:0.312463
G1 X136.84 Y81.009 E6.49355
;WIDTH:0.327715
G1 X136.989 Y80.947 E6.50006
;WIDTH:0.327715
G1 X137.296 Y80.842 E6.51311
;WIDTH:0.318388
G1 X137.314 Y80.837 E6.51381
;WIDTH:0.3202
G1 X137.328 Y80.833 E6.51437
;WIDTH:0.324883
G1 X137.474 Y80.803 E6.5203
;WIDTH:0.324885
G1 X137.646 Y80.776 E6.52722
;WIDTH:0.313947
G1 X137.659 Y80.774 E6.52772
;WIDTH:0.32317
G1 X137.833 Y80.757 E6.53463
;WIDTH:0.32317
G1 X137.933 Y80.753 E6.5386
;WIDTH:0.317607
G1 X137.951 Y80.752 E6.53927
;WIDTH:0.327649
G1 X138.06 Y80.756 E6.54369
;WIDTH:0.329655
G1 X138.341 Y80.777 E6.55511
;WIDTH:0.329655
G1 X138.497 Y80.797 E6.56148
;WIDTH:0.312143
G1 X138.52 Y80.802 E6.56236
;WIDTH:0.327715
G1 X138.683 Y80.841 E6.56909
;WIDTH:0.327714
G1 X139.002 Y80.939 E6.58253
;WIDTH:0.318589
G1 X139.023 Y80.946 E6.58338
;WIDTH:0.318714
G1 X139.024 Y80.947 E6.58341
;WIDTH:0.328829
G1 X139.169 Y81.015 E6.58992
;WIDTH:0.328829
G1 X139.312 Y81.088 E6.59641
;WIDTH:0.328831
G1 X139.463 Y81.174 E6.60343
;WIDTH:0.312462
G1 X139.481 Y81.186 E6.60423
;WIDTH:0.327714
G1 X139.614 Y81.279 E6.61075
;WIDTH:0.327714
G1 X139.875 Y81.488 E6.62419
;WIDTH:0.318586
G1 X139.891 Y81.502 E6.62504
;WIDTH:0.318719
G1 X139.892 Y81.503 E6.62507
;WIDTH:0.328086
G1 X139.994 Y81.612 E6.63108
;WIDTH:0.328087
G1 X140.212 Y81.867 E6.64462
;WIDTH:0.318389
G1 X140.223 Y81.881 E6.64532
;WIDTH:0.320203
G1 X140.232 Y81.893 E6.64588
;WIDTH:0.325256
G1 X140.32 Y82.028 E6.65229
;WIDTH:0.325255
G1 X140.404 Y82.165 E6.6587
;WIDTH:0.320199
G1 X140.406 Y82.169 E6.65887
;WIDTH:0.319647
G1 X140.413 Y82.182 E6.65944
;WIDTH:0.318724
G1 X140.557 Y82.488 E6.67253
;WIDTH:0.318718
G1 X140.558 Y82.49 E6.67264
;WIDTH:0.318383
G1 X140.564 Y82.507 E6.67334
;WIDTH:0.328083
G1 X140.663 Y82.829 E6.68688
;WIDTH:0.328083
G1 X140.7 Y82.973 E6.69289
;WIDTH:0.318716
G1 X140.7 Y82.974 E6.69292
;WIDTH:0.318588
G1 X140.703 Y82.995 E6.69377
;WIDTH:0.328088
G1 X140.741 Y83.339 E6.70771
;WIDTH:0.328087
G1 X140.751 Y83.489 E6.71375
;WIDTH:0.318666
G1 X140.751 Y83.5 E6.71417
;WIDTH:0.318666
G1 X140.751 Y83.511 E6.7146
;WIDTH:0.328087
G1 X140.741 Y83.661 E6.72064
;WIDTH:0.328087
G1 X140.703 Y84.005 E6.73458
;WIDTH:0.318586
G1 X140.7 Y84.026 E6.73543
;WIDTH:0.318715
G1 X140.7 Y84.027 E6.73546
;WIDTH:0.328084
G1 X140.663 Y84.171 E6.74147
;WIDTH:0.328085
G1 X140.564 Y84.493 E6.75501
;WIDTH:0.318389
G1 X140.558 Y84.51 E6.75571
;WIDTH:0.31872
G1 X140.557 Y84.512 E6.75581
;WIDTH:0.318724
G1 X140.413 Y84.818 E6.76891
;WIDTH:0.319646
G1 X140.406 Y84.831 E6.76948
;WIDTH:0.320203
G1 X140.404 Y84.835 E6.76965
;WIDTH:0.325256
G1 X140.32 Y84.972 E6.77606
;WIDTH:0.325257
G1 X140.232 Y85.107 E6.78246
;WIDTH:0.320199
G1 X140.223 Y85.119 E6.78303
;WIDTH:0.318384
G1 X140.212 Y85.133 E6.78373
;WIDTH:0.327882
G1 X139.998 Y85.384 E6.797
;WIDTH:0.327882
G1 X139.89 Y85.497 E6.8033
;WIDTH:0.315719
G1 X139.874 Y85.512 E6.80412
;WIDTH:0.321122
G1 X139.837 Y85.544 E6.80607
;WIDTH:0.327967
G1 X139.616 Y85.72 E6.81742
;WIDTH:0.327967
G1 X139.481 Y85.814 E6.82405
;WIDTH:0.31246
G1 X139.463 Y85.826 E6.82485
;WIDTH:0.328228
G1 X139.318 Y85.909 E6.8316
;WIDTH:0.328227
G1 X139.114 Y86.01 E6.84077
;WIDTH:0.324368
G1 X139.022 Y86.052 E6.84479
;WIDTH:0.31409
G1 X139.002 Y86.059 E6.8456
;WIDTH:0.327801
G1 X138.851 Y86.11 E6.85201
;WIDTH:0.327802
G1 X138.526 Y86.199 E6.86557
;WIDTH:0.317387
G1 X138.515 Y86.202 E6.86599
;WIDTH:0.317386
G1 X138.505 Y86.203 E6.86641
;WIDTH:0.328087
G1 X138.161 Y86.241 E6.88035
;WIDTH:0.328087
G1 X138.012 Y86.251 E6.88636
;WIDTH:0.318717
G1 X138.011 Y86.251 E6.88639
;WIDTH:0.318588
G1 X137.989 Y86.25 E6.88724
;WIDTH:0.328089
G1 X137.644 Y86.223 E6.90118
;WIDTH:0.328088
G1 X137.495 Y86.204 E6.90722
;WIDTH:0.318667
G1 X137.484 Y86.202 E6.90764
;WIDTH:0.318667
G1 X137.474 Y86.2 E6.90807
;WIDTH:0.328088
G1 X137.329 Y86.163 E6.91411
;WIDTH:0.328089
G1 X136.998 Y86.061 E6.92805
;WIDTH:0.317384
G1 X136.987 Y86.058 E6.92847
;WIDTH:0.317385
G1 X136.978 Y86.053 E6.92889
;WIDTH:0.328087
G1 X136.667 Y85.901 E6.94284
;WIDTH:0.328087
G1 X136.536 Y85.829 E6.94884
;WIDTH:0.318715
G1 X136.535 Y85.828 E6.94887
;WIDTH:0.31859
G1 X136.517 Y85.816 E6.94972
;WIDTH:0.328087
G1 X136.24 Y85.608 E6.96366
;WIDTH:0.328087
G1 X136.126 Y85.513 E6.96967
;WIDTH:0.318716
G1 X136.125 Y85.513 E6.9697
;WIDTH:0.318588
G1 X136.11 Y85.497 E6.97055
;WIDTH:0.328086
G1 X135.877 Y85.241 E6.98449
;WIDTH:0.328087
G1 X135.782 Y85.126 E6.9905
;WIDTH:0.318718
G1 X135.778 Y85.121 E6.99074
;WIDTH:0.317728
G1 X135.764 Y85.102 E6.99166
;WIDTH:0.332311
G1 X135.596 Y84.822 E7.00505
;WIDTH:0.332312
G1 X135.494 Y84.625 E7.01415
;WIDTH:0.315216
G1 X135.487 Y84.609 E7.0148
;WIDTH:0.322878
G1 X135.445 Y84.512 E7.01898
;WIDTH:0.322879
G1 X135.388 Y84.352 E7.02567
;WIDTH:0.313947
G1 X135.384 Y84.339 E7.02617
;WIDTH:0.324888
G1 X135.336 Y84.172 E7.03309
;WIDTH:0.324889
G1 X135.3 Y84.024 E7.03913
;WIDTH:0.320117
G1 X135.298 Y84.013 E7.03958
;WIDTH:0.318728
G1 X135.295 Y83.995 E7.04029
;WIDTH:0.328166
G1 X135.265 Y83.733 E7.05092
;WIDTH:0.328167
G1 X135.262 Y83.679 E7.05311
G1 E4.05311 F2400
G92 E0
G1 X97.427 Y78.073 F7800
G1 E3 F2400
;TYPE:Perimeter
;WIDTH:0.675
G1 F1800
G1 X97.427 Y76.927 E3.11235
G1 X99.573 Y76.927 E3.32268
G1 X99.573 Y78.073 E3.43502
G1 X97.517 Y78.073 E3.63653
G1 X96.837 Y78.662 F7800
;TYPE:External perimeter
G1 F1800
G1 X96.837 Y76.337 E3.86433
G1 X100.162 Y76.337 E4.19011
G1 X100.162 Y78.662 E4.4179
G1 X96.927 Y78.662 E4.73486
G1 X97.026 Y78.093 F7800
G1 X97.721 Y77.5
;TYPE:Gap fill
;WIDTH:0.643365
G1 F1200
G1 X99.279 Y77.5 E4.87927
G1 E1.87927 F2400
G92 E0
G1 X65.427 Y78.073 F7800
G1 E3 F2400
;TYPE:Perimeter
;WIDTH:0.675
G1 F1800
G1 X65.427 Y76.927 E3.11235
G1 X77.573 Y76.927 E4.30245
G1 X77.573 Y78.073 E4.4148
G1 X65.517 Y78.073 E5.59609
G1 X65.427 Y131.927 F7800
G1 F4800
G1 X143.427 Y131.927 E13.23834
G1 X143.427 Y78.073 E18.51476
G1 X135.427 Y78.073 E19.29858
G1 X135.427 Y76.927 E19.41093
G1 X144.573 Y76.927 E20.3071
G1 X144.573 Y133.073 E25.80821
G1 X65.427 Y133.073 E33.56281
G1 X65.427 Y132.017 E33.66634
G1 X66.162 Y78.662 F7800
;TYPE:External perimeter
G1 F2400
G1 X66.162 Y131.338 E38.82731
G1 X142.838 Y131.338 E46.33975
G1 X142.838 Y78.662 E51.50072
G1 X134.838 Y78.662 E52.28454
G1 X134.838 Y76.337 E52.51233
G1 X145.163 Y76.337 E53.52395
G1 X145.163 Y133.663 E59.14052
G1 X64.837 Y133.663 E67.01057
G1 X64.837 Y76.337 E72.62713
G1 X78.162 Y76.337 E73.93268
G1 X78.162 Y78.662 E74.16048
G1 X66.252 Y78.662 E75.3274
G1 X65.564 Y78.701 F7800
G1 X65.5 Y78.368
;TYPE:Gap fill
;WIDTH:0.821683
G1 F1200
G1 X65.5 Y131.632 E81.84538
G1 X65.721 Y132.5 F7800
;WIDTH:0.643365
G1 F1200
G1 X143.721 Y132.5 E89.07728
;WIDTH:0.691191
G1 X143.837 Y132.476 E89.08915
;WIDTH:0.691193
G1 X143.952 Y132.452 E89.10102
G1 X144 Y132.221 E89.12476
;WIDTH:0.643365
G1 X144 Y77.779 E94.17249
;WIDTH:0.691191
G1 X143.976 Y77.663 E94.18436
;WIDTH:0.691193
G1 X143.952 Y77.548 E94.19623
G1 X143.721 Y77.5 E94.21997
;WIDTH:0.643363
G1 X135.721 Y77.5 E94.9617
G1 E91.9617 F2400
G92 E0
G1 X77.279 Y77.5 F7800
G1 E3 F2400
;WIDTH:0.643365
G1 F1200
G1 X65.721 Y77.5 E4.07157
G1 E1.07157 F2400
G92 E0
G1 X71.293 Y85.82 F7800
G1 E3 F2400
;TYPE:External perimeter
;WIDTH:0.675
G1 F1800
G1 X70.995 Y85.839 E3.02929
G1 X70.567 Y85.798 E3.07138
G1 X70.279 Y85.724 E3.10051
G1 X70.058 Y85.639 E3.12367
G1 X69.627 Y85.394 E3.17225
G1 X69.295 Y85.101 E3.21567
G1 X69.025 Y84.753 E3.2588
G1 X68.825 Y84.361 E3.30194
G1 X68.702 Y83.938 E3.34507
G1 X68.661 Y83.5 E3.38821
G1 X68.702 Y83.062 E3.43134
G1 X68.825 Y82.639 E3.47447
G1 X69.025 Y82.247 E3.51761
G1 X69.295 Y81.899 E3.56074
G1 X69.625 Y81.608 E3.60387
G1 X70.004 Y81.384 E3.64701
G1 X70.413 Y81.236 E3.68962
G1 X70.705 Y81.181 E3.71875
G1 X70.941 Y81.163 E3.74191
G1 X71.435 Y81.202 E3.79049
G1 X71.861 Y81.325 E3.83391
G1 X72.253 Y81.525 E3.87704
G1 X72.601 Y81.795 E3.92018
G1 X72.892 Y82.125 E3.96331
G1 X73.114 Y82.5 E4.00592
G1 X73.224 Y82.777 E4.03521
G1 X73.298 Y83.067 E4.0645
G1 X73.339 Y83.5 E4.10711
G1 X73.298 Y83.938 E4.15025
G1 X73.175 Y84.361 E4.19338
G1 X72.975 Y84.753 E4.23652
G1 X72.705 Y85.101 E4.27965
G1 X72.375 Y85.392 E4.32278
G1 X71.996 Y85.616 E4.36592
G1 X71.587 Y85.764 E4.40853
G1 X71.381 Y85.803 E4.429
G1 X71.18 Y86.096 F7800
G1 X71.002 Y86.662
G1 F1800
G1 X70.807 Y86.656 E4.44818
G1 X70.408 Y86.606 E4.4876
G1 X70.021 Y86.506 E4.52674
G1 X69.77 Y86.411 E4.55301
G1 X69.478 Y86.271 E4.58475
G1 X69.137 Y86.055 E4.62429
G1 X68.695 Y85.664 E4.68208
G1 X68.33 Y85.194 E4.7404
G1 X68.058 Y84.659 E4.79923
G1 X67.894 Y84.092 E4.85702
G1 X67.838 Y83.5 E4.91533
G1 X67.894 Y82.908 E4.97365
G1 X68.058 Y82.341 E5.03144
G1 X68.229 Y81.977 E5.07086
G1 X68.442 Y81.642 E5.10977
G1 X68.699 Y81.331 E5.14919
G1 X69.041 Y81.02 E5.19461
G1 X69.309 Y80.828 E5.22687
G1 X69.836 Y80.56 E5.28478
G1 X70.402 Y80.395 E5.34257
G1 X70.804 Y80.344 E5.38223
G1 X71.395 Y80.363 E5.44019
G1 X71.786 Y80.438 E5.47921
G1 X72.169 Y80.562 E5.51863
G1 X72.519 Y80.726 E5.5565
G1 X72.863 Y80.945 E5.59645
G1 X73.305 Y81.336 E5.65424
G1 X73.67 Y81.806 E5.71255
G1 X73.94 Y82.336 E5.77087
G1 X74.106 Y82.907 E5.82918
G1 X74.162 Y83.5 E5.88749
G1 X74.106 Y84.093 E5.9458
G1 X73.94 Y84.664 E6.00411
G1 X73.67 Y85.194 E6.06243
G1 X73.305 Y85.664 E6.12074
G1 X73.014 Y85.938 E6.15988
G1 X72.799 Y86.099 E6.18615
G1 X72.524 Y86.27 E6.21789
G1 X72.164 Y86.44 E6.25691
G1 X71.598 Y86.605 E6.3147
G1 X71.092 Y86.659 E6.36451
G1 X70.897 Y86.497 F7800
G1 X71.073 Y86.247
;TYPE:Gap fill
;WIDTH:0.324887
G1 F1200
G1 X71 Y86.251 E6.36741
;WIDTH:0.319831
G1 X70.997 Y86.251 E6.36751
;WIDTH:0.319582
G1 X70.979 Y86.25 E6.36822
;WIDTH:0.328087
G1 X70.839 Y86.241 E6.37386
;WIDTH:0.328087
G1 X70.505 Y86.204 E6.3874
;WIDTH:0.318391
G1 X70.487 Y86.202 E6.3881
;WIDTH:0.318724
G1 X70.485 Y86.201 E6.38821
;WIDTH:0.318725
G1 X70.16 Y86.118 E6.40118
;WIDTH:0.319507
G1 X70.147 Y86.114 E6.4017
;WIDTH:0.319777
G1 X70.145 Y86.114 E6.40179
;WIDTH:0.320836
G1 X69.932 Y86.032 E6.41069
;WIDTH:0.320838
G1 X69.891 Y86.014 E6.41247
;WIDTH:0.317204
G1 X69.875 Y86.007 E6.41314
;WIDTH:0.332441
G1 X69.681 Y85.905 E6.42212
;WIDTH:0.332441
G1 X69.398 Y85.736 E6.43564
;WIDTH:0.317729
G1 X69.379 Y85.722 E6.43655
;WIDTH:0.318723
G1 X69.374 Y85.718 E6.4368
;WIDTH:0.328091
G1 X69.259 Y85.623 E6.4428
;WIDTH:0.32809
G1 X69.003 Y85.39 E6.45675
;WIDTH:0.317383
G1 X68.995 Y85.383 E6.45717
;WIDTH:0.317382
G1 X68.988 Y85.375 E6.45759
;WIDTH:0.328089
G1 X68.771 Y85.104 E6.47153
;WIDTH:0.328089
G1 X68.683 Y84.983 E6.47757
;WIDTH:0.318672
G1 X68.677 Y84.974 E6.47799
;WIDTH:0.31867
G1 X68.672 Y84.965 E6.47842
;WIDTH:0.328091
G1 X68.599 Y84.833 E6.48446
;WIDTH:0.328091
G1 X68.447 Y84.523 E6.4984
;WIDTH:0.318596
G1 X68.438 Y84.502 E6.49925
;WIDTH:0.31872
G1 X68.438 Y84.502 E6.49928
;WIDTH:0.328086
G1 X68.392 Y84.36 E6.50529
;WIDTH:0.328088
G1 X68.301 Y84.026 E6.51923
;WIDTH:0.317381
G1 X68.298 Y84.015 E6.51965
;WIDTH:0.317381
G1 X68.297 Y84.005 E6.52007
;WIDTH:0.328087
G1 X68.259 Y83.661 E6.53401
;WIDTH:0.328087
G1 X68.249 Y83.511 E6.54006
;WIDTH:0.318665
G1 X68.249 Y83.5 E6.54048
;WIDTH:0.318666
G1 X68.249 Y83.489 E6.5409
;WIDTH:0.328087
G1 X68.259 Y83.339 E6.54695
G1 X68.297 Y82.995 E6.56089
;WIDTH:0.317381
G1 X68.298 Y82.985 E6.56131
;WIDTH:0.317381
G1 X68.301 Y82.974 E6.56173
;WIDTH:0.328085
G1 X68.392 Y82.64 E6.57567
;WIDTH:0.328086
G1 X68.438 Y82.498 E6.58168
;WIDTH:0.318718
G1 X68.438 Y82.498 E6.58171
;WIDTH:0.318594
G1 X68.447 Y82.478 E6.58256
;WIDTH:0.327717
G1 X68.594 Y82.177 E6.596
;WIDTH:0.327718
G1 X68.674 Y82.037 E6.60251
;WIDTH:0.312464
G1 X68.686 Y82.019 E6.60332
;WIDTH:0.327714
G1 X68.779 Y81.886 E6.60983
;WIDTH:0.327716
G1 X68.988 Y81.625 E6.62327
;WIDTH:0.318586
G1 X69.002 Y81.609 E6.62412
;WIDTH:0.318719
G1 X69.003 Y81.608 E6.62415
;WIDTH:0.32843
G1 X69.116 Y81.503 E6.63039
;WIDTH:0.328431
G1 X69.296 Y81.346 E6.64004
;WIDTH:0.324375
G1 X69.376 Y81.283 E6.64407
;WIDTH:0.314093
G1 X69.393 Y81.27 E6.64488
;WIDTH:0.328831
G1 X69.536 Y81.177 E6.65179
;WIDTH:0.328832
G1 X69.667 Y81.1 E6.65792
;WIDTH:0.328831
G1 X69.82 Y81.018 E6.66494
;WIDTH:0.312463
G1 X69.84 Y81.009 E6.66574
;WIDTH:0.327717
G1 X69.989 Y80.947 E6.67225
;WIDTH:0.327715
G1 X70.296 Y80.842 E6.68529
;WIDTH:0.318392
G1 X70.314 Y80.837 E6.686
;WIDTH:0.320201
G1 X70.328 Y80.833 E6.68656
;WIDTH:0.324885
G1 X70.474 Y80.803 E6.69249
;WIDTH:0.324887
G1 X70.646 Y80.776 E6.69941
;WIDTH:0.313947
G1 X70.659 Y80.774 E6.69991
;WIDTH:0.323169
G1 X70.833 Y80.757 E6.70682
;WIDTH:0.32317
G1 X70.933 Y80.753 E6.71079
;WIDTH:0.317607
G1 X70.951 Y80.752 E6.71146
;WIDTH:0.327649
G1 X71.06 Y80.756 E6.71588
;WIDTH:0.329655
G1 X71.341 Y80.777 E6.7273
;WIDTH:0.329655
G1 X71.497 Y80.797 E6.73367
;WIDTH:0.312143
G1 X71.52 Y80.802 E6.73455
;WIDTH:0.327714
G1 X71.683 Y80.841 E6.74128
;WIDTH:0.327714
G1 X72.002 Y80.939 E6.75472
;WIDTH:0.318589
G1 X72.023 Y80.946 E6.75557
;WIDTH:0.318718
G1 X72.024 Y80.947 E6.7556
;WIDTH:0.328829
G1 X72.169 Y81.015 E6.76211
;WIDTH:0.328834
G1 X72.312 Y81.088 E6.7686
;WIDTH:0.328832
G1 X72.463 Y81.174 E6.77562
;WIDTH:0.312461
G1 X72.481 Y81.186 E6.77642
;WIDTH:0.328831
G1 X72.623 Y81.286 E6.78345
;WIDTH:0.328832
G1 X72.741 Y81.377 E6.78946
;WIDTH:0.328833
G1 X72.873 Y81.49 E6.79648
;WIDTH:0.312462
G1 X72.889 Y81.504 E6.79728
;WIDTH:0.327714
G1 X73.001 Y81.621 E6.8038
;WIDTH:0.327716
G1 X73.218 Y81.875 E6.81724
;WIDTH:0.31859
G1 X73.232 Y81.892 E6.81809
;WIDTH:0.318716
G1 X73.232 Y81.893 E6.81812
;WIDTH:0.328826
G1 X73.319 Y82.029 E6.82462
;WIDTH:0.328834
G1 X73.4 Y82.167 E6.83112
;WIDTH:0.328834
G1 X73.477 Y82.312 E6.83773
;WIDTH:0.313408
G1 X73.485 Y82.328 E6.83841
;WIDTH:0.324144
G1 X73.554 Y82.489 E6.84536
;WIDTH:0.324145
G1 X73.61 Y82.644 E6.85191
;WIDTH:0.313753
G1 X73.615 Y82.658 E6.85246
;WIDTH:0.324889
G1 X73.664 Y82.828 E6.8595
;WIDTH:0.324888
G1 X73.702 Y82.985 E6.8659
;WIDTH:0.319828
G1 X73.702 Y82.987 E6.866
;WIDTH:0.319579
G1 X73.705 Y83.005 E6.86672
;WIDTH:0.328086
G1 X73.723 Y83.144 E6.87235
;WIDTH:0.328086
G1 X73.75 Y83.489 E6.8863
;WIDTH:0.317385
G1 X73.751 Y83.5 E6.88672
;WIDTH:0.317383
G1 X73.75 Y83.511 E6.88714
;WIDTH:0.328085
G1 X73.723 Y83.856 E6.90108
;WIDTH:0.328084
G1 X73.704 Y84.005 E6.90712
;WIDTH:0.318663
G1 X73.702 Y84.016 E6.90754
;WIDTH:0.318663
G1 X73.7 Y84.026 E6.90797
;WIDTH:0.328092
G1 X73.663 Y84.171 E6.91401
;WIDTH:0.32809
G1 X73.561 Y84.502 E6.92795
;WIDTH:0.317392
G1 X73.558 Y84.513 E6.92837
;WIDTH:0.317393
G1 X73.553 Y84.522 E6.92879
;WIDTH:0.328089
G1 X73.401 Y84.833 E6.94273
;WIDTH:0.32809
G1 X73.328 Y84.965 E6.94878
;WIDTH:0.318661
G1 X73.323 Y84.974 E6.9492
;WIDTH:0.318661
G1 X73.317 Y84.983 E6.94962
;WIDTH:0.328081
G1 X73.229 Y85.105 E6.95567
;WIDTH:0.328082
G1 X73.012 Y85.375 E6.96961
;WIDTH:0.317384
G1 X73.005 Y85.383 E6.97003
;WIDTH:0.317385
G1 X72.997 Y85.39 E6.97045
;WIDTH:0.327889
G1 X72.746 Y85.619 E6.98412
;WIDTH:0.327888
G1 X72.625 Y85.718 E6.99042
;WIDTH:0.315725
G1 X72.607 Y85.731 E6.99124
;WIDTH:0.321125
G1 X72.566 Y85.758 E6.99319
;WIDTH:0.327969
G1 X72.325 Y85.905 E7.00454
;WIDTH:0.327968
G1 X72.18 Y85.982 E7.01117
;WIDTH:0.312458
G1 X72.16 Y85.991 E7.01197
;WIDTH:0.327712
G1 X72.011 Y86.053 E7.01848
;WIDTH:0.327712
G1 X71.704 Y86.158 E7.03152
;WIDTH:0.31839
G1 X71.686 Y86.163 E7.03223
;WIDTH:0.320203
G1 X71.672 Y86.167 E7.03279
;WIDTH:0.324886
G1 X71.526 Y86.197 E7.03872
;WIDTH:0.324884
G1 X71.351 Y86.225 E7.04577
;WIDTH:0.313751
G1 X71.337 Y86.226 E7.04631
;WIDTH:0.324886
G1 X71.163 Y86.243 E7.05327
G1 E4.05327 F2400
G92 E0
G1 X73.216 Y127.22 F7800
G1 E3 F2400
;TYPE:External perimeter
;WIDTH:0.675
G1 F1800
G1 X73.175 Y127.361 E3.01437
G1 X72.975 Y127.753 E3.05751
G1 X72.705 Y128.101 E3.10064
G1 X72.375 Y128.392 E3.14377
G1 X71.996 Y128.616 E3.1869
G1 X71.587 Y128.764 E3.22952
G1 X71.293 Y128.82 E3.25881
G1 X70.995 Y128.839 E3.2881
G1 X70.562 Y128.798 E3.33071
G1 X70.139 Y128.675 E3.37384
G1 X69.744 Y128.474 E3.41726
G1 X69.358 Y128.163 E3.46584
G1 X69.197 Y127.989 E3.48901
G1 X69.023 Y127.749 E3.51814
G1 X68.825 Y127.361 E3.56074
G1 X68.702 Y126.938 E3.60388
G1 X68.661 Y126.5 E3.64701
G1 X68.702 Y126.062 E3.69015
G1 X68.825 Y125.639 E3.73328
G1 X69.025 Y125.247 E3.77641
G1 X69.295 Y124.899 E3.81955
G1 X69.625 Y124.608 E3.86268
G1 X70.004 Y124.384 E3.90582
G1 X70.413 Y124.236 E3.94843
G1 X70.705 Y124.181 E3.97755
G1 X70.941 Y124.163 E4.00072
G1 X71.435 Y124.202 E4.0493
G1 X71.861 Y124.325 E4.09272
G1 X72.253 Y124.525 E4.13585
G1 X72.601 Y124.795 E4.17899
G1 X72.892 Y125.125 E4.22212
G1 X73.114 Y125.5 E4.26473
G1 X73.224 Y125.777 E4.29402
G1 X73.298 Y126.067 E4.32331
G1 X73.339 Y126.5 E4.36592
G1 X73.298 Y126.938 E4.40905
G1 X73.241 Y127.134 E4.429
G1 X73.321 Y127.322 F7800
G1 X74.001 Y127.476
G1 F1800
G1 X73.94 Y127.664 E4.4484
G1 X73.771 Y128.023 E4.48731
G1 X73.558 Y128.358 E4.52621
G1 X73.165 Y128.805 E4.58452
G1 X73.02 Y128.933 E4.60347
G1 X72.528 Y129.268 E4.66178
G1 X72.164 Y129.44 E4.70121
G1 X71.781 Y129.564 E4.74063
G1 X71.193 Y129.656 E4.79894
G1 X70.807 Y129.656 E4.83682
G1 X70.402 Y129.605 E4.87676
G1 X69.831 Y129.438 E4.93507
G1 X69.306 Y129.17 E4.99287
G1 X68.98 Y128.933 E5.03229
G1 X68.699 Y128.669 E5.07016
G1 X68.442 Y128.358 E5.10959
G1 X68.229 Y128.023 E5.14849
G1 X68.058 Y127.659 E5.18791
G1 X67.894 Y127.092 E5.24571
G1 X67.838 Y126.5 E5.30402
G1 X67.894 Y125.908 E5.36233
G1 X67.994 Y125.518 E5.40176
G1 X68.229 Y124.977 E5.45955
G1 X68.442 Y124.642 E5.49845
G1 X68.699 Y124.331 E5.53788
G1 X69.041 Y124.019 E5.58329
G1 X69.472 Y123.732 E5.63405
G1 X69.836 Y123.56 E5.67347
G1 X70.402 Y123.395 E5.73127
G1 X70.804 Y123.344 E5.77093
G1 X71.072 Y123.34 E5.7972
G1 X71.395 Y123.363 E5.82893
G1 X71.786 Y123.438 E5.86796
G1 X72.346 Y123.639 E5.92627
G1 X72.863 Y123.945 E5.9851
G1 X73.305 Y124.336 E6.04289
G1 X73.561 Y124.646 E6.08232
G1 X73.768 Y124.972 E6.12019
G1 X73.94 Y125.336 E6.15962
G1 X74.064 Y125.719 E6.19904
G1 X74.137 Y126.098 E6.23691
G1 X74.162 Y126.5 E6.27633
G1 X74.137 Y126.902 E6.31576
G1 X74.029 Y127.39 E6.36476
G1 X73.81 Y127.526 F7800
G1 X73.633 Y127.268
;TYPE:Gap fill
;WIDTH:0.32809
G1 F1200
G1 X73.561 Y127.502 E6.37463
;WIDTH:0.317392
G1 X73.558 Y127.513 E6.37505
;WIDTH:0.317393
G1 X73.553 Y127.522 E6.37547
;WIDTH:0.327717
G1 X73.406 Y127.823 E6.38891
;WIDTH:0.327716
G1 X73.326 Y127.963 E6.39542
;WIDTH:0.312458
G1 X73.314 Y127.981 E6.39623
;WIDTH:0.327711
G1 X73.221 Y128.114 E6.40274
;WIDTH:0.32771
G1 X73.012 Y128.375 E6.41618
;WIDTH:0.318588
G1 X72.998 Y128.391 E6.41703
;WIDTH:0.318715
G1 X72.997 Y128.392 E6.41706
;WIDTH:0.32883
G1 X72.88 Y128.502 E6.42357
;WIDTH:0.328834
G1 X72.759 Y128.608 E6.43006
;WIDTH:0.328835
G1 X72.624 Y128.717 E6.43708
;WIDTH:0.312465
G1 X72.606 Y128.729 E6.43788
;WIDTH:0.32883
G1 X72.461 Y128.825 E6.4449
;WIDTH:0.328831
G1 X72.333 Y128.9 E6.45092
;WIDTH:0.328832
G1 X72.18 Y128.982 E6.45794
;WIDTH:0.312459
G1 X72.16 Y128.991 E6.45874
;WIDTH:0.327716
G1 X72.011 Y129.053 E6.46526
;WIDTH:0.327715
G1 X71.704 Y129.158 E6.4783
;WIDTH:0.318394
G1 X71.686 Y129.163 E6.479
;WIDTH:0.320207
G1 X71.672 Y129.167 E6.47956
;WIDTH:0.324889
G1 X71.526 Y129.197 E6.48549
;WIDTH:0.324887
G1 X71.351 Y129.225 E6.49254
;WIDTH:0.313753
G1 X71.337 Y129.226 E6.49308
;WIDTH:0.324888
G1 X71.161 Y129.243 E6.50013
;WIDTH:0.324889
G1 X71 Y129.251 E6.50652
;WIDTH:0.319831
G1 X70.997 Y129.251 E6.50663
;WIDTH:0.319584
G1 X70.979 Y129.25 E6.50734
;WIDTH:0.32809
G1 X70.839 Y129.241 E6.51298
;WIDTH:0.328089
G1 X70.495 Y129.203 E6.52692
;WIDTH:0.318593
G1 X70.474 Y129.2 E6.52777
;WIDTH:0.31872
G1 X70.473 Y129.2 E6.5278
;WIDTH:0.328091
G1 X70.329 Y129.163 E6.53381
;WIDTH:0.328091
G1 X69.998 Y129.061 E6.54775
;WIDTH:0.318594
G1 X69.977 Y129.054 E6.54859
;WIDTH:0.318721
G1 X69.976 Y129.053 E6.54863
;WIDTH:0.328087
G1 X69.842 Y128.99 E6.55463
;WIDTH:0.328087
G1 X69.531 Y128.825 E6.5688
;WIDTH:0.317041
G1 X69.526 Y128.823 E6.56901
;WIDTH:0.316997
G1 X69.511 Y128.812 E6.56971
;WIDTH:0.332888
G1 X69.242 Y128.606 E6.58362
;WIDTH:0.332889
G1 X69.119 Y128.503 E6.59022
;WIDTH:0.32555
G1 X69.082 Y128.47 E6.59219
;WIDTH:0.32021
G1 X69.07 Y128.458 E6.59287
;WIDTH:0.323502
G1 X69.005 Y128.39 E6.59659
;WIDTH:0.323504
G1 X68.885 Y128.253 E6.60376
;WIDTH:0.313949
G1 X68.877 Y128.243 E6.60427
;WIDTH:0.324145
G1 X68.777 Y128.115 E6.6107
;WIDTH:0.324146
G1 X68.679 Y127.97 E6.61765
;WIDTH:0.313406
G1 X68.669 Y127.955 E6.61832
;WIDTH:0.327716
G1 X68.594 Y127.823 E6.62443
G1 X68.447 Y127.523 E6.63788
;WIDTH:0.318593
G1 X68.438 Y127.502 E6.63872
;WIDTH:0.318723
G1 X68.438 Y127.502 E6.63876
;WIDTH:0.328086
G1 X68.392 Y127.36 E6.64476
;WIDTH:0.328086
G1 X68.301 Y127.026 E6.65871
;WIDTH:0.317382
G1 X68.298 Y127.015 E6.65913
;WIDTH:0.317381
G1 X68.297 Y127.005 E6.65955
;WIDTH:0.328087
G1 X68.259 Y126.661 E6.67349
;WIDTH:0.328087
G1 X68.249 Y126.511 E6.67953
;WIDTH:0.318665
G1 X68.249 Y126.5 E6.67995
;WIDTH:0.318666
G1 X68.249 Y126.489 E6.68038
;WIDTH:0.328087
G1 X68.259 Y126.339 E6.68642
;WIDTH:0.328087
G1 X68.297 Y125.995 E6.70036
;WIDTH:0.317381
G1 X68.298 Y125.985 E6.70078
;WIDTH:0.317383
G1 X68.301 Y125.974 E6.7012
;WIDTH:0.328084
G1 X68.392 Y125.64 E6.71515
;WIDTH:0.328084
G1 X68.438 Y125.498 E6.72115
;WIDTH:0.318718
G1 X68.438 Y125.498 E6.72119
;WIDTH:0.318589
G1 X68.447 Y125.478 E6.72203
;WIDTH:0.327717
G1 X68.594 Y125.177 E6.73548
;WIDTH:0.327716
G1 X68.674 Y125.037 E6.74199
;WIDTH:0.312464
G1 X68.686 Y125.019 E6.74279
;WIDTH:0.327716
G1 X68.779 Y124.886 E6.7493
;WIDTH:0.327716
G1 X68.988 Y124.625 E6.76275
;WIDTH:0.318589
G1 X69.002 Y124.609 E6.76359
;WIDTH:0.318719
G1 X69.003 Y124.608 E6.76363
;WIDTH:0.328429
G1 X69.116 Y124.503 E6.76986
;WIDTH:0.328429
G1 X69.296 Y124.346 E6.77952
;WIDTH:0.324375
G1 X69.376 Y124.283 E6.78354
;WIDTH:0.314093
G1 X69.393 Y124.27 E6.78436
;WIDTH:0.328831
G1 X69.536 Y124.177 E6.79127
;WIDTH:0.328832
G1 X69.667 Y124.1 E6.79739
;WIDTH:0.328831
G1 X69.82 Y124.018 E6.80441
;WIDTH:0.312463
G1 X69.84 Y124.009 E6.80521
;WIDTH:0.327717
G1 X69.989 Y123.947 E6.81173
;WIDTH:0.327715
G1 X70.296 Y123.842 E6.82477
;WIDTH:0.318392
G1 X70.314 Y123.837 E6.82547
;WIDTH:0.320204
G1 X70.328 Y123.833 E6.82604
;WIDTH:0.324885
G1 X70.474 Y123.803 E6.83196
;WIDTH:0.324887
G1 X70.646 Y123.776 E6.83889
;WIDTH:0.313947
G1 X70.659 Y123.774 E6.83939
;WIDTH:0.323168
G1 X70.833 Y123.757 E6.8463
;WIDTH:0.323168
G1 X70.933 Y123.753 E6.85027
;WIDTH:0.317605
G1 X70.951 Y123.752 E6.85094
;WIDTH:0.327648
G1 X71.06 Y123.756 E6.85535
;WIDTH:0.329651
G1 X71.341 Y123.777 E6.86677
;WIDTH:0.329652
G1 X71.497 Y123.797 E6.87315
;WIDTH:0.312141
G1 X71.52 Y123.802 E6.87402
;WIDTH:0.327711
G1 X71.683 Y123.841 E6.88075
;WIDTH:0.327712
G1 X72.002 Y123.939 E6.8942
;WIDTH:0.318586
G1 X72.023 Y123.946 E6.89504
;WIDTH:0.318715
G1 X72.024 Y123.947 E6.89508
;WIDTH:0.328829
G1 X72.169 Y124.015 E6.90158
;WIDTH:0.328831
G1 X72.312 Y124.088 E6.90807
;WIDTH:0.328831
G1 X72.463 Y124.174 E6.91509
;WIDTH:0.31246
G1 X72.481 Y124.186 E6.9159
;WIDTH:0.328828
G1 X72.623 Y124.286 E6.92292
;WIDTH:0.328832
G1 X72.741 Y124.377 E6.92893
;WIDTH:0.328831
G1 X72.873 Y124.49 E6.93595
;WIDTH:0.312463
G1 X72.889 Y124.504 E6.93676
;WIDTH:0.327716
G1 X73.001 Y124.621 E6.94327
;WIDTH:0.327714
G1 X73.218 Y124.875 E6.95672
;WIDTH:0.31859
G1 X73.232 Y124.892 E6.95756
;WIDTH:0.318716
G1 X73.232 Y124.893 E6.95759
;WIDTH:0.328829
G1 X73.319 Y125.029 E6.9641
;WIDTH:0.328835
G1 X73.4 Y125.167 E6.97059
;WIDTH:0.328834
G1 X73.477 Y125.312 E6.97721
;WIDTH:0.313406
G1 X73.485 Y125.328 E6.97788
;WIDTH:0.324144
G1 X73.554 Y125.489 E6.98483
;WIDTH:0.324145
G1 X73.61 Y125.644 E6.99139
;WIDTH:0.313754
G1 X73.615 Y125.658 E6.99193
;WIDTH:0.324889
G1 X73.664 Y125.828 E6.99898
;WIDTH:0.32489
G1 X73.702 Y125.985 E7.00538
;WIDTH:0.31983
G1 X73.702 Y125.987 E7.00548
;WIDTH:0.319582
G1 X73.705 Y126.005 E7.00619
;WIDTH:0.328087
G1 X73.723 Y126.144 E7.01183
;WIDTH:0.328088
G1 X73.75 Y126.489 E7.02577
;WIDTH:0.317385
G1 X73.751 Y126.5 E7.02619
;WIDTH:0.317383
G1 X73.75 Y126.511 E7.02661
;WIDTH:0.328086
G1 X73.723 Y126.856 E7.04055
;WIDTH:0.328086
G1 X73.704 Y127.005 E7.04659
;WIDTH:0.318663
G1 X73.702 Y127.016 E7.04702
;WIDTH:0.318663
G1 X73.7 Y127.026 E7.04744
;WIDTH:0.328092
G1 X73.663 Y127.171 E7.05348
;WIDTH:0.32809
G1 X73.659 Y127.182 E7.05394
;LAYER_CHANGE
;Z:3.45
;HEIGHT:0.4
G1 Z3.45 F7800
G1 E4.05394 F2400
G92 E0
G1 X135.689 Y126.793 F7800
G1 E3 F2400
;TYPE:External perimeter
;WIDTH:0.675
G1 F1800
G1 X135.666 Y126.647 E3.01445
G1 X135.679 Y126.212 E3.05706
G1 X135.735 Y125.919 E3.08635
G1 X135.828 Y125.634 E3.11564
G1 X136.025 Y125.247 E3.15825
G1 X136.295 Y124.899 E3.20138
G1 X136.625 Y124.608 E3.24452
G1 X137.004 Y124.384 E3.28765
G1 X137.421 Y124.234 E3.33106
G1 X137.91 Y124.164 E3.37943
G1 X138.148 Y124.167 E3.40281
G1 X138.443 Y124.204 E3.43195
G1 X138.861 Y124.325 E3.47456
G1 X139.253 Y124.525 E3.51769
G1 X139.601 Y124.795 E3.56082
G1 X139.892 Y125.125 E3.60396
G1 X140.116 Y125.504 E3.64709
G1 X140.266 Y125.918 E3.69022
G1 X140.334 Y126.353 E3.73336
G1 X140.321 Y126.793 E3.77649
G1 X140.225 Y127.223 E3.81963
G1 X140.052 Y127.622 E3.86224
G1 X139.892 Y127.873 E3.89137
G1 X139.742 Y128.058 E3.91475
G1 X139.377 Y128.391 E3.96312
G1 X138.996 Y128.616 E4.00653
G1 X138.582 Y128.766 E4.04966
G1 X138.147 Y128.834 E4.0928
G1 X137.707 Y128.821 E4.13593
G1 X137.274 Y128.724 E4.17934
G1 X136.825 Y128.52 E4.22771
G1 X136.624 Y128.391 E4.25109
G1 X136.395 Y128.201 E4.28022
G1 X136.108 Y127.875 E4.32283
G1 X135.884 Y127.496 E4.36597
G1 X135.734 Y127.082 E4.4091
G1 X135.703 Y126.881 E4.42897
G1 X135.549 Y126.745 F7800
G1 X135 Y127.479
G1 F1800
G1 X134.895 Y127.098 E4.46772
G1 X134.838 Y126.5 E4.52656
G1 X134.895 Y125.902 E4.58539
G1 X135.06 Y125.336 E4.64318
G1 X135.229 Y124.977 E4.68209
G1 X135.443 Y124.64 E4.72114
G1 X135.636 Y124.402 E4.7512
G1 X135.838 Y124.193 E4.77968
G1 X136.31 Y123.827 E4.83819
G1 X136.836 Y123.56 E4.89598
G1 X137.402 Y123.395 E4.95377
G1 X137.803 Y123.344 E4.99339
G1 X138.089 Y123.341 E5.02135
G1 X138.395 Y123.363 E5.05141
G1 X138.786 Y123.438 E5.09046
G1 X139.169 Y123.562 E5.12988
G1 X139.519 Y123.726 E5.16775
G1 X139.858 Y123.942 E5.20718
G1 X140.301 Y124.331 E5.26497
G1 X140.67 Y124.806 E5.32381
G1 X140.94 Y125.336 E5.38212
G1 X141.105 Y125.902 E5.43991
G1 X141.162 Y126.5 E5.49874
G1 X141.105 Y127.098 E5.55758
G1 X140.94 Y127.664 E5.61537
G1 X140.771 Y128.023 E5.65427
G1 X140.555 Y128.363 E5.6937
G1 X140.164 Y128.805 E5.75149
G1 X139.694 Y129.17 E5.8098
G1 X139.164 Y129.44 E5.86812
G1 X138.598 Y129.605 E5.92591
G1 X138 Y129.662 E5.98474
G1 X137.402 Y129.605 E6.04357
G1 X136.836 Y129.44 E6.10136
G1 X136.31 Y129.173 E6.15916
G1 X135.839 Y128.809 E6.21747
G1 X135.445 Y128.363 E6.27579
G1 X135.229 Y128.023 E6.31521
G1 X135.028 Y127.565 E6.36428
G1 X135.259 Y127.18 F7800
G1 X135.42 Y127.43
;TYPE:Gap fill
;WIDTH:0.327713
G1 F1200
G1 X135.339 Y127.194 E6.37432
;WIDTH:0.31859
G1 X135.333 Y127.173 E6.37516
;WIDTH:0.318717
G1 X135.333 Y127.173 E6.37519
;WIDTH:0.328084
G1 X135.305 Y127.026 E6.3812
;WIDTH:0.328085
G1 X135.256 Y126.684 E6.39515
;WIDTH:0.318594
G1 X135.254 Y126.662 E6.39599
;WIDTH:0.318721
G1 X135.254 Y126.661 E6.39602
;WIDTH:0.328832
G1 X135.254 Y126.5 E6.40253
;WIDTH:0.328831
G1 X135.259 Y126.339 E6.40902
;WIDTH:0.328831
G1 X135.272 Y126.176 E6.41564
;WIDTH:0.313401
G1 X135.274 Y126.158 E6.41631
;WIDTH:0.324884
G1 X135.303 Y125.974 E6.42375
;WIDTH:0.324882
G1 X135.333 Y125.828 E6.42968
;WIDTH:0.320201
G1 X135.335 Y125.823 E6.42986
;WIDTH:0.319644
G1 X135.339 Y125.809 E6.43043
;WIDTH:0.318722
G1 X135.443 Y125.488 E6.44352
;WIDTH:0.31872
G1 X135.444 Y125.485 E6.44362
;WIDTH:0.318386
G1 X135.451 Y125.469 E6.44432
;WIDTH:0.327715
G1 X135.594 Y125.177 E6.45737
;WIDTH:0.327714
G1 X135.674 Y125.037 E6.46388
;WIDTH:0.31246
G1 X135.686 Y125.019 E6.46468
;WIDTH:0.328036
G1 X135.781 Y124.883 E6.47134
;WIDTH:0.328036
G1 X135.946 Y124.676 E6.48203
;WIDTH:0.322127
G1 X135.989 Y124.626 E6.4846
;WIDTH:0.315161
G1 X136.003 Y124.61 E6.48543
;WIDTH:0.328831
G1 X136.126 Y124.493 E6.49227
;WIDTH:0.328833
G1 X136.241 Y124.392 E6.49846
;WIDTH:0.328832
G1 X136.376 Y124.283 E6.50548
;WIDTH:0.312459
G1 X136.394 Y124.271 E6.50628
;WIDTH:0.328826
G1 X136.539 Y124.175 E6.51331
;WIDTH:0.328829
G1 X136.667 Y124.1 E6.51932
;WIDTH:0.328829
G1 X136.82 Y124.018 E6.52634
;WIDTH:0.31246
G1 X136.84 Y124.009 E6.52714
;WIDTH:0.327714
G1 X136.989 Y123.947 E6.53366
;WIDTH:0.327713
G1 X137.311 Y123.837 E6.54731
;WIDTH:0.317803
G1 X137.327 Y123.832 E6.54798
;WIDTH:0.318136
G1 X137.333 Y123.831 E6.54823
;WIDTH:0.329479
G1 X137.474 Y123.805 E6.55402
;WIDTH:0.329478
G1 X137.832 Y123.758 E6.56865
;WIDTH:0.324145
G1 X137.874 Y123.754 E6.57033
;WIDTH:0.318711
G1 X137.892 Y123.754 E6.571
;WIDTH:0.321705
G1 X138.076 Y123.753 E6.57825
;WIDTH:0.321706
G1 X138.169 Y123.757 E6.5819
;WIDTH:0.315879
G1 X138.183 Y123.758 E6.58242
;WIDTH:0.324357
G1 X138.341 Y123.774 E6.58872
;WIDTH:0.324356
G1 X138.518 Y123.802 E6.59582
;WIDTH:0.313402
G1 X138.535 Y123.805 E6.59649
;WIDTH:0.327713
G1 X138.683 Y123.841 E6.6026
;WIDTH:0.327712
G1 X139.002 Y123.939 E6.61605
;WIDTH:0.318589
G1 X139.023 Y123.946 E6.61689
;WIDTH:0.318715
G1 X139.024 Y123.947 E6.61692
;WIDTH:0.32883
G1 X139.169 Y124.015 E6.62343
;WIDTH:0.328831
G1 X139.312 Y124.088 E6.62992
;WIDTH:0.32883
G1 X139.463 Y124.174 E6.63694
;WIDTH:0.312459
G1 X139.481 Y124.186 E6.63775
;WIDTH:0.327711
G1 X139.614 Y124.279 E6.64426
;WIDTH:0.32771
G1 X139.875 Y124.488 E6.6577
;WIDTH:0.318587
G1 X139.891 Y124.502 E6.65855
;WIDTH:0.318719
G1 X139.892 Y124.503 E6.65858
;WIDTH:0.328086
G1 X139.994 Y124.612 E6.66459
;WIDTH:0.328084
G1 X140.218 Y124.875 E6.67853
;WIDTH:0.318589
G1 X140.232 Y124.892 E6.67938
;WIDTH:0.318719
G1 X140.232 Y124.893 E6.67941
;WIDTH:0.328827
G1 X140.319 Y125.029 E6.68591
;WIDTH:0.328827
G1 X140.4 Y125.167 E6.6924
;WIDTH:0.328828
G1 X140.482 Y125.32 E6.69942
;WIDTH:0.312461
G1 X140.491 Y125.34 E6.70023
;WIDTH:0.327716
G1 X140.553 Y125.489 E6.70674
;WIDTH:0.327715
G1 X140.661 Y125.806 E6.72019
;WIDTH:0.318588
G1 X140.667 Y125.827 E6.72103
;WIDTH:0.318716
G1 X140.667 Y125.827 E6.72106
;WIDTH:0.328084
G1 X140.695 Y125.974 E6.72707
;WIDTH:0.328083
G1 X140.744 Y126.316 E6.74101
;WIDTH:0.318592
G1 X140.746 Y126.338 E6.74186
;WIDTH:0.318718
G1 X140.746 Y126.339 E6.74189
;WIDTH:0.328829
G1 X140.746 Y126.5 E6.7484
;WIDTH:0.328831
G1 X140.741 Y126.661 E6.75489
;WIDTH:0.32883
G1 X140.727 Y126.834 E6.76191
;WIDTH:0.312459
G1 X140.725 Y126.855 E6.76271
;WIDTH:0.328827
G1 X140.695 Y127.026 E6.76974
;WIDTH:0.328829
G1 X140.662 Y127.171 E6.77575
;WIDTH:0.328828
G1 X140.617 Y127.339 E6.78277
;WIDTH:0.312459
G1 X140.61 Y127.359 E6.78357
;WIDTH:0.327714
G1 X140.553 Y127.511 E6.79009
;WIDTH:0.327713
G1 X140.419 Y127.806 E6.80313
;WIDTH:0.31839
G1 X140.411 Y127.822 E6.80383
;WIDTH:0.318725
G1 X140.41 Y127.825 E6.80394
;WIDTH:0.318723
G1 X140.23 Y128.108 E6.81691
;WIDTH:0.319508
G1 X140.223 Y128.119 E6.81744
;WIDTH:0.320494
G1 X140.218 Y128.126 E6.81777
;WIDTH:0.323787
G1 X140.125 Y128.243 E6.82367
;WIDTH:0.323787
G1 X140.046 Y128.333 E6.82843
;WIDTH:0.315153
G1 X140.034 Y128.346 E6.82909
;WIDTH:0.332175
G1 X139.878 Y128.5 E6.83807
;WIDTH:0.332174
G1 X139.631 Y128.714 E6.85147
;WIDTH:0.317752
G1 X139.612 Y128.729 E6.85238
;WIDTH:0.318715
G1 X139.607 Y128.732 E6.85262
;WIDTH:0.328825
G1 X139.471 Y128.819 E6.85912
;WIDTH:0.328828
G1 X139.333 Y128.9 E6.86562
;WIDTH:0.328829
G1 X139.18 Y128.982 E6.87264
;WIDTH:0.312462
G1 X139.16 Y128.991 E6.87344
;WIDTH:0.327717
G1 X139.011 Y129.053 E6.87995
;WIDTH:0.327718
G1 X138.694 Y129.161 E6.8934
;WIDTH:0.318594
G1 X138.673 Y129.167 E6.89425
;WIDTH:0.318719
G1 X138.673 Y129.167 E6.89428
;WIDTH:0.328087
G1 X138.526 Y129.195 E6.90029
;WIDTH:0.328089
G1 X138.184 Y129.244 E6.91423
;WIDTH:0.318596
G1 X138.162 Y129.246 E6.91507
;WIDTH:0.318723
G1 X138.161 Y129.246 E6.91511
;WIDTH:0.328832
G1 X138 Y129.246 E6.92161
;WIDTH:0.328833
G1 X137.839 Y129.241 E6.9281
;WIDTH:0.328832
G1 X137.666 Y129.227 E6.93512
;WIDTH:0.312461
G1 X137.645 Y129.225 E6.93593
;WIDTH:0.328829
G1 X137.474 Y129.195 E6.94295
;WIDTH:0.32883
G1 X137.329 Y129.162 E6.94896
;WIDTH:0.32883
G1 X137.156 Y129.115 E6.9562
;WIDTH:0.312153
G1 X137.134 Y129.108 E6.95707
;WIDTH:0.329305
G1 X136.99 Y129.052 E6.96334
;WIDTH:0.329304
G1 X136.666 Y128.902 E6.97778
;WIDTH:0.324038
G1 X136.635 Y128.886 E6.97916
;WIDTH:0.320226
G1 X136.62 Y128.878 E6.97985
;WIDTH:0.323566
G1 X136.537 Y128.827 E6.98367
;WIDTH:0.323565
G1 X136.388 Y128.724 E6.99083
;WIDTH:0.313933
G1 X136.377 Y128.716 E6.99134
;WIDTH:0.324884
G1 X136.239 Y128.61 E6.99826
;WIDTH:0.324884
G1 X136.126 Y128.513 E7.00419
;WIDTH:0.320199
G1 X136.116 Y128.503 E7.00475
;WIDTH:0.318387
G1 X136.103 Y128.49 E7.00546
;WIDTH:0.328087
G1 X135.877 Y128.241 E7.019
;WIDTH:0.328086
G1 X135.782 Y128.126 E7.02501
;WIDTH:0.318718
G1 X135.781 Y128.126 E7.02504
;WIDTH:0.318588
G1 X135.769 Y128.108 E7.02588
;WIDTH:0.327714
G1 X135.594 Y127.823 E7.03933
;WIDTH:0.327716
G1 X135.518 Y127.68 E7.04584
;WIDTH:0.31246
G1 X135.509 Y127.66 E7.04665
;WIDTH:0.327714
G1 X135.449 Y127.515 E7.05295
G1 E4.05295 F2400
G92 E0
G1 X136.027 Y84.754 F7800
G1 E3 F2400
;TYPE:External perimeter
;WIDTH:0.675
G1 F1800
G1 X135.91 Y84.546 E3.02338
G1 X135.735 Y84.084 E3.07175
G1 X135.666 Y83.647 E3.11516
G1 X135.679 Y83.207 E3.15829
G1 X135.774 Y82.782 E3.2009
G1 X135.884 Y82.506 E3.23004
G1 X135.997 Y82.296 E3.25341
G1 X136.293 Y81.901 E3.30178
G1 X136.625 Y81.608 E3.34519
G1 X137.004 Y81.384 E3.38833
G1 X137.421 Y81.234 E3.43174
G1 X137.91 Y81.164 E3.48011
G1 X138.148 Y81.167 E3.50349
G1 X138.443 Y81.204 E3.53262
G1 X138.861 Y81.325 E3.57523
G1 X139.253 Y81.525 E3.61837
G1 X139.601 Y81.795 E3.6615
G1 X139.892 Y82.125 E3.70463
G1 X140.116 Y82.504 E3.74777
G1 X140.266 Y82.918 E3.7909
G1 X140.334 Y83.353 E3.83404
G1 X140.321 Y83.793 E3.87717
G1 X140.225 Y84.223 E3.9203
G1 X140.052 Y84.622 E3.96291
G1 X139.892 Y84.873 E3.99205
G1 X139.742 Y85.058 E4.01542
G1 X139.377 Y85.391 E4.0638
G1 X138.996 Y85.616 E4.10721
G1 X138.582 Y85.766 E4.15034
G1 X138.147 Y85.834 E4.19347
G1 X137.707 Y85.821 E4.23661
G1 X137.277 Y85.725 E4.27974
G1 X136.873 Y85.55 E4.32288
G1 X136.509 Y85.302 E4.36601
G1 X136.202 Y84.995 E4.40862
G1 X136.08 Y84.827 E4.42894
G1 X135.789 Y84.768 F7800
G1 X134.839 Y83.528
G1 F1800
G1 X134.844 Y83.307 E4.45065
G1 X134.894 Y82.908 E4.49007
G1 X134.993 Y82.521 E4.52913
G1 X135.104 Y82.235 E4.55919
G1 X135.228 Y81.978 E4.58714
G1 X135.443 Y81.64 E4.6264
G1 X135.834 Y81.196 E4.68436
G1 X136.306 Y80.83 E4.74287
G1 X136.836 Y80.56 E4.80118
G1 X137.402 Y80.395 E4.85897
G1 X137.803 Y80.344 E4.8986
G1 X138.089 Y80.341 E4.92655
G1 X138.395 Y80.363 E4.95661
G1 X138.786 Y80.438 E4.99566
G1 X139.346 Y80.639 E5.05398
G1 X139.858 Y80.942 E5.11229
G1 X140.301 Y81.331 E5.17008
G1 X140.67 Y81.806 E5.22891
G1 X140.94 Y82.336 E5.28723
G1 X141.105 Y82.902 E5.34502
G1 X141.162 Y83.5 E5.40385
G1 X141.105 Y84.098 E5.46268
G1 X140.94 Y84.664 E5.52048
G1 X140.67 Y85.194 E5.57879
G1 X140.305 Y85.664 E5.6371
G1 X139.863 Y86.055 E5.69489
G1 X139.522 Y86.272 E5.73452
G1 X139.265 Y86.396 E5.76247
G1 X138.979 Y86.507 E5.79253
G1 X138.592 Y86.606 E5.83158
G1 X138.003 Y86.662 E5.88957
G1 X137.713 Y86.647 E5.91805
G1 X137.404 Y86.605 E5.94863
G1 X136.836 Y86.44 E6.00657
G1 X136.31 Y86.173 E6.06437
G1 X135.839 Y85.809 E6.12268
G1 X135.445 Y85.363 E6.18099
G1 X135.229 Y85.023 E6.22042
G1 X135.06 Y84.664 E6.25932
G1 X134.895 Y84.098 E6.31711
G1 X134.841 Y83.618 E6.36439
G1 X135.025 Y83.408 F7800
G1 X135.254 Y83.618
;TYPE:Gap fill
;WIDTH:0.328832
G1 F1200
G1 X135.254 Y83.5 E6.36916
;WIDTH:0.328831
G1 X135.259 Y83.339 E6.37566
;WIDTH:0.328831
G1 X135.273 Y83.166 E6.38268
;WIDTH:0.312459
G1 X135.275 Y83.145 E6.38348
;WIDTH:0.327712
G1 X135.303 Y82.986 E6.38999
;WIDTH:0.327713
G1 X135.379 Y82.67 E6.40304
;WIDTH:0.318391
G1 X135.384 Y82.653 E6.40374
;WIDTH:0.319155
G1 X135.386 Y82.647 E6.40398
;WIDTH:0.321575
G1 X135.482 Y82.4 E6.41438
;WIDTH:0.321575
G1 X135.509 Y82.339 E6.41698
;WIDTH:0.316631
G1 X135.515 Y82.327 E6.41749
;WIDTH:0.323262
G1 X135.59 Y82.18 E6.42401
;WIDTH:0.323262
G1 X135.647 Y82.083 E6.42847
;WIDTH:0.315153
G1 X135.656 Y82.068 E6.42912
;WIDTH:0.332439
G1 X135.783 Y81.885 E6.43826
;WIDTH:0.332439
G1 X135.946 Y81.676 E6.44913
;WIDTH:0.322118
G1 X135.984 Y81.631 E6.45143
;WIDTH:0.314944
G1 X136 Y81.614 E6.45232
;WIDTH:0.327858
G1 X136.117 Y81.502 E6.45887
;WIDTH:0.327856
G1 X136.375 Y81.282 E6.4725
;WIDTH:0.318589
G1 X136.392 Y81.268 E6.47335
;WIDTH:0.318717
G1 X136.393 Y81.268 E6.47338
;WIDTH:0.32883
G1 X136.529 Y81.181 E6.47989
;WIDTH:0.328832
G1 X136.667 Y81.1 E6.48638
;WIDTH:0.328832
G1 X136.82 Y81.018 E6.4934
;WIDTH:0.312463
G1 X136.84 Y81.009 E6.4942
;WIDTH:0.327715
G1 X136.989 Y80.947 E6.50072
;WIDTH:0.327715
G1 X137.311 Y80.837 E6.51437
;WIDTH:0.317803
G1 X137.327 Y80.832 E6.51504
;WIDTH:0.318135
G1 X137.333 Y80.831 E6.51529
;WIDTH:0.32948
G1 X137.474 Y80.805 E6.52108
;WIDTH:0.32948
G1 X137.832 Y80.758 E6.53571
;WIDTH:0.324147
G1 X137.874 Y80.754 E6.53739
;WIDTH:0.318711
G1 X137.892 Y80.754 E6.53806
;WIDTH:0.321707
G1 X138.076 Y80.753 E6.54531
;WIDTH:0.321708
G1 X138.169 Y80.757 E6.54896
;WIDTH:0.315883
G1 X138.183 Y80.758 E6.54948
;WIDTH:0.324361
G1 X138.341 Y80.774 E6.55578
;WIDTH:0.32436
G1 X138.518 Y80.802 E6.56288
;WIDTH:0.313406
G1 X138.535 Y80.805 E6.56355
;WIDTH:0.327715
G1 X138.683 Y80.841 E6.56966
;WIDTH:0.327716
G1 X139.002 Y80.939 E6.58311
;WIDTH:0.318591
G1 X139.023 Y80.946 E6.58395
;WIDTH:0.318717
G1 X139.024 Y80.947 E6.58398
;WIDTH:0.328832
G1 X139.169 Y81.015 E6.59049
;WIDTH:0.328832
G1 X139.312 Y81.088 E6.59698
;WIDTH:0.328832
G1 X139.463 Y81.174 E6.604
;WIDTH:0.312462
G1 X139.481 Y81.186 E6.60481
;WIDTH:0.327714
G1 X139.614 Y81.279 E6.61132
;WIDTH:0.327713
G1 X139.875 Y81.488 E6.62476
;WIDTH:0.318587
G1 X139.891 Y81.502 E6.62561
;WIDTH:0.318718
G1 X139.892 Y81.503 E6.62564
;WIDTH:0.328084
G1 X139.994 Y81.612 E6.63165
;WIDTH:0.328084
G1 X140.218 Y81.875 E6.64559
;WIDTH:0.318589
G1 X140.232 Y81.892 E6.64644
;WIDTH:0.318718
G1 X140.232 Y81.893 E6.64647
;WIDTH:0.328826
G1 X140.319 Y82.029 E6.65297
;WIDTH:0.328827
G1 X140.4 Y82.167 E6.65947
;WIDTH:0.328828
G1 X140.482 Y82.32 E6.66649
;WIDTH:0.312461
G1 X140.491 Y82.34 E6.66729
;WIDTH:0.327714
G1 X140.553 Y82.489 E6.6738
;WIDTH:0.327715
G1 X140.661 Y82.806 E6.68725
;WIDTH:0.318586
G1 X140.667 Y82.827 E6.68809
;WIDTH:0.318714
G1 X140.667 Y82.827 E6.68812
;WIDTH:0.328084
G1 X140.695 Y82.974 E6.69413
;WIDTH:0.328083
G1 X140.744 Y83.316 E6.70808
;WIDTH:0.31859
G1 X140.746 Y83.338 E6.70892
;WIDTH:0.318718
G1 X140.746 Y83.339 E6.70895
;WIDTH:0.328829
G1 X140.746 Y83.5 E6.71546
;WIDTH:0.328829
G1 X140.741 Y83.661 E6.72195
;WIDTH:0.32883
G1 X140.727 Y83.834 E6.72897
;WIDTH:0.312459
G1 X140.725 Y83.855 E6.72977
;WIDTH:0.328825
G1 X140.695 Y84.026 E6.7368
;WIDTH:0.328828
G1 X140.662 Y84.171 E6.74281
;WIDTH:0.328828
G1 X140.617 Y84.339 E6.74983
;WIDTH:0.312459
G1 X140.61 Y84.359 E6.75063
;WIDTH:0.327714
G1 X140.553 Y84.511 E6.75715
;WIDTH:0.327713
G1 X140.419 Y84.806 E6.77019
;WIDTH:0.318391
G1 X140.411 Y84.823 E6.77089
;WIDTH:0.320202
G1 X140.404 Y84.835 E6.77146
;WIDTH:0.325257
G1 X140.32 Y84.972 E6.77786
;WIDTH:0.325255
G1 X140.232 Y85.107 E6.78427
;WIDTH:0.320198
G1 X140.231 Y85.108 E6.78433
;WIDTH:0.320012
G1 X140.223 Y85.119 E6.78486
;WIDTH:0.319095
G1 X140.046 Y85.334 E6.79564
;WIDTH:0.317637
G1 X140.035 Y85.347 E6.7963
;WIDTH:0.324213
G1 X140.003 Y85.381 E6.79816
;WIDTH:0.329484
G1 X139.741 Y85.623 E6.81261
;WIDTH:0.329482
G1 X139.632 Y85.715 E6.8184
;WIDTH:0.318138
G1 X139.627 Y85.719 E6.81865
;WIDTH:0.317807
G1 X139.612 Y85.728 E6.81932
;WIDTH:0.327855
G1 X139.319 Y85.908 E6.83316
;WIDTH:0.327856
G1 X139.18 Y85.983 E6.8395
;WIDTH:0.315162
G1 X139.161 Y85.992 E6.84032
;WIDTH:0.322125
G1 X139.1 Y86.017 E6.8429
;WIDTH:0.328039
G1 X138.852 Y86.11 E6.85358
;WIDTH:0.328039
G1 X138.694 Y86.159 E6.86024
;WIDTH:0.31246
G1 X138.673 Y86.164 E6.86104
;WIDTH:0.327713
G1 X138.514 Y86.197 E6.86756
;WIDTH:0.327713
G1 X138.184 Y86.244 E6.881
;WIDTH:0.318594
G1 X138.162 Y86.246 E6.88185
;WIDTH:0.318721
G1 X138.161 Y86.246 E6.88188
;WIDTH:0.32837
G1 X138.007 Y86.246 E6.88808
;WIDTH:0.328369
G1 X137.751 Y86.236 E6.89841
;WIDTH:0.323372
G1 X137.666 Y86.228 E6.90179
;WIDTH:0.314535
G1 X137.645 Y86.226 E6.9026
;WIDTH:0.328831
G1 X137.477 Y86.196 E6.90948
;WIDTH:0.328832
G1 X137.329 Y86.162 E6.91564
;WIDTH:0.32883
G1 X137.161 Y86.117 E6.92266
;WIDTH:0.312461
G1 X137.141 Y86.11 E6.92346
;WIDTH:0.327713
G1 X136.989 Y86.053 E6.92997
;WIDTH:0.327714
G1 X136.685 Y85.915 E6.94342
;WIDTH:0.318589
G1 X136.665 Y85.905 E6.94427
;WIDTH:0.318714
G1 X136.665 Y85.905 E6.9443
;WIDTH:0.328084
G1 X136.539 Y85.825 E6.9503
;WIDTH:0.328082
G1 X136.255 Y85.626 E6.96425
;WIDTH:0.318589
G1 X136.238 Y85.613 E6.96509
;WIDTH:0.318719
G1 X136.238 Y85.612 E6.96512
;WIDTH:0.328086
G1 X136.129 Y85.51 E6.97113
;WIDTH:0.328084
G1 X135.895 Y85.269 E6.98467
;WIDTH:0.318386
G1 X135.883 Y85.255 E6.98538
;WIDTH:0.320201
G1 X135.874 Y85.244 E6.98594
;WIDTH:0.324885
G1 X135.784 Y85.125 E6.99187
;WIDTH:0.324885
G1 X135.686 Y84.98 E6.9988
;WIDTH:0.313938
G1 X135.679 Y84.969 E6.9993
;WIDTH:0.32294
G1 X135.592 Y84.824 E7.00598
;WIDTH:0.322942
G1 X135.542 Y84.727 E7.01026
;WIDTH:0.315156
G1 X135.535 Y84.712 E7.01091
;WIDTH:0.332173
G1 X135.449 Y84.51 E7.0199
;WIDTH:0.332174
G1 X135.341 Y84.201 E7.0333
;WIDTH:0.317754
G1 X135.334 Y84.179 E7.03421
;WIDTH:0.318718
G1 X135.333 Y84.173 E7.03445
;WIDTH:0.328085
G1 X135.305 Y84.026 E7.04045
;WIDTH:0.328085
G1 X135.26 Y83.708 E7.05341
G1 E4.05341 F2400
G92 E0
G1 X97.427 Y78.073 F7800
G1 E3 F2400
;TYPE:Perimeter
;WIDTH:0.675
G1 F1800
G1 X97.427 Y76.927 E3.11235
G1 X99.573 Y76.927 E3.32268
G1 X99.573 Y78.073 E3.43502
G1 X97.517 Y78.073 E3.63653
G1 X96.837 Y78.662 F7800
;TYPE:External perimeter
G1 F1800
G1 X96.837 Y76.337 E3.86433
G1 X100.162 Y76.337 E4.19011
G1 X100.162 Y78.662 E4.4179
G1 X96.927 Y78.662 E4.73486
G1 X97.026 Y78.093 F7800
G1 X97.721 Y77.5
;TYPE:Gap fill
;WIDTH:0.643365
G1 F1200
G1 X99.279 Y77.5 E4.87927
G1 E1.87927 F2400
G92 E0
G1 X65.427 Y78.073 F7800
G1 E3 F2400
;TYPE:Perimeter
;WIDTH:0.675
G1 F1800
G1 X65.427 Y76.927 E3.11235
G1 X77.573 Y76.927 E4.30245
G1 X77.573 Y78.073 E4.4148
G1 X65.517 Y78.073 E5.59609
G1 X65.427 Y131.927 F7800
G1 F4800
G1 X143.427 Y131.927 E13.23834
G1 X143.427 Y78.073 E18.51476
G1 X135.427 Y78.073 E19.29858
G1 X135.427 Y76.927 E19.41093
G1 X144.573 Y76.927 E20.3071
G1 X144.573 Y133.073 E25.80821
G1 X65.427 Y133.073 E33.56281
G1 X65.427 Y132.017 E33.66634
G1 X66.162 Y78.662 F7800
;TYPE:External perimeter
G1 F2400
G1 X66.162 Y131.338 E38.82731
G1 X142.838 Y131.338 E46.33975
G1 X142.838 Y78.662 E51.50072
G1 X134.838 Y78.662 E52.28454
G1 X134.838 Y76.337 E52.51233
G1 X145.163 Y76.337 E53.52395
G1 X145.163 Y133.663 E59.14052
G1 X64.837 Y133.663 E67.01057
G1 X64.837 Y76.337 E72.62713
G1 X78.162 Y76.337 E73.93268
G1 X78.162 Y78.662 E74.16048
G1 X66.252 Y78.662 E75.3274
G1 X65.564 Y78.701 F7800
G1 X65.5 Y78.368
;TYPE:Gap fill
;WIDTH:0.821683
G1 F1200
G1 X65.5 Y131.632 E81.84538
G1 X65.721 Y132.5 F7800
;WIDTH:0.643365
G1 F1200
G1 X143.721 Y132.5 E89.07728
;WIDTH:0.691191
G1 X143.837 Y132.476 E89.08915
;WIDTH:0.691193
G1 X143.952 Y132.452 E89.10102
G1 X144 Y132.221 E89.12476
;WIDTH:0.643365
G1 X144 Y77.779 E94.17249
;WIDTH:0.691191
G1 X143.976 Y77.663 E94.18436
;WIDTH:0.691193
G1 X143.952 Y77.548 E94.19623
G1 X143.721 Y77.5 E94.21997
;WIDTH:0.643363
G1 X135.721 Y77.5 E94.9617
G1 E91.9617 F2400
G92 E0
G1 X77.279 Y77.5 F7800
G1 E3 F2400
;WIDTH:0.643365
G1 F1200
G1 X65.721 Y77.5 E4.07157
G1 E1.07157 F2400
G92 E0
G1 X71.292 Y85.811 F7800
G1 E3 F2400
;TYPE:External perimeter
;WIDTH:0.675
G1 F1800
G1 X71.147 Y85.834 E3.01437
G1 X70.712 Y85.821 E3.05698
G1 X70.419 Y85.765 E3.08627
G1 X70.134 Y85.672 E3.11556
G1 X69.747 Y85.475 E3.15817
G1 X69.399 Y85.205 E3.20131
G1 X69.108 Y84.875 E3.24444
G1 X68.884 Y84.496 E3.28758
G1 X68.734 Y84.082 E3.33071
G1 X68.666 Y83.647 E3.37384
G1 X68.679 Y83.207 E3.41698
G1 X68.774 Y82.782 E3.45959
G1 X68.884 Y82.506 E3.48872
G1 X68.997 Y82.296 E3.5121
G1 X69.293 Y81.901 E3.56047
G1 X69.625 Y81.608 E3.60388
G1 X70.004 Y81.384 E3.64702
G1 X70.421 Y81.234 E3.69043
G1 X70.91 Y81.164 E3.7388
G1 X71.148 Y81.167 E3.76217
G1 X71.443 Y81.204 E3.79131
G1 X71.861 Y81.325 E3.83392
G1 X72.253 Y81.525 E3.87705
G1 X72.601 Y81.795 E3.92019
G1 X72.892 Y82.125 E3.96332
G1 X73.116 Y82.504 E4.00645
G1 X73.266 Y82.918 E4.04959
G1 X73.334 Y83.353 E4.09272
G1 X73.321 Y83.793 E4.13585
G1 X73.225 Y84.223 E4.17899
G1 X73.05 Y84.627 E4.22212
G1 X72.802 Y84.991 E4.26525
G1 X72.495 Y85.298 E4.30786
G1 X72.253 Y85.474 E4.33715
G1 X71.991 Y85.618 E4.36645
G1 X71.582 Y85.766 E4.40906
G1 X71.381 Y85.797 E4.429
G1 X71.244 Y85.95 F7800
G1 X71.003 Y86.662
G1 F1800
G1 X70.713 Y86.647 E4.45748
G1 X70.409 Y86.606 E4.48754
G1 X70.021 Y86.507 E4.52679
G1 X69.754 Y86.405 E4.55474
G1 X69.478 Y86.272 E4.5848
G1 X69.137 Y86.055 E4.62438
G1 X68.695 Y85.664 E4.68217
G1 X68.33 Y85.194 E4.74048
G1 X68.058 Y84.659 E4.79931
G1 X67.894 Y84.092 E4.85711
G1 X67.844 Y83.693 E4.89653
G1 X67.844 Y83.307 E4.9344
G1 X67.894 Y82.908 E4.97383
G1 X68.058 Y82.341 E5.03162
G1 X68.229 Y81.977 E5.07104
G1 X68.442 Y81.642 E5.10995
G1 X68.699 Y81.331 E5.14937
G1 X68.98 Y81.067 E5.18724
G1 X69.31 Y80.827 E5.22719
G1 X69.836 Y80.56 E5.28498
G1 X70.402 Y80.395 E5.34277
G1 X70.803 Y80.344 E5.3824
G1 X71.395 Y80.363 E5.44036
G1 X71.786 Y80.438 E5.47941
G1 X72.169 Y80.562 E5.51884
G1 X72.519 Y80.726 E5.55671
G1 X72.863 Y80.945 E5.59665
G1 X73.305 Y81.336 E5.65445
G1 X73.67 Y81.806 E5.71276
G1 X73.94 Y82.336 E5.77107
G1 X74.106 Y82.907 E5.82938
G1 X74.162 Y83.5 E5.88769
G1 X74.106 Y84.093 E5.94601
G1 X73.94 Y84.664 E6.00432
G1 X73.67 Y85.194 E6.06263
G1 X73.305 Y85.664 E6.12094
G1 X72.863 Y86.055 E6.17874
G1 X72.522 Y86.272 E6.21836
G1 X72.265 Y86.396 E6.24631
G1 X71.979 Y86.507 E6.27637
G1 X71.592 Y86.606 E6.31543
G1 X71.093 Y86.659 E6.36462
G1 X70.853 Y86.413 F7800
G1 X71.093 Y86.246
;TYPE:Gap fill
;WIDTH:0.328371
G1 F1200
G1 X71.007 Y86.246 E6.36808
;WIDTH:0.328369
G1 X70.751 Y86.236 E6.37842
;WIDTH:0.323374
G1 X70.676 Y86.229 E6.3814
;WIDTH:0.31557
G1 X70.658 Y86.227 E6.38209
;WIDTH:0.324359
G1 X70.489 Y86.199 E6.38891
;WIDTH:0.32436
G1 X70.324 Y86.163 E6.39561
;WIDTH:0.313753
G1 X70.31 Y86.159 E6.39615
;WIDTH:0.324428
G1 X70.147 Y86.112 E6.40289
;WIDTH:0.324427
G1 X69.986 Y86.055 E6.40967
;WIDTH:0.316225
G1 X69.969 Y86.048 E6.41036
;WIDTH:0.322124
G1 X69.918 Y86.025 E6.41255
;WIDTH:0.328038
G1 X69.68 Y85.908 E6.42323
;WIDTH:0.328039
G1 X69.537 Y85.826 E6.42989
;WIDTH:0.312461
G1 X69.519 Y85.814 E6.4307
;WIDTH:0.32883
G1 X69.377 Y85.714 E6.43772
;WIDTH:0.328833
G1 X69.259 Y85.623 E6.44373
;WIDTH:0.328833
G1 X69.127 Y85.51 E6.45075
;WIDTH:0.312463
G1 X69.111 Y85.496 E6.45156
;WIDTH:0.327713
G1 X68.999 Y85.379 E6.45807
;WIDTH:0.327714
G1 X68.782 Y85.125 E6.47151
;WIDTH:0.318589
G1 X68.768 Y85.108 E6.47236
;WIDTH:0.318718
G1 X68.768 Y85.107 E6.47239
;WIDTH:0.328828
G1 X68.681 Y84.971 E6.47889
;WIDTH:0.328828
G1 X68.6 Y84.833 E6.48539
;WIDTH:0.328828
G1 X68.518 Y84.68 E6.49241
;WIDTH:0.31246
G1 X68.509 Y84.66 E6.49321
;WIDTH:0.32883
G1 X68.443 Y84.5 E6.50023
;WIDTH:0.328831
G1 X68.392 Y84.36 E6.50625
;WIDTH:0.32883
G1 X68.341 Y84.194 E6.51327
;WIDTH:0.312461
G1 X68.336 Y84.173 E6.51407
;WIDTH:0.327712
G1 X68.303 Y84.014 E6.52058
;WIDTH:0.327713
G1 X68.256 Y83.684 E6.53403
;WIDTH:0.31859
G1 X68.254 Y83.662 E6.53487
;WIDTH:0.318717
G1 X68.254 Y83.661 E6.53491
;WIDTH:0.328829
G1 X68.254 Y83.5 E6.54141
;WIDTH:0.32883
G1 X68.259 Y83.339 E6.5479
;WIDTH:0.328828
G1 X68.273 Y83.166 E6.55492
;WIDTH:0.312457
G1 X68.275 Y83.145 E6.55573
;WIDTH:0.327708
G1 X68.303 Y82.986 E6.56224
;WIDTH:0.327707
G1 X68.379 Y82.67 E6.57528
;WIDTH:0.318383
G1 X68.384 Y82.653 E6.57599
;WIDTH:0.320198
G1 X68.388 Y82.639 E6.57655
;WIDTH:0.324884
G1 X68.441 Y82.5 E6.58248
;WIDTH:0.324885
G1 X68.51 Y82.34 E6.58941
;WIDTH:0.313935
G1 X68.516 Y82.328 E6.58991
;WIDTH:0.32294
G1 X68.592 Y82.176 E6.59659
;WIDTH:0.322939
G1 X68.647 Y82.083 E6.60087
;WIDTH:0.315158
G1 X68.656 Y82.068 E6.60152
;WIDTH:0.332174
G1 X68.781 Y81.888 E6.61051
;WIDTH:0.332176
G1 X68.983 Y81.631 E6.6239
;WIDTH:0.317751
G1 X68.999 Y81.613 E6.62482
;WIDTH:0.318716
G1 X69.003 Y81.608 E6.62506
;WIDTH:0.32883
G1 X69.12 Y81.498 E6.63156
;WIDTH:0.328834
G1 X69.241 Y81.392 E6.63805
;WIDTH:0.328835
G1 X69.376 Y81.283 E6.64508
;WIDTH:0.312464
G1 X69.394 Y81.271 E6.64588
;WIDTH:0.328832
G1 X69.539 Y81.175 E6.6529
;WIDTH:0.328834
G1 X69.667 Y81.1 E6.65891
;WIDTH:0.328834
G1 X69.82 Y81.018 E6.66594
;WIDTH:0.312463
G1 X69.84 Y81.009 E6.66674
;WIDTH:0.327715
G1 X69.989 Y80.947 E6.67325
;WIDTH:0.327715
G1 X70.311 Y80.837 E6.68691
;WIDTH:0.317806
G1 X70.327 Y80.832 E6.68758
;WIDTH:0.31814
G1 X70.333 Y80.831 E6.68783
;WIDTH:0.32948
G1 X70.474 Y80.805 E6.69361
;WIDTH:0.32948
G1 X70.832 Y80.758 E6.70825
;WIDTH:0.324147
G1 X70.874 Y80.754 E6.70992
;WIDTH:0.318711
G1 X70.892 Y80.754 E6.7106
;WIDTH:0.321707
G1 X71.076 Y80.753 E6.71785
;WIDTH:0.321708
G1 X71.169 Y80.757 E6.7215
;WIDTH:0.315882
G1 X71.183 Y80.758 E6.72201
;WIDTH:0.32436
G1 X71.341 Y80.774 E6.72832
;WIDTH:0.32436
G1 X71.518 Y80.802 E6.73541
;WIDTH:0.313404
G1 X71.535 Y80.805 E6.73609
;WIDTH:0.327715
G1 X71.683 Y80.841 E6.7422
;WIDTH:0.327716
G1 X72.002 Y80.939 E6.75564
;WIDTH:0.318591
G1 X72.023 Y80.946 E6.75649
;WIDTH:0.318717
G1 X72.024 Y80.947 E6.75652
;WIDTH:0.32883
G1 X72.169 Y81.015 E6.76302
;WIDTH:0.328831
G1 X72.312 Y81.088 E6.76952
;WIDTH:0.328833
G1 X72.463 Y81.174 E6.77654
;WIDTH:0.312461
G1 X72.481 Y81.186 E6.77734
;WIDTH:0.328829
G1 X72.623 Y81.286 E6.78436
;WIDTH:0.328832
G1 X72.741 Y81.377 E6.79037
;WIDTH:0.328833
G1 X72.873 Y81.49 E6.7974
;WIDTH:0.312462
G1 X72.889 Y81.504 E6.7982
;WIDTH:0.327715
G1 X73.001 Y81.621 E6.80471
;WIDTH:0.327716
G1 X73.218 Y81.875 E6.81816
;WIDTH:0.318592
G1 X73.232 Y81.892 E6.819
;WIDTH:0.318716
G1 X73.232 Y81.893 E6.81903
;WIDTH:0.328827
G1 X73.319 Y82.029 E6.82554
;WIDTH:0.328834
G1 X73.4 Y82.167 E6.83203
;WIDTH:0.328833
G1 X73.482 Y82.32 E6.83905
;WIDTH:0.312463
G1 X73.491 Y82.34 E6.83986
;WIDTH:0.327716
G1 X73.553 Y82.489 E6.84637
;WIDTH:0.327717
G1 X73.661 Y82.806 E6.85981
;WIDTH:0.318597
G1 X73.667 Y82.827 E6.86066
;WIDTH:0.318726
G1 X73.667 Y82.827 E6.86069
;WIDTH:0.328829
G1 X73.697 Y82.985 E6.8672
;WIDTH:0.328831
G1 X73.723 Y83.144 E6.87369
;WIDTH:0.328832
G1 X73.742 Y83.317 E6.88071
;WIDTH:0.312459
G1 X73.743 Y83.338 E6.88151
;WIDTH:0.327712
G1 X73.745 Y83.5 E6.88803
;WIDTH:0.327713
G1 X73.73 Y83.834 E6.90147
;WIDTH:0.318588
G1 X73.728 Y83.856 E6.90232
;WIDTH:0.318719
G1 X73.728 Y83.856 E6.90235
;WIDTH:0.32883
G1 X73.697 Y84.015 E6.90885
;WIDTH:0.328834
G1 X73.662 Y84.171 E6.91535
;WIDTH:0.328834
G1 X73.617 Y84.339 E6.92237
;WIDTH:0.312463
G1 X73.61 Y84.359 E6.92317
;WIDTH:0.327713
G1 X73.553 Y84.511 E6.92968
;WIDTH:0.327711
G1 X73.415 Y84.815 E6.94313
;WIDTH:0.318589
G1 X73.405 Y84.835 E6.94397
;WIDTH:0.31872
G1 X73.405 Y84.836 E6.94401
;WIDTH:0.328825
G1 X73.319 Y84.971 E6.95051
;WIDTH:0.328826
G1 X73.228 Y85.104 E6.957
;WIDTH:0.328826
G1 X73.124 Y85.243 E6.96402
;WIDTH:0.312458
G1 X73.11 Y85.26 E6.96483
;WIDTH:0.327712
G1 X73.001 Y85.379 E6.97134
;WIDTH:0.327711
G1 X72.769 Y85.605 E6.98438
;WIDTH:0.318389
G1 X72.755 Y85.617 E6.98509
;WIDTH:0.320202
G1 X72.744 Y85.626 E6.98565
;WIDTH:0.324885
G1 X72.625 Y85.716 E6.99158
;WIDTH:0.324884
G1 X72.478 Y85.816 E6.99862
;WIDTH:0.31375
G1 X72.466 Y85.823 E6.99916
;WIDTH:0.324424
G1 X72.32 Y85.91 E7.00591
;WIDTH:0.324425
G1 X72.168 Y85.988 E7.01269
;WIDTH:0.316221
G1 X72.152 Y85.996 E7.01338
;WIDTH:0.322125
G1 X72.1 Y86.017 E7.01556
;WIDTH:0.328037
G1 X71.852 Y86.11 E7.02625
;WIDTH:0.328035
G1 X71.694 Y86.159 E7.03291
;WIDTH:0.312457
G1 X71.673 Y86.164 E7.03371
;WIDTH:0.327712
G1 X71.514 Y86.197 E7.04022
;WIDTH:0.327711
G1 X71.184 Y86.244 E7.05367
;WIDTH:0.318592
G1 X71.183 Y86.244 E7.05368
G1 E4.05368 F2400
G92 E0
G1 X73.225 Y127.223 F7800
G1 E3 F2400
;TYPE:External perimeter
;WIDTH:0.675
G1 F1800
G1 X73.05 Y127.627 E3.04313
G1 X72.802 Y127.991 E3.08627
G1 X72.495 Y128.298 E3.12888
G1 X72.253 Y128.474 E3.15817
G1 X71.991 Y128.618 E3.18746
G1 X71.582 Y128.766 E3.23007
G1 X71.147 Y128.834 E3.2732
G1 X70.707 Y128.821 E3.31634
G1 X70.282 Y128.726 E3.35895
G1 X70.004 Y128.616 E3.38824
G1 X69.742 Y128.472 E3.41753
G1 X69.399 Y128.205 E3.46014
G1 X69.108 Y127.875 E3.50327
G1 X68.884 Y127.496 E3.54641
G1 X68.734 Y127.082 E3.58954
G1 X68.666 Y126.647 E3.63268
G1 X68.679 Y126.207 E3.67581
G1 X68.774 Y125.782 E3.71842
G1 X68.884 Y125.506 E3.74756
G1 X68.997 Y125.296 E3.77093
G1 X69.293 Y124.901 E3.8193
G1 X69.625 Y124.608 E3.86271
G1 X70.004 Y124.384 E3.90585
G1 X70.421 Y124.234 E3.94926
G1 X70.91 Y124.164 E3.99763
G1 X71.148 Y124.167 E4.02101
G1 X71.443 Y124.204 E4.05014
G1 X71.861 Y124.325 E4.09275
G1 X72.253 Y124.525 E4.13589
G1 X72.601 Y124.795 E4.17902
G1 X72.892 Y125.125 E4.22215
G1 X73.116 Y125.504 E4.26529
G1 X73.266 Y125.918 E4.30842
G1 X73.334 Y126.353 E4.35155
G1 X73.321 Y126.793 E4.39468
G1 X73.244 Y127.135 E4.429
G1 X73.519 Y127.55 F7800
G1 X74.001 Y127.476
G1 F1800
G1 X73.94 Y127.664 E4.44841
G1 X73.771 Y128.023 E4.48731
G1 X73.558 Y128.358 E4.52621
G1 X73.165 Y128.805 E4.58453
G1 X73.02 Y128.933 E4.60347
G1 X72.528 Y129.268 E4.66178
G1 X72.164 Y129.44 E4.70121
G1 X71.781 Y129.564 E4.74063
G1 X71.193 Y129.656 E4.79895
G1 X70.807 Y129.656 E4.83682
G1 X70.402 Y129.605 E4.87676
G1 X69.836 Y129.44 E4.93455
G1 X69.31 Y129.173 E4.99235
G1 X68.98 Y128.933 E5.03229
G1 X68.699 Y128.669 E5.07016
G1 X68.442 Y128.358 E5.10959
G1 X68.229 Y128.023 E5.14849
G1 X68.058 Y127.659 E5.18791
G1 X67.894 Y127.092 E5.24571
G1 X67.838 Y126.5 E5.30402
G1 X67.894 Y125.908 E5.36233
G1 X67.994 Y125.518 E5.40176
G1 X68.229 Y124.977 E5.45955
G1 X68.442 Y124.642 E5.49845
G1 X68.699 Y124.331 E5.53788
G1 X69.055 Y124.009 E5.58494
G1 X69.472 Y123.732 E5.63405
G1 X69.836 Y123.56 E5.67348
G1 X70.402 Y123.395 E5.73127
G1 X70.803 Y123.344 E5.77089
G1 X71.089 Y123.341 E5.79884
G1 X71.395 Y123.363 E5.8289
G1 X71.786 Y123.438 E5.86796
G1 X72.346 Y123.639 E5.92627
G1 X72.863 Y123.945 E5.9851
G1 X73.305 Y124.336 E6.0429
G1 X73.561 Y124.646 E6.08232
G1 X73.768 Y124.972 E6.12019
G1 X73.94 Y125.336 E6.15962
G1 X74.064 Y125.719 E6.19904
G1 X74.137 Y126.098 E6.23691
G1 X74.162 Y126.5 E6.27633
G1 X74.137 Y126.902 E6.31576
G1 X74.029 Y127.39 E6.36476
G1 X73.81 Y127.526 F7800
G1 X73.632 Y127.281
;TYPE:Gap fill
;WIDTH:0.328834
G1 F1200
G1 X73.617 Y127.339 E6.36717
;WIDTH:0.312464
G1 X73.61 Y127.359 E6.36797
;WIDTH:0.327714
G1 X73.553 Y127.511 E6.37448
;WIDTH:0.327714
G1 X73.415 Y127.815 E6.38793
;WIDTH:0.317386
G1 X73.41 Y127.825 E6.38835
;WIDTH:0.317386
G1 X73.405 Y127.834 E6.38877
;WIDTH:0.327712
G1 X73.221 Y128.114 E6.40221
;WIDTH:0.327713
G1 X73.124 Y128.243 E6.40873
;WIDTH:0.312458
G1 X73.11 Y128.26 E6.40953
;WIDTH:0.328828
G1 X72.993 Y128.388 E6.41655
;WIDTH:0.32883
G1 X72.88 Y128.502 E6.42304
;WIDTH:0.328831
G1 X72.769 Y128.606 E6.42918
;WIDTH:0.319297
G1 X72.762 Y128.612 E6.42953
;WIDTH:0.319081
G1 X72.755 Y128.617 E6.42989
;WIDTH:0.318723
G1 X72.479 Y128.818 E6.44308
;WIDTH:0.319641
G1 X72.467 Y128.826 E6.44365
;WIDTH:0.320198
G1 X72.464 Y128.828 E6.44382
;WIDTH:0.324885
G1 X72.334 Y128.902 E6.44975
;WIDTH:0.324884
G1 X72.167 Y128.987 E6.4572
;WIDTH:0.313401
G1 X72.151 Y128.995 E6.45787
;WIDTH:0.327715
G1 X72.011 Y129.053 E6.46398
;WIDTH:0.327713
G1 X71.694 Y129.161 E6.47743
;WIDTH:0.318594
G1 X71.673 Y129.167 E6.47827
;WIDTH:0.318719
G1 X71.673 Y129.167 E6.4783
;WIDTH:0.328088
G1 X71.526 Y129.195 E6.48431
;WIDTH:0.328087
G1 X71.184 Y129.244 E6.49825
;WIDTH:0.318596
G1 X71.162 Y129.246 E6.4991
;WIDTH:0.318723
G1 X71.161 Y129.246 E6.49913
;WIDTH:0.328833
G1 X71 Y129.246 E6.50564
;WIDTH:0.328833
G1 X70.839 Y129.241 E6.51213
;WIDTH:0.328832
G1 X70.666 Y129.227 E6.51915
;WIDTH:0.312462
G1 X70.645 Y129.225 E6.51995
;WIDTH:0.32883
G1 X70.474 Y129.195 E6.52698
;WIDTH:0.328831
G1 X70.329 Y129.162 E6.53299
;WIDTH:0.328832
G1 X70.171 Y129.119 E6.5396
;WIDTH:0.313404
G1 X70.154 Y129.114 E6.54028
;WIDTH:0.324143
G1 X69.989 Y129.054 E6.54723
;WIDTH:0.324144
G1 X69.837 Y128.989 E6.55379
;WIDTH:0.313753
G1 X69.824 Y128.983 E6.55433
;WIDTH:0.324887
G1 X69.666 Y128.902 E6.56138
;WIDTH:0.324886
G1 X69.536 Y128.828 E6.5673
;WIDTH:0.320198
G1 X69.524 Y128.82 E6.56787
;WIDTH:0.318385
G1 X69.509 Y128.81 E6.56857
;WIDTH:0.328086
G1 X69.24 Y128.608 E6.58211
;WIDTH:0.328086
G1 X69.125 Y128.513 E6.58815
;WIDTH:0.318664
G1 X69.117 Y128.506 E6.58858
;WIDTH:0.318664
G1 X69.109 Y128.498 E6.589
;WIDTH:0.328083
G1 X69.006 Y128.388 E6.59504
;WIDTH:0.328083
G1 X68.782 Y128.125 E6.60898
;WIDTH:0.317385
G1 X68.775 Y128.117 E6.6094
;WIDTH:0.317383
G1 X68.769 Y128.108 E6.60982
;WIDTH:0.327713
G1 X68.594 Y127.823 E6.62327
;WIDTH:0.327711
G1 X68.518 Y127.68 E6.62978
;WIDTH:0.312461
G1 X68.509 Y127.66 E6.63058
;WIDTH:0.328831
G1 X68.443 Y127.5 E6.6376
;WIDTH:0.328832
G1 X68.392 Y127.36 E6.64362
;WIDTH:0.328832
G1 X68.341 Y127.194 E6.65064
;WIDTH:0.312464
G1 X68.336 Y127.173 E6.65144
;WIDTH:0.327714
G1 X68.303 Y127.014 E6.65796
;WIDTH:0.327714
G1 X68.256 Y126.684 E6.6714
;WIDTH:0.318588
G1 X68.254 Y126.662 E6.67225
;WIDTH:0.318715
G1 X68.254 Y126.661 E6.67228
;WIDTH:0.328828
G1 X68.254 Y126.5 E6.67878
;WIDTH:0.32883
G1 X68.259 Y126.339 E6.68528
;WIDTH:0.328828
G1 X68.273 Y126.166 E6.6923
;WIDTH:0.312459
G1 X68.275 Y126.145 E6.6931
;WIDTH:0.32771
G1 X68.303 Y125.986 E6.69961
;WIDTH:0.327709
G1 X68.379 Y125.67 E6.71266
;WIDTH:0.318383
G1 X68.384 Y125.653 E6.71336
;WIDTH:0.320197
G1 X68.388 Y125.639 E6.71392
;WIDTH:0.324884
G1 X68.441 Y125.5 E6.71985
;WIDTH:0.324885
G1 X68.51 Y125.34 E6.72678
;WIDTH:0.313934
G1 X68.516 Y125.328 E6.72728
;WIDTH:0.322938
G1 X68.592 Y125.176 E6.73396
;WIDTH:0.322939
G1 X68.647 Y125.083 E6.73824
;WIDTH:0.315158
G1 X68.656 Y125.068 E6.7389
;WIDTH:0.332175
G1 X68.781 Y124.888 E6.74788
;WIDTH:0.332173
G1 X68.983 Y124.631 E6.76128
;WIDTH:0.317751
G1 X68.999 Y124.613 E6.76219
;WIDTH:0.31872
G1 X69.003 Y124.608 E6.76243
;WIDTH:0.328368
G1 X69.115 Y124.503 E6.76863
;WIDTH:0.328367
G1 X69.309 Y124.336 E6.77896
;WIDTH:0.323378
G1 X69.376 Y124.283 E6.78234
;WIDTH:0.314539
G1 X69.393 Y124.27 E6.78315
;WIDTH:0.328831
G1 X69.536 Y124.177 E6.79004
;WIDTH:0.328834
G1 X69.667 Y124.1 E6.79619
;WIDTH:0.328832
G1 X69.82 Y124.018 E6.80321
;WIDTH:0.312463
G1 X69.84 Y124.009 E6.80401
;WIDTH:0.327716
G1 X69.989 Y123.947 E6.81053
;WIDTH:0.327715
G1 X70.311 Y123.837 E6.82418
;WIDTH:0.317803
G1 X70.327 Y123.832 E6.82485
;WIDTH:0.318138
G1 X70.333 Y123.831 E6.8251
;WIDTH:0.329479
G1 X70.474 Y123.805 E6.83088
;WIDTH:0.329478
G1 X70.832 Y123.758 E6.84552
;WIDTH:0.324145
G1 X70.874 Y123.754 E6.8472
;WIDTH:0.318711
G1 X70.892 Y123.754 E6.84787
;WIDTH:0.321705
G1 X71.076 Y123.753 E6.85512
;WIDTH:0.321706
G1 X71.169 Y123.757 E6.85877
;WIDTH:0.315879
G1 X71.183 Y123.758 E6.85928
;WIDTH:0.324358
G1 X71.341 Y123.774 E6.86559
;WIDTH:0.324356
G1 X71.518 Y123.802 E6.87269
;WIDTH:0.313402
G1 X71.535 Y123.805 E6.87336
;WIDTH:0.327713
G1 X71.683 Y123.841 E6.87947
;WIDTH:0.327714
G1 X72.002 Y123.939 E6.89291
;WIDTH:0.318591
G1 X72.023 Y123.946 E6.89376
;WIDTH:0.318716
G1 X72.024 Y123.947 E6.89379
;WIDTH:0.32883
G1 X72.169 Y124.015 E6.9003
;WIDTH:0.328831
G1 X72.312 Y124.088 E6.90679
;WIDTH:0.328833
G1 X72.463 Y124.174 E6.91381
;WIDTH:0.312461
G1 X72.481 Y124.186 E6.91461
;WIDTH:0.328828
G1 X72.623 Y124.286 E6.92164
;WIDTH:0.328832
G1 X72.741 Y124.377 E6.92765
;WIDTH:0.328831
G1 X72.873 Y124.49 E6.93467
;WIDTH:0.312462
G1 X72.889 Y124.504 E6.93547
;WIDTH:0.327716
G1 X73.001 Y124.621 E6.94199
;WIDTH:0.327716
G1 X73.218 Y124.875 E6.95543
;WIDTH:0.318593
G1 X73.232 Y124.892 E6.95628
;WIDTH:0.318718
G1 X73.232 Y124.893 E6.95631
;WIDTH:0.328827
G1 X73.319 Y125.029 E6.96281
;WIDTH:0.328834
G1 X73.4 Y125.167 E6.96931
;WIDTH:0.328834
G1 X73.482 Y125.32 E6.97633
;WIDTH:0.312462
G1 X73.491 Y125.34 E6.97713
;WIDTH:0.327718
G1 X73.553 Y125.489 E6.98364
;WIDTH:0.327717
G1 X73.661 Y125.806 E6.99709
;WIDTH:0.318599
G1 X73.667 Y125.827 E6.99793
;WIDTH:0.318726
G1 X73.667 Y125.827 E6.99797
;WIDTH:0.328831
G1 X73.697 Y125.985 E7.00447
;WIDTH:0.328833
G1 X73.723 Y126.144 E7.01096
;WIDTH:0.328832
G1 X73.742 Y126.317 E7.01798
;WIDTH:0.312459
G1 X73.743 Y126.338 E7.01879
;WIDTH:0.327712
G1 X73.745 Y126.5 E7.0253
;WIDTH:0.327713
G1 X73.73 Y126.834 E7.03874
;WIDTH:0.31859
G1 X73.728 Y126.856 E7.03959
;WIDTH:0.318722
G1 X73.728 Y126.856 E7.03962
;WIDTH:0.328831
G1 X73.697 Y127.015 E7.04613
;WIDTH:0.328835
G1 X73.662 Y127.171 E7.05262
;WIDTH:0.328834
G1 X73.656 Y127.195 E7.0536
;LAYER_CHANGE
;Z:3.85
;HEIGHT:0.4
G1 Z3.85 F7800
G1 E4.0536 F2400
G92 E0
G1 X135.689 Y126.793 F7800
G1 E3 F2400
;TYPE:External perimeter
;WIDTH:0.675
G1 F1800
G1 X135.666 Y126.647 E3.01445
G1 X135.679 Y126.207 E3.05758
G1 X135.774 Y125.782 E3.10019
G1 X135.884 Y125.506 E3.12936
G1 X136.001 Y125.288 E3.15359
G1 X136.293 Y124.9 E3.20111
G1 X136.625 Y124.608 E3.24449
G1 X137.004 Y124.384 E3.28762
G1 X137.421 Y124.234 E3.331
G1 X137.901 Y124.165 E3.37853
G1 X138.148 Y124.167 E3.40276
G1 X138.443 Y124.204 E3.43192
G1 X138.861 Y124.325 E3.47453
G1 X139.253 Y124.525 E3.51767
G1 X139.601 Y124.795 E3.5608
G1 X139.892 Y125.125 E3.60393
G1 X140.116 Y125.504 E3.64707
G1 X140.266 Y125.918 E3.6902
G1 X140.334 Y126.353 E3.73333
G1 X140.321 Y126.793 E3.77647
G1 X140.225 Y127.223 E3.8196
G1 X140.052 Y127.622 E3.86221
G1 X139.892 Y127.873 E3.89138
G1 X139.736 Y128.065 E3.91561
G1 X139.377 Y128.391 E3.96313
G1 X138.996 Y128.616 E4.00651
G1 X138.582 Y128.766 E4.04964
G1 X138.147 Y128.834 E4.09278
G1 X137.707 Y128.821 E4.13591
G1 X137.277 Y128.725 E4.17904
G1 X136.878 Y128.552 E4.22165
G1 X136.626 Y128.392 E4.25095
G1 X136.395 Y128.201 E4.28024
G1 X136.108 Y127.875 E4.32285
G1 X135.884 Y127.496 E4.36598
G1 X135.734 Y127.082 E4.40911
G1 X135.703 Y126.881 E4.42898
G1 X135.549 Y126.745 F7800
G1 X134.994 Y127.481
G1 F1800
G1 X134.938 Y127.292 E4.44835
G1 X134.862 Y126.891 E4.48829
G1 X134.844 Y126.296 E4.5466
G1 X134.938 Y125.714 E4.6044
G1 X135.139 Y125.154 E4.66271
G1 X135.442 Y124.642 E4.72102
G1 X135.831 Y124.199 E4.77881
G1 X136.306 Y123.83 E4.83765
G1 X136.836 Y123.56 E4.89596
G1 X137.402 Y123.395 E4.95375
G1 X137.803 Y123.344 E4.99334
G1 X138.106 Y123.341 E5.02298
G1 X138.394 Y123.363 E5.05135
G1 X138.786 Y123.438 E5.09044
G1 X139.169 Y123.562 E5.12987
G1 X139.519 Y123.726 E5.16774
G1 X139.858 Y123.942 E5.20716
G1 X140.301 Y124.331 E5.26495
G1 X140.67 Y124.806 E5.32379
G1 X140.94 Y125.336 E5.3821
G1 X141.105 Y125.902 E5.43989
G1 X141.156 Y126.301 E5.47932
G1 X141.156 Y126.699 E5.51822
G1 X141.064 Y127.281 E5.57601
G1 X140.938 Y127.669 E5.61596
G1 X140.667 Y128.199 E5.67427
G1 X140.558 Y128.359 E5.69322
G1 X140.164 Y128.805 E5.75153
G1 X139.694 Y129.17 E5.80984
G1 X139.164 Y129.44 E5.86815
G1 X138.786 Y129.562 E5.90706
G1 X138.391 Y129.638 E5.94648
G1 X137.801 Y129.656 E6.00427
G1 X137.219 Y129.564 E6.06207
G1 X136.836 Y129.44 E6.10149
G1 X136.477 Y129.271 E6.14039
G1 X136.137 Y129.055 E6.17982
G1 X135.839 Y128.809 E6.21769
G1 X135.445 Y128.363 E6.276
G1 X135.229 Y128.023 E6.31543
G1 X135.024 Y127.566 E6.36452
G1 X135.121 Y127.33 F7800
G1 X135.416 Y127.425
;TYPE:Gap fill
;WIDTH:0.328829
G1 F1200
G1 X135.388 Y127.349 E6.36781
;WIDTH:0.32883
G1 X135.339 Y127.195 E6.37431
;WIDTH:0.31872
G1 X135.338 Y127.195 E6.37434
;WIDTH:0.318589
G1 X135.334 Y127.173 E6.37519
;WIDTH:0.328089
G1 X135.274 Y126.832 E6.38913
;WIDTH:0.328089
G1 X135.255 Y126.684 E6.39514
;WIDTH:0.318721
G1 X135.255 Y126.684 E6.39517
;WIDTH:0.318591
G1 X135.255 Y126.662 E6.39602
;WIDTH:0.328085
G1 X135.26 Y126.316 E6.40996
;WIDTH:0.328087
G1 X135.269 Y126.167 E6.41597
;WIDTH:0.318718
G1 X135.27 Y126.166 E6.416
;WIDTH:0.318589
G1 X135.273 Y126.145 E6.41684
;WIDTH:0.327714
G1 X135.341 Y125.817 E6.43029
;WIDTH:0.327712
G1 X135.381 Y125.671 E6.4364
;WIDTH:0.313402
G1 X135.386 Y125.654 E6.43707
;WIDTH:0.324885
G1 X135.45 Y125.478 E6.44452
;WIDTH:0.324887
G1 X135.507 Y125.338 E6.45052
;WIDTH:0.320238
G1 X135.511 Y125.329 E6.45091
;WIDTH:0.320265
G1 X135.513 Y125.325 E6.45106
;WIDTH:0.323992
G1 X135.586 Y125.186 E6.45728
;WIDTH:0.323992
G1 X135.652 Y125.074 E6.46243
;WIDTH:0.314901
G1 X135.661 Y125.06 E6.46308
;WIDTH:0.331609
G1 X135.78 Y124.887 E6.47165
;WIDTH:0.331609
G1 X135.984 Y124.63 E6.48505
;WIDTH:0.317858
G1 X135.999 Y124.612 E6.48596
;WIDTH:0.318719
G1 X136.003 Y124.608 E6.48617
;WIDTH:0.328086
G1 X136.112 Y124.506 E6.49218
;WIDTH:0.328087
G1 X136.375 Y124.282 E6.50612
;WIDTH:0.318586
G1 X136.392 Y124.268 E6.50696
;WIDTH:0.318714
G1 X136.393 Y124.268 E6.507
;WIDTH:0.328828
G1 X136.529 Y124.181 E6.5135
;WIDTH:0.32883
G1 X136.667 Y124.1 E6.51999
;WIDTH:0.328831
G1 X136.82 Y124.018 E6.52701
;WIDTH:0.312463
G1 X136.84 Y124.009 E6.52782
;WIDTH:0.327719
G1 X136.989 Y123.947 E6.53433
;WIDTH:0.327717
G1 X137.31 Y123.838 E6.54796
;WIDTH:0.317909
G1 X137.327 Y123.832 E6.54866
;WIDTH:0.318203
G1 X137.333 Y123.831 E6.54887
;WIDTH:0.329312
G1 X137.474 Y123.805 E6.55469
;WIDTH:0.329312
G1 X137.831 Y123.757 E6.56928
;WIDTH:0.323217
G1 X137.864 Y123.755 E6.5706
;WIDTH:0.318788
G1 X137.882 Y123.754 E6.57127
;WIDTH:0.321422
G1 X138.092 Y123.754 E6.57952
;WIDTH:0.321422
G1 X138.169 Y123.757 E6.58251
;WIDTH:0.316338
G1 X138.182 Y123.758 E6.58304
;WIDTH:0.324408
G1 X138.34 Y123.774 E6.58933
;WIDTH:0.324408
G1 X138.518 Y123.802 E6.59646
;WIDTH:0.3134
G1 X138.535 Y123.805 E6.59714
;WIDTH:0.327711
G1 X138.683 Y123.841 E6.60325
;WIDTH:0.327712
G1 X139.002 Y123.939 E6.61669
;WIDTH:0.318587
G1 X139.023 Y123.946 E6.61754
;WIDTH:0.318717
G1 X139.024 Y123.947 E6.61757
;WIDTH:0.328831
G1 X139.169 Y124.015 E6.62407
;WIDTH:0.328831
G1 X139.312 Y124.088 E6.63056
;WIDTH:0.328832
G1 X139.463 Y124.174 E6.63759
;WIDTH:0.31246
G1 X139.481 Y124.186 E6.63839
;WIDTH:0.327712
G1 X139.614 Y124.279 E6.6449
;WIDTH:0.327713
G1 X139.875 Y124.488 E6.65835
;WIDTH:0.318587
G1 X139.891 Y124.502 E6.65919
;WIDTH:0.318718
G1 X139.892 Y124.503 E6.65922
;WIDTH:0.328086
G1 X139.994 Y124.612 E6.66523
;WIDTH:0.328085
G1 X140.218 Y124.875 E6.67917
;WIDTH:0.318589
G1 X140.232 Y124.892 E6.68002
;WIDTH:0.318716
G1 X140.232 Y124.893 E6.68005
;WIDTH:0.328828
G1 X140.319 Y125.029 E6.68656
;WIDTH:0.328827
G1 X140.4 Y125.167 E6.69305
;WIDTH:0.328828
G1 X140.482 Y125.32 E6.70007
;WIDTH:0.312463
G1 X140.491 Y125.34 E6.70087
;WIDTH:0.327717
G1 X140.553 Y125.489 E6.70739
;WIDTH:0.327718
G1 X140.661 Y125.806 E6.72083
;WIDTH:0.318588
G1 X140.667 Y125.827 E6.72168
;WIDTH:0.318712
G1 X140.667 Y125.827 E6.72171
;WIDTH:0.328083
G1 X140.695 Y125.974 E6.72772
;WIDTH:0.328081
G1 X140.744 Y126.316 E6.74166
;WIDTH:0.317386
G1 X140.745 Y126.327 E6.74208
;WIDTH:0.317387
G1 X140.745 Y126.338 E6.7425
;WIDTH:0.327713
G1 X140.74 Y126.672 E6.75594
;WIDTH:0.327713
G1 X140.727 Y126.834 E6.76246
;WIDTH:0.312458
G1 X140.725 Y126.855 E6.76326
;WIDTH:0.328825
G1 X140.695 Y127.026 E6.77028
;WIDTH:0.328828
G1 X140.662 Y127.171 E6.77629
;WIDTH:0.328826
G1 X140.617 Y127.339 E6.78332
;WIDTH:0.312458
G1 X140.61 Y127.359 E6.78412
;WIDTH:0.328828
G1 X140.549 Y127.522 E6.79114
;WIDTH:0.328828
G1 X140.489 Y127.658 E6.79715
;WIDTH:0.328827
G1 X140.417 Y127.805 E6.80377
;WIDTH:0.313405
G1 X140.409 Y127.821 E6.80444
;WIDTH:0.324886
G1 X140.314 Y127.982 E6.81189
;WIDTH:0.324886
G1 X140.231 Y128.109 E6.8179
;WIDTH:0.320237
G1 X140.225 Y128.117 E6.81828
;WIDTH:0.320263
G1 X140.223 Y128.12 E6.81843
;WIDTH:0.32399
G1 X140.125 Y128.243 E6.82465
;WIDTH:0.323991
G1 X140.039 Y128.341 E6.8298
;WIDTH:0.314903
G1 X140.028 Y128.353 E6.83045
;WIDTH:0.331611
G1 X139.878 Y128.5 E6.83902
;WIDTH:0.331612
G1 X139.63 Y128.715 E6.85242
;WIDTH:0.317861
G1 X139.612 Y128.729 E6.85333
;WIDTH:0.318719
G1 X139.607 Y128.732 E6.85354
;WIDTH:0.328828
G1 X139.471 Y128.819 E6.86004
;WIDTH:0.32883
G1 X139.333 Y128.9 E6.86654
;WIDTH:0.328829
G1 X139.18 Y128.982 E6.87356
;WIDTH:0.312462
G1 X139.16 Y128.991 E6.87436
;WIDTH:0.327718
G1 X139.011 Y129.053 E6.88088
;WIDTH:0.32772
G1 X138.694 Y129.161 E6.89432
;WIDTH:0.317389
G1 X138.684 Y129.164 E6.89474
;WIDTH:0.317387
G1 X138.673 Y129.166 E6.89516
;WIDTH:0.328086
G1 X138.332 Y129.226 E6.9091
;WIDTH:0.328087
G1 X138.184 Y129.245 E6.91511
;WIDTH:0.318723
G1 X138.184 Y129.245 E6.91514
;WIDTH:0.318595
G1 X138.162 Y129.245 E6.91599
;WIDTH:0.327717
G1 X137.828 Y129.24 E6.92943
;WIDTH:0.327717
G1 X137.666 Y129.227 E6.93594
;WIDTH:0.31246
G1 X137.645 Y129.225 E6.93675
;WIDTH:0.328828
G1 X137.474 Y129.195 E6.94377
;WIDTH:0.328829
G1 X137.329 Y129.162 E6.94978
;WIDTH:0.32883
G1 X137.161 Y129.117 E6.9568
;WIDTH:0.31246
G1 X137.141 Y129.11 E6.95761
;WIDTH:0.327713
G1 X136.989 Y129.053 E6.96412
;WIDTH:0.327713
G1 X136.694 Y128.919 E6.97716
;WIDTH:0.318387
G1 X136.678 Y128.911 E6.97787
;WIDTH:0.31872
G1 X136.675 Y128.91 E6.97797
;WIDTH:0.318721
G1 X136.39 Y128.729 E6.99106
;WIDTH:0.319642
G1 X136.378 Y128.72 E6.99163
;WIDTH:0.3202
G1 X136.374 Y128.718 E6.9918
;WIDTH:0.325255
G1 X136.248 Y128.617 E6.99821
;WIDTH:0.325255
G1 X136.126 Y128.513 E7.00462
;WIDTH:0.320203
G1 X136.116 Y128.503 E7.00518
;WIDTH:0.31839
G1 X136.103 Y128.49 E7.00589
;WIDTH:0.328087
G1 X135.877 Y128.241 E7.01943
;WIDTH:0.328088
G1 X135.782 Y128.126 E7.02543
;WIDTH:0.318718
G1 X135.781 Y128.126 E7.02547
;WIDTH:0.318589
G1 X135.769 Y128.108 E7.02631
;WIDTH:0.327716
G1 X135.594 Y127.823 E7.03976
;WIDTH:0.327718
G1 X135.518 Y127.68 E7.04627
;WIDTH:0.312462
G1 X135.509 Y127.66 E7.04707
;WIDTH:0.328829
G1 X135.447 Y127.509 E7.05367
G1 E4.05367 F2400
G92 E0
G1 X135.826 Y84.361 F7800
G1 E3 F2400
;TYPE:External perimeter
;WIDTH:0.675
G1 F1800
G1 X135.734 Y84.076 E3.02929
G1 X135.666 Y83.647 E3.0719
G1 X135.679 Y83.207 E3.11503
G1 X135.774 Y82.782 E3.15765
G1 X135.884 Y82.506 E3.18681
G1 X136.001 Y82.288 E3.21104
G1 X136.293 Y81.9 E3.25857
G1 X136.625 Y81.608 E3.30194
G1 X137.004 Y81.384 E3.34508
G1 X137.421 Y81.234 E3.38845
G1 X137.901 Y81.165 E3.43598
G1 X138.148 Y81.167 E3.46021
G1 X138.443 Y81.204 E3.48938
G1 X138.861 Y81.325 E3.53198
G1 X139.253 Y81.525 E3.57512
G1 X139.601 Y81.795 E3.61825
G1 X139.892 Y82.125 E3.66139
G1 X140.116 Y82.504 E3.70452
G1 X140.266 Y82.918 E3.74765
G1 X140.334 Y83.353 E3.79079
G1 X140.321 Y83.793 E3.83392
G1 X140.225 Y84.223 E3.87706
G1 X140.052 Y84.622 E3.91966
G1 X139.892 Y84.873 E3.94883
G1 X139.736 Y85.065 E3.97306
G1 X139.377 Y85.391 E4.02059
G1 X138.996 Y85.616 E4.06396
G1 X138.582 Y85.766 E4.1071
G1 X138.147 Y85.834 E4.15023
G1 X137.707 Y85.821 E4.19336
G1 X137.277 Y85.725 E4.2365
G1 X136.873 Y85.55 E4.27963
G1 X136.509 Y85.302 E4.32276
G1 X136.198 Y84.991 E4.3659
G1 X135.953 Y84.631 E4.40851
G1 X135.864 Y84.442 E4.42898
G1 X135.53 Y84.32 F7800
G1 X134.841 Y83.606
G1 F1800
G1 X134.862 Y83.109 E4.47768
G1 X134.991 Y82.528 E4.536
G1 X135.226 Y81.981 E4.59431
G1 X135.442 Y81.642 E4.63374
G1 X135.699 Y81.331 E4.67316
G1 X136.146 Y80.939 E4.73147
G1 X136.306 Y80.83 E4.75042
G1 X136.836 Y80.56 E4.80873
G1 X137.402 Y80.395 E4.86652
G1 X137.803 Y80.344 E4.90611
G1 X138.394 Y80.363 E4.96407
G1 X138.786 Y80.438 E5.00316
G1 X139.169 Y80.562 E5.04259
G1 X139.519 Y80.726 E5.08046
G1 X139.858 Y80.942 E5.11988
G1 X140.169 Y81.199 E5.15931
G1 X140.561 Y81.646 E5.21762
G1 X140.67 Y81.806 E5.23656
G1 X140.94 Y82.336 E5.29488
G1 X141.062 Y82.714 E5.33378
G1 X141.156 Y83.296 E5.39157
G1 X141.156 Y83.699 E5.431
G1 X141.105 Y84.098 E5.47042
G1 X140.939 Y84.666 E5.5284
G1 X140.671 Y85.193 E5.58637
G1 X140.433 Y85.52 E5.62595
G1 X140.012 Y85.94 E5.68426
G1 X139.523 Y86.271 E5.74206
G1 X138.977 Y86.508 E5.80037
G1 X138.792 Y86.562 E5.81931
G1 X138.204 Y86.656 E5.87763
G1 X137.609 Y86.638 E5.93594
G1 X137.214 Y86.562 E5.97537
G1 X136.836 Y86.44 E6.01427
G1 X136.477 Y86.271 E6.05317
G1 X136.137 Y86.055 E6.0926
G1 X135.839 Y85.809 E6.13047
G1 X135.445 Y85.363 E6.18878
G1 X135.228 Y85.022 E6.22839
G1 X135.102 Y84.761 E6.25677
G1 X134.938 Y84.292 E6.30547
G1 X134.863 Y83.894 E6.34509
G1 X134.848 Y83.695 E6.36464
G1 X135.267 Y83.349 F7800
G1 X135.256 Y83.667
;TYPE:Gap fill
;WIDTH:0.315034
G1 F1200
G1 X135.256 Y83.662 E6.36485
;WIDTH:0.322379
G1 X135.254 Y83.592 E6.36759
;WIDTH:0.328316
G1 X135.26 Y83.319 E6.3786
;WIDTH:0.328315
G1 X135.269 Y83.167 E6.38475
;WIDTH:0.318716
G1 X135.27 Y83.166 E6.38479
;WIDTH:0.318588
G1 X135.273 Y83.145 E6.38563
;WIDTH:0.328087
G1 X135.343 Y82.806 E6.39958
;WIDTH:0.328086
G1 X135.378 Y82.67 E6.40521
;WIDTH:0.319297
G1 X135.38 Y82.661 E6.40557
;WIDTH:0.319082
G1 X135.384 Y82.653 E6.40592
;WIDTH:0.318724
G1 X135.508 Y82.338 E6.41902
;WIDTH:0.319533
G1 X135.514 Y82.326 E6.41956
;WIDTH:0.320451
G1 X135.517 Y82.318 E6.41986
;WIDTH:0.323994
G1 X135.586 Y82.186 E6.42577
;WIDTH:0.323993
G1 X135.652 Y82.074 E6.43092
;WIDTH:0.314901
G1 X135.661 Y82.06 E6.43157
;WIDTH:0.331608
G1 X135.78 Y81.887 E6.44014
;WIDTH:0.331609
G1 X135.984 Y81.63 E6.45354
;WIDTH:0.317858
G1 X135.999 Y81.612 E6.45445
;WIDTH:0.318721
G1 X136.003 Y81.608 E6.45466
;WIDTH:0.328087
G1 X136.112 Y81.506 E6.46067
;WIDTH:0.328087
G1 X136.375 Y81.282 E6.47461
;WIDTH:0.318589
G1 X136.392 Y81.268 E6.47546
;WIDTH:0.318721
G1 X136.393 Y81.268 E6.47549
;WIDTH:0.328828
G1 X136.529 Y81.181 E6.48199
;WIDTH:0.32883
G1 X136.667 Y81.1 E6.48848
;WIDTH:0.328829
G1 X136.82 Y81.018 E6.49551
;WIDTH:0.312462
G1 X136.84 Y81.009 E6.49631
;WIDTH:0.327718
G1 X136.989 Y80.947 E6.50282
G1 X137.31 Y80.838 E6.51645
;WIDTH:0.317909
G1 X137.327 Y80.832 E6.51715
;WIDTH:0.318205
G1 X137.333 Y80.831 E6.51736
;WIDTH:0.329314
G1 X137.474 Y80.805 E6.52318
;WIDTH:0.329312
G1 X137.831 Y80.757 E6.53777
;WIDTH:0.323219
G1 X137.864 Y80.755 E6.53909
;WIDTH:0.318788
G1 X137.882 Y80.754 E6.53976
;WIDTH:0.321425
G1 X138.092 Y80.754 E6.54801
;WIDTH:0.321424
G1 X138.169 Y80.757 E6.55101
;WIDTH:0.316343
G1 X138.182 Y80.758 E6.55153
;WIDTH:0.324412
G1 X138.34 Y80.774 E6.55782
;WIDTH:0.324412
G1 X138.518 Y80.802 E6.56495
;WIDTH:0.313406
G1 X138.535 Y80.805 E6.56563
;WIDTH:0.327715
G1 X138.683 Y80.841 E6.57174
;WIDTH:0.327716
G1 X139.002 Y80.939 E6.58518
;WIDTH:0.318591
G1 X139.023 Y80.946 E6.58603
;WIDTH:0.31872
G1 X139.024 Y80.947 E6.58606
;WIDTH:0.328831
G1 X139.169 Y81.015 E6.59256
;WIDTH:0.328833
G1 X139.312 Y81.088 E6.59906
;WIDTH:0.328831
G1 X139.463 Y81.174 E6.60608
;WIDTH:0.312461
G1 X139.481 Y81.186 E6.60688
;WIDTH:0.327715
G1 X139.614 Y81.279 E6.61339
;WIDTH:0.327714
G1 X139.875 Y81.488 E6.62684
;WIDTH:0.318587
G1 X139.891 Y81.502 E6.62768
;WIDTH:0.318717
G1 X139.892 Y81.503 E6.62772
;WIDTH:0.328086
G1 X139.994 Y81.612 E6.63372
;WIDTH:0.328085
G1 X140.218 Y81.875 E6.64767
;WIDTH:0.318589
G1 X140.232 Y81.892 E6.64851
;WIDTH:0.318718
G1 X140.232 Y81.893 E6.64854
;WIDTH:0.328828
G1 X140.319 Y82.029 E6.65505
;WIDTH:0.328827
G1 X140.4 Y82.167 E6.66154
;WIDTH:0.328828
G1 X140.482 Y82.32 E6.66856
;WIDTH:0.31246
G1 X140.491 Y82.34 E6.66937
;WIDTH:0.327716
G1 X140.553 Y82.489 E6.67588
;WIDTH:0.327715
G1 X140.661 Y82.806 E6.68932
;WIDTH:0.317383
G1 X140.664 Y82.816 E6.68974
;WIDTH:0.317381
G1 X140.666 Y82.827 E6.69016
;WIDTH:0.328082
G1 X140.726 Y83.168 E6.70411
;WIDTH:0.328082
G1 X140.745 Y83.316 E6.71011
;WIDTH:0.318717
G1 X140.745 Y83.316 E6.71014
;WIDTH:0.318591
G1 X140.745 Y83.338 E6.71099
;WIDTH:0.327713
G1 X140.74 Y83.672 E6.72443
;WIDTH:0.327713
G1 X140.727 Y83.834 E6.73095
;WIDTH:0.312458
G1 X140.725 Y83.855 E6.73175
;WIDTH:0.328826
G1 X140.695 Y84.026 E6.73877
;WIDTH:0.328828
G1 X140.662 Y84.171 E6.74479
;WIDTH:0.328828
G1 X140.617 Y84.339 E6.75181
;WIDTH:0.312459
G1 X140.61 Y84.359 E6.75261
;WIDTH:0.328115
G1 X140.551 Y84.515 E6.75931
;WIDTH:0.328117
G1 X140.45 Y84.742 E6.76932
;WIDTH:0.323128
G1 X140.418 Y84.806 E6.77214
;WIDTH:0.3157
G1 X140.41 Y84.822 E6.77283
;WIDTH:0.324371
G1 X140.322 Y84.969 E6.77964
;WIDTH:0.324372
G1 X140.228 Y85.107 E6.78625
;WIDTH:0.313898
G1 X140.22 Y85.118 E6.78676
;WIDTH:0.323808
G1 X140.11 Y85.261 E6.79391
;WIDTH:0.323808
G1 X140.041 Y85.342 E6.79812
;WIDTH:0.320287
G1 X140.029 Y85.355 E6.7988
;WIDTH:0.323081
G1 X140.012 Y85.373 E6.7998
;WIDTH:0.329314
G1 X139.741 Y85.623 E6.81472
;WIDTH:0.329315
G1 X139.631 Y85.715 E6.82054
;WIDTH:0.318207
G1 X139.627 Y85.719 E6.82075
;WIDTH:0.317913
G1 X139.612 Y85.729 E6.82145
;WIDTH:0.327716
G1 X139.323 Y85.906 E6.83508
;WIDTH:0.327716
G1 X139.18 Y85.982 E6.84159
;WIDTH:0.312461
G1 X139.16 Y85.991 E6.84239
;WIDTH:0.328831
G1 X139 Y86.057 E6.84942
;WIDTH:0.328834
G1 X138.849 Y86.112 E6.85591
;WIDTH:0.328832
G1 X138.695 Y86.161 E6.86241
;WIDTH:0.318724
G1 X138.695 Y86.162 E6.86244
;WIDTH:0.318589
G1 X138.673 Y86.166 E6.86329
;WIDTH:0.328088
G1 X138.332 Y86.226 E6.87723
;WIDTH:0.328087
G1 X138.184 Y86.245 E6.88324
;WIDTH:0.318723
G1 X138.184 Y86.245 E6.88327
;WIDTH:0.318595
G1 X138.162 Y86.245 E6.88412
;WIDTH:0.328086
G1 X137.816 Y86.24 E6.89806
;WIDTH:0.328087
G1 X137.667 Y86.231 E6.90407
;WIDTH:0.318718
G1 X137.666 Y86.23 E6.9041
;WIDTH:0.318588
G1 X137.645 Y86.227 E6.90495
;WIDTH:0.327716
G1 X137.317 Y86.159 E6.91839
;WIDTH:0.327714
G1 X137.161 Y86.117 E6.9249
;WIDTH:0.312463
G1 X137.141 Y86.11 E6.92571
;WIDTH:0.327714
G1 X136.989 Y86.053 E6.93222
;WIDTH:0.327715
G1 X136.685 Y85.915 E6.94566
;WIDTH:0.317385
G1 X136.675 Y85.91 E6.94608
;WIDTH:0.317384
G1 X136.666 Y85.905 E6.9465
;WIDTH:0.328085
G1 X136.376 Y85.715 E6.96045
;WIDTH:0.328084
G1 X136.255 Y85.627 E6.96649
;WIDTH:0.318665
G1 X136.246 Y85.62 E6.96691
;WIDTH:0.318667
G1 X136.238 Y85.613 E6.96734
;WIDTH:0.328087
G1 X136.129 Y85.51 E6.97338
;WIDTH:0.328085
G1 X135.888 Y85.261 E6.98732
;WIDTH:0.318589
G1 X135.874 Y85.245 E6.98816
;WIDTH:0.318719
G1 X135.873 Y85.244 E6.9882
;WIDTH:0.328086
G1 X135.785 Y85.124 E6.9942
;WIDTH:0.328083
G1 X135.601 Y84.843 E7.00774
;WIDTH:0.31839
G1 X135.591 Y84.827 E7.00845
;WIDTH:0.319256
G1 X135.588 Y84.821 E7.00872
;WIDTH:0.322073
G1 X135.481 Y84.597 E7.01849
;WIDTH:0.322074
G1 X135.448 Y84.518 E7.02183
;WIDTH:0.315909
G1 X135.442 Y84.505 E7.02238
;WIDTH:0.325002
G1 X135.384 Y84.341 E7.02929
;WIDTH:0.325001
G1 X135.339 Y84.195 E7.03536
;WIDTH:0.320203
G1 X135.336 Y84.181 E7.03593
;WIDTH:0.318387
G1 X135.332 Y84.164 E7.03663
;WIDTH:0.327848
G1 X135.275 Y83.84 E7.04985
;WIDTH:0.32785
G1 X135.266 Y83.757 E7.05322
G1 E4.05322 F2400
G92 E0
G1 X97.427 Y78.073 F7800
G1 E3 F2400
;TYPE:Perimeter
;WIDTH:0.675
G1 F1800
G1 X97.427 Y76.927 E3.11235
G1 X99.573 Y76.927 E3.32268
G1 X99.573 Y78.073 E3.43502
G1 X97.517 Y78.073 E3.63653
G1 X96.837 Y78.662 F7800
;TYPE:External perimeter
G1 F1800
G1 X96.837 Y76.337 E3.86433
G1 X100.162 Y76.337 E4.19011
G1 X100.162 Y78.662 E4.4179
G1 X96.927 Y78.662 E4.73486
G1 X97.026 Y78.093 F7800
G1 X97.721 Y77.5
;TYPE:Gap fill
;WIDTH:0.643365
G1 F1200
G1 X99.279 Y77.5 E4.87927
G1 E1.87927 F2400
G92 E0
G1 X65.427 Y78.073 F7800
G1 E3 F2400
;TYPE:Perimeter
;WIDTH:0.675
G1 F1800
G1 X65.427 Y76.927 E3.11235
G1 X77.573 Y76.927 E4.30245
G1 X77.573 Y78.073 E4.4148
G1 X65.517 Y78.073 E5.59609
G1 X65.427 Y131.927 F7800
G1 F4800
G1 X143.427 Y131.927 E13.23834
G1 X143.427 Y78.073 E18.51476
G1 X135.427 Y78.073 E19.29858
G1 X135.427 Y76.927 E19.41093
G1 X144.573 Y76.927 E20.3071
G1 X144.573 Y133.073 E25.80821
G1 X65.427 Y133.073 E33.56281
G1 X65.427 Y132.017 E33.66634
G1 X66.162 Y78.662 F7800
;TYPE:External perimeter
G1 F2400
G1 X66.162 Y131.338 E38.82731
G1 X142.838 Y131.338 E46.33975
G1 X142.838 Y78.662 E51.50072
G1 X134.838 Y78.662 E52.28454
G1 X134.838 Y76.337 E52.51233
G1 X145.163 Y76.337 E53.52395
G1 X145.163 Y133.663 E59.14052
G1 X64.837 Y133.663 E67.01057
G1 X64.837 Y76.337 E72.62713
G1 X78.162 Y76.337 E73.93268
G1 X78.162 Y78.662 E74.16048
G1 X66.252 Y78.662 E75.3274
G1 X65.564 Y78.701 F7800
G1 X65.5 Y78.368
;TYPE:Gap fill
;WIDTH:0.821683
G1 F1200
G1 X65.5 Y131.632 E81.84538
G1 X65.721 Y132.5 F7800
;WIDTH:0.643365
G1 F1200
G1 X143.721 Y132.5 E89.07728
;WIDTH:0.691191
G1 X143.837 Y132.476 E89.08915
;WIDTH:0.691193
G1 X143.952 Y132.452 E89.10102
G1 X144 Y132.221 E89.12476
;WIDTH:0.643365
G1 X144 Y77.779 E94.17249
;WIDTH:0.691191
G1 X143.976 Y77.663 E94.18436
;WIDTH:0.691193
G1 X143.952 Y77.548 E94.19623
G1 X143.721 Y77.5 E94.21997
;WIDTH:0.643363
G1 X135.721 Y77.5 E94.9617
G1 E91.9617 F2400
G92 E0
G1 X77.279 Y77.5 F7800
G1 E3 F2400
;WIDTH:0.643365
G1 F1200
G1 X65.721 Y77.5 E4.07157
G1 E1.07157 F2400
G92 E0
G1 X71.292 Y85.811 F7800
G1 E3 F2400
;TYPE:External perimeter
;WIDTH:0.675
G1 F1800
G1 X71.147 Y85.834 E3.01437
G1 X70.712 Y85.821 E3.05698
G1 X70.419 Y85.765 E3.08627
G1 X70.134 Y85.672 E3.11556
G1 X69.747 Y85.475 E3.15818
G1 X69.399 Y85.205 E3.20131
G1 X69.108 Y84.875 E3.24444
G1 X68.884 Y84.496 E3.28757
G1 X68.734 Y84.082 E3.33071
G1 X68.666 Y83.647 E3.37384
G1 X68.679 Y83.207 E3.41698
G1 X68.774 Y82.782 E3.45959
G1 X68.884 Y82.504 E3.48888
G1 X69.028 Y82.242 E3.51817
G1 X69.295 Y81.899 E3.56078
G1 X69.625 Y81.608 E3.60391
G1 X70.004 Y81.384 E3.64705
G1 X70.421 Y81.234 E3.69042
G1 X70.901 Y81.165 E3.73795
G1 X71.148 Y81.167 E3.76218
G1 X71.443 Y81.204 E3.79134
G1 X71.861 Y81.325 E3.83395
G1 X72.253 Y81.525 E3.87709
G1 X72.601 Y81.795 E3.92022
G1 X72.892 Y82.125 E3.96335
G1 X73.116 Y82.504 E4.00649
G1 X73.266 Y82.918 E4.04962
G1 X73.334 Y83.353 E4.09275
G1 X73.321 Y83.793 E4.13589
G1 X73.225 Y84.223 E4.17902
G1 X73.052 Y84.622 E4.22163
G1 X72.892 Y84.873 E4.2508
G1 X72.736 Y85.065 E4.27503
G1 X72.377 Y85.391 E4.32256
G1 X71.996 Y85.616 E4.36593
G1 X71.582 Y85.766 E4.40906
G1 X71.381 Y85.797 E4.42901
G1 X71.244 Y85.95 F7800
G1 X71.003 Y86.656
G1 F1800
G1 X70.801 Y86.656 E4.44878
G1 X70.402 Y86.605 E4.48821
G1 X69.831 Y86.438 E4.54652
G1 X69.481 Y86.274 E4.58439
G1 X68.988 Y85.94 E4.6427
G1 X68.695 Y85.664 E4.68213
G1 X68.439 Y85.354 E4.72155
G1 X68.232 Y85.028 E4.75943
G1 X67.994 Y84.482 E4.81774
G1 X67.894 Y84.092 E4.85716
G1 X67.844 Y83.699 E4.89607
G1 X67.844 Y83.301 E4.93497
G1 X67.895 Y82.902 E4.97439
G1 X68.062 Y82.331 E5.03271
G1 X68.226 Y81.981 E5.07058
G1 X68.442 Y81.642 E5.11
G1 X68.699 Y81.331 E5.14943
G1 X69.068 Y80.999 E5.19813
G1 X69.305 Y80.83 E5.22666
G1 X69.571 Y80.681 E5.25649
G1 X69.834 Y80.561 E5.28487
G1 X70.219 Y80.436 E5.32448
G1 X70.803 Y80.344 E5.38243
G1 X71.394 Y80.363 E5.4404
G1 X71.786 Y80.438 E5.47949
G1 X72.346 Y80.639 E5.5378
G1 X72.519 Y80.726 E5.55675
G1 X73.012 Y81.06 E5.61506
G1 X73.305 Y81.336 E5.65448
G1 X73.561 Y81.646 E5.69391
G1 X73.768 Y81.972 E5.73178
G1 X73.94 Y82.336 E5.7712
G1 X74.063 Y82.714 E5.81011
G1 X74.137 Y83.106 E5.8492
G1 X74.159 Y83.394 E5.87757
G1 X74.138 Y83.891 E5.92627
G1 X74.063 Y84.286 E5.9657
G1 X73.94 Y84.664 E6.0046
G1 X73.771 Y85.023 E6.04351
G1 X73.555 Y85.363 E6.08293
G1 X73.309 Y85.661 E6.1208
G1 X72.863 Y86.055 E6.17911
G1 X72.523 Y86.271 E6.21854
G1 X72.159 Y86.442 E6.25796
G1 X71.792 Y86.562 E6.29583
G1 X71.391 Y86.638 E6.33578
G1 X71.093 Y86.656 E6.36501
G1 X70.896 Y86.485 F7800
G1 X71.1 Y86.244
;TYPE:Gap fill
;WIDTH:0.327713
G1 F1200
G1 X70.828 Y86.24 E6.37595
;WIDTH:0.327715
G1 X70.676 Y86.228 E6.38206
;WIDTH:0.313402
G1 X70.658 Y86.226 E6.38274
;WIDTH:0.324885
G1 X70.474 Y86.197 E6.39018
;WIDTH:0.324887
G1 X70.328 Y86.167 E6.39611
;WIDTH:0.320204
G1 X70.323 Y86.165 E6.39628
;WIDTH:0.319649
G1 X70.309 Y86.161 E6.39685
;WIDTH:0.318727
G1 X69.985 Y86.056 E6.41005
;WIDTH:0.319081
G1 X69.977 Y86.053 E6.4104
;WIDTH:0.319296
G1 X69.968 Y86.049 E6.41076
;WIDTH:0.328831
G1 X69.831 Y85.985 E6.41689
;WIDTH:0.328829
G1 X69.688 Y85.912 E6.42338
;WIDTH:0.328829
G1 X69.537 Y85.826 E6.4304
;WIDTH:0.312458
G1 X69.519 Y85.814 E6.43121
;WIDTH:0.328831
G1 X69.377 Y85.714 E6.43823
;WIDTH:0.32883
G1 X69.259 Y85.623 E6.44424
;WIDTH:0.328831
G1 X69.127 Y85.51 E6.45126
;WIDTH:0.31246
G1 X69.111 Y85.496 E6.45207
;WIDTH:0.327715
G1 X68.999 Y85.379 E6.45858
;WIDTH:0.327713
G1 X68.782 Y85.125 E6.47203
;WIDTH:0.318589
G1 X68.768 Y85.108 E6.47287
;WIDTH:0.318714
G1 X68.768 Y85.107 E6.4729
;WIDTH:0.328827
G1 X68.681 Y84.971 E6.47941
;WIDTH:0.328827
G1 X68.6 Y84.833 E6.4859
;WIDTH:0.328827
G1 X68.518 Y84.68 E6.49292
;WIDTH:0.31246
G1 X68.509 Y84.66 E6.49372
;WIDTH:0.328833
G1 X68.443 Y84.5 E6.50074
;WIDTH:0.328833
G1 X68.392 Y84.36 E6.50676
;WIDTH:0.328832
G1 X68.341 Y84.194 E6.51378
;WIDTH:0.312463
G1 X68.336 Y84.173 E6.51458
;WIDTH:0.327714
G1 X68.303 Y84.014 E6.5211
;WIDTH:0.327716
G1 X68.256 Y83.684 E6.53454
;WIDTH:0.317385
G1 X68.255 Y83.673 E6.53496
;WIDTH:0.317387
G1 X68.255 Y83.662 E6.53538
;WIDTH:0.327713
G1 X68.26 Y83.328 E6.54882
;WIDTH:0.327715
G1 X68.273 Y83.166 E6.55534
;WIDTH:0.312458
G1 X68.275 Y83.145 E6.55614
;WIDTH:0.328825
G1 X68.305 Y82.974 E6.56316
;WIDTH:0.328825
G1 X68.338 Y82.829 E6.56918
;WIDTH:0.328822
G1 X68.381 Y82.671 E6.57579
;WIDTH:0.313399
G1 X68.386 Y82.654 E6.57647
;WIDTH:0.324883
G1 X68.45 Y82.478 E6.58391
;WIDTH:0.324884
G1 X68.508 Y82.336 E6.59001
;WIDTH:0.320058
G1 X68.511 Y82.329 E6.5903
;WIDTH:0.320058
G1 X68.515 Y82.322 E6.59059
;WIDTH:0.324885
G1 X68.587 Y82.187 E6.59669
;WIDTH:0.324887
G1 X68.682 Y82.025 E6.60414
;WIDTH:0.313409
G1 X68.692 Y82.011 E6.60481
;WIDTH:0.327716
G1 X68.779 Y81.886 E6.61092
;WIDTH:0.327716
G1 X68.988 Y81.625 E6.62436
;WIDTH:0.318586
G1 X69.002 Y81.609 E6.62521
;WIDTH:0.318717
G1 X69.003 Y81.608 E6.62524
;WIDTH:0.328316
G1 X69.114 Y81.504 E6.6314
;WIDTH:0.328316
G1 X69.321 Y81.326 E6.64241
;WIDTH:0.322382
G1 X69.375 Y81.282 E6.64515
;WIDTH:0.315037
G1 X69.393 Y81.27 E6.64597
;WIDTH:0.328153
G1 X69.528 Y81.182 E6.65246
;WIDTH:0.328152
G1 X69.758 Y81.049 E6.66316
;WIDTH:0.322379
G1 X69.82 Y81.017 E6.6659
;WIDTH:0.315034
G1 X69.839 Y81.008 E6.66672
;WIDTH:0.327854
G1 X69.985 Y80.949 E6.67306
;WIDTH:0.327853
G1 X70.31 Y80.838 E6.68687
;WIDTH:0.317913
G1 X70.327 Y80.832 E6.68757
;WIDTH:0.318207
G1 X70.333 Y80.831 E6.68778
;WIDTH:0.329315
G1 X70.474 Y80.805 E6.6936
;WIDTH:0.329314
G1 X70.831 Y80.757 E6.70819
;WIDTH:0.323219
G1 X70.864 Y80.755 E6.7095
;WIDTH:0.318788
G1 X70.882 Y80.754 E6.71018
;WIDTH:0.321425
G1 X71.092 Y80.754 E6.71843
;WIDTH:0.321424
G1 X71.169 Y80.757 E6.72142
;WIDTH:0.316343
G1 X71.182 Y80.758 E6.72194
;WIDTH:0.324412
G1 X71.34 Y80.774 E6.72824
;WIDTH:0.324412
G1 X71.518 Y80.802 E6.73537
;WIDTH:0.313406
G1 X71.535 Y80.805 E6.73604
;WIDTH:0.327715
G1 X71.683 Y80.841 E6.74215
;WIDTH:0.327716
G1 X72.002 Y80.939 E6.7556
;WIDTH:0.318589
G1 X72.023 Y80.946 E6.75644
;WIDTH:0.318717
G1 X72.024 Y80.947 E6.75648
;WIDTH:0.328829
G1 X72.169 Y81.015 E6.76298
;WIDTH:0.32883
G1 X72.312 Y81.088 E6.76947
;WIDTH:0.328831
G1 X72.463 Y81.174 E6.77649
;WIDTH:0.312461
G1 X72.481 Y81.186 E6.7773
;WIDTH:0.328829
G1 X72.623 Y81.286 E6.78432
;WIDTH:0.328832
G1 X72.741 Y81.377 E6.79033
;WIDTH:0.328831
G1 X72.873 Y81.49 E6.79735
;WIDTH:0.312462
G1 X72.889 Y81.504 E6.79816
;WIDTH:0.327716
G1 X73.001 Y81.621 E6.80467
;WIDTH:0.327714
G1 X73.218 Y81.875 E6.81811
;WIDTH:0.31859
G1 X73.232 Y81.892 E6.81896
;WIDTH:0.318714
G1 X73.232 Y81.893 E6.81899
;WIDTH:0.328829
G1 X73.319 Y82.029 E6.8255
;WIDTH:0.328834
G1 X73.4 Y82.167 E6.83199
;WIDTH:0.328833
G1 X73.482 Y82.32 E6.83901
;WIDTH:0.312464
G1 X73.491 Y82.34 E6.83981
;WIDTH:0.327717
G1 X73.553 Y82.489 E6.84633
;WIDTH:0.327715
G1 X73.661 Y82.806 E6.85977
;WIDTH:0.317393
G1 X73.664 Y82.816 E6.86019
;WIDTH:0.317394
G1 X73.666 Y82.827 E6.86061
;WIDTH:0.327849
G1 X73.725 Y83.16 E6.87424
;WIDTH:0.32785
G1 X73.743 Y83.317 E6.88058
;WIDTH:0.31503
G1 X73.744 Y83.338 E6.8814
;WIDTH:0.322377
G1 X73.746 Y83.408 E6.88414
;WIDTH:0.328316
G1 X73.74 Y83.681 E6.89514
;WIDTH:0.328315
G1 X73.731 Y83.833 E6.9013
;WIDTH:0.318718
G1 X73.73 Y83.834 E6.90133
;WIDTH:0.318593
G1 X73.727 Y83.855 E6.90218
;WIDTH:0.327718
G1 X73.659 Y84.183 E6.91563
;WIDTH:0.327719
G1 X73.617 Y84.339 E6.92214
;WIDTH:0.312463
G1 X73.61 Y84.359 E6.92294
;WIDTH:0.327713
G1 X73.553 Y84.511 E6.92945
;WIDTH:0.327714
G1 X73.419 Y84.806 E6.9425
;WIDTH:0.31839
G1 X73.411 Y84.822 E6.9432
;WIDTH:0.318727
G1 X73.41 Y84.825 E6.9433
;WIDTH:0.318726
G1 X73.23 Y85.108 E6.9563
;WIDTH:0.319532
G1 X73.222 Y85.12 E6.95684
;WIDTH:0.320447
G1 X73.218 Y85.126 E6.95714
;WIDTH:0.324268
G1 X73.118 Y85.252 E6.96352
;WIDTH:0.324269
G1 X73.041 Y85.342 E6.96821
;WIDTH:0.320286
G1 X73.029 Y85.355 E6.96889
;WIDTH:0.323081
G1 X73.012 Y85.373 E6.96989
;WIDTH:0.329318
G1 X72.741 Y85.623 E6.98481
;WIDTH:0.329317
G1 X72.631 Y85.715 E6.99063
;WIDTH:0.318208
G1 X72.627 Y85.719 E6.99084
;WIDTH:0.317913
G1 X72.612 Y85.729 E6.99154
;WIDTH:0.327714
G1 X72.323 Y85.906 E7.00517
;WIDTH:0.327716
G1 X72.18 Y85.982 E7.01168
;WIDTH:0.312459
G1 X72.16 Y85.991 E7.01248
;WIDTH:0.328829
G1 X72 Y86.057 E7.0195
;WIDTH:0.328829
G1 X71.849 Y86.112 E7.026
;WIDTH:0.328829
G1 X71.695 Y86.161 E7.0325
;WIDTH:0.318717
G1 X71.695 Y86.162 E7.03253
;WIDTH:0.318587
G1 X71.673 Y86.166 E7.03338
;WIDTH:0.328086
G1 X71.332 Y86.226 E7.04732
;WIDTH:0.328087
G1 X71.19 Y86.244 E7.05312
G1 E4.05312 F2400
G92 E0
G1 X72.892 Y127.873 F7800
G1 E3 F2400
;TYPE:External perimeter
;WIDTH:0.675
G1 F1800
G1 X72.736 Y128.065 E3.02423
G1 X72.377 Y128.391 E3.07176
G1 X71.996 Y128.616 E3.11513
G1 X71.582 Y128.766 E3.15827
G1 X71.147 Y128.834 E3.2014
G1 X70.707 Y128.821 E3.24453
G1 X70.275 Y128.724 E3.28791
G1 X69.832 Y128.525 E3.33544
G1 X69.625 Y128.391 E3.35967
G1 X69.395 Y128.201 E3.38883
G1 X69.108 Y127.875 E3.43144
G1 X68.884 Y127.496 E3.47457
G1 X68.734 Y127.082 E3.51771
G1 X68.666 Y126.647 E3.56084
G1 X68.679 Y126.207 E3.60398
G1 X68.774 Y125.782 E3.64659
G1 X68.884 Y125.504 E3.67588
G1 X69.028 Y125.242 E3.70517
G1 X69.295 Y124.899 E3.74778
G1 X69.625 Y124.608 E3.79091
G1 X70.004 Y124.384 E3.83405
G1 X70.421 Y124.234 E3.87742
G1 X70.901 Y124.165 E3.92495
G1 X71.148 Y124.167 E3.94918
G1 X71.443 Y124.204 E3.97835
G1 X71.861 Y124.325 E4.02096
G1 X72.253 Y124.525 E4.06409
G1 X72.601 Y124.795 E4.10722
G1 X72.892 Y125.125 E4.15036
G1 X73.116 Y125.504 E4.19349
G1 X73.266 Y125.918 E4.23662
G1 X73.334 Y126.353 E4.27976
G1 X73.321 Y126.793 E4.32289
G1 X73.225 Y127.223 E4.36602
G1 X73.052 Y127.622 E4.40863
G1 X72.941 Y127.797 E4.42898
G1 X72.996 Y128.098 F7800
G1 X74.001 Y127.476
G1 F1800
G1 X73.94 Y127.664 E4.44839
G1 X73.771 Y128.023 E4.48729
G1 X73.437 Y128.516 E4.5456
G1 X73.012 Y128.94 E4.60443
G1 X72.523 Y129.271 E4.66223
G1 X71.977 Y129.508 E4.72054
G1 X71.391 Y129.638 E4.77937
G1 X70.801 Y129.656 E4.83717
G1 X70.219 Y129.564 E4.89496
G1 X69.654 Y129.361 E4.95379
G1 X69.137 Y129.055 E5.01263
G1 X68.695 Y128.664 E5.07042
G1 X68.33 Y128.194 E5.12873
G1 X68.058 Y127.659 E5.18756
G1 X67.894 Y127.092 E5.24535
G1 X67.844 Y126.699 E5.28426
G1 X67.844 Y126.301 E5.32316
G1 X67.936 Y125.719 E5.38095
G1 X68.139 Y125.154 E5.43979
G1 X68.442 Y124.642 E5.4981
G1 X68.835 Y124.195 E5.55641
G1 X69.307 Y123.829 E5.61488
G1 X69.834 Y123.561 E5.67285
G1 X70.402 Y123.395 E5.73083
G1 X70.803 Y123.344 E5.77041
G1 X71.106 Y123.341 E5.80005
G1 X71.394 Y123.363 E5.82843
G1 X71.786 Y123.438 E5.86752
G1 X72.346 Y123.639 E5.92583
G1 X72.863 Y123.945 E5.98466
G1 X73.305 Y124.336 E6.04246
G1 X73.561 Y124.646 E6.08188
G1 X73.768 Y124.972 E6.11975
G1 X73.94 Y125.336 E6.15918
G1 X74.063 Y125.714 E6.19808
G1 X74.137 Y126.106 E6.23717
G1 X74.159 Y126.394 E6.26555
G1 X74.156 Y126.702 E6.29571
G1 X74.138 Y126.891 E6.31429
G1 X74.029 Y127.39 E6.36433
G1 X73.809 Y127.524 F7800
G1 X73.632 Y127.281
;TYPE:Gap fill
;WIDTH:0.327719
G1 F1200
G1 X73.617 Y127.339 E6.36672
;WIDTH:0.312463
G1 X73.61 Y127.359 E6.36753
;WIDTH:0.327713
G1 X73.553 Y127.511 E6.37404
;WIDTH:0.327713
G1 X73.419 Y127.806 E6.38708
;WIDTH:0.318388
G1 X73.411 Y127.822 E6.38779
;WIDTH:0.318722
G1 X73.41 Y127.825 E6.38789
;WIDTH:0.318723
G1 X73.23 Y128.108 E6.40089
;WIDTH:0.319533
G1 X73.222 Y128.12 E6.40142
;WIDTH:0.32045
G1 X73.218 Y128.126 E6.40172
;WIDTH:0.32427
G1 X73.118 Y128.252 E6.40811
;WIDTH:0.324268
G1 X73.041 Y128.342 E6.41279
;WIDTH:0.320283
G1 X73.029 Y128.355 E6.41348
;WIDTH:0.323077
G1 X73.012 Y128.373 E6.41447
;WIDTH:0.329316
G1 X72.741 Y128.623 E6.42939
;WIDTH:0.329317
G1 X72.631 Y128.715 E6.43521
;WIDTH:0.318206
G1 X72.627 Y128.719 E6.43542
;WIDTH:0.317913
G1 X72.612 Y128.729 E6.43612
;WIDTH:0.327715
G1 X72.323 Y128.906 E6.44975
;WIDTH:0.327717
G1 X72.18 Y128.982 E6.45626
;WIDTH:0.312462
G1 X72.16 Y128.991 E6.45707
;WIDTH:0.328834
G1 X72 Y129.057 E6.46409
;WIDTH:0.328834
G1 X71.849 Y129.112 E6.47058
;WIDTH:0.328834
G1 X71.695 Y129.161 E6.47709
;WIDTH:0.318721
G1 X71.695 Y129.162 E6.47712
;WIDTH:0.318591
G1 X71.673 Y129.166 E6.47796
;WIDTH:0.328088
G1 X71.332 Y129.226 E6.49191
;WIDTH:0.328087
G1 X71.184 Y129.245 E6.49791
;WIDTH:0.318723
G1 X71.184 Y129.245 E6.49795
;WIDTH:0.318595
G1 X71.162 Y129.245 E6.49879
;WIDTH:0.327717
G1 X70.828 Y129.24 E6.51224
;WIDTH:0.327717
G1 X70.666 Y129.227 E6.51875
;WIDTH:0.312462
G1 X70.645 Y129.225 E6.51955
;WIDTH:0.32883
G1 X70.474 Y129.195 E6.52657
;WIDTH:0.328831
G1 X70.329 Y129.162 E6.53259
;WIDTH:0.328832
G1 X70.157 Y129.115 E6.5398
;WIDTH:0.312192
G1 X70.135 Y129.108 E6.54066
;WIDTH:0.330403
G1 X69.979 Y129.048 E6.54747
;WIDTH:0.33273
G1 X69.832 Y128.983 E6.55407
;WIDTH:0.332729
G1 X69.687 Y128.913 E6.56067
;WIDTH:0.324961
G1 X69.644 Y128.89 E6.56261
;WIDTH:0.318005
G1 X69.629 Y128.881 E6.56328
;WIDTH:0.319031
G1 X69.387 Y128.727 E6.5744
;WIDTH:0.319951
G1 X69.376 Y128.719 E6.57494
;WIDTH:0.320206
G1 X69.374 Y128.718 E6.57502
;WIDTH:0.324888
G1 X69.258 Y128.625 E6.58095
;WIDTH:0.324889
G1 X69.117 Y128.501 E6.58839
;WIDTH:0.313401
G1 X69.104 Y128.489 E6.58906
;WIDTH:0.327711
G1 X68.999 Y128.379 E6.59517
;WIDTH:0.327712
G1 X68.782 Y128.125 E6.60862
;WIDTH:0.318589
G1 X68.768 Y128.108 E6.60947
;WIDTH:0.318715
G1 X68.768 Y128.107 E6.6095
;WIDTH:0.328828
G1 X68.681 Y127.971 E6.616
;WIDTH:0.328828
G1 X68.6 Y127.833 E6.62249
;WIDTH:0.328828
G1 X68.518 Y127.68 E6.62951
;WIDTH:0.312462
G1 X68.509 Y127.66 E6.63032
;WIDTH:0.328834
G1 X68.443 Y127.5 E6.63734
;WIDTH:0.328834
G1 X68.392 Y127.36 E6.64335
;WIDTH:0.328832
G1 X68.341 Y127.194 E6.65037
;WIDTH:0.312464
G1 X68.336 Y127.173 E6.65118
;WIDTH:0.327715
G1 X68.303 Y127.014 E6.65769
;WIDTH:0.327716
G1 X68.256 Y126.684 E6.67114
;WIDTH:0.317385
G1 X68.255 Y126.673 E6.67156
;WIDTH:0.317387
G1 X68.255 Y126.662 E6.67198
;WIDTH:0.327713
G1 X68.26 Y126.328 E6.68542
;WIDTH:0.327715
G1 X68.273 Y126.166 E6.69193
;WIDTH:0.312458
G1 X68.275 Y126.145 E6.69274
;WIDTH:0.328825
G1 X68.305 Y125.974 E6.69976
;WIDTH:0.328826
G1 X68.338 Y125.829 E6.70577
;WIDTH:0.328824
G1 X68.381 Y125.671 E6.71239
;WIDTH:0.3134
G1 X68.386 Y125.654 E6.71306
;WIDTH:0.324885
G1 X68.45 Y125.478 E6.7205
;WIDTH:0.324886
G1 X68.508 Y125.336 E6.72661
;WIDTH:0.320057
G1 X68.511 Y125.329 E6.7269
;WIDTH:0.320058
G1 X68.515 Y125.322 E6.72718
;WIDTH:0.324885
G1 X68.587 Y125.187 E6.73329
;WIDTH:0.324885
G1 X68.682 Y125.025 E6.74073
;WIDTH:0.313409
G1 X68.692 Y125.011 E6.74141
;WIDTH:0.327716
G1 X68.779 Y124.886 E6.74751
;WIDTH:0.327716
G1 X68.988 Y124.625 E6.76096
;WIDTH:0.318586
G1 X69.002 Y124.609 E6.7618
;WIDTH:0.318717
G1 X69.003 Y124.608 E6.76184
;WIDTH:0.328832
G1 X69.12 Y124.498 E6.76834
;WIDTH:0.328834
G1 X69.241 Y124.392 E6.77483
;WIDTH:0.328835
G1 X69.376 Y124.283 E6.78186
;WIDTH:0.312464
G1 X69.394 Y124.271 E6.78266
;WIDTH:0.328058
G1 X69.532 Y124.18 E6.78933
;WIDTH:0.328058
G1 X69.758 Y124.049 E6.79984
;WIDTH:0.322377
G1 X69.82 Y124.017 E6.80258
;WIDTH:0.315033
G1 X69.839 Y124.008 E6.8034
;WIDTH:0.327854
G1 X69.985 Y123.949 E6.80975
;WIDTH:0.327853
G1 X70.31 Y123.838 E6.82356
;WIDTH:0.317909
G1 X70.327 Y123.832 E6.82425
;WIDTH:0.318205
G1 X70.333 Y123.831 E6.82446
;WIDTH:0.329312
G1 X70.474 Y123.805 E6.83028
;WIDTH:0.329312
G1 X70.831 Y123.757 E6.84487
;WIDTH:0.323217
G1 X70.864 Y123.755 E6.84619
;WIDTH:0.318788
G1 X70.882 Y123.754 E6.84687
;WIDTH:0.321424
G1 X71.092 Y123.754 E6.85511
;WIDTH:0.321422
G1 X71.169 Y123.757 E6.85811
;WIDTH:0.316339
G1 X71.182 Y123.758 E6.85863
;WIDTH:0.32441
G1 X71.34 Y123.774 E6.86493
;WIDTH:0.324408
G1 X71.518 Y123.802 E6.87206
;WIDTH:0.313404
G1 X71.535 Y123.805 E6.87273
;WIDTH:0.327714
G1 X71.683 Y123.841 E6.87884
;WIDTH:0.327714
G1 X72.002 Y123.939 E6.89228
;WIDTH:0.318589
G1 X72.023 Y123.946 E6.89313
;WIDTH:0.318716
G1 X72.024 Y123.947 E6.89316
;WIDTH:0.328828
G1 X72.169 Y124.015 E6.89967
;WIDTH:0.328831
G1 X72.312 Y124.088 E6.90616
;WIDTH:0.328829
G1 X72.463 Y124.174 E6.91318
;WIDTH:0.312461
G1 X72.481 Y124.186 E6.91398
;WIDTH:0.328828
G1 X72.623 Y124.286 E6.92101
;WIDTH:0.328831
G1 X72.741 Y124.377 E6.92702
;WIDTH:0.328831
G1 X72.873 Y124.49 E6.93404
;WIDTH:0.312462
G1 X72.889 Y124.504 E6.93484
;WIDTH:0.327714
G1 X73.001 Y124.621 E6.94136
G1 X73.218 Y124.875 E6.9548
;WIDTH:0.31859
G1 X73.232 Y124.892 E6.95565
;WIDTH:0.318715
G1 X73.232 Y124.893 E6.95568
;WIDTH:0.328829
G1 X73.319 Y125.029 E6.96218
;WIDTH:0.328835
G1 X73.4 Y125.167 E6.96868
;WIDTH:0.328833
G1 X73.482 Y125.32 E6.9757
;WIDTH:0.312464
G1 X73.491 Y125.34 E6.9765
;WIDTH:0.327718
G1 X73.553 Y125.489 E6.98301
;WIDTH:0.327719
G1 X73.661 Y125.806 E6.99646
;WIDTH:0.317394
G1 X73.664 Y125.816 E6.99688
;WIDTH:0.317394
G1 X73.666 Y125.827 E6.9973
;WIDTH:0.32785
G1 X73.725 Y126.16 E7.01092
;WIDTH:0.32785
G1 X73.743 Y126.317 E7.01726
;WIDTH:0.31503
G1 X73.744 Y126.338 E7.01809
;WIDTH:0.322377
G1 X73.746 Y126.408 E7.02082
;WIDTH:0.328316
G1 X73.74 Y126.681 E7.03183
;WIDTH:0.328315
G1 X73.731 Y126.833 E7.03799
;WIDTH:0.31872
G1 X73.73 Y126.834 E7.03802
;WIDTH:0.318594
G1 X73.727 Y126.855 E7.03887
;WIDTH:0.327717
G1 X73.659 Y127.183 E7.05231
;WIDTH:0.327719
G1 X73.656 Y127.195 E7.05281
;LAYER_CHANGE
;Z:4.25
;HEIGHT:0.4
G1 Z4.25 F7800
G1 E4.05281 F2400
G92 E0
G1 X135.689 Y126.793 F7800
G1 E3 F2400
;TYPE:External perimeter
;WIDTH:0.675
G1 F1800
G1 X135.666 Y126.647 E3.01445
G1 X135.679 Y126.212 E3.05706
G1 X135.735 Y125.919 E3.08635
G1 X135.828 Y125.634 E3.11564
G1 X136.025 Y125.247 E3.15825
G1 X136.295 Y124.899 E3.20138
G1 X136.625 Y124.608 E3.24452
G1 X137.004 Y124.384 E3.28765
G1 X137.42 Y124.234 E3.33099
G1 X137.892 Y124.165 E3.37768
G1 X138.148 Y124.167 E3.40276
G1 X138.443 Y124.204 E3.43195
G1 X138.861 Y124.325 E3.47456
G1 X139.253 Y124.525 E3.5177
G1 X139.601 Y124.795 E3.56083
G1 X139.892 Y125.125 E3.60397
G1 X140.116 Y125.504 E3.6471
G1 X140.266 Y125.918 E3.69023
G1 X140.334 Y126.353 E3.73337
G1 X140.321 Y126.793 E3.7765
G1 X140.225 Y127.223 E3.81963
G1 X140.052 Y127.622 E3.86224
G1 X139.892 Y127.873 E3.89143
G1 X139.73 Y128.072 E3.91652
G1 X139.377 Y128.391 E3.96321
G1 X138.996 Y128.616 E4.00655
G1 X138.582 Y128.766 E4.04968
G1 X138.147 Y128.834 E4.09281
G1 X137.707 Y128.821 E4.13595
G1 X137.275 Y128.724 E4.17928
G1 X136.84 Y128.529 E4.22597
G1 X136.625 Y128.391 E4.25106
G1 X136.395 Y128.201 E4.28025
G1 X136.108 Y127.875 E4.32286
G1 X135.884 Y127.496 E4.36599
G1 X135.734 Y127.082 E4.40913
G1 X135.703 Y126.881 E4.42899
G1 X135.549 Y126.745 F7800
G1 X134.994 Y127.481
G1 F1800
G1 X134.938 Y127.292 E4.44836
G1 X134.862 Y126.891 E4.4883
G1 X134.844 Y126.299 E4.54632
G1 X134.937 Y125.715 E4.60428
G1 X135.139 Y125.154 E4.66272
G1 X135.445 Y124.637 E4.72155
G1 X135.839 Y124.191 E4.77987
G1 X136.31 Y123.827 E4.83818
G1 X136.836 Y123.56 E4.89597
G1 X137.402 Y123.395 E4.95376
G1 X137.803 Y123.344 E4.99332
G1 X138.122 Y123.342 E5.02464
G1 X138.394 Y123.363 E5.05132
G1 X138.786 Y123.438 E5.09046
G1 X139.169 Y123.562 E5.12988
G1 X139.519 Y123.726 E5.16775
G1 X139.86 Y123.943 E5.2073
G1 X140.303 Y124.334 E5.26526
G1 X140.67 Y124.806 E5.3238
G1 X140.94 Y125.336 E5.38211
G1 X141.062 Y125.714 E5.42101
G1 X141.138 Y126.109 E5.46044
G1 X141.156 Y126.699 E5.51823
G1 X141.064 Y127.281 E5.57603
G1 X140.861 Y127.846 E5.63486
G1 X140.555 Y128.363 E5.69369
G1 X140.164 Y128.805 E5.75148
G1 X139.699 Y129.167 E5.80928
G1 X139.345 Y129.362 E5.84883
G1 X139.049 Y129.481 E5.88015
G1 X138.789 Y129.562 E5.90683
G1 X138.391 Y129.638 E5.94649
G1 X137.801 Y129.656 E6.00428
G1 X137.219 Y129.564 E6.06208
G1 X136.836 Y129.44 E6.1015
G1 X136.477 Y129.271 E6.1404
G1 X135.984 Y128.937 E6.19872
G1 X135.56 Y128.512 E6.25755
G1 X135.229 Y128.023 E6.31534
G1 X135.024 Y127.566 E6.36444
G1 X135.12 Y127.329 F7800
G1 X135.416 Y127.425
;TYPE:Gap fill
;WIDTH:0.328829
G1 F1200
G1 X135.388 Y127.349 E6.36772
;WIDTH:0.32883
G1 X135.339 Y127.195 E6.37422
;WIDTH:0.31872
G1 X135.338 Y127.195 E6.37425
;WIDTH:0.318589
G1 X135.334 Y127.173 E6.3751
;WIDTH:0.328087
G1 X135.274 Y126.832 E6.38904
;WIDTH:0.328087
G1 X135.255 Y126.684 E6.39505
;WIDTH:0.318721
G1 X135.255 Y126.684 E6.39508
;WIDTH:0.318595
G1 X135.255 Y126.662 E6.39593
;WIDTH:0.327878
G1 X135.26 Y126.322 E6.40959
;WIDTH:0.327877
G1 X135.271 Y126.176 E6.41549
;WIDTH:0.316079
G1 X135.273 Y126.158 E6.41619
;WIDTH:0.321194
G1 X135.283 Y126.092 E6.41882
;WIDTH:0.321193
G1 X135.335 Y125.823 E6.42952
;WIDTH:0.319167
G1 X135.336 Y125.819 E6.4297
;WIDTH:0.319168
G1 X135.339 Y125.809 E6.43009
;WIDTH:0.318724
G1 X135.444 Y125.485 E6.44328
;WIDTH:0.319078
G1 X135.447 Y125.477 E6.44364
;WIDTH:0.319293
G1 X135.451 Y125.468 E6.44399
;WIDTH:0.328828
G1 X135.515 Y125.331 E6.45013
;WIDTH:0.328829
G1 X135.588 Y125.188 E6.45662
;WIDTH:0.328829
G1 X135.674 Y125.037 E6.46364
;WIDTH:0.31246
G1 X135.686 Y125.019 E6.46444
;WIDTH:0.32883
G1 X135.786 Y124.877 E6.47147
;WIDTH:0.328832
G1 X135.877 Y124.759 E6.47748
;WIDTH:0.32883
G1 X135.99 Y124.627 E6.4845
;WIDTH:0.312462
G1 X136.004 Y124.611 E6.4853
;WIDTH:0.328832
G1 X136.129 Y124.49 E6.49233
;WIDTH:0.328832
G1 X136.241 Y124.392 E6.49834
;WIDTH:0.328832
G1 X136.376 Y124.283 E6.50536
;WIDTH:0.312458
G1 X136.394 Y124.271 E6.50616
;WIDTH:0.328827
G1 X136.539 Y124.175 E6.51318
;WIDTH:0.328831
G1 X136.667 Y124.1 E6.5192
;WIDTH:0.32883
G1 X136.82 Y124.018 E6.52622
;WIDTH:0.312462
G1 X136.84 Y124.009 E6.52702
;WIDTH:0.327714
G1 X136.989 Y123.947 E6.53354
;WIDTH:0.327715
G1 X137.309 Y123.838 E6.54714
;WIDTH:0.318022
G1 X137.327 Y123.832 E6.54786
;WIDTH:0.318273
G1 X137.332 Y123.832 E6.54804
;WIDTH:0.329133
G1 X137.474 Y123.805 E6.55389
;WIDTH:0.329133
G1 X137.83 Y123.757 E6.56844
;WIDTH:0.322252
G1 X137.854 Y123.755 E6.5694
;WIDTH:0.318923
G1 X137.872 Y123.754 E6.57008
;WIDTH:0.321074
G1 X138.108 Y123.754 E6.57931
;WIDTH:0.321076
G1 X138.168 Y123.757 E6.58165
;WIDTH:0.316856
G1 X138.182 Y123.758 E6.58218
;WIDTH:0.324469
G1 X138.339 Y123.774 E6.58847
;WIDTH:0.324468
G1 X138.518 Y123.802 E6.59563
;WIDTH:0.313402
G1 X138.535 Y123.805 E6.59631
;WIDTH:0.327714
G1 X138.683 Y123.841 E6.60242
;WIDTH:0.327714
G1 X139.002 Y123.939 E6.61586
;WIDTH:0.31859
G1 X139.023 Y123.946 E6.61671
;WIDTH:0.318714
G1 X139.024 Y123.947 E6.61674
;WIDTH:0.328827
G1 X139.169 Y124.015 E6.62324
;WIDTH:0.328829
G1 X139.312 Y124.088 E6.62974
G1 X139.463 Y124.174 E6.63676
;WIDTH:0.312459
G1 X139.481 Y124.186 E6.63756
;WIDTH:0.327984
G1 X139.616 Y124.281 E6.6442
;WIDTH:0.327983
G1 X139.834 Y124.453 E6.65538
;WIDTH:0.321373
G1 X139.874 Y124.488 E6.65748
;WIDTH:0.315574
G1 X139.89 Y124.503 E6.65831
;WIDTH:0.327875
G1 X139.998 Y124.617 E6.66462
;WIDTH:0.327876
G1 X140.218 Y124.875 E6.67828
;WIDTH:0.318589
G1 X140.232 Y124.892 E6.67912
;WIDTH:0.318719
G1 X140.232 Y124.893 E6.67916
;WIDTH:0.328828
G1 X140.319 Y125.029 E6.68566
;WIDTH:0.328829
G1 X140.4 Y125.167 E6.69215
;WIDTH:0.328828
G1 X140.482 Y125.32 E6.69917
;WIDTH:0.31246
G1 X140.491 Y125.34 E6.69998
;WIDTH:0.327715
G1 X140.553 Y125.489 E6.70649
;WIDTH:0.327715
G1 X140.661 Y125.806 E6.71994
;WIDTH:0.317383
G1 X140.664 Y125.816 E6.72035
;WIDTH:0.317384
G1 X140.666 Y125.827 E6.72078
;WIDTH:0.328082
G1 X140.726 Y126.168 E6.73472
;WIDTH:0.328081
G1 X140.745 Y126.316 E6.74073
;WIDTH:0.318717
G1 X140.745 Y126.316 E6.74076
;WIDTH:0.318591
G1 X140.745 Y126.338 E6.7416
;WIDTH:0.327713
G1 X140.74 Y126.672 E6.75505
;WIDTH:0.327713
G1 X140.727 Y126.834 E6.76156
;WIDTH:0.312457
G1 X140.725 Y126.855 E6.76236
;WIDTH:0.328826
G1 X140.695 Y127.026 E6.76938
;WIDTH:0.328829
G1 X140.662 Y127.171 E6.7754
;WIDTH:0.328828
G1 X140.617 Y127.339 E6.78242
;WIDTH:0.31246
G1 X140.61 Y127.359 E6.78322
;WIDTH:0.32883
G1 X140.549 Y127.522 E6.79024
;WIDTH:0.328832
G1 X140.485 Y127.669 E6.79674
;WIDTH:0.328827
G1 X140.42 Y127.807 E6.80287
;WIDTH:0.319295
G1 X140.416 Y127.815 E6.80323
;WIDTH:0.319078
G1 X140.411 Y127.823 E6.80358
;WIDTH:0.318722
G1 X140.23 Y128.109 E6.8167
;WIDTH:0.319556
G1 X140.222 Y128.12 E6.81724
;WIDTH:0.320401
G1 X140.218 Y128.126 E6.81752
;WIDTH:0.324176
G1 X140.125 Y128.243 E6.82343
;WIDTH:0.324175
G1 X140.033 Y128.348 E6.82897
;WIDTH:0.31465
G1 X140.021 Y128.36 E6.82963
;WIDTH:0.331023
G1 X139.878 Y128.5 E6.83777
;WIDTH:0.331024
G1 X139.629 Y128.715 E6.85118
;WIDTH:0.317975
G1 X139.611 Y128.73 E6.85208
;WIDTH:0.318716
G1 X139.607 Y128.732 E6.85226
;WIDTH:0.328084
G1 X139.481 Y128.812 E6.85827
;WIDTH:0.328084
G1 X139.181 Y128.984 E6.87221
;WIDTH:0.317599
G1 X139.169 Y128.99 E6.87274
;WIDTH:0.317632
G1 X139.161 Y128.993 E6.87305
;WIDTH:0.328169
G1 X138.909 Y129.09 E6.88393
;WIDTH:0.32817
G1 X138.695 Y129.161 E6.89305
;WIDTH:0.317948
G1 X138.689 Y129.163 E6.89327
;WIDTH:0.317832
G1 X138.673 Y129.166 E6.89389
;WIDTH:0.328087
G1 X138.332 Y129.226 E6.90783
;WIDTH:0.328087
G1 X138.184 Y129.245 E6.91384
;WIDTH:0.318721
G1 X138.184 Y129.245 E6.91387
;WIDTH:0.318595
G1 X138.162 Y129.245 E6.91472
;WIDTH:0.327717
G1 X137.828 Y129.24 E6.92816
;WIDTH:0.327717
G1 X137.666 Y129.227 E6.93467
;WIDTH:0.312461
G1 X137.645 Y129.225 E6.93548
;WIDTH:0.328831
G1 X137.474 Y129.195 E6.9425
;WIDTH:0.328832
G1 X137.329 Y129.162 E6.94851
;WIDTH:0.328832
G1 X137.157 Y129.115 E6.95569
;WIDTH:0.312232
G1 X137.136 Y129.108 E6.95655
;WIDTH:0.328908
G1 X136.99 Y129.052 E6.96288
;WIDTH:0.328909
G1 X136.676 Y128.908 E6.97682
;WIDTH:0.322305
G1 X136.652 Y128.895 E6.97789
;WIDTH:0.318377
G1 X136.637 Y128.887 E6.97856
;WIDTH:0.318966
G1 X136.388 Y128.727 E6.99004
;WIDTH:0.319885
G1 X136.376 Y128.719 E6.99058
;WIDTH:0.3202
G1 X136.374 Y128.718 E6.99068
;WIDTH:0.325254
G1 X136.248 Y128.617 E6.99709
;WIDTH:0.325253
G1 X136.126 Y128.513 E7.0035
;WIDTH:0.320198
G1 X136.116 Y128.503 E7.00406
;WIDTH:0.318389
G1 X136.103 Y128.49 E7.00476
;WIDTH:0.328088
G1 X135.877 Y128.241 E7.0183
;WIDTH:0.328089
G1 X135.782 Y128.126 E7.02431
;WIDTH:0.318717
G1 X135.781 Y128.126 E7.02434
;WIDTH:0.318589
G1 X135.769 Y128.108 E7.02519
;WIDTH:0.327714
G1 X135.594 Y127.823 E7.03863
;WIDTH:0.327714
G1 X135.518 Y127.68 E7.04515
;WIDTH:0.31246
G1 X135.509 Y127.66 E7.04595
;WIDTH:0.32883
G1 X135.447 Y127.509 E7.05254
G1 E4.05254 F2400
G92 E0
G1 X135.834 Y84.358 F7800
G1 E3 F2400
;TYPE:External perimeter
;WIDTH:0.675
G1 F1800
G1 X135.734 Y84.082 E3.02876
G1 X135.666 Y83.647 E3.0719
G1 X135.679 Y83.207 E3.11503
G1 X135.774 Y82.782 E3.15764
G1 X135.884 Y82.505 E3.18683
G1 X136.006 Y82.28 E3.21192
G1 X136.293 Y81.9 E3.2586
G1 X136.625 Y81.608 E3.30194
G1 X137.004 Y81.384 E3.34508
G1 X137.42 Y81.234 E3.38841
G1 X137.892 Y81.165 E3.4351
G1 X138.148 Y81.167 E3.46019
G1 X138.443 Y81.204 E3.48938
G1 X138.861 Y81.325 E3.53199
G1 X139.253 Y81.525 E3.57512
G1 X139.601 Y81.795 E3.61826
G1 X139.892 Y82.125 E3.66139
G1 X140.116 Y82.504 E3.70452
G1 X140.266 Y82.918 E3.74766
G1 X140.334 Y83.353 E3.79079
G1 X140.321 Y83.793 E3.83392
G1 X140.225 Y84.223 E3.87706
G1 X140.052 Y84.622 E3.91967
G1 X139.892 Y84.873 E3.94886
G1 X139.73 Y85.072 E3.97395
G1 X139.377 Y85.391 E4.02063
G1 X138.996 Y85.616 E4.06397
G1 X138.582 Y85.766 E4.1071
G1 X138.147 Y85.834 E4.15024
G1 X137.707 Y85.821 E4.19337
G1 X137.277 Y85.725 E4.2365
G1 X136.873 Y85.55 E4.27964
G1 X136.513 Y85.305 E4.32225
G1 X136.296 Y85.101 E4.35154
G1 X136.105 Y84.87 E4.38083
G1 X135.864 Y84.443 E4.42891
G1 X135.542 Y84.326 F7800
G1 X134.844 Y83.606
G1 F1800
G1 X134.844 Y83.299 E4.45893
G1 X134.875 Y83.028 E4.48562
G1 X134.937 Y82.715 E4.51694
G1 X135.062 Y82.331 E4.55649
G1 X135.226 Y81.981 E4.59436
G1 X135.56 Y81.488 E4.65267
G1 X135.836 Y81.195 E4.6921
G1 X136.146 Y80.939 E4.73152
G1 X136.472 Y80.732 E4.76939
G1 X136.836 Y80.56 E4.80882
G1 X137.219 Y80.436 E4.84824
G1 X137.803 Y80.344 E4.90616
G1 X138.394 Y80.363 E4.96412
G1 X138.786 Y80.438 E5.00325
G1 X139.169 Y80.562 E5.04267
G1 X139.519 Y80.726 E5.08055
G1 X139.86 Y80.943 E5.1201
G1 X140.107 Y81.145 E5.15142
G1 X140.303 Y81.334 E5.1781
G1 X140.561 Y81.646 E5.21776
G1 X140.768 Y81.972 E5.25563
G1 X140.94 Y82.336 E5.29505
G1 X141.062 Y82.714 E5.33395
G1 X141.156 Y83.296 E5.39175
G1 X141.156 Y83.699 E5.43117
G1 X141.106 Y84.092 E5.47008
G1 X141.006 Y84.482 E5.5095
G1 X140.768 Y85.028 E5.56781
G1 X140.433 Y85.52 E5.62613
G1 X140.012 Y85.94 E5.68444
G1 X139.522 Y86.271 E5.74236
G1 X139.234 Y86.41 E5.77368
G1 X138.974 Y86.508 E5.80089
G1 X138.792 Y86.562 E5.81954
G1 X138.204 Y86.656 E5.87786
G1 X137.796 Y86.656 E5.9178
G1 X137.214 Y86.562 E5.97559
G1 X136.836 Y86.44 E6.0145
G1 X136.477 Y86.271 E6.0534
G1 X135.984 Y85.937 E6.11171
G1 X135.56 Y85.512 E6.17054
G1 X135.229 Y85.023 E6.22834
G1 X135.058 Y84.659 E6.26776
G1 X134.938 Y84.292 E6.30563
G1 X134.862 Y83.891 E6.34558
G1 X134.844 Y83.696 E6.36481
G1 X135.103 Y83.44 F7800
G1 X135.255 Y83.683
;TYPE:Gap fill
;WIDTH:0.318595
G1 F1200
G1 X135.255 Y83.662 E6.36562
;WIDTH:0.327878
G1 X135.26 Y83.322 E6.37928
;WIDTH:0.327877
G1 X135.271 Y83.166 E6.38558
;WIDTH:0.315573
G1 X135.274 Y83.145 E6.38641
;WIDTH:0.321371
G1 X135.283 Y83.092 E6.38851
;WIDTH:0.327986
G1 X135.34 Y82.82 E6.3997
;WIDTH:0.327984
G1 X135.381 Y82.671 E6.40593
;WIDTH:0.313404
G1 X135.386 Y82.654 E6.4066
;WIDTH:0.324885
G1 X135.45 Y82.478 E6.41405
;WIDTH:0.324886
G1 X135.508 Y82.337 E6.42007
;WIDTH:0.320199
G1 X135.511 Y82.329 E6.42044
;WIDTH:0.320224
G1 X135.514 Y82.325 E6.42062
;WIDTH:0.324179
G1 X135.586 Y82.186 E6.42681
;WIDTH:0.324179
G1 X135.657 Y82.066 E6.43236
;WIDTH:0.31465
G1 X135.666 Y82.051 E6.43301
;WIDTH:0.331996
G1 X135.787 Y81.877 E6.44168
;WIDTH:0.331996
G1 X135.877 Y81.759 E6.44776
;WIDTH:0.330172
G1 X135.986 Y81.631 E6.45461
;WIDTH:0.312232
G1 X136.001 Y81.614 E6.45546
;WIDTH:0.327716
G1 X136.121 Y81.499 E6.46213
;WIDTH:0.327716
G1 X136.375 Y81.282 E6.47558
;WIDTH:0.318588
G1 X136.392 Y81.268 E6.47642
;WIDTH:0.318718
G1 X136.393 Y81.268 E6.47646
;WIDTH:0.328827
G1 X136.529 Y81.181 E6.48296
;WIDTH:0.32883
G1 X136.667 Y81.1 E6.48945
;WIDTH:0.32883
G1 X136.82 Y81.018 E6.49647
;WIDTH:0.312461
G1 X136.84 Y81.009 E6.49728
;WIDTH:0.327715
G1 X136.989 Y80.947 E6.50379
;WIDTH:0.327715
G1 X137.309 Y80.838 E6.51739
;WIDTH:0.318022
G1 X137.327 Y80.832 E6.51812
;WIDTH:0.318273
G1 X137.332 Y80.832 E6.51829
;WIDTH:0.329134
G1 X137.474 Y80.805 E6.52414
;WIDTH:0.329133
G1 X137.83 Y80.757 E6.53869
;WIDTH:0.322252
G1 X137.854 Y80.755 E6.53965
;WIDTH:0.318923
G1 X137.872 Y80.754 E6.54033
;WIDTH:0.321076
G1 X138.108 Y80.754 E6.54957
;WIDTH:0.321076
G1 X138.168 Y80.757 E6.55191
;WIDTH:0.316858
G1 X138.182 Y80.758 E6.55244
;WIDTH:0.32447
G1 X138.339 Y80.774 E6.55872
;WIDTH:0.324472
G1 X138.518 Y80.802 E6.56589
;WIDTH:0.313406
G1 X138.535 Y80.805 E6.56656
;WIDTH:0.327715
G1 X138.683 Y80.841 E6.57267
;WIDTH:0.327714
G1 X139.002 Y80.939 E6.58612
;WIDTH:0.318589
G1 X139.023 Y80.946 E6.58696
;WIDTH:0.318715
G1 X139.024 Y80.947 E6.58699
;WIDTH:0.328828
G1 X139.169 Y81.015 E6.5935
;WIDTH:0.32883
G1 X139.312 Y81.088 E6.59999
;WIDTH:0.328831
G1 X139.463 Y81.174 E6.60701
;WIDTH:0.312462
G1 X139.481 Y81.186 E6.60782
;WIDTH:0.327986
G1 X139.616 Y81.281 E6.61445
;WIDTH:0.327986
G1 X139.834 Y81.453 E6.62564
;WIDTH:0.321372
G1 X139.874 Y81.488 E6.62774
;WIDTH:0.315574
G1 X139.89 Y81.503 E6.62856
;WIDTH:0.327875
G1 X139.998 Y81.617 E6.63487
;WIDTH:0.327876
G1 X140.218 Y81.875 E6.64853
;WIDTH:0.318589
G1 X140.232 Y81.892 E6.64938
;WIDTH:0.318719
G1 X140.232 Y81.893 E6.64941
;WIDTH:0.328828
G1 X140.319 Y82.029 E6.65591
;WIDTH:0.328829
G1 X140.4 Y82.167 E6.66241
;WIDTH:0.328828
G1 X140.482 Y82.32 E6.66943
;WIDTH:0.31246
G1 X140.491 Y82.34 E6.67023
;WIDTH:0.327715
G1 X140.553 Y82.489 E6.67675
;WIDTH:0.327715
G1 X140.661 Y82.806 E6.69019
;WIDTH:0.31738
G1 X140.664 Y82.816 E6.69061
;WIDTH:0.317381
G1 X140.666 Y82.827 E6.69103
;WIDTH:0.32808
G1 X140.726 Y83.168 E6.70497
;WIDTH:0.328082
G1 X140.745 Y83.316 E6.71098
;WIDTH:0.318717
G1 X140.745 Y83.316 E6.71101
;WIDTH:0.318591
G1 X140.745 Y83.338 E6.71186
;WIDTH:0.327713
G1 X140.74 Y83.672 E6.7253
;WIDTH:0.327713
G1 X140.727 Y83.834 E6.73181
;WIDTH:0.312457
G1 X140.725 Y83.855 E6.73262
;WIDTH:0.327709
G1 X140.697 Y84.014 E6.73913
;WIDTH:0.327709
G1 X140.619 Y84.339 E6.75257
;WIDTH:0.318587
G1 X140.613 Y84.36 E6.75342
;WIDTH:0.318714
G1 X140.612 Y84.361 E6.75345
;WIDTH:0.328085
G1 X140.558 Y84.5 E6.75946
;WIDTH:0.328086
G1 X140.419 Y84.806 E6.773
;WIDTH:0.318391
G1 X140.411 Y84.822 E6.7737
;WIDTH:0.320203
G1 X140.404 Y84.835 E6.77427
;WIDTH:0.324885
G1 X140.326 Y84.962 E6.78019
;WIDTH:0.324884
G1 X140.228 Y85.107 E6.78716
;WIDTH:0.313868
G1 X140.22 Y85.118 E6.78768
;WIDTH:0.324032
G1 X140.11 Y85.261 E6.79481
;WIDTH:0.324033
G1 X140.035 Y85.349 E6.79941
;WIDTH:0.320345
G1 X140.023 Y85.362 E6.8001
;WIDTH:0.32208
G1 X140.012 Y85.373 E6.8007
;WIDTH:0.329136
G1 X139.741 Y85.623 E6.81561
;WIDTH:0.329136
G1 X139.63 Y85.716 E6.82146
;WIDTH:0.318274
G1 X139.627 Y85.719 E6.82164
;WIDTH:0.318022
G1 X139.611 Y85.729 E6.82236
;WIDTH:0.327805
G1 X139.32 Y85.907 E6.83609
;WIDTH:0.327806
G1 X139.18 Y85.982 E6.84248
;WIDTH:0.314199
G1 X139.161 Y85.992 E6.8433
;WIDTH:0.32412
G1 X139.071 Y86.029 E6.84716
;WIDTH:0.328415
G1 X138.842 Y86.114 E6.85699
;WIDTH:0.328414
G1 X138.695 Y86.161 E6.86321
;WIDTH:0.318719
G1 X138.695 Y86.162 E6.86324
;WIDTH:0.31859
G1 X138.673 Y86.166 E6.86409
;WIDTH:0.328087
G1 X138.332 Y86.226 E6.87803
;WIDTH:0.328089
G1 X138.184 Y86.245 E6.88404
;WIDTH:0.318721
G1 X138.184 Y86.245 E6.88407
;WIDTH:0.318591
G1 X138.162 Y86.245 E6.88492
;WIDTH:0.328085
G1 X137.816 Y86.24 E6.89886
;WIDTH:0.328087
G1 X137.667 Y86.231 E6.90487
;WIDTH:0.318718
G1 X137.666 Y86.23 E6.9049
;WIDTH:0.318591
G1 X137.645 Y86.227 E6.90574
;WIDTH:0.327713
G1 X137.317 Y86.159 E6.91919
;WIDTH:0.327715
G1 X137.161 Y86.117 E6.9257
;WIDTH:0.312459
G1 X137.141 Y86.11 E6.92651
;WIDTH:0.327713
G1 X136.989 Y86.053 E6.93302
;WIDTH:0.327711
G1 X136.685 Y85.915 E6.94646
;WIDTH:0.317386
G1 X136.675 Y85.91 E6.94688
;WIDTH:0.317386
G1 X136.666 Y85.905 E6.9473
;WIDTH:0.328084
G1 X136.376 Y85.715 E6.96125
;WIDTH:0.328084
G1 X136.263 Y85.632 E6.96688
;WIDTH:0.319581
G1 X136.249 Y85.621 E6.9676
;WIDTH:0.319827
G1 X136.247 Y85.619 E6.9677
;WIDTH:0.324882
G1 X136.128 Y85.511 E6.97409
;WIDTH:0.324884
G1 X136.002 Y85.386 E6.98114
;WIDTH:0.31375
G1 X135.993 Y85.375 E6.98168
;WIDTH:0.324885
G1 X135.875 Y85.242 E6.98873
;WIDTH:0.324886
G1 X135.782 Y85.126 E6.99466
;WIDTH:0.3202
G1 X135.774 Y85.114 E6.99522
;WIDTH:0.318386
G1 X135.764 Y85.099 E6.99592
;WIDTH:0.327713
G1 X135.594 Y84.823 E7.00897
;WIDTH:0.327714
G1 X135.518 Y84.68 E7.01548
;WIDTH:0.312461
G1 X135.509 Y84.66 E7.01628
;WIDTH:0.32883
G1 X135.443 Y84.5 E7.0233
;WIDTH:0.328829
G1 X135.388 Y84.349 E7.0298
;WIDTH:0.32883
G1 X135.339 Y84.195 E7.0363
;WIDTH:0.318719
G1 X135.338 Y84.195 E7.03633
;WIDTH:0.31859
G1 X135.334 Y84.173 E7.03718
;WIDTH:0.328087
G1 X135.274 Y83.832 E7.05112
;WIDTH:0.328087
G1 X135.266 Y83.772 E7.05358
G1 E4.05358 F2400
G92 E0
G1 X97.427 Y78.073 F7800
G1 E3 F2400
;TYPE:Perimeter
;WIDTH:0.675
G1 F1800
G1 X97.427 Y76.927 E3.11235
G1 X99.573 Y76.927 E3.32268
G1 X99.573 Y78.073 E3.43502
G1 X97.517 Y78.073 E3.63653
G1 X96.837 Y78.662 F7800
;TYPE:External perimeter
G1 F1800
G1 X96.837 Y76.337 E3.86433
G1 X100.162 Y76.337 E4.19011
G1 X100.162 Y78.662 E4.4179
G1 X96.927 Y78.662 E4.73486
G1 X97.026 Y78.093 F7800
G1 X97.721 Y77.5
;TYPE:Gap fill
;WIDTH:0.643365
G1 F1200
G1 X99.279 Y77.5 E4.87927
G1 E1.87927 F2400
G92 E0
G1 X65.427 Y78.073 F7800
G1 E3 F2400
;TYPE:Perimeter
;WIDTH:0.675
G1 F1800
G1 X65.427 Y76.927 E3.11235
G1 X77.573 Y76.927 E4.30245
G1 X77.573 Y78.073 E4.4148
G1 X65.517 Y78.073 E5.59609
G1 X65.427 Y131.927 F7800
G1 F4800
G1 X143.427 Y131.927 E13.23834
G1 X143.427 Y78.073 E18.51476
G1 X135.427 Y78.073 E19.29858
G1 X135.427 Y76.927 E19.41093
G1 X144.573 Y76.927 E20.3071
G1 X144.573 Y133.073 E25.80821
G1 X65.427 Y133.073 E33.56281
G1 X65.427 Y132.017 E33.66634
G1 X66.162 Y78.662 F7800
;TYPE:External perimeter
G1 F2400
G1 X66.162 Y131.338 E38.82731
G1 X142.838 Y131.338 E46.33975
G1 X142.838 Y78.662 E51.50072
G1 X134.838 Y78.662 E52.28454
G1 X134.838 Y76.337 E52.51233
G1 X145.163 Y76.337 E53.52395
G1 X145.163 Y133.663 E59.14052
G1 X64.837 Y133.663 E67.01057
G1 X64.837 Y76.337 E72.62713
G1 X78.162 Y76.337 E73.93268
G1 X78.162 Y78.662 E74.16048
G1 X66.252 Y78.662 E75.3274
G1 X65.564 Y78.701 F7800
G1 X65.5 Y78.368
;TYPE:Gap fill
;WIDTH:0.821683
G1 F1200
G1 X65.5 Y131.632 E81.84538
G1 X65.721 Y132.5 F7800
;WIDTH:0.643365
G1 F1200
G1 X143.721 Y132.5 E89.07728
;WIDTH:0.691191
G1 X143.837 Y132.476 E89.08915
;WIDTH:0.691193
G1 X143.952 Y132.452 E89.10102
G1 X144 Y132.221 E89.12476
;WIDTH:0.643365
G1 X144 Y77.779 E94.17249
;WIDTH:0.691191
G1 X143.976 Y77.663 E94.18436
;WIDTH:0.691193
G1 X143.952 Y77.548 E94.19623
G1 X143.721 Y77.5 E94.21997
;WIDTH:0.643363
G1 X135.721 Y77.5 E94.9617
G1 E91.9617 F2400
G92 E0
G1 X77.279 Y77.5 F7800
G1 E3 F2400
;WIDTH:0.643365
G1 F1200
G1 X65.721 Y77.5 E4.07157
G1 E1.07157 F2400
G92 E0
G1 X71.292 Y85.811 F7800
G1 E3 F2400
;TYPE:External perimeter
;WIDTH:0.675
G1 F1800
G1 X71.147 Y85.834 E3.01437
G1 X70.707 Y85.821 E3.0575
G1 X70.277 Y85.725 E3.10064
G1 X69.871 Y85.549 E3.14398
G1 X69.48 Y85.276 E3.19066
G1 X69.295 Y85.1 E3.21575
G1 X69.105 Y84.87 E3.24494
G1 X68.884 Y84.496 E3.28755
G1 X68.734 Y84.082 E3.33068
G1 X68.666 Y83.647 E3.37382
G1 X68.679 Y83.207 E3.41695
G1 X68.774 Y82.782 E3.45956
G1 X68.884 Y82.505 E3.48875
G1 X69.006 Y82.28 E3.51384
G1 X69.293 Y81.9 E3.56052
G1 X69.625 Y81.608 E3.60386
G1 X70.004 Y81.384 E3.647
G1 X70.42 Y81.234 E3.69034
G1 X70.892 Y81.165 E3.73702
G1 X71.148 Y81.167 E3.76211
G1 X71.443 Y81.204 E3.7913
G1 X71.861 Y81.325 E3.83391
G1 X72.253 Y81.525 E3.87704
G1 X72.601 Y81.795 E3.92018
G1 X72.892 Y82.125 E3.96331
G1 X73.116 Y82.504 E4.00644
G1 X73.266 Y82.918 E4.04958
G1 X73.334 Y83.353 E4.09271
G1 X73.321 Y83.793 E4.13584
G1 X73.225 Y84.223 E4.17898
G1 X73.05 Y84.627 E4.22211
G1 X72.802 Y84.991 E4.26525
G1 X72.495 Y85.298 E4.30786
G1 X72.253 Y85.474 E4.33715
G1 X71.991 Y85.618 E4.36644
G1 X71.582 Y85.766 E4.40905
G1 X71.381 Y85.797 E4.42899
G1 X71.244 Y85.95 F7800
G1 X71.204 Y86.656
G1 F1800
G1 X70.609 Y86.638 E4.48731
G1 X70.028 Y86.509 E4.54562
G1 X69.653 Y86.36 E4.58517
G1 X69.371 Y86.209 E4.61649
G1 X68.988 Y85.94 E4.66232
G1 X68.695 Y85.664 E4.70174
G1 X68.439 Y85.354 E4.74117
G1 X68.232 Y85.028 E4.77904
G1 X67.994 Y84.482 E4.83735
G1 X67.894 Y84.092 E4.87677
G1 X67.844 Y83.699 E4.91568
G1 X67.844 Y83.301 E4.95458
G1 X67.895 Y82.902 E4.994
G1 X68.062 Y82.331 E5.05232
G1 X68.226 Y81.981 E5.09019
G1 X68.442 Y81.642 E5.12961
G1 X68.698 Y81.331 E5.16904
G1 X69.081 Y80.989 E5.21938
G1 X69.308 Y80.828 E5.24659
G1 X69.836 Y80.56 E5.30461
G1 X70.402 Y80.395 E5.36241
G1 X70.803 Y80.344 E5.40196
G1 X71.394 Y80.363 E5.45991
G1 X71.786 Y80.438 E5.49905
G1 X72.346 Y80.639 E5.55736
G1 X72.519 Y80.726 E5.5763
G1 X73.012 Y81.06 E5.63462
G1 X73.305 Y81.336 E5.67404
G1 X73.561 Y81.646 E5.71347
G1 X73.768 Y81.972 E5.75134
G1 X73.94 Y82.336 E5.79076
G1 X74.063 Y82.714 E5.82966
G1 X74.137 Y83.106 E5.8688
G1 X74.156 Y83.703 E5.92727
G1 X74.063 Y84.286 E5.98519
G1 X73.94 Y84.664 E6.02409
G1 X73.771 Y85.023 E6.063
G1 X73.437 Y85.516 E6.12131
G1 X73.014 Y85.937 E6.17975
G1 X72.524 Y86.27 E6.23783
G1 X72.234 Y86.41 E6.26938
G1 X71.974 Y86.508 E6.29659
G1 X71.792 Y86.562 E6.31524
G1 X71.293 Y86.647 E6.36476
G1 X70.884 Y86.153 F7800
G1 X71.242 Y86.237
;TYPE:Gap fill
;WIDTH:0.328087
G1 F1200
G1 X71.184 Y86.245 E6.36708
;WIDTH:0.318721
G1 X71.184 Y86.245 E6.36712
;WIDTH:0.318591
G1 X71.162 Y86.245 E6.36796
;WIDTH:0.328085
G1 X70.816 Y86.24 E6.3819
;WIDTH:0.328087
G1 X70.667 Y86.231 E6.38791
;WIDTH:0.318718
G1 X70.666 Y86.23 E6.38794
;WIDTH:0.318592
G1 X70.645 Y86.227 E6.38879
;WIDTH:0.328092
G1 X70.306 Y86.157 E6.40273
;WIDTH:0.328091
G1 X70.161 Y86.12 E6.40874
;WIDTH:0.318724
G1 X70.16 Y86.12 E6.40877
;WIDTH:0.318591
G1 X70.14 Y86.112 E6.40962
;WIDTH:0.327804
G1 X69.828 Y85.983 E6.42318
;WIDTH:0.327804
G1 X69.682 Y85.912 E6.42974
;WIDTH:0.314008
G1 X69.662 Y85.901 E6.43061
;WIDTH:0.324528
G1 X69.583 Y85.853 E6.43427
;WIDTH:0.331807
G1 X69.382 Y85.716 E6.44422
;WIDTH:0.331806
G1 X69.257 Y85.625 E6.45053
;WIDTH:0.324015
G1 X69.227 Y85.6 E6.45207
;WIDTH:0.318378
G1 X69.214 Y85.589 E6.45275
;WIDTH:0.318967
G1 X68.999 Y85.386 E6.46422
;WIDTH:0.31909
G1 X68.995 Y85.382 E6.4644
;WIDTH:0.319088
G1 X68.989 Y85.375 E6.46476
;WIDTH:0.31872
G1 X68.774 Y85.114 E6.47788
;WIDTH:0.319077
G1 X68.768 Y85.107 E6.47824
;WIDTH:0.319291
G1 X68.763 Y85.1 E6.47859
;WIDTH:0.328826
G1 X68.681 Y84.971 E6.48472
;WIDTH:0.328827
G1 X68.6 Y84.833 E6.49122
;WIDTH:0.328826
G1 X68.518 Y84.68 E6.49824
;WIDTH:0.31246
G1 X68.509 Y84.66 E6.49904
;WIDTH:0.32883
G1 X68.443 Y84.5 E6.50606
;WIDTH:0.328831
G1 X68.392 Y84.36 E6.51208
;WIDTH:0.32883
G1 X68.341 Y84.194 E6.5191
;WIDTH:0.312463
G1 X68.336 Y84.173 E6.5199
;WIDTH:0.327715
G1 X68.303 Y84.014 E6.52642
;WIDTH:0.327713
G1 X68.256 Y83.684 E6.53986
;WIDTH:0.317383
G1 X68.255 Y83.673 E6.54028
;WIDTH:0.317385
G1 X68.255 Y83.662 E6.5407
;WIDTH:0.327713
G1 X68.26 Y83.328 E6.55414
;WIDTH:0.327715
G1 X68.273 Y83.166 E6.56066
;WIDTH:0.312459
G1 X68.275 Y83.145 E6.56146
;WIDTH:0.328826
G1 X68.305 Y82.974 E6.56848
;WIDTH:0.328826
G1 X68.338 Y82.829 E6.57449
;WIDTH:0.328824
G1 X68.381 Y82.671 E6.58111
;WIDTH:0.3134
G1 X68.386 Y82.654 E6.58179
;WIDTH:0.324884
G1 X68.45 Y82.478 E6.58923
;WIDTH:0.324886
G1 X68.508 Y82.337 E6.59526
;WIDTH:0.320195
G1 X68.511 Y82.329 E6.59562
;WIDTH:0.320219
G1 X68.514 Y82.325 E6.5958
;WIDTH:0.324176
G1 X68.586 Y82.186 E6.60199
;WIDTH:0.324178
G1 X68.657 Y82.066 E6.60754
;WIDTH:0.314655
G1 X68.666 Y82.051 E6.60819
;WIDTH:0.331027
G1 X68.78 Y81.887 E6.61634
;WIDTH:0.331026
G1 X68.984 Y81.629 E6.62975
;WIDTH:0.317974
G1 X69 Y81.612 E6.63064
;WIDTH:0.31872
G1 X69.003 Y81.608 E6.63083
;WIDTH:0.328267
G1 X69.114 Y81.504 E6.63696
;WIDTH:0.328267
G1 X69.333 Y81.315 E6.64863
;WIDTH:0.321376
G1 X69.375 Y81.282 E6.65074
;WIDTH:0.315579
G1 X69.393 Y81.27 E6.65156
;WIDTH:0.328831
G1 X69.534 Y81.178 E6.65837
;WIDTH:0.328831
G1 X69.667 Y81.1 E6.66459
;WIDTH:0.32883
G1 X69.82 Y81.018 E6.67161
;WIDTH:0.312462
G1 X69.84 Y81.009 E6.67242
;WIDTH:0.327716
G1 X69.989 Y80.947 E6.67893
;WIDTH:0.327717
G1 X70.309 Y80.838 E6.69253
;WIDTH:0.318025
G1 X70.327 Y80.832 E6.69326
;WIDTH:0.318275
G1 X70.332 Y80.832 E6.69343
;WIDTH:0.329136
G1 X70.474 Y80.805 E6.69928
;WIDTH:0.329135
G1 X70.83 Y80.757 E6.71384
;WIDTH:0.322254
G1 X70.854 Y80.755 E6.71479
;WIDTH:0.318923
G1 X70.872 Y80.754 E6.71547
;WIDTH:0.321076
G1 X71.108 Y80.754 E6.72471
;WIDTH:0.321076
G1 X71.168 Y80.757 E6.72705
;WIDTH:0.316859
G1 X71.182 Y80.758 E6.72758
;WIDTH:0.324471
G1 X71.339 Y80.774 E6.73386
;WIDTH:0.32447
G1 X71.518 Y80.802 E6.74103
;WIDTH:0.313406
G1 X71.535 Y80.805 E6.7417
;WIDTH:0.327714
G1 X71.683 Y80.841 E6.74781
;WIDTH:0.327714
G1 X72.002 Y80.939 E6.76126
;WIDTH:0.318587
G1 X72.023 Y80.946 E6.7621
;WIDTH:0.318713
G1 X72.024 Y80.947 E6.76213
;WIDTH:0.328828
G1 X72.169 Y81.015 E6.76864
;WIDTH:0.328832
G1 X72.312 Y81.088 E6.77513
;WIDTH:0.328831
G1 X72.463 Y81.174 E6.78215
;WIDTH:0.312462
G1 X72.481 Y81.186 E6.78296
;WIDTH:0.328829
G1 X72.623 Y81.286 E6.78998
;WIDTH:0.32883
G1 X72.741 Y81.377 E6.79599
;WIDTH:0.328829
G1 X72.873 Y81.49 E6.80301
;WIDTH:0.312461
G1 X72.889 Y81.504 E6.80382
;WIDTH:0.327716
G1 X73.001 Y81.621 E6.81033
;WIDTH:0.327716
G1 X73.218 Y81.875 E6.82377
;WIDTH:0.318591
G1 X73.232 Y81.892 E6.82462
;WIDTH:0.31872
G1 X73.232 Y81.893 E6.82465
;WIDTH:0.32883
G1 X73.319 Y82.029 E6.83116
;WIDTH:0.328835
G1 X73.4 Y82.167 E6.83765
;WIDTH:0.328834
G1 X73.482 Y82.32 E6.84467
;WIDTH:0.312465
G1 X73.491 Y82.34 E6.84547
;WIDTH:0.327718
G1 X73.553 Y82.489 E6.85199
;WIDTH:0.327717
G1 X73.661 Y82.806 E6.86543
;WIDTH:0.317393
G1 X73.664 Y82.816 E6.86585
;WIDTH:0.317394
G1 X73.666 Y82.827 E6.86627
;WIDTH:0.327878
G1 X73.725 Y83.161 E6.87993
;WIDTH:0.32788
G1 X73.743 Y83.317 E6.88624
;WIDTH:0.315576
G1 X73.745 Y83.338 E6.88706
;WIDTH:0.321373
G1 X73.746 Y83.392 E6.88917
;WIDTH:0.328265
G1 X73.74 Y83.681 E6.90084
;WIDTH:0.328264
G1 X73.731 Y83.833 E6.90697
;WIDTH:0.318717
G1 X73.73 Y83.834 E6.907
;WIDTH:0.318593
G1 X73.727 Y83.855 E6.90785
;WIDTH:0.327719
G1 X73.659 Y84.183 E6.92129
;WIDTH:0.327719
G1 X73.617 Y84.339 E6.92781
;WIDTH:0.312464
G1 X73.61 Y84.359 E6.92861
;WIDTH:0.327713
G1 X73.553 Y84.511 E6.93512
;WIDTH:0.327713
G1 X73.415 Y84.815 E6.94857
;WIDTH:0.317387
G1 X73.41 Y84.825 E6.94899
;WIDTH:0.317388
G1 X73.405 Y84.834 E6.94941
;WIDTH:0.328085
G1 X73.215 Y85.124 E6.96335
;WIDTH:0.328085
G1 X73.127 Y85.245 E6.96939
;WIDTH:0.31866
G1 X73.12 Y85.254 E6.96981
;WIDTH:0.31866
G1 X73.113 Y85.262 E6.97024
;WIDTH:0.328085
G1 X73.01 Y85.371 E6.97628
;WIDTH:0.328084
G1 X72.769 Y85.605 E6.98982
;WIDTH:0.318389
G1 X72.755 Y85.617 E6.99052
;WIDTH:0.319082
G1 X72.751 Y85.621 E6.99074
;WIDTH:0.321194
G1 X72.526 Y85.785 E7.00162
;WIDTH:0.321194
G1 X72.479 Y85.817 E7.00386
;WIDTH:0.316813
G1 X72.467 Y85.825 E7.00441
;WIDTH:0.324609
G1 X72.326 Y85.907 E7.01089
;WIDTH:0.324609
G1 X72.168 Y85.988 E7.01795
;WIDTH:0.315213
G1 X72.151 Y85.995 E7.01863
;WIDTH:0.324118
G1 X72.071 Y86.029 E7.0221
;WIDTH:0.328414
G1 X71.842 Y86.114 E7.03192
;WIDTH:0.328413
G1 X71.695 Y86.161 E7.03815
;WIDTH:0.318717
G1 X71.695 Y86.162 E7.03818
;WIDTH:0.318588
G1 X71.673 Y86.166 E7.03903
;WIDTH:0.328089
G1 X71.332 Y86.226 E7.05297
;WIDTH:0.328087
G1 X71.331 Y86.226 E7.05303
G1 E4.05303 F2400
G92 E0
G1 X72.885 Y127.869 F7800
G1 E3 F2400
;TYPE:External perimeter
;WIDTH:0.675
G1 F1800
G1 X72.802 Y127.991 E3.0145
G1 X72.495 Y128.298 E3.05711
G1 X72.253 Y128.474 E3.0864
G1 X71.991 Y128.618 E3.11569
G1 X71.582 Y128.766 E3.1583
G1 X71.147 Y128.834 E3.20144
G1 X70.707 Y128.821 E3.24457
G1 X70.282 Y128.726 E3.28718
G1 X70.004 Y128.616 E3.31647
G1 X69.742 Y128.472 E3.34576
G1 X69.399 Y128.205 E3.38837
G1 X69.108 Y127.875 E3.4315
G1 X68.884 Y127.496 E3.47464
G1 X68.734 Y127.082 E3.51777
G1 X68.666 Y126.647 E3.56091
G1 X68.679 Y126.207 E3.60404
G1 X68.774 Y125.782 E3.64665
G1 X68.884 Y125.505 E3.67584
G1 X69.006 Y125.28 E3.70093
G1 X69.293 Y124.9 E3.74761
G1 X69.625 Y124.608 E3.79095
G1 X70.004 Y124.384 E3.83409
G1 X70.42 Y124.234 E3.87742
G1 X70.892 Y124.165 E3.92411
G1 X71.148 Y124.167 E3.9492
G1 X71.443 Y124.204 E3.97839
G1 X71.861 Y124.325 E4.021
G1 X72.253 Y124.525 E4.06413
G1 X72.601 Y124.795 E4.10726
G1 X72.892 Y125.125 E4.1504
G1 X73.116 Y125.504 E4.19353
G1 X73.266 Y125.918 E4.23667
G1 X73.334 Y126.353 E4.2798
G1 X73.321 Y126.793 E4.32293
G1 X73.225 Y127.223 E4.36607
G1 X73.05 Y127.627 E4.4092
G1 X72.936 Y127.794 E4.42902
G1 X72.955 Y127.999 F7800
G1 X74.001 Y127.476
G1 F1800
G1 X73.94 Y127.664 E4.44842
G1 X73.771 Y128.023 E4.48733
G1 X73.437 Y128.516 E4.54564
G1 X73.014 Y128.937 E4.60408
G1 X72.525 Y129.27 E4.66203
G1 X71.977 Y129.508 E4.72057
G1 X71.391 Y129.638 E4.77941
G1 X70.801 Y129.656 E4.8372
G1 X70.219 Y129.564 E4.89499
G1 X69.657 Y129.363 E4.95343
G1 X69.371 Y129.209 E4.98527
G1 X69.139 Y129.057 E5.01248
G1 X68.695 Y128.664 E5.0705
G1 X68.332 Y128.197 E5.12852
G1 X68.195 Y127.955 E5.15573
G1 X68.058 Y127.66 E5.18757
G1 X67.894 Y127.092 E5.24549
G1 X67.844 Y126.699 E5.28439
G1 X67.844 Y126.301 E5.3233
G1 X67.936 Y125.719 E5.38109
G1 X68.139 Y125.154 E5.43992
G1 X68.442 Y124.642 E5.49824
G1 X68.835 Y124.195 E5.55655
G1 X69.31 Y123.827 E5.61538
G1 X69.836 Y123.56 E5.67317
G1 X70.402 Y123.395 E5.73097
G1 X70.803 Y123.344 E5.77052
G1 X71.122 Y123.342 E5.80184
G1 X71.394 Y123.363 E5.82852
G1 X71.786 Y123.438 E5.86766
G1 X72.346 Y123.639 E5.92597
G1 X72.863 Y123.945 E5.9848
G1 X73.305 Y124.336 E6.04259
G1 X73.561 Y124.646 E6.08202
G1 X73.768 Y124.972 E6.11989
G1 X73.94 Y125.336 E6.15931
G1 X74.063 Y125.714 E6.19822
G1 X74.137 Y126.106 E6.23735
G1 X74.156 Y126.703 E6.29583
G1 X74.138 Y126.891 E6.31438
G1 X74.029 Y127.39 E6.36442
G1 X73.809 Y127.524 F7800
G1 X73.632 Y127.281
;TYPE:Gap fill
;WIDTH:0.327719
G1 F1200
G1 X73.617 Y127.339 E6.36681
;WIDTH:0.312464
G1 X73.61 Y127.359 E6.36762
;WIDTH:0.327715
G1 X73.553 Y127.511 E6.37413
;WIDTH:0.327713
G1 X73.415 Y127.815 E6.38757
;WIDTH:0.317388
G1 X73.41 Y127.825 E6.38799
;WIDTH:0.317386
G1 X73.405 Y127.834 E6.38841
;WIDTH:0.328084
G1 X73.215 Y128.124 E6.40235
;WIDTH:0.328085
G1 X73.127 Y128.245 E6.4084
;WIDTH:0.31866
G1 X73.12 Y128.254 E6.40882
;WIDTH:0.31866
G1 X73.113 Y128.262 E6.40924
;WIDTH:0.328083
G1 X73.01 Y128.371 E6.41529
;WIDTH:0.328084
G1 X72.769 Y128.605 E6.42882
;WIDTH:0.318389
G1 X72.755 Y128.617 E6.42953
;WIDTH:0.319081
G1 X72.751 Y128.621 E6.42974
;WIDTH:0.321194
G1 X72.526 Y128.785 E6.44062
;WIDTH:0.321193
G1 X72.479 Y128.817 E6.44286
;WIDTH:0.316813
G1 X72.467 Y128.824 E6.44342
;WIDTH:0.324468
G1 X72.328 Y128.905 E6.44978
;WIDTH:0.324469
G1 X72.167 Y128.987 E6.45694
;WIDTH:0.313401
G1 X72.151 Y128.995 E6.45762
;WIDTH:0.328832
G1 X72 Y129.057 E6.46424
;WIDTH:0.328834
G1 X71.849 Y129.112 E6.47073
;WIDTH:0.328834
G1 X71.695 Y129.161 E6.47723
;WIDTH:0.318724
G1 X71.695 Y129.162 E6.47727
;WIDTH:0.318591
G1 X71.673 Y129.166 E6.47811
;WIDTH:0.328089
G1 X71.332 Y129.226 E6.49206
;WIDTH:0.328087
G1 X71.184 Y129.245 E6.49806
;WIDTH:0.318723
G1 X71.184 Y129.245 E6.49809
;WIDTH:0.318595
G1 X71.162 Y129.245 E6.49894
;WIDTH:0.327717
G1 X70.828 Y129.24 E6.51238
;WIDTH:0.327717
G1 X70.666 Y129.227 E6.5189
;WIDTH:0.312462
G1 X70.645 Y129.225 E6.5197
;WIDTH:0.328832
G1 X70.474 Y129.195 E6.52672
;WIDTH:0.328833
G1 X70.329 Y129.162 E6.53274
;WIDTH:0.328832
G1 X70.171 Y129.119 E6.53935
;WIDTH:0.313404
G1 X70.154 Y129.114 E6.54003
;WIDTH:0.324887
G1 X69.978 Y129.05 E6.54747
;WIDTH:0.324887
G1 X69.837 Y128.992 E6.55351
;WIDTH:0.320112
G1 X69.836 Y128.992 E6.55357
;WIDTH:0.31993
G1 X69.823 Y128.985 E6.55414
;WIDTH:0.321196
G1 X69.582 Y128.854 E6.56485
;WIDTH:0.321197
G1 X69.525 Y128.819 E6.56748
;WIDTH:0.316081
G1 X69.51 Y128.81 E6.56817
;WIDTH:0.328829
G1 X69.381 Y128.718 E6.57458
;WIDTH:0.32883
G1 X69.259 Y128.623 E6.5808
;WIDTH:0.32883
G1 X69.127 Y128.51 E6.58782
;WIDTH:0.312458
G1 X69.111 Y128.496 E6.58863
;WIDTH:0.327711
G1 X68.999 Y128.379 E6.59514
;WIDTH:0.327713
G1 X68.782 Y128.125 E6.60858
;WIDTH:0.318589
G1 X68.768 Y128.108 E6.60943
;WIDTH:0.318717
G1 X68.768 Y128.107 E6.60946
;WIDTH:0.328411
G1 X68.685 Y127.977 E6.61569
;WIDTH:0.328414
G1 X68.563 Y127.766 E6.62551
;WIDTH:0.324117
G1 X68.518 Y127.68 E6.62937
;WIDTH:0.314194
G1 X68.509 Y127.661 E6.63019
;WIDTH:0.328833
G1 X68.444 Y127.502 E6.63709
;WIDTH:0.328834
G1 X68.392 Y127.36 E6.64322
;WIDTH:0.328832
G1 X68.341 Y127.194 E6.65024
;WIDTH:0.312461
G1 X68.336 Y127.173 E6.65105
;WIDTH:0.327712
G1 X68.303 Y127.014 E6.65756
;WIDTH:0.327714
G1 X68.256 Y126.684 E6.671
;WIDTH:0.317383
G1 X68.255 Y126.673 E6.67142
;WIDTH:0.317385
G1 X68.255 Y126.662 E6.67184
;WIDTH:0.327713
G1 X68.26 Y126.328 E6.68529
;WIDTH:0.327715
G1 X68.273 Y126.166 E6.6918
;WIDTH:0.312459
G1 X68.275 Y126.145 E6.6926
;WIDTH:0.328826
G1 X68.305 Y125.974 E6.69962
;WIDTH:0.328826
G1 X68.338 Y125.829 E6.70564
;WIDTH:0.328824
G1 X68.381 Y125.671 E6.71225
;WIDTH:0.3134
G1 X68.386 Y125.654 E6.71293
;WIDTH:0.324884
G1 X68.45 Y125.478 E6.72037
;WIDTH:0.324886
G1 X68.508 Y125.337 E6.7264
;WIDTH:0.320194
G1 X68.511 Y125.329 E6.72676
;WIDTH:0.320219
G1 X68.514 Y125.325 E6.72695
;WIDTH:0.324177
G1 X68.586 Y125.186 E6.73314
;WIDTH:0.324178
G1 X68.657 Y125.066 E6.73868
;WIDTH:0.314655
G1 X68.666 Y125.051 E6.73934
;WIDTH:0.331026
G1 X68.78 Y124.887 E6.74748
;WIDTH:0.331026
G1 X68.984 Y124.629 E6.76089
;WIDTH:0.317975
G1 X69 Y124.612 E6.76179
;WIDTH:0.318718
G1 X69.003 Y124.608 E6.76197
;WIDTH:0.32883
G1 X69.12 Y124.498 E6.76848
;WIDTH:0.328833
G1 X69.241 Y124.392 E6.77497
;WIDTH:0.328833
G1 X69.376 Y124.283 E6.78199
;WIDTH:0.312464
G1 X69.394 Y124.271 E6.7828
;WIDTH:0.328831
G1 X69.539 Y124.175 E6.78982
;WIDTH:0.328831
G1 X69.667 Y124.1 E6.79583
;WIDTH:0.32883
G1 X69.82 Y124.018 E6.80285
;WIDTH:0.312463
G1 X69.84 Y124.009 E6.80365
;WIDTH:0.327717
G1 X69.989 Y123.947 E6.81017
;WIDTH:0.327715
G1 X70.309 Y123.838 E6.82377
;WIDTH:0.318027
G1 X70.327 Y123.832 E6.82449
;WIDTH:0.318278
G1 X70.332 Y123.832 E6.82467
;WIDTH:0.329134
G1 X70.474 Y123.805 E6.83052
;WIDTH:0.329135
G1 X70.83 Y123.757 E6.84507
;WIDTH:0.322252
G1 X70.854 Y123.755 E6.84603
;WIDTH:0.318921
G1 X70.872 Y123.754 E6.84671
;WIDTH:0.321074
G1 X71.108 Y123.754 E6.85595
;WIDTH:0.321074
G1 X71.168 Y123.757 E6.85829
;WIDTH:0.316856
G1 X71.182 Y123.758 E6.85882
;WIDTH:0.324469
G1 X71.339 Y123.774 E6.8651
;WIDTH:0.324468
G1 X71.518 Y123.802 E6.87227
;WIDTH:0.313404
G1 X71.535 Y123.805 E6.87294
;WIDTH:0.327714
G1 X71.683 Y123.841 E6.87905
;WIDTH:0.327712
G1 X72.002 Y123.939 E6.89249
;WIDTH:0.318587
G1 X72.023 Y123.946 E6.89334
;WIDTH:0.318713
G1 X72.024 Y123.947 E6.89337
;WIDTH:0.328827
G1 X72.169 Y124.015 E6.89988
;WIDTH:0.328833
G1 X72.312 Y124.088 E6.90637
;WIDTH:0.328832
G1 X72.463 Y124.174 E6.91339
;WIDTH:0.312462
G1 X72.481 Y124.186 E6.91419
;WIDTH:0.328829
G1 X72.623 Y124.286 E6.92122
;WIDTH:0.328831
G1 X72.741 Y124.377 E6.92723
;WIDTH:0.32883
G1 X72.873 Y124.49 E6.93425
;WIDTH:0.312462
G1 X72.889 Y124.504 E6.93505
;WIDTH:0.327716
G1 X73.001 Y124.621 E6.94157
;WIDTH:0.327716
G1 X73.218 Y124.875 E6.95501
;WIDTH:0.318591
G1 X73.232 Y124.892 E6.95586
;WIDTH:0.318719
G1 X73.232 Y124.893 E6.95589
;WIDTH:0.32883
G1 X73.319 Y125.029 E6.96239
;WIDTH:0.328835
G1 X73.4 Y125.167 E6.96889
;WIDTH:0.328834
G1 X73.482 Y125.32 E6.97591
;WIDTH:0.312465
G1 X73.491 Y125.34 E6.97671
;WIDTH:0.327718
G1 X73.553 Y125.489 E6.98322
;WIDTH:0.327717
G1 X73.661 Y125.806 E6.99667
;WIDTH:0.317394
G1 X73.664 Y125.816 E6.99709
;WIDTH:0.317394
G1 X73.666 Y125.827 E6.99751
;WIDTH:0.327879
G1 X73.725 Y126.161 E7.01117
;WIDTH:0.32788
G1 X73.743 Y126.317 E7.01748
;WIDTH:0.315576
G1 X73.745 Y126.338 E7.0183
;WIDTH:0.321373
G1 X73.746 Y126.392 E7.0204
;WIDTH:0.328265
G1 X73.74 Y126.681 E7.03208
;WIDTH:0.328264
G1 X73.731 Y126.833 E7.03821
;WIDTH:0.318718
G1 X73.73 Y126.834 E7.03824
;WIDTH:0.318593
G1 X73.727 Y126.855 E7.03908
;WIDTH:0.327719
G1 X73.659 Y127.183 E7.05253
;WIDTH:0.327719
G1 X73.656 Y127.195 E7.05303
M106 S155.55
;LAYER_CHANGE
;Z:4.65
;HEIGHT:0.4
G1 Z4.65 F7800
G1 X72.885 Y127.869
;TYPE:External perimeter
;WIDTH:0.675
G1 F1800
G1 X72.802 Y127.991 E7.06752
G1 X72.495 Y128.298 E7.11014
G1 X72.253 Y128.474 E7.13943
G1 X71.991 Y128.618 E7.16872
G1 X71.582 Y128.766 E7.21133
G1 X71.147 Y128.834 E7.25446
G1 X70.707 Y128.821 E7.29759
G1 X70.276 Y128.724 E7.34089
G1 X69.848 Y128.534 E7.38674
G1 X69.625 Y128.391 E7.41269
G1 X69.395 Y128.201 E7.4419
G1 X69.108 Y127.875 E7.48451
G1 X68.884 Y127.496 E7.52765
G1 X68.734 Y127.082 E7.57078
G1 X68.666 Y126.647 E7.61391
G1 X68.679 Y126.207 E7.65704
G1 X68.774 Y125.782 E7.69966
G1 X68.884 Y125.504 E7.72895
G1 X69.028 Y125.242 E7.75824
G1 X69.295 Y124.899 E7.80085
G1 X69.625 Y124.608 E7.84398
G1 X70.004 Y124.384 E7.88712
G1 X70.42 Y124.234 E7.93042
G1 X70.883 Y124.165 E7.97626
G1 X71.148 Y124.167 E8.00221
G1 X71.443 Y124.204 E8.03142
G1 X71.861 Y124.325 E8.07403
G1 X72.253 Y124.525 E8.11717
G1 X72.601 Y124.795 E8.1603
G1 X72.892 Y125.125 E8.20343
G1 X73.116 Y125.504 E8.24657
G1 X73.266 Y125.918 E8.2897
G1 X73.334 Y126.353 E8.33283
G1 X73.321 Y126.793 E8.37597
G1 X73.225 Y127.223 E8.4191
G1 X73.05 Y127.627 E8.46223
G1 X72.936 Y127.794 E8.48205
G1 X72.955 Y127.999 F7800
G1 X74.001 Y127.476
G1 F1800
G1 X73.94 Y127.664 E8.50146
G1 X73.771 Y128.023 E8.54036
G1 X73.437 Y128.516 E8.59867
G1 X73.015 Y128.937 E8.65708
G1 X72.526 Y129.27 E8.71502
G1 X71.977 Y129.508 E8.77361
G1 X71.391 Y129.638 E8.83244
G1 X70.801 Y129.656 E8.89024
G1 X70.219 Y129.564 E8.94803
G1 X69.654 Y129.361 E9.00686
G1 X69.137 Y129.055 E9.0657
G1 X68.695 Y128.664 E9.12349
G1 X68.33 Y128.194 E9.1818
G1 X68.058 Y127.659 E9.24063
G1 X67.894 Y127.092 E9.29842
G1 X67.844 Y126.699 E9.33733
G1 X67.844 Y126.301 E9.37623
G1 X67.936 Y125.719 E9.43402
G1 X68.138 Y125.156 E9.49261
G1 X68.259 Y124.926 E9.51813
G1 X68.441 Y124.642 E9.55113
G1 X68.831 Y124.199 E9.60901
G1 X69.306 Y123.83 E9.66785
G1 X69.836 Y123.56 E9.72616
G1 X70.402 Y123.395 E9.78395
G1 X70.802 Y123.344 E9.82347
G1 X71.139 Y123.342 E9.85647
G1 X71.394 Y123.363 E9.88146
G1 X71.786 Y123.438 E9.92064
G1 X72.346 Y123.639 E9.97896
G1 X72.863 Y123.945 E10.03779
G1 X73.305 Y124.336 E10.09558
G1 X73.561 Y124.646 E10.135
G1 X73.768 Y124.972 E10.17288
G1 X73.94 Y125.336 E10.2123
G1 X74.063 Y125.714 E10.2512
G1 X74.138 Y126.109 E10.29063
G1 X74.156 Y126.704 E10.34894
G1 X74.138 Y126.891 E10.36737
G1 X74.029 Y127.39 E10.4174
G1 X73.809 Y127.524 F7800
G1 X73.632 Y127.281
;TYPE:Gap fill
;WIDTH:0.327719
G1 F1200
G1 X73.617 Y127.339 E10.4198
;WIDTH:0.312463
G1 X73.61 Y127.359 E10.4206
;WIDTH:0.327714
G1 X73.553 Y127.511 E10.42712
;WIDTH:0.327715
G1 X73.415 Y127.815 E10.44056
;WIDTH:0.317388
G1 X73.41 Y127.825 E10.44098
;WIDTH:0.317387
G1 X73.405 Y127.834 E10.4414
;WIDTH:0.328083
G1 X73.215 Y128.124 E10.45534
;WIDTH:0.328082
G1 X73.127 Y128.245 E10.46138
;WIDTH:0.318662
G1 X73.12 Y128.254 E10.46181
;WIDTH:0.318661
G1 X73.113 Y128.262 E10.46223
;WIDTH:0.328086
G1 X73.01 Y128.371 E10.46827
;WIDTH:0.328084
G1 X72.769 Y128.605 E10.48181
;WIDTH:0.318389
G1 X72.755 Y128.617 E10.48252
;WIDTH:0.318991
G1 X72.751 Y128.62 E10.48271
;WIDTH:0.320688
G1 X72.513 Y128.794 E10.49421
;WIDTH:0.320689
G1 X72.479 Y128.817 E10.49582
;WIDTH:0.317409
G1 X72.467 Y128.825 E10.49638
;WIDTH:0.324534
G1 X72.329 Y128.905 E10.5027
;WIDTH:0.324534
G1 X72.167 Y128.987 E10.50991
;WIDTH:0.313401
G1 X72.151 Y128.995 E10.51059
;WIDTH:0.328833
G1 X72 Y129.057 E10.51721
;WIDTH:0.328833
G1 X71.849 Y129.112 E10.5237
;WIDTH:0.328831
G1 X71.695 Y129.161 E10.5302
;WIDTH:0.318719
G1 X71.695 Y129.162 E10.53023
;WIDTH:0.318592
G1 X71.673 Y129.166 E10.53108
;WIDTH:0.328089
G1 X71.332 Y129.226 E10.54502
;WIDTH:0.328087
G1 X71.184 Y129.245 E10.55103
;WIDTH:0.318723
G1 X71.184 Y129.245 E10.55106
;WIDTH:0.318595
G1 X71.162 Y129.245 E10.55191
;WIDTH:0.327717
G1 X70.828 Y129.24 E10.56535
;WIDTH:0.327717
G1 X70.666 Y129.227 E10.57186
;WIDTH:0.312462
G1 X70.645 Y129.225 E10.57267
;WIDTH:0.32883
G1 X70.474 Y129.195 E10.57969
;WIDTH:0.328832
G1 X70.329 Y129.162 E10.5857
;WIDTH:0.328832
G1 X70.158 Y129.116 E10.59285
;WIDTH:0.312275
G1 X70.137 Y129.109 E10.5937
;WIDTH:0.329926
G1 X69.978 Y129.048 E10.60058
;WIDTH:0.331522
G1 X69.831 Y128.983 E10.60714
;WIDTH:0.331524
G1 X69.686 Y128.914 E10.61371
;WIDTH:0.323022
G1 X69.661 Y128.901 E10.61486
;WIDTH:0.31874
G1 X69.645 Y128.892 E10.61554
;WIDTH:0.31891
G1 X69.388 Y128.728 E10.62736
;WIDTH:0.31983
G1 X69.376 Y128.72 E10.62791
;WIDTH:0.320205
G1 X69.374 Y128.718 E10.62803
;WIDTH:0.324887
G1 X69.258 Y128.625 E10.63396
;WIDTH:0.324888
G1 X69.117 Y128.501 E10.6414
;WIDTH:0.3134
G1 X69.104 Y128.489 E10.64208
;WIDTH:0.32771
G1 X68.999 Y128.379 E10.64818
;WIDTH:0.32771
G1 X68.782 Y128.125 E10.66163
;WIDTH:0.318589
G1 X68.768 Y128.108 E10.66248
;WIDTH:0.318717
G1 X68.768 Y128.107 E10.66251
;WIDTH:0.328828
G1 X68.681 Y127.971 E10.66901
;WIDTH:0.32883
G1 X68.6 Y127.833 E10.6755
;WIDTH:0.32883
G1 X68.518 Y127.68 E10.68253
;WIDTH:0.312459
G1 X68.509 Y127.66 E10.68333
;WIDTH:0.328829
G1 X68.443 Y127.5 E10.69035
;WIDTH:0.328831
G1 X68.392 Y127.36 E10.69636
;WIDTH:0.32883
G1 X68.341 Y127.194 E10.70338
;WIDTH:0.312461
G1 X68.336 Y127.173 E10.70419
;WIDTH:0.327714
G1 X68.303 Y127.014 E10.7107
;WIDTH:0.327714
G1 X68.256 Y126.684 E10.72414
;WIDTH:0.317385
G1 X68.255 Y126.673 E10.72457
;WIDTH:0.317387
G1 X68.255 Y126.662 E10.72498
;WIDTH:0.327714
G1 X68.26 Y126.328 E10.73843
;WIDTH:0.327713
G1 X68.273 Y126.166 E10.74494
;WIDTH:0.312458
G1 X68.275 Y126.145 E10.74574
;WIDTH:0.328826
G1 X68.305 Y125.974 E10.75277
;WIDTH:0.328827
G1 X68.338 Y125.829 E10.75878
;WIDTH:0.328822
G1 X68.381 Y125.671 E10.7654
;WIDTH:0.313398
G1 X68.386 Y125.654 E10.76607
;WIDTH:0.324884
G1 X68.45 Y125.478 E10.77351
;WIDTH:0.324884
G1 X68.508 Y125.336 E10.77962
;WIDTH:0.320057
G1 X68.509 Y125.334 E10.77969
;WIDTH:0.320016
G1 X68.515 Y125.322 E10.78019
;WIDTH:0.323063
G1 X68.616 Y125.134 E10.78863
;WIDTH:0.32306
G1 X68.681 Y125.025 E10.79363
;WIDTH:0.314544
G1 X68.691 Y125.01 E10.79432
;WIDTH:0.327784
G1 X68.777 Y124.888 E10.80034
;WIDTH:0.327785
G1 X68.988 Y124.625 E10.81388
;WIDTH:0.318588
G1 X69.002 Y124.609 E10.81472
;WIDTH:0.318713
G1 X69.003 Y124.608 E10.81475
;WIDTH:0.328085
G1 X69.112 Y124.506 E10.82076
;WIDTH:0.328084
G1 X69.375 Y124.282 E10.8347
;WIDTH:0.318594
G1 X69.392 Y124.268 E10.83555
;WIDTH:0.318722
G1 X69.393 Y124.268 E10.83558
;WIDTH:0.328831
G1 X69.529 Y124.181 E10.84209
;WIDTH:0.328832
G1 X69.667 Y124.1 E10.84858
;WIDTH:0.328832
G1 X69.82 Y124.018 E10.8556
;WIDTH:0.312463
G1 X69.84 Y124.009 E10.8564
;WIDTH:0.327717
G1 X69.989 Y123.947 E10.86292
;WIDTH:0.327715
G1 X70.309 Y123.838 E10.87649
;WIDTH:0.318146
G1 X70.327 Y123.832 E10.87724
;WIDTH:0.318347
G1 X70.331 Y123.832 E10.87738
;WIDTH:0.328943
G1 X70.474 Y123.805 E10.88326
;WIDTH:0.328945
G1 X70.83 Y123.756 E10.89778
;WIDTH:0.32124
G1 X70.845 Y123.755 E10.89837
;WIDTH:0.319104
G1 X70.862 Y123.755 E10.89906
;WIDTH:0.320677
G1 X71.124 Y123.754 E10.90928
G1 X71.167 Y123.756 E10.91097
;WIDTH:0.317436
G1 X71.181 Y123.757 E10.91151
;WIDTH:0.324533
G1 X71.338 Y123.773 E10.91777
;WIDTH:0.324534
G1 X71.518 Y123.802 E10.92498
;WIDTH:0.313404
G1 X71.535 Y123.805 E10.92566
;WIDTH:0.327712
G1 X71.683 Y123.841 E10.93177
;WIDTH:0.327714
G1 X72.002 Y123.939 E10.94521
;WIDTH:0.318591
G1 X72.023 Y123.946 E10.94606
;WIDTH:0.318718
G1 X72.024 Y123.947 E10.94609
;WIDTH:0.32883
G1 X72.169 Y124.015 E10.95259
;WIDTH:0.328832
G1 X72.312 Y124.088 E10.95908
;WIDTH:0.328832
G1 X72.463 Y124.174 E10.96611
;WIDTH:0.312461
G1 X72.481 Y124.186 E10.96691
;WIDTH:0.328829
G1 X72.623 Y124.286 E10.97393
;WIDTH:0.328831
G1 X72.741 Y124.377 E10.97994
;WIDTH:0.328831
G1 X72.873 Y124.49 E10.98697
;WIDTH:0.312462
G1 X72.889 Y124.504 E10.98777
;WIDTH:0.327717
G1 X73.001 Y124.621 E10.99428
;WIDTH:0.327716
G1 X73.218 Y124.875 E11.00773
;WIDTH:0.318593
G1 X73.232 Y124.892 E11.00857
;WIDTH:0.318718
G1 X73.232 Y124.893 E11.0086
;WIDTH:0.328829
G1 X73.319 Y125.029 E11.01511
;WIDTH:0.328834
G1 X73.4 Y125.167 E11.0216
;WIDTH:0.328833
G1 X73.482 Y125.32 E11.02862
;WIDTH:0.312465
G1 X73.491 Y125.34 E11.02943
;WIDTH:0.327719
G1 X73.553 Y125.489 E11.03594
;WIDTH:0.327718
G1 X73.661 Y125.806 E11.04938
;WIDTH:0.317393
G1 X73.664 Y125.816 E11.0498
;WIDTH:0.317394
G1 X73.666 Y125.827 E11.05022
;WIDTH:0.328088
G1 X73.726 Y126.168 E11.06417
;WIDTH:0.328089
G1 X73.745 Y126.316 E11.07017
;WIDTH:0.318717
G1 X73.745 Y126.316 E11.07021
;WIDTH:0.318589
G1 X73.745 Y126.338 E11.07105
;WIDTH:0.328086
G1 X73.74 Y126.684 E11.085
;WIDTH:0.328085
G1 X73.731 Y126.833 E11.091
;WIDTH:0.31872
G1 X73.73 Y126.834 E11.09103
;WIDTH:0.318593
G1 X73.727 Y126.855 E11.09188
;WIDTH:0.327717
G1 X73.659 Y127.183 E11.10532
;WIDTH:0.327719
G1 X73.656 Y127.195 E11.10582
G1 E8.10582 F2400
G92 E0
G1 X71.292 Y85.811 F7800
G1 E3 F2400
;TYPE:External perimeter
;WIDTH:0.675
G1 F1800
G1 X71.147 Y85.834 E3.01437
G1 X70.707 Y85.821 E3.0575
G1 X70.276 Y85.724 E3.1008
G1 X69.848 Y85.534 E3.14665
G1 X69.625 Y85.391 E3.1726
G1 X69.395 Y85.201 E3.20181
G1 X69.108 Y84.875 E3.24442
G1 X68.884 Y84.496 E3.28756
G1 X68.734 Y84.082 E3.33069
G1 X68.666 Y83.647 E3.37382
G1 X68.679 Y83.207 E3.41696
G1 X68.774 Y82.782 E3.45957
G1 X68.884 Y82.504 E3.48886
G1 X69.028 Y82.242 E3.51815
G1 X69.295 Y81.899 E3.56076
G1 X69.625 Y81.608 E3.60389
G1 X70.004 Y81.384 E3.64703
G1 X70.42 Y81.234 E3.69033
G1 X70.883 Y81.165 E3.73617
G1 X71.148 Y81.167 E3.76212
G1 X71.443 Y81.204 E3.79133
G1 X71.861 Y81.325 E3.83394
G1 X72.253 Y81.525 E3.87708
G1 X72.601 Y81.795 E3.92021
G1 X72.892 Y82.125 E3.96334
G1 X73.116 Y82.504 E4.00648
G1 X73.266 Y82.918 E4.04961
G1 X73.334 Y83.353 E4.09274
G1 X73.321 Y83.793 E4.13588
G1 X73.225 Y84.223 E4.17901
G1 X73.05 Y84.627 E4.22215
G1 X72.802 Y84.991 E4.26528
G1 X72.495 Y85.298 E4.30789
G1 X72.253 Y85.474 E4.33718
G1 X71.991 Y85.618 E4.36647
G1 X71.582 Y85.766 E4.40908
G1 X71.381 Y85.797 E4.42903
G1 X71.244 Y85.95 F7800
G1 X71.203 Y86.65
G1 F1800
G1 X70.799 Y86.656 E4.46867
G1 X70.609 Y86.638 E4.48737
G1 X70.213 Y86.562 E4.52689
G1 X69.892 Y86.46 E4.55988
G1 X69.481 Y86.274 E4.60406
G1 X68.988 Y85.94 E4.66238
G1 X68.695 Y85.664 E4.7018
G1 X68.439 Y85.354 E4.74123
G1 X68.232 Y85.028 E4.7791
G1 X67.994 Y84.482 E4.83741
G1 X67.894 Y84.092 E4.87684
G1 X67.844 Y83.699 E4.91574
G1 X67.844 Y83.301 E4.95464
G1 X67.895 Y82.902 E4.99407
G1 X68.062 Y82.331 E5.05238
G1 X68.259 Y81.926 E5.09656
G1 X68.441 Y81.642 E5.12956
G1 X68.699 Y81.331 E5.16908
G1 X69.146 Y80.939 E5.22739
G1 X69.306 Y80.83 E5.24634
G1 X69.836 Y80.56 E5.30465
G1 X70.402 Y80.395 E5.36244
G1 X70.802 Y80.344 E5.40196
G1 X71.394 Y80.363 E5.4599
G1 X71.786 Y80.438 E5.49908
G1 X72.346 Y80.639 E5.5574
G1 X72.519 Y80.726 E5.57634
G1 X73.012 Y81.06 E5.63465
G1 X73.305 Y81.336 E5.67408
G1 X73.561 Y81.646 E5.7135
G1 X73.768 Y81.972 E5.75137
G1 X73.94 Y82.336 E5.7908
G1 X74.063 Y82.714 E5.8297
G1 X74.156 Y83.296 E5.88749
G1 X74.156 Y83.704 E5.92744
G1 X74.063 Y84.286 E5.98523
G1 X73.94 Y84.664 E6.02413
G1 X73.771 Y85.023 E6.06304
G1 X73.437 Y85.516 E6.12135
G1 X73.015 Y85.937 E6.17976
G1 X72.525 Y86.27 E6.2378
G1 X72.219 Y86.416 E6.27107
G1 X71.975 Y86.508 E6.29658
G1 X71.792 Y86.562 E6.31528
G1 X71.293 Y86.644 E6.36477
G1 X70.977 Y86.315 F7800
G1 X71.247 Y86.235
;TYPE:Gap fill
;WIDTH:0.327783
G1 F1200
G1 X71.183 Y86.242 E6.36735
;WIDTH:0.313781
G1 X71.162 Y86.244 E6.36816
;WIDTH:0.325113
G1 X71.049 Y86.246 E6.37267
;WIDTH:0.32848
G1 X70.822 Y86.24 E6.38181
;WIDTH:0.32848
G1 X70.667 Y86.231 E6.38808
;WIDTH:0.318716
G1 X70.666 Y86.23 E6.38811
;WIDTH:0.318589
G1 X70.645 Y86.227 E6.38896
;WIDTH:0.327783
G1 X70.315 Y86.159 E6.4025
;WIDTH:0.327785
G1 X70.158 Y86.116 E6.40905
;WIDTH:0.313619
G1 X70.136 Y86.109 E6.4099
;WIDTH:0.325606
G1 X70.034 Y86.071 E6.41425
;WIDTH:0.331228
G1 X69.826 Y85.981 E6.4235
;WIDTH:0.331227
G1 X69.686 Y85.914 E6.42983
;WIDTH:0.323022
G1 X69.661 Y85.901 E6.43098
;WIDTH:0.31874
G1 X69.645 Y85.892 E6.43166
;WIDTH:0.31891
G1 X69.388 Y85.728 E6.44349
;WIDTH:0.319831
G1 X69.376 Y85.72 E6.44404
;WIDTH:0.320207
G1 X69.374 Y85.718 E6.44415
;WIDTH:0.324888
G1 X69.258 Y85.625 E6.45008
;WIDTH:0.324889
G1 X69.117 Y85.501 E6.45752
;WIDTH:0.313404
G1 X69.104 Y85.489 E6.4582
;WIDTH:0.327714
G1 X68.999 Y85.379 E6.46431
;WIDTH:0.327714
G1 X68.782 Y85.125 E6.47775
;WIDTH:0.31859
G1 X68.768 Y85.108 E6.4786
;WIDTH:0.318715
G1 X68.768 Y85.107 E6.47863
;WIDTH:0.328828
G1 X68.681 Y84.971 E6.48514
;WIDTH:0.328828
G1 X68.6 Y84.833 E6.49163
;WIDTH:0.328828
G1 X68.518 Y84.68 E6.49865
;WIDTH:0.31246
G1 X68.509 Y84.66 E6.49945
;WIDTH:0.328831
G1 X68.443 Y84.5 E6.50647
;WIDTH:0.328831
G1 X68.392 Y84.36 E6.51249
;WIDTH:0.328832
G1 X68.341 Y84.194 E6.51951
;WIDTH:0.312463
G1 X68.336 Y84.173 E6.52031
;WIDTH:0.327714
G1 X68.303 Y84.014 E6.52683
;WIDTH:0.327716
G1 X68.256 Y83.684 E6.54027
;WIDTH:0.317385
G1 X68.255 Y83.673 E6.54069
;WIDTH:0.317385
G1 X68.255 Y83.662 E6.54111
;WIDTH:0.327714
G1 X68.26 Y83.328 E6.55455
;WIDTH:0.327715
G1 X68.273 Y83.166 E6.56107
;WIDTH:0.312459
G1 X68.275 Y83.145 E6.56187
;WIDTH:0.328826
G1 X68.305 Y82.974 E6.56889
;WIDTH:0.328825
G1 X68.338 Y82.829 E6.5749
;WIDTH:0.328822
G1 X68.381 Y82.671 E6.58152
;WIDTH:0.313398
G1 X68.386 Y82.654 E6.5822
;WIDTH:0.324883
G1 X68.45 Y82.478 E6.58964
;WIDTH:0.324884
G1 X68.508 Y82.336 E6.59574
;WIDTH:0.320058
G1 X68.509 Y82.334 E6.59581
;WIDTH:0.320016
G1 X68.515 Y82.322 E6.59632
;WIDTH:0.323063
G1 X68.616 Y82.134 E6.60476
;WIDTH:0.323063
G1 X68.681 Y82.025 E6.60976
;WIDTH:0.314545
G1 X68.691 Y82.01 E6.61044
;WIDTH:0.327786
G1 X68.777 Y81.888 E6.61646
;WIDTH:0.327785
G1 X68.988 Y81.625 E6.63
;WIDTH:0.318588
G1 X69.002 Y81.609 E6.63085
;WIDTH:0.318717
G1 X69.003 Y81.608 E6.63088
;WIDTH:0.328085
G1 X69.112 Y81.506 E6.63689
;WIDTH:0.328084
G1 X69.375 Y81.282 E6.65083
;WIDTH:0.318595
G1 X69.392 Y81.268 E6.65167
;WIDTH:0.318722
G1 X69.393 Y81.268 E6.65171
;WIDTH:0.32883
G1 X69.529 Y81.181 E6.65821
;WIDTH:0.328833
G1 X69.667 Y81.1 E6.6647
;WIDTH:0.328832
G1 X69.82 Y81.018 E6.67172
;WIDTH:0.312465
G1 X69.84 Y81.009 E6.67253
;WIDTH:0.327717
G1 X69.989 Y80.947 E6.67904
;WIDTH:0.327717
G1 X70.309 Y80.838 E6.69261
;WIDTH:0.318144
G1 X70.327 Y80.832 E6.69337
;WIDTH:0.318347
G1 X70.331 Y80.832 E6.6935
;WIDTH:0.328945
G1 X70.474 Y80.805 E6.69939
;WIDTH:0.328947
G1 X70.83 Y80.756 E6.7139
;WIDTH:0.321242
G1 X70.845 Y80.755 E6.7145
;WIDTH:0.319106
G1 X70.862 Y80.755 E6.71518
;WIDTH:0.320679
G1 X71.124 Y80.754 E6.7254
;WIDTH:0.320679
G1 X71.167 Y80.756 E6.7271
;WIDTH:0.317439
G1 X71.181 Y80.757 E6.72764
;WIDTH:0.324535
G1 X71.338 Y80.773 E6.73389
;WIDTH:0.324534
G1 X71.518 Y80.802 E6.74111
;WIDTH:0.313406
G1 X71.535 Y80.805 E6.74178
;WIDTH:0.327715
G1 X71.683 Y80.841 E6.74789
;WIDTH:0.327716
G1 X72.002 Y80.939 E6.76134
;WIDTH:0.318591
G1 X72.023 Y80.946 E6.76218
;WIDTH:0.318718
G1 X72.024 Y80.947 E6.76221
;WIDTH:0.32883
G1 X72.169 Y81.015 E6.76872
;WIDTH:0.328831
G1 X72.312 Y81.088 E6.77521
;WIDTH:0.328831
G1 X72.463 Y81.174 E6.78223
;WIDTH:0.312461
G1 X72.481 Y81.186 E6.78304
;WIDTH:0.328831
G1 X72.623 Y81.286 E6.79006
;WIDTH:0.328831
G1 X72.741 Y81.377 E6.79607
;WIDTH:0.328831
G1 X72.873 Y81.49 E6.80309
;WIDTH:0.312462
G1 X72.889 Y81.504 E6.80389
;WIDTH:0.327716
G1 X73.001 Y81.621 E6.81041
;WIDTH:0.327716
G1 X73.218 Y81.875 E6.82385
;WIDTH:0.318593
G1 X73.232 Y81.892 E6.8247
;WIDTH:0.318716
G1 X73.232 Y81.893 E6.82473
;WIDTH:0.32883
G1 X73.319 Y82.029 E6.83124
;WIDTH:0.328834
G1 X73.4 Y82.167 E6.83773
;WIDTH:0.328834
G1 X73.482 Y82.32 E6.84475
;WIDTH:0.312464
G1 X73.491 Y82.34 E6.84555
;WIDTH:0.327716
G1 X73.553 Y82.489 E6.85206
;WIDTH:0.327718
G1 X73.661 Y82.806 E6.86551
;WIDTH:0.317393
G1 X73.664 Y82.816 E6.86593
;WIDTH:0.317394
G1 X73.666 Y82.827 E6.86635
;WIDTH:0.328088
G1 X73.726 Y83.168 E6.88029
;WIDTH:0.328089
G1 X73.745 Y83.316 E6.8863
;WIDTH:0.318717
G1 X73.745 Y83.316 E6.88633
;WIDTH:0.318589
G1 X73.745 Y83.338 E6.88718
;WIDTH:0.328086
G1 X73.74 Y83.684 E6.90112
;WIDTH:0.328085
G1 X73.731 Y83.833 E6.90713
;WIDTH:0.318718
G1 X73.73 Y83.834 E6.90716
;WIDTH:0.318592
G1 X73.727 Y83.855 E6.908
;WIDTH:0.327719
G1 X73.659 Y84.183 E6.92145
;WIDTH:0.327719
G1 X73.617 Y84.339 E6.92796
;WIDTH:0.312464
G1 X73.61 Y84.359 E6.92877
;WIDTH:0.327713
G1 X73.553 Y84.511 E6.93528
;WIDTH:0.327714
G1 X73.415 Y84.815 E6.94872
;WIDTH:0.317387
G1 X73.41 Y84.825 E6.94914
;WIDTH:0.317386
G1 X73.405 Y84.834 E6.94956
;WIDTH:0.328084
G1 X73.215 Y85.124 E6.96351
;WIDTH:0.328085
G1 X73.127 Y85.245 E6.96955
;WIDTH:0.318661
G1 X73.12 Y85.254 E6.96997
;WIDTH:0.31866
G1 X73.113 Y85.262 E6.9704
;WIDTH:0.328084
G1 X73.01 Y85.371 E6.97644
;WIDTH:0.328085
G1 X72.769 Y85.605 E6.98998
;WIDTH:0.318389
G1 X72.755 Y85.617 E6.99068
;WIDTH:0.318994
G1 X72.751 Y85.62 E6.99087
;WIDTH:0.320688
G1 X72.513 Y85.794 E7.00237
;WIDTH:0.320689
G1 X72.479 Y85.817 E7.00399
;WIDTH:0.317409
G1 X72.467 Y85.825 E7.00455
;WIDTH:0.324634
G1 X72.327 Y85.906 E7.01095
;WIDTH:0.324634
G1 X72.168 Y85.988 E7.01808
;WIDTH:0.314777
G1 X72.151 Y85.995 E7.01876
;WIDTH:0.325107
G1 X72.056 Y86.035 E7.02287
;WIDTH:0.328478
G1 X71.843 Y86.113 E7.03202
;WIDTH:0.328478
G1 X71.695 Y86.161 E7.03829
;WIDTH:0.318719
G1 X71.695 Y86.162 E7.03832
;WIDTH:0.318588
G1 X71.673 Y86.166 E7.03917
;WIDTH:0.327784
G1 X71.342 Y86.224 E7.0527
;WIDTH:0.327783
G1 X71.336 Y86.225 E7.05293
G1 E4.05293 F2400
G92 E0
G1 X65.427 Y78.073 F7800
G1 E3 F2400
;TYPE:Perimeter
;WIDTH:0.675
G1 F1800
G1 X65.427 Y76.927 E3.11235
G1 X77.573 Y76.927 E4.30245
G1 X77.573 Y78.073 E4.4148
G1 X65.517 Y78.073 E5.59609
G1 X65.517 Y131.927 F7800
G1 F4800
G1 X143.427 Y131.927 E13.22952
G1 X143.427 Y78.073 E18.50594
G1 X135.427 Y78.073 E19.28976
G1 X135.427 Y76.927 E19.40211
G1 X144.573 Y76.927 E20.29828
G1 X144.573 Y133.073 E25.79939
G1 X65.427 Y133.073 E33.554
G1 X65.427 Y131.927 E33.66634
G1 X66.162 Y78.662 F7800
;TYPE:External perimeter
G1 F2400
G1 X66.162 Y131.338 E38.82731
G1 X142.838 Y131.338 E46.33975
G1 X142.838 Y78.662 E51.50072
G1 X134.838 Y78.662 E52.28454
G1 X134.838 Y76.337 E52.51233
G1 X145.163 Y76.337 E53.52395
G1 X145.163 Y133.663 E59.14052
G1 X64.837 Y133.663 E67.01057
G1 X64.837 Y76.337 E72.62713
G1 X78.162 Y76.337 E73.93268
G1 X78.162 Y78.662 E74.16048
G1 X66.252 Y78.662 E75.3274
G1 X65.564 Y78.701 F7800
G1 X65.5 Y78.368
;TYPE:Gap fill
;WIDTH:0.821683
G1 F1200
G1 X65.5 Y131.632 E81.84538
G1 X65.721 Y132.5 F7800
;WIDTH:0.643365
G1 F1200
G1 X143.721 Y132.5 E89.07728
;WIDTH:0.691191
G1 X143.837 Y132.476 E89.08915
;WIDTH:0.691193
G1 X143.952 Y132.452 E89.10102
G1 X144 Y132.221 E89.12476
;WIDTH:0.643365
G1 X144 Y77.779 E94.17249
;WIDTH:0.691191
G1 X143.976 Y77.663 E94.18436
;WIDTH:0.691193
G1 X143.952 Y77.548 E94.19623
G1 X143.721 Y77.5 E94.21997
;WIDTH:0.643363
G1 X135.721 Y77.5 E94.9617
G1 E91.9617 F2400
G92 E0
G1 X77.279 Y77.5 F7800
G1 E3 F2400
;WIDTH:0.643365
G1 F1200
G1 X65.721 Y77.5 E4.07157
G1 E1.07157 F2400
G92 E0
G1 X97.427 Y78.073 F7800
G1 E3 F2400
;TYPE:Perimeter
;WIDTH:0.675
G1 F1800
G1 X97.427 Y76.927 E3.11235
G1 X99.573 Y76.927 E3.32268
G1 X99.573 Y78.073 E3.43502
G1 X97.517 Y78.073 E3.63653
G1 X96.837 Y78.662 F7800
;TYPE:External perimeter
G1 F1800
G1 X96.837 Y76.337 E3.86433
G1 X100.162 Y76.337 E4.19011
G1 X100.162 Y78.662 E4.4179
G1 X96.927 Y78.662 E4.73486
G1 X97.026 Y78.093 F7800
G1 X97.721 Y77.5
;TYPE:Gap fill
;WIDTH:0.643365
G1 F1200
G1 X99.279 Y77.5 E4.87927
G1 E1.87927 F2400
G92 E0
G1 X136.026 Y84.753 F7800
G1 E3 F2400
;TYPE:External perimeter
;WIDTH:0.675
G1 F1800
G1 X135.898 Y84.522 E3.02595
G1 X135.735 Y84.083 E3.07179
G1 X135.666 Y83.647 E3.11509
G1 X135.679 Y83.212 E3.1577
G1 X135.735 Y82.919 E3.18692
G1 X135.816 Y82.667 E3.21286
G1 X136.024 Y82.248 E3.25871
G1 X136.295 Y81.899 E3.30201
G1 X136.625 Y81.608 E3.34514
G1 X137.004 Y81.384 E3.38828
G1 X137.42 Y81.234 E3.43158
G1 X137.883 Y81.165 E3.47742
G1 X138.148 Y81.167 E3.50337
G1 X138.443 Y81.204 E3.53258
G1 X138.861 Y81.325 E3.57519
G1 X139.253 Y81.525 E3.61833
G1 X139.601 Y81.795 E3.66146
G1 X139.892 Y82.125 E3.70459
G1 X140.116 Y82.504 E3.74773
G1 X140.266 Y82.918 E3.79086
G1 X140.334 Y83.353 E3.83399
G1 X140.321 Y83.788 E3.8766
G1 X140.265 Y84.081 E3.90582
G1 X140.184 Y84.333 E3.93177
G1 X139.976 Y84.752 E3.97761
G1 X139.705 Y85.101 E4.02091
G1 X139.375 Y85.392 E4.06405
G1 X138.996 Y85.616 E4.10718
G1 X138.582 Y85.766 E4.15031
G1 X138.147 Y85.834 E4.19345
G1 X137.707 Y85.821 E4.23658
G1 X137.277 Y85.725 E4.27971
G1 X136.873 Y85.55 E4.32285
G1 X136.509 Y85.302 E4.36598
G1 X136.202 Y84.995 E4.40859
G1 X136.079 Y84.826 E4.42899
G1 X135.762 Y84.768 F7800
G1 X134.843 Y83.606
G1 F1800
G1 X134.862 Y83.109 E4.47768
G1 X134.938 Y82.714 E4.51711
G1 X135.062 Y82.331 E4.55653
G1 X135.226 Y81.981 E4.5944
G1 X135.444 Y81.639 E4.6341
G1 X135.603 Y81.44 E4.6591
G1 X135.835 Y81.196 E4.6921
G1 X136.146 Y80.939 E4.73162
G1 X136.472 Y80.732 E4.76948
G1 X136.836 Y80.56 E4.80891
G1 X137.219 Y80.436 E4.84833
G1 X137.802 Y80.344 E4.90622
G1 X138.394 Y80.363 E4.96416
G1 X138.786 Y80.438 E5.00334
G1 X139.169 Y80.562 E5.04277
G1 X139.519 Y80.726 E5.08064
G1 X139.858 Y80.942 E5.12006
G1 X140.169 Y81.199 E5.15949
G1 X140.561 Y81.646 E5.2178
G1 X140.67 Y81.806 E5.23675
G1 X140.94 Y82.336 E5.29506
G1 X141.062 Y82.714 E5.33396
G1 X141.156 Y83.296 E5.39175
G1 X141.156 Y83.699 E5.43118
G1 X141.106 Y84.092 E5.47008
G1 X141.006 Y84.482 E5.50951
G1 X140.77 Y85.026 E5.56757
G1 X140.434 Y85.519 E5.62603
G1 X140.012 Y85.94 E5.68444
G1 X139.522 Y86.271 E5.74233
G1 X139.219 Y86.416 E5.77533
G1 X138.975 Y86.508 E5.80085
G1 X138.792 Y86.562 E5.81954
G1 X138.204 Y86.656 E5.87786
G1 X137.609 Y86.638 E5.93617
G1 X137.213 Y86.562 E5.97569
G1 X136.892 Y86.46 E6.00869
G1 X136.481 Y86.274 E6.05287
G1 X136.142 Y86.058 E6.0923
G1 X135.833 Y85.803 E6.13147
G1 X135.443 Y85.359 E6.18942
G1 X135.141 Y84.851 E6.2473
G1 X134.938 Y84.292 E6.30562
G1 X134.863 Y83.894 E6.34532
G1 X134.847 Y83.695 E6.36479
G1 X135.268 Y83.348 F7800
G1 X135.256 Y83.666
;TYPE:Gap fill
;WIDTH:0.316186
G1 F1200
G1 X135.255 Y83.662 E6.36496
;WIDTH:0.320373
G1 X135.254 Y83.624 E6.36644
;WIDTH:0.328222
G1 X135.26 Y83.318 E6.37878
;WIDTH:0.328221
G1 X135.269 Y83.176 E6.38451
;WIDTH:0.319296
G1 X135.27 Y83.167 E6.38486
;WIDTH:0.319079
G1 X135.271 Y83.158 E6.38522
;WIDTH:0.318722
G1 X135.335 Y82.825 E6.39835
;WIDTH:0.319054
G1 X135.337 Y82.816 E6.3987
;WIDTH:0.319053
G1 X135.338 Y82.811 E6.3989
;WIDTH:0.318908
G1 X135.432 Y82.521 E6.41073
;WIDTH:0.318743
G1 X135.438 Y82.504 E6.41141
;WIDTH:0.323023
G1 X135.449 Y82.477 E6.41256
;WIDTH:0.331524
G1 X135.517 Y82.331 E6.41913
;WIDTH:0.331523
G1 X135.589 Y82.188 E6.42569
;WIDTH:0.329926
G1 X135.672 Y82.04 E6.43257
;WIDTH:0.312272
G1 X135.684 Y82.021 E6.43341
;WIDTH:0.328301
G1 X135.782 Y81.881 E6.44032
;WIDTH:0.328302
G1 X135.915 Y81.712 E6.44898
;WIDTH:0.325111
G1 X135.989 Y81.626 E6.45349
;WIDTH:0.31378
G1 X136.004 Y81.611 E6.4543
;WIDTH:0.327781
G1 X136.119 Y81.5 E6.46073
;WIDTH:0.327781
G1 X136.375 Y81.282 E6.47427
;WIDTH:0.318589
G1 X136.392 Y81.268 E6.47511
;WIDTH:0.318719
G1 X136.393 Y81.268 E6.47514
;WIDTH:0.328828
G1 X136.529 Y81.181 E6.48165
;WIDTH:0.328832
G1 X136.667 Y81.1 E6.48814
;WIDTH:0.32883
G1 X136.82 Y81.018 E6.49516
;WIDTH:0.312461
G1 X136.84 Y81.009 E6.49596
;WIDTH:0.327714
G1 X136.989 Y80.947 E6.50248
;WIDTH:0.327715
G1 X137.309 Y80.838 E6.51605
;WIDTH:0.318143
G1 X137.327 Y80.832 E6.5168
;WIDTH:0.318345
G1 X137.331 Y80.832 E6.51694
;WIDTH:0.328943
G1 X137.474 Y80.805 E6.52283
;WIDTH:0.328944
G1 X137.83 Y80.756 E6.53734
;WIDTH:0.321242
G1 X137.845 Y80.755 E6.53793
;WIDTH:0.319106
G1 X137.862 Y80.755 E6.53862
;WIDTH:0.320679
G1 X138.124 Y80.754 E6.54884
;WIDTH:0.320679
G1 X138.167 Y80.756 E6.55053
;WIDTH:0.317438
G1 X138.181 Y80.757 E6.55107
;WIDTH:0.324535
G1 X138.338 Y80.773 E6.55733
;WIDTH:0.324536
G1 X138.518 Y80.802 E6.56454
;WIDTH:0.313406
G1 X138.535 Y80.805 E6.56522
;WIDTH:0.327715
G1 X138.683 Y80.841 E6.57133
;WIDTH:0.327716
G1 X139.002 Y80.939 E6.58477
;WIDTH:0.318591
G1 X139.023 Y80.946 E6.58562
;WIDTH:0.318718
G1 X139.024 Y80.947 E6.58565
;WIDTH:0.32883
G1 X139.169 Y81.015 E6.59215
;WIDTH:0.328829
G1 X139.312 Y81.088 E6.59865
;WIDTH:0.328831
G1 X139.463 Y81.174 E6.60567
;WIDTH:0.31246
G1 X139.481 Y81.186 E6.60647
;WIDTH:0.327714
G1 X139.614 Y81.279 E6.61298
;WIDTH:0.327716
G1 X139.875 Y81.488 E6.62643
;WIDTH:0.318587
G1 X139.891 Y81.502 E6.62727
;WIDTH:0.318717
G1 X139.892 Y81.503 E6.62731
;WIDTH:0.328084
G1 X139.994 Y81.612 E6.63331
;WIDTH:0.328084
G1 X140.218 Y81.875 E6.64726
;WIDTH:0.318589
G1 X140.232 Y81.892 E6.6481
;WIDTH:0.318715
G1 X140.232 Y81.893 E6.64813
;WIDTH:0.328827
G1 X140.319 Y82.029 E6.65464
;WIDTH:0.328827
G1 X140.4 Y82.167 E6.66113
;WIDTH:0.328828
G1 X140.482 Y82.32 E6.66815
;WIDTH:0.31246
G1 X140.491 Y82.34 E6.66896
;WIDTH:0.327715
G1 X140.553 Y82.489 E6.67547
;WIDTH:0.327715
G1 X140.661 Y82.806 E6.68891
;WIDTH:0.317382
G1 X140.664 Y82.816 E6.68933
;WIDTH:0.317381
G1 X140.666 Y82.827 E6.68975
;WIDTH:0.32808
G1 X140.726 Y83.168 E6.7037
;WIDTH:0.328081
G1 X140.745 Y83.316 E6.7097
;WIDTH:0.318715
G1 X140.745 Y83.316 E6.70973
;WIDTH:0.318591
G1 X140.745 Y83.338 E6.71058
;WIDTH:0.327714
G1 X140.74 Y83.672 E6.72402
;WIDTH:0.327713
G1 X140.728 Y83.824 E6.73013
;WIDTH:0.313402
G1 X140.726 Y83.842 E6.73081
;WIDTH:0.324139
G1 X140.699 Y84.015 E6.73776
;WIDTH:0.324139
G1 X140.663 Y84.175 E6.74426
;WIDTH:0.313841
G1 X140.659 Y84.188 E6.74478
;WIDTH:0.324235
G1 X140.61 Y84.36 E6.75189
;WIDTH:0.324234
G1 X140.569 Y84.48 E6.75688
;WIDTH:0.3204
G1 X140.563 Y84.496 E6.75757
;WIDTH:0.32103
G1 X140.561 Y84.501 E6.75779
;WIDTH:0.328825
G1 X140.403 Y84.828 E6.77246
;WIDTH:0.328824
G1 X140.33 Y84.96 E6.77857
;WIDTH:0.315833
G1 X140.318 Y84.98 E6.77944
;WIDTH:0.320372
G1 X140.294 Y85.014 E6.78104
;WIDTH:0.328222
G1 X140.11 Y85.258 E6.79338
;WIDTH:0.328221
G1 X140.013 Y85.374 E6.79948
;WIDTH:0.318715
G1 X140.013 Y85.375 E6.79951
;WIDTH:0.318588
G1 X139.997 Y85.39 E6.80036
;WIDTH:0.328086
G1 X139.741 Y85.623 E6.8143
;WIDTH:0.328086
G1 X139.626 Y85.718 E6.82031
;WIDTH:0.318719
G1 X139.626 Y85.719 E6.82034
;WIDTH:0.318588
G1 X139.608 Y85.731 E6.82118
;WIDTH:0.327782
G1 X139.321 Y85.907 E6.83472
;WIDTH:0.327784
G1 X139.18 Y85.982 E6.84115
;WIDTH:0.31378
G1 X139.16 Y85.991 E6.84196
;WIDTH:0.32511
G1 X139.056 Y86.035 E6.84647
;WIDTH:0.328479
G1 X138.843 Y86.113 E6.85561
;WIDTH:0.328478
G1 X138.695 Y86.161 E6.86188
;WIDTH:0.318719
G1 X138.695 Y86.162 E6.86191
;WIDTH:0.318589
G1 X138.673 Y86.166 E6.86276
;WIDTH:0.328089
G1 X138.332 Y86.226 E6.8767
;WIDTH:0.328089
G1 X138.184 Y86.245 E6.88271
;WIDTH:0.318723
G1 X138.184 Y86.245 E6.88274
;WIDTH:0.318591
G1 X138.162 Y86.245 E6.88359
;WIDTH:0.328085
G1 X137.816 Y86.24 E6.89753
;WIDTH:0.328087
G1 X137.667 Y86.231 E6.90354
;WIDTH:0.318718
G1 X137.666 Y86.23 E6.90357
;WIDTH:0.31859
G1 X137.645 Y86.227 E6.90442
;WIDTH:0.327783
G1 X137.315 Y86.159 E6.91795
;WIDTH:0.327783
G1 X137.161 Y86.117 E6.92438
;WIDTH:0.313782
G1 X137.141 Y86.111 E6.92519
;WIDTH:0.32511
G1 X137.034 Y86.071 E6.9297
;WIDTH:0.328478
G1 X136.826 Y85.982 E6.93885
;WIDTH:0.328476
G1 X136.685 Y85.916 E6.94511
;WIDTH:0.318721
G1 X136.684 Y85.916 E6.94515
;WIDTH:0.318588
G1 X136.666 Y85.905 E6.94599
;WIDTH:0.327711
G1 X136.386 Y85.721 E6.95944
;WIDTH:0.327712
G1 X136.257 Y85.624 E6.96595
;WIDTH:0.312457
G1 X136.24 Y85.61 E6.96675
;WIDTH:0.328297
G1 X136.116 Y85.497 E6.97353
;WIDTH:0.328299
G1 X135.965 Y85.344 E6.98219
;WIDTH:0.32511
G1 X135.896 Y85.268 E6.98631
;WIDTH:0.314779
G1 X135.884 Y85.254 E6.98699
;WIDTH:0.324277
G1 X135.779 Y85.117 E6.99386
;WIDTH:0.324277
G1 X135.685 Y84.979 E7.00044
;WIDTH:0.313843
G1 X135.678 Y84.968 E7.00097
;WIDTH:0.324237
G1 X135.586 Y84.813 E7.00807
;WIDTH:0.324238
G1 X135.527 Y84.702 E7.01307
;WIDTH:0.320404
G1 X135.519 Y84.686 E7.01376
;WIDTH:0.321032
G1 X135.517 Y84.681 E7.01397
;WIDTH:0.328945
G1 X135.385 Y84.337 E7.02888
;WIDTH:0.328944
G1 X135.339 Y84.199 E7.03476
;WIDTH:0.318346
G1 X135.338 Y84.196 E7.0349
;WIDTH:0.318144
G1 X135.334 Y84.176 E7.03565
;WIDTH:0.327911
G1 X135.275 Y83.838 E7.04949
;WIDTH:0.327911
G1 X135.265 Y83.756 E7.05282
G1 E4.05282 F2400
G92 E0
G1 X135.689 Y126.793 F7800
G1 E3 F2400
;TYPE:External perimeter
;WIDTH:0.675
G1 F1800
G1 X135.666 Y126.647 E3.01445
G1 X135.679 Y126.212 E3.05706
G1 X135.735 Y125.919 E3.08627
G1 X135.816 Y125.667 E3.11222
G1 X136.024 Y125.248 E3.15806
G1 X136.295 Y124.899 E3.20137
G1 X136.625 Y124.608 E3.2445
G1 X137.004 Y124.384 E3.28763
G1 X137.42 Y124.234 E3.33093
G1 X137.883 Y124.165 E3.37678
G1 X138.148 Y124.167 E3.40273
G1 X138.443 Y124.204 E3.43194
G1 X138.861 Y124.325 E3.47455
G1 X139.253 Y124.525 E3.51768
G1 X139.601 Y124.795 E3.56082
G1 X139.892 Y125.125 E3.60395
G1 X140.116 Y125.504 E3.64708
G1 X140.266 Y125.918 E3.69022
G1 X140.334 Y126.353 E3.73335
G1 X140.321 Y126.793 E3.77648
G1 X140.225 Y127.223 E3.81962
G1 X140.052 Y127.622 E3.86223
G1 X139.892 Y127.874 E3.89144
G1 X139.724 Y128.079 E3.91739
G1 X139.376 Y128.391 E3.96324
G1 X138.996 Y128.616 E4.00654
G1 X138.582 Y128.766 E4.04967
G1 X138.147 Y128.834 E4.0928
G1 X137.707 Y128.821 E4.13593
G1 X137.277 Y128.725 E4.17907
G1 X136.872 Y128.549 E4.22237
G1 X136.487 Y128.282 E4.26821
G1 X136.295 Y128.1 E4.29416
G1 X136.105 Y127.87 E4.32337
G1 X135.884 Y127.496 E4.36599
G1 X135.734 Y127.082 E4.40912
G1 X135.703 Y126.881 E4.42899
G1 X135.549 Y126.745 F7800
G1 X134.994 Y127.481
G1 F1800
G1 X134.938 Y127.292 E4.44835
G1 X134.863 Y126.894 E4.48805
G1 X134.844 Y126.297 E4.54651
G1 X134.938 Y125.714 E4.6044
G1 X135.139 Y125.154 E4.66271
G1 X135.444 Y124.639 E4.7213
G1 X135.835 Y124.196 E4.77924
G1 X136.306 Y123.83 E4.83765
G1 X136.836 Y123.56 E4.89596
G1 X137.402 Y123.395 E4.95375
G1 X137.802 Y123.344 E4.99327
G1 X138.139 Y123.342 E5.02627
G1 X138.394 Y123.363 E5.05127
G1 X138.786 Y123.438 E5.09045
G1 X139.169 Y123.562 E5.12987
G1 X139.519 Y123.726 E5.16774
G1 X139.858 Y123.942 E5.20716
G1 X140.301 Y124.331 E5.26496
G1 X140.67 Y124.806 E5.32379
G1 X140.94 Y125.336 E5.3821
G1 X141.062 Y125.714 E5.421
G1 X141.138 Y126.109 E5.46043
G1 X141.156 Y126.699 E5.51822
G1 X141.064 Y127.281 E5.57602
G1 X140.862 Y127.844 E5.6346
G1 X140.741 Y128.074 E5.66012
G1 X140.557 Y128.36 E5.69339
G1 X140.165 Y128.804 E5.75143
G1 X139.699 Y129.167 E5.80932
G1 X139.345 Y129.361 E5.84884
G1 X139.033 Y129.487 E5.88183
G1 X138.789 Y129.562 E5.90683
G1 X138.391 Y129.638 E5.94653
G1 X137.801 Y129.656 E6.00432
G1 X137.219 Y129.564 E6.06212
G1 X136.836 Y129.44 E6.10154
G1 X136.477 Y129.271 E6.14044
G1 X135.984 Y128.937 E6.19875
G1 X135.56 Y128.512 E6.25759
G1 X135.229 Y128.023 E6.31538
G1 X135.024 Y127.566 E6.36448
G1 X135.12 Y127.329 F7800
G1 X135.416 Y127.425
;TYPE:Gap fill
;WIDTH:0.328829
G1 F1200
G1 X135.388 Y127.349 E6.36776
G1 X135.339 Y127.195 E6.37426
;WIDTH:0.318718
G1 X135.338 Y127.195 E6.3743
;WIDTH:0.318589
G1 X135.334 Y127.173 E6.37514
;WIDTH:0.327913
G1 X135.275 Y126.838 E6.38885
;WIDTH:0.327911
G1 X135.257 Y126.683 E6.39511
;WIDTH:0.316186
G1 X135.255 Y126.662 E6.39594
;WIDTH:0.320373
G1 X135.254 Y126.624 E6.39742
;WIDTH:0.328222
G1 X135.26 Y126.318 E6.40976
;WIDTH:0.328221
G1 X135.269 Y126.176 E6.41548
;WIDTH:0.319294
G1 X135.27 Y126.167 E6.41584
;WIDTH:0.319079
G1 X135.271 Y126.158 E6.4162
;WIDTH:0.318722
G1 X135.335 Y125.825 E6.42933
;WIDTH:0.319054
G1 X135.337 Y125.816 E6.42967
;WIDTH:0.319053
G1 X135.338 Y125.811 E6.42988
;WIDTH:0.318908
G1 X135.432 Y125.521 E6.4417
;WIDTH:0.318743
G1 X135.438 Y125.504 E6.44239
;WIDTH:0.323023
G1 X135.449 Y125.477 E6.44354
;WIDTH:0.331524
G1 X135.517 Y125.331 E6.4501
;WIDTH:0.331523
G1 X135.589 Y125.188 E6.45667
;WIDTH:0.329926
G1 X135.672 Y125.04 E6.46355
;WIDTH:0.312272
G1 X135.684 Y125.021 E6.46439
;WIDTH:0.328301
G1 X135.782 Y124.881 E6.4713
;WIDTH:0.328302
G1 X135.915 Y124.712 E6.47996
;WIDTH:0.325111
G1 X135.989 Y124.626 E6.48447
;WIDTH:0.313781
G1 X136.004 Y124.611 E6.48528
;WIDTH:0.327783
G1 X136.119 Y124.5 E6.49171
;WIDTH:0.327783
G1 X136.375 Y124.282 E6.50524
;WIDTH:0.318589
G1 X136.392 Y124.268 E6.50609
;WIDTH:0.318717
G1 X136.393 Y124.268 E6.50612
;WIDTH:0.328827
G1 X136.529 Y124.181 E6.51263
;WIDTH:0.328829
G1 X136.667 Y124.1 E6.51912
;WIDTH:0.32883
G1 X136.82 Y124.018 E6.52614
;WIDTH:0.31246
G1 X136.84 Y124.009 E6.52694
;WIDTH:0.327715
G1 X136.989 Y123.947 E6.53346
;WIDTH:0.327713
G1 X137.309 Y123.838 E6.54703
;WIDTH:0.318141
G1 X137.327 Y123.832 E6.54778
;WIDTH:0.318343
G1 X137.331 Y123.832 E6.54792
;WIDTH:0.328941
G1 X137.474 Y123.805 E6.55381
;WIDTH:0.328943
G1 X137.83 Y123.756 E6.56832
;WIDTH:0.32124
G1 X137.845 Y123.755 E6.56891
;WIDTH:0.319104
G1 X137.862 Y123.755 E6.5696
;WIDTH:0.320677
G1 X138.124 Y123.754 E6.57982
G1 X138.167 Y123.756 E6.58151
;WIDTH:0.317436
G1 X138.181 Y123.757 E6.58205
;WIDTH:0.324533
G1 X138.338 Y123.773 E6.58831
;WIDTH:0.324532
G1 X138.518 Y123.802 E6.59552
;WIDTH:0.313402
G1 X138.535 Y123.805 E6.5962
;WIDTH:0.327713
G1 X138.683 Y123.841 E6.60231
;WIDTH:0.327712
G1 X139.002 Y123.939 E6.61575
;WIDTH:0.318589
G1 X139.023 Y123.946 E6.6166
;WIDTH:0.318717
G1 X139.024 Y123.947 E6.61663
;WIDTH:0.328829
G1 X139.169 Y124.015 E6.62313
;WIDTH:0.328831
G1 X139.312 Y124.088 E6.62962
G1 X139.463 Y124.174 E6.63665
;WIDTH:0.312459
G1 X139.481 Y124.186 E6.63745
;WIDTH:0.327712
G1 X139.614 Y124.279 E6.64396
;WIDTH:0.327713
G1 X139.875 Y124.488 E6.65741
;WIDTH:0.318587
G1 X139.891 Y124.502 E6.65825
;WIDTH:0.318717
G1 X139.892 Y124.503 E6.65828
;WIDTH:0.328084
G1 X139.994 Y124.612 E6.66429
;WIDTH:0.328084
G1 X140.218 Y124.875 E6.67823
;WIDTH:0.318589
G1 X140.232 Y124.892 E6.67908
;WIDTH:0.318714
G1 X140.232 Y124.893 E6.67911
;WIDTH:0.328827
G1 X140.319 Y125.029 E6.68562
;WIDTH:0.328827
G1 X140.4 Y125.167 E6.69211
;WIDTH:0.328828
G1 X140.482 Y125.32 E6.69913
;WIDTH:0.31246
G1 X140.491 Y125.34 E6.69993
;WIDTH:0.327715
G1 X140.553 Y125.489 E6.70645
;WIDTH:0.327715
G1 X140.661 Y125.806 E6.71989
;WIDTH:0.317381
G1 X140.664 Y125.816 E6.72031
;WIDTH:0.317381
G1 X140.666 Y125.827 E6.72073
;WIDTH:0.328081
G1 X140.726 Y126.168 E6.73467
;WIDTH:0.328079
G1 X140.745 Y126.316 E6.74068
;WIDTH:0.318715
G1 X140.745 Y126.316 E6.74071
;WIDTH:0.318593
G1 X140.745 Y126.338 E6.74156
;WIDTH:0.327712
G1 X140.74 Y126.672 E6.755
;WIDTH:0.327713
G1 X140.727 Y126.834 E6.76151
;WIDTH:0.312457
G1 X140.725 Y126.855 E6.76232
;WIDTH:0.328828
G1 X140.695 Y127.026 E6.76934
;WIDTH:0.328828
G1 X140.662 Y127.171 E6.77535
;WIDTH:0.32883
G1 X140.617 Y127.339 E6.78237
;WIDTH:0.31246
G1 X140.61 Y127.359 E6.78318
;WIDTH:0.328829
G1 X140.549 Y127.522 E6.7902
;WIDTH:0.328831
G1 X140.487 Y127.664 E6.79646
;WIDTH:0.328827
G1 X140.419 Y127.806 E6.80283
;WIDTH:0.316617
G1 X140.41 Y127.822 E6.80352
;WIDTH:0.320691
G1 X140.385 Y127.866 E6.80553
;WIDTH:0.320689
G1 X140.23 Y128.109 E6.81677
;WIDTH:0.319662
G1 X140.222 Y128.12 E6.81727
;WIDTH:0.31967
G1 X140.222 Y128.121 E6.81732
;WIDTH:0.32224
G1 X140.086 Y128.289 E6.82581
;WIDTH:0.322239
G1 X140.027 Y128.355 E6.82932
;WIDTH:0.315757
G1 X140.015 Y128.368 E6.82998
;WIDTH:0.330498
G1 X139.88 Y128.499 E6.83762
;WIDTH:0.330498
G1 X139.629 Y128.716 E6.85113
;WIDTH:0.318089
G1 X139.611 Y128.73 E6.85202
;WIDTH:0.318715
G1 X139.607 Y128.732 E6.85217
;WIDTH:0.328082
G1 X139.481 Y128.812 E6.85818
;WIDTH:0.328083
G1 X139.181 Y128.984 E6.87213
;WIDTH:0.317539
G1 X139.169 Y128.99 E6.87263
;WIDTH:0.317539
G1 X139.161 Y128.993 E6.87297
;WIDTH:0.328162
G1 X138.894 Y129.095 E6.88448
;WIDTH:0.328162
G1 X138.695 Y129.161 E6.89296
;WIDTH:0.318074
G1 X138.69 Y129.163 E6.89314
;WIDTH:0.317945
G1 X138.673 Y129.166 E6.8938
;WIDTH:0.328087
G1 X138.332 Y129.226 E6.90774
;WIDTH:0.328087
G1 X138.184 Y129.245 E6.91375
;WIDTH:0.318723
G1 X138.184 Y129.245 E6.91378
;WIDTH:0.318595
G1 X138.162 Y129.245 E6.91463
;WIDTH:0.327717
G1 X137.828 Y129.24 E6.92807
;WIDTH:0.327717
G1 X137.666 Y129.227 E6.93458
;WIDTH:0.312461
G1 X137.645 Y129.225 E6.93539
;WIDTH:0.328827
G1 X137.474 Y129.195 E6.94241
;WIDTH:0.328829
G1 X137.329 Y129.162 E6.94842
;WIDTH:0.32883
G1 X137.161 Y129.117 E6.95544
;WIDTH:0.31246
G1 X137.141 Y129.11 E6.95625
;WIDTH:0.327712
G1 X136.989 Y129.053 E6.96276
;WIDTH:0.327713
G1 X136.682 Y128.914 E6.97633
;WIDTH:0.31713
G1 X136.675 Y128.911 E6.97663
;WIDTH:0.31713
G1 X136.662 Y128.903 E6.97721
;WIDTH:0.330897
G1 X136.377 Y128.713 E6.99114
;WIDTH:0.330896
G1 X136.248 Y128.618 E6.99769
;WIDTH:0.322398
G1 X136.234 Y128.608 E6.99837
;WIDTH:0.320403
G1 X136.22 Y128.596 E6.99907
;WIDTH:0.324238
G1 X136.127 Y128.511 E7.00406
;WIDTH:0.324238
G1 X136.001 Y128.384 E7.01116
;WIDTH:0.313845
G1 X135.992 Y128.374 E7.01169
;WIDTH:0.324885
G1 X135.875 Y128.242 E7.01867
;WIDTH:0.324886
G1 X135.782 Y128.126 E7.0246
;WIDTH:0.3202
G1 X135.774 Y128.114 E7.02517
;WIDTH:0.318388
G1 X135.764 Y128.099 E7.02587
;WIDTH:0.327715
G1 X135.594 Y127.823 E7.03891
;WIDTH:0.327716
G1 X135.518 Y127.68 E7.04543
;WIDTH:0.312462
G1 X135.509 Y127.66 E7.04623
;WIDTH:0.328831
G1 X135.447 Y127.509 E7.05282
;LAYER_CHANGE
;Z:5.05
;HEIGHT:0.4
G1 Z5.05 F7800
G1 X135.689 Y126.793
;TYPE:External perimeter
;WIDTH:0.675
G1 F1800
G1 X135.666 Y126.647 E7.06727
G1 X135.679 Y126.212 E7.10988
G1 X135.735 Y125.919 E7.13917
G1 X135.828 Y125.634 E7.16846
G1 X136.025 Y125.247 E7.21107
G1 X136.295 Y124.899 E7.25421
G1 X136.625 Y124.608 E7.29734
G1 X137.004 Y124.384 E7.34047
G1 X137.42 Y124.234 E7.38373
G1 X137.874 Y124.166 E7.42874
G1 X138.147 Y124.167 E7.45555
G1 X138.443 Y124.204 E7.48479
G1 X138.861 Y124.325 E7.5274
G1 X139.253 Y124.525 E7.57053
G1 X139.601 Y124.795 E7.61366
G1 X139.892 Y125.125 E7.6568
G1 X140.116 Y125.504 E7.69993
G1 X140.266 Y125.918 E7.74306
G1 X140.334 Y126.353 E7.7862
G1 X140.321 Y126.793 E7.82933
G1 X140.225 Y127.223 E7.87247
G1 X140.052 Y127.622 E7.91508
G1 X139.892 Y127.874 E7.94431
G1 X139.718 Y128.085 E7.97112
G1 X139.376 Y128.392 E8.01613
G1 X138.996 Y128.616 E8.05939
G1 X138.582 Y128.766 E8.10252
G1 X138.147 Y128.834 E8.14565
G1 X137.707 Y128.821 E8.18879
G1 X137.277 Y128.725 E8.23192
G1 X136.872 Y128.549 E8.27518
G1 X136.494 Y128.288 E8.32019
G1 X136.295 Y128.1 E8.347
G1 X136.105 Y127.87 E8.37623
G1 X135.884 Y127.496 E8.41884
G1 X135.734 Y127.082 E8.46198
G1 X135.703 Y126.881 E8.48184
G1 X135.549 Y126.745 F7800
G1 X134.994 Y127.481
G1 F1800
G1 X134.938 Y127.292 E8.50121
G1 X134.862 Y126.891 E8.54115
G1 X134.844 Y126.296 E8.59947
G1 X134.938 Y125.714 E8.65726
G1 X135.139 Y125.154 E8.71557
G1 X135.444 Y124.639 E8.77421
G1 X135.835 Y124.196 E8.83213
G1 X136.306 Y123.83 E8.89051
G1 X136.836 Y123.56 E8.94882
G1 X137.402 Y123.395 E9.00661
G1 X137.802 Y123.344 E9.0461
G1 X138.156 Y123.343 E9.08077
G1 X138.393 Y123.362 E9.10407
G1 X138.786 Y123.438 E9.14331
G1 X139.169 Y123.562 E9.18273
G1 X139.519 Y123.726 E9.2206
G1 X139.859 Y123.942 E9.26009
G1 X140.303 Y124.333 E9.31801
G1 X140.67 Y124.806 E9.37665
G1 X140.94 Y125.336 E9.43496
G1 X141.062 Y125.714 E9.47386
G1 X141.138 Y126.109 E9.51329
G1 X141.156 Y126.699 E9.57108
G1 X141.064 Y127.281 E9.62887
G1 X140.938 Y127.669 E9.66882
G1 X140.774 Y128.019 E9.70669
G1 X140.555 Y128.363 E9.74664
G1 X140.164 Y128.805 E9.80443
G1 X139.694 Y129.17 E9.86274
G1 X139.164 Y129.44 E9.92105
G1 X138.786 Y129.562 E9.95996
G1 X138.391 Y129.638 E9.99938
G1 X137.801 Y129.656 E10.05717
G1 X137.219 Y129.564 E10.11497
G1 X136.835 Y129.44 E10.15446
G1 X136.308 Y129.172 E10.21238
G1 X135.839 Y128.809 E10.2705
G1 X135.445 Y128.363 E10.32881
G1 X135.229 Y128.023 E10.36823
G1 X135.024 Y127.566 E10.41733
G1 X135.121 Y127.33 F7800
G1 X135.416 Y127.425
;TYPE:Gap fill
;WIDTH:0.328832
G1 F1200
G1 X135.388 Y127.349 E10.42061
;WIDTH:0.328829
G1 X135.339 Y127.195 E10.42712
;WIDTH:0.318719
G1 X135.338 Y127.195 E10.42715
;WIDTH:0.318587
G1 X135.334 Y127.173 E10.42799
;WIDTH:0.328086
G1 X135.274 Y126.832 E10.44194
;WIDTH:0.328087
G1 X135.255 Y126.684 E10.44795
;WIDTH:0.318721
G1 X135.255 Y126.684 E10.44798
;WIDTH:0.318595
G1 X135.255 Y126.662 E10.44882
;WIDTH:0.328086
G1 X135.26 Y126.316 E10.46277
;WIDTH:0.328087
G1 X135.269 Y126.176 E10.4684
;WIDTH:0.319295
G1 X135.27 Y126.167 E10.46876
;WIDTH:0.319079
G1 X135.271 Y126.158 E10.46911
;WIDTH:0.318724
G1 X135.335 Y125.823 E10.48231
;WIDTH:0.318952
G1 X135.337 Y125.816 E10.48259
;WIDTH:0.318954
G1 X135.339 Y125.809 E10.48287
;WIDTH:0.318722
G1 X135.444 Y125.485 E10.49607
;WIDTH:0.319078
G1 X135.447 Y125.477 E10.49642
;WIDTH:0.319294
G1 X135.451 Y125.468 E10.49678
;WIDTH:0.328831
G1 X135.515 Y125.331 E10.50291
;WIDTH:0.328832
G1 X135.588 Y125.188 E10.5094
G1 X135.674 Y125.037 E10.51643
;WIDTH:0.312459
G1 X135.686 Y125.019 E10.51723
;WIDTH:0.328412
G1 X135.783 Y124.88 E10.52406
;WIDTH:0.328411
G1 X135.905 Y124.725 E10.53204
;WIDTH:0.32609
G1 X135.989 Y124.627 E10.5372
;WIDTH:0.313397
G1 X136.004 Y124.611 E10.53801
;WIDTH:0.327763
G1 X136.119 Y124.5 E10.54446
;WIDTH:0.327762
G1 X136.375 Y124.282 E10.55797
;WIDTH:0.31859
G1 X136.392 Y124.268 E10.55882
;WIDTH:0.318716
G1 X136.393 Y124.268 E10.55885
;WIDTH:0.328827
G1 X136.529 Y124.181 E10.56535
;WIDTH:0.32883
G1 X136.667 Y124.1 E10.57184
;WIDTH:0.32883
G1 X136.82 Y124.018 E10.57887
;WIDTH:0.312461
G1 X136.84 Y124.009 E10.57967
;WIDTH:0.327715
G1 X136.989 Y123.947 E10.58618
;WIDTH:0.327715
G1 X137.308 Y123.838 E10.59972
;WIDTH:0.318275
G1 X137.327 Y123.833 E10.60051
;WIDTH:0.318423
G1 X137.33 Y123.832 E10.6006
;WIDTH:0.328741
G1 X137.474 Y123.805 E10.60653
;WIDTH:0.328742
G1 X137.829 Y123.756 E10.62101
;WIDTH:0.320187
G1 X137.835 Y123.756 E10.62124
;WIDTH:0.319327
G1 X137.853 Y123.755 E10.62193
;WIDTH:0.320228
G1 X138.14 Y123.755 E10.63312
;WIDTH:0.320227
G1 X138.167 Y123.756 E10.63418
;WIDTH:0.31809
G1 X138.181 Y123.757 E10.63472
;WIDTH:0.324605
G1 X138.337 Y123.773 E10.64095
;WIDTH:0.324607
G1 X138.518 Y123.802 E10.64821
;WIDTH:0.313402
G1 X138.535 Y123.805 E10.64889
;WIDTH:0.327712
G1 X138.683 Y123.841 E10.655
;WIDTH:0.327712
G1 X139.002 Y123.939 E10.66844
;WIDTH:0.318591
G1 X139.023 Y123.946 E10.66929
;WIDTH:0.31872
G1 X139.024 Y123.947 E10.66932
;WIDTH:0.32883
G1 X139.169 Y124.015 E10.67582
G1 X139.312 Y124.088 E10.68232
;WIDTH:0.328829
G1 X139.463 Y124.174 E10.68934
;WIDTH:0.312459
G1 X139.481 Y124.186 E10.69014
;WIDTH:0.327858
G1 X139.615 Y124.28 E10.69672
;WIDTH:0.32786
G1 X139.858 Y124.474 E10.70923
;WIDTH:0.319366
G1 X139.875 Y124.488 E10.71008
;WIDTH:0.316861
G1 X139.89 Y124.503 E10.71092
;WIDTH:0.327946
G1 X139.997 Y124.615 E10.71713
;WIDTH:0.327946
G1 X140.218 Y124.875 E10.73089
;WIDTH:0.318589
G1 X140.232 Y124.892 E10.73174
;WIDTH:0.318717
G1 X140.232 Y124.893 E10.73177
;WIDTH:0.328828
G1 X140.319 Y125.029 E10.73827
;WIDTH:0.32883
G1 X140.4 Y125.167 E10.74476
;WIDTH:0.328828
G1 X140.482 Y125.32 E10.75178
;WIDTH:0.312461
G1 X140.491 Y125.34 E10.75259
;WIDTH:0.327715
G1 X140.553 Y125.489 E10.7591
;WIDTH:0.327715
G1 X140.661 Y125.806 E10.77255
;WIDTH:0.317381
G1 X140.664 Y125.816 E10.77297
;WIDTH:0.317381
G1 X140.666 Y125.827 E10.77339
;WIDTH:0.328081
G1 X140.726 Y126.168 E10.78733
;WIDTH:0.328081
G1 X140.745 Y126.316 E10.79334
;WIDTH:0.318715
G1 X140.745 Y126.316 E10.79337
;WIDTH:0.318591
G1 X140.745 Y126.338 E10.79421
;WIDTH:0.327712
G1 X140.74 Y126.672 E10.80766
;WIDTH:0.327713
G1 X140.727 Y126.834 E10.81417
;WIDTH:0.312458
G1 X140.725 Y126.855 E10.81497
;WIDTH:0.328827
G1 X140.695 Y127.026 E10.822
;WIDTH:0.328827
G1 X140.662 Y127.171 E10.82801
;WIDTH:0.328826
G1 X140.617 Y127.339 E10.83503
;WIDTH:0.312458
G1 X140.61 Y127.359 E10.83583
;WIDTH:0.328831
G1 X140.549 Y127.522 E10.84285
;WIDTH:0.32883
G1 X140.485 Y127.669 E10.84935
;WIDTH:0.328827
G1 X140.42 Y127.807 E10.85548
;WIDTH:0.319296
G1 X140.416 Y127.815 E10.85584
;WIDTH:0.319079
G1 X140.411 Y127.823 E10.85619
;WIDTH:0.318721
G1 X140.229 Y128.109 E10.86934
;WIDTH:0.319594
G1 X140.221 Y128.121 E10.8699
;WIDTH:0.320313
G1 X140.218 Y128.126 E10.87013
;WIDTH:0.324502
G1 X140.125 Y128.242 E10.87605
;WIDTH:0.324502
G1 X140.02 Y128.362 E10.88237
;WIDTH:0.314144
G1 X140.008 Y128.375 E10.88303
;WIDTH:0.32976
G1 X139.879 Y128.501 E10.89034
;WIDTH:0.32976
G1 X139.628 Y128.717 E10.90376
;WIDTH:0.318212
G1 X139.61 Y128.73 E10.90464
;WIDTH:0.31872
G1 X139.607 Y128.732 E10.90477
;WIDTH:0.328826
G1 X139.471 Y128.819 E10.91127
;WIDTH:0.328829
G1 X139.333 Y128.9 E10.91776
;WIDTH:0.328831
G1 X139.18 Y128.982 E10.92478
;WIDTH:0.312462
G1 X139.16 Y128.991 E10.92559
;WIDTH:0.327718
G1 X139.011 Y129.053 E10.9321
;WIDTH:0.327719
G1 X138.694 Y129.161 E10.94555
;WIDTH:0.317389
G1 X138.684 Y129.164 E10.94597
;WIDTH:0.317389
G1 X138.673 Y129.166 E10.94639
;WIDTH:0.328088
G1 X138.332 Y129.226 E10.96033
;WIDTH:0.328087
G1 X138.184 Y129.245 E10.96634
;WIDTH:0.318723
G1 X138.184 Y129.245 E10.96637
;WIDTH:0.318595
G1 X138.162 Y129.245 E10.96721
;WIDTH:0.327717
G1 X137.828 Y129.24 E10.98066
;WIDTH:0.327717
G1 X137.666 Y129.227 E10.98717
;WIDTH:0.312462
G1 X137.645 Y129.225 E10.98797
;WIDTH:0.32883
G1 X137.474 Y129.195 E10.995
;WIDTH:0.328831
G1 X137.329 Y129.162 E11.00101
;WIDTH:0.328832
G1 X137.161 Y129.117 E11.00803
;WIDTH:0.312461
G1 X137.141 Y129.11 E11.00883
;WIDTH:0.32786
G1 X136.988 Y129.052 E11.01541
;WIDTH:0.32786
G1 X136.704 Y128.925 E11.02792
;WIDTH:0.319365
G1 X136.683 Y128.914 E11.02887
;WIDTH:0.316586
G1 X136.663 Y128.903 E11.02973
;WIDTH:0.328635
G1 X136.535 Y128.822 E11.03584
;WIDTH:0.328635
G1 X136.241 Y128.614 E11.05037
;WIDTH:0.320045
G1 X136.238 Y128.611 E11.05054
;WIDTH:0.320021
G1 X136.228 Y128.603 E11.05106
;WIDTH:0.324425
G1 X136.128 Y128.511 E11.05645
;WIDTH:0.324425
G1 X136.001 Y128.385 E11.06354
;WIDTH:0.313814
G1 X135.992 Y128.374 E11.06406
;WIDTH:0.324885
G1 X135.875 Y128.242 E11.07107
;WIDTH:0.324884
G1 X135.782 Y128.126 E11.077
;WIDTH:0.3202
G1 X135.774 Y128.114 E11.07756
;WIDTH:0.318387
G1 X135.764 Y128.099 E11.07826
;WIDTH:0.327716
G1 X135.594 Y127.823 E11.09131
;WIDTH:0.327716
G1 X135.518 Y127.68 E11.09782
;WIDTH:0.312463
G1 X135.509 Y127.66 E11.09862
;WIDTH:0.328831
G1 X135.447 Y127.509 E11.10522
G1 E8.10522 F2400
G92 E0
G1 X136.296 Y85.101 F7800
G1 E3 F2400
;TYPE:External perimeter
;WIDTH:0.675
G1 F1800
G1 X136.105 Y84.87 E3.02929
G1 X135.884 Y84.496 E3.0719
G1 X135.734 Y84.082 E3.11503
G1 X135.666 Y83.647 E3.15817
G1 X135.679 Y83.212 E3.20078
G1 X135.735 Y82.919 E3.23007
G1 X135.828 Y82.634 E3.25936
G1 X136.025 Y82.247 E3.30197
G1 X136.295 Y81.899 E3.3451
G1 X136.625 Y81.608 E3.38824
G1 X137.004 Y81.384 E3.43137
G1 X137.42 Y81.234 E3.47463
G1 X137.874 Y81.166 E3.51964
G1 X138.147 Y81.167 E3.54645
G1 X138.443 Y81.204 E3.57568
G1 X138.861 Y81.325 E3.61829
G1 X139.253 Y81.525 E3.66143
G1 X139.601 Y81.795 E3.70456
G1 X139.892 Y82.125 E3.74769
G1 X140.116 Y82.504 E3.79083
G1 X140.266 Y82.918 E3.83396
G1 X140.334 Y83.353 E3.8771
G1 X140.321 Y83.793 E3.92023
G1 X140.225 Y84.223 E3.96336
G1 X140.052 Y84.622 E4.00597
G1 X139.892 Y84.874 E4.03521
G1 X139.718 Y85.085 E4.06202
G1 X139.376 Y85.392 E4.10702
G1 X138.996 Y85.616 E4.15028
G1 X138.582 Y85.766 E4.19342
G1 X138.147 Y85.834 E4.23655
G1 X137.707 Y85.821 E4.27968
G1 X137.277 Y85.725 E4.32282
G1 X136.873 Y85.55 E4.36595
G1 X136.513 Y85.305 E4.40856
G1 X136.361 Y85.162 E4.42904
G1 X136.005 Y85.172 F7800
G1 X134.844 Y83.606
G1 F1800
G1 X134.862 Y83.109 E4.47772
G1 X134.991 Y82.528 E4.53604
G1 X135.226 Y81.981 E4.59435
G1 X135.444 Y81.639 E4.63411
G1 X135.592 Y81.453 E4.65741
G1 X135.835 Y81.196 E4.69207
G1 X136.146 Y80.939 E4.73157
G1 X136.472 Y80.732 E4.76944
G1 X136.836 Y80.56 E4.80886
G1 X137.219 Y80.436 E4.84829
G1 X137.802 Y80.344 E4.90615
G1 X138.393 Y80.362 E4.96406
G1 X138.786 Y80.438 E5.00329
G1 X139.169 Y80.562 E5.04272
G1 X139.519 Y80.726 E5.08059
G1 X139.859 Y80.942 E5.12008
G1 X140.133 Y81.167 E5.15475
G1 X140.303 Y81.333 E5.17805
G1 X140.561 Y81.646 E5.2178
G1 X140.768 Y81.972 E5.25567
G1 X140.94 Y82.336 E5.2951
G1 X141.062 Y82.714 E5.334
G1 X141.156 Y83.296 E5.39179
G1 X141.156 Y83.699 E5.43122
G1 X141.105 Y84.098 E5.47064
G1 X140.938 Y84.669 E5.52896
G1 X140.774 Y85.019 E5.56683
G1 X140.558 Y85.358 E5.60625
G1 X140.304 Y85.665 E5.64522
G1 X139.861 Y86.056 E5.70314
G1 X139.523 Y86.271 E5.74237
G1 X138.977 Y86.508 E5.80068
G1 X138.792 Y86.562 E5.81963
G1 X138.204 Y86.656 E5.87794
G1 X137.609 Y86.638 E5.93625
G1 X137.214 Y86.562 E5.97568
G1 X136.835 Y86.44 E6.01465
G1 X136.308 Y86.172 E6.07257
G1 X135.98 Y85.933 E6.11232
G1 X135.56 Y85.512 E6.17063
G1 X135.227 Y85.02 E6.22875
G1 X135.122 Y84.807 E6.25205
G1 X134.938 Y84.292 E6.30568
G1 X134.862 Y83.891 E6.34563
G1 X134.844 Y83.696 E6.36486
G1 X135.269 Y83.348 F7800
G1 X135.255 Y83.683
;TYPE:Gap fill
;WIDTH:0.318595
G1 F1200
G1 X135.255 Y83.662 E6.36567
;WIDTH:0.328086
G1 X135.26 Y83.316 E6.37961
;WIDTH:0.328087
G1 X135.269 Y83.176 E6.38525
;WIDTH:0.319295
G1 X135.27 Y83.167 E6.3856
;WIDTH:0.319079
G1 X135.271 Y83.158 E6.38596
;WIDTH:0.318722
G1 X135.335 Y82.823 E6.39915
;WIDTH:0.319644
G1 X135.338 Y82.809 E6.39972
;WIDTH:0.320202
G1 X135.339 Y82.805 E6.3999
;WIDTH:0.324886
G1 X135.383 Y82.662 E6.40582
;WIDTH:0.324886
G1 X135.447 Y82.486 E6.41327
;WIDTH:0.313406
G1 X135.453 Y82.469 E6.41394
;WIDTH:0.328831
G1 X135.521 Y82.32 E6.42056
;WIDTH:0.328832
G1 X135.588 Y82.188 E6.42657
;WIDTH:0.328833
G1 X135.674 Y82.037 E6.43359
;WIDTH:0.312461
G1 X135.686 Y82.019 E6.4344
;WIDTH:0.328412
G1 X135.783 Y81.88 E6.44123
;WIDTH:0.328411
G1 X135.905 Y81.725 E6.44921
;WIDTH:0.326088
G1 X135.989 Y81.627 E6.45437
;WIDTH:0.313398
G1 X136.004 Y81.611 E6.45518
;WIDTH:0.327764
G1 X136.119 Y81.5 E6.46163
;WIDTH:0.327765
G1 X136.375 Y81.282 E6.47514
;WIDTH:0.318591
G1 X136.392 Y81.268 E6.47598
;WIDTH:0.318716
G1 X136.393 Y81.268 E6.47602
;WIDTH:0.328827
G1 X136.529 Y81.181 E6.48252
;WIDTH:0.32883
G1 X136.667 Y81.1 E6.48901
;WIDTH:0.328831
G1 X136.82 Y81.018 E6.49603
;WIDTH:0.312461
G1 X136.84 Y81.009 E6.49684
;WIDTH:0.327715
G1 X136.989 Y80.947 E6.50335
;WIDTH:0.327715
G1 X137.308 Y80.838 E6.51689
;WIDTH:0.318275
G1 X137.327 Y80.833 E6.51767
;WIDTH:0.318422
G1 X137.33 Y80.832 E6.51777
;WIDTH:0.328743
G1 X137.474 Y80.805 E6.5237
;WIDTH:0.328742
G1 X137.829 Y80.756 E6.53817
;WIDTH:0.320189
G1 X137.835 Y80.756 E6.5384
;WIDTH:0.319329
G1 X137.853 Y80.755 E6.53909
;WIDTH:0.320229
G1 X138.14 Y80.755 E6.55029
;WIDTH:0.320229
G1 X138.167 Y80.756 E6.55134
;WIDTH:0.318093
G1 X138.181 Y80.757 E6.55189
;WIDTH:0.324609
G1 X138.337 Y80.773 E6.55812
G1 X138.518 Y80.802 E6.56538
;WIDTH:0.313404
G1 X138.535 Y80.805 E6.56606
;WIDTH:0.327715
G1 X138.683 Y80.841 E6.57217
;WIDTH:0.327714
G1 X139.002 Y80.939 E6.58561
;WIDTH:0.318591
G1 X139.023 Y80.946 E6.58646
;WIDTH:0.31872
G1 X139.024 Y80.947 E6.58649
;WIDTH:0.328831
G1 X139.169 Y81.015 E6.59299
;WIDTH:0.328831
G1 X139.312 Y81.088 E6.59949
;WIDTH:0.328832
G1 X139.463 Y81.174 E6.60651
;WIDTH:0.312462
G1 X139.481 Y81.186 E6.60731
;WIDTH:0.327861
G1 X139.615 Y81.28 E6.61389
;WIDTH:0.327861
G1 X139.858 Y81.474 E6.6264
;WIDTH:0.319366
G1 X139.875 Y81.488 E6.62725
;WIDTH:0.316861
G1 X139.89 Y81.503 E6.62809
;WIDTH:0.327945
G1 X139.997 Y81.615 E6.6343
;WIDTH:0.327947
G1 X140.218 Y81.875 E6.64806
;WIDTH:0.318589
G1 X140.232 Y81.892 E6.6489
;WIDTH:0.318717
G1 X140.232 Y81.893 E6.64894
;WIDTH:0.328828
G1 X140.319 Y82.029 E6.65544
;WIDTH:0.32883
G1 X140.4 Y82.167 E6.66193
;WIDTH:0.328828
G1 X140.482 Y82.32 E6.66895
;WIDTH:0.312461
G1 X140.491 Y82.34 E6.66976
;WIDTH:0.327716
G1 X140.553 Y82.489 E6.67627
;WIDTH:0.327715
G1 X140.661 Y82.806 E6.68971
;WIDTH:0.317383
G1 X140.664 Y82.816 E6.69013
;WIDTH:0.317381
G1 X140.666 Y82.827 E6.69055
;WIDTH:0.328081
G1 X140.726 Y83.168 E6.7045
;WIDTH:0.328082
G1 X140.745 Y83.316 E6.71051
;WIDTH:0.318715
G1 X140.745 Y83.316 E6.71054
;WIDTH:0.318591
G1 X140.745 Y83.338 E6.71138
;WIDTH:0.327714
G1 X140.74 Y83.672 E6.72483
;WIDTH:0.327713
G1 X140.727 Y83.834 E6.73134
;WIDTH:0.312459
G1 X140.725 Y83.855 E6.73214
;WIDTH:0.328827
G1 X140.695 Y84.026 E6.73916
;WIDTH:0.328827
G1 X140.662 Y84.171 E6.74518
;WIDTH:0.328828
G1 X140.617 Y84.339 E6.7522
;WIDTH:0.31246
G1 X140.61 Y84.359 E6.753
;WIDTH:0.328831
G1 X140.549 Y84.522 E6.76002
;WIDTH:0.328832
G1 X140.485 Y84.669 E6.76652
;WIDTH:0.328829
G1 X140.42 Y84.807 E6.77265
;WIDTH:0.319298
G1 X140.416 Y84.815 E6.77301
;WIDTH:0.319083
G1 X140.411 Y84.823 E6.77336
;WIDTH:0.318725
G1 X140.229 Y85.109 E6.78651
;WIDTH:0.319019
G1 X140.225 Y85.116 E6.78684
;WIDTH:0.319019
G1 X140.221 Y85.121 E6.78707
;WIDTH:0.318853
G1 X140.021 Y85.363 E6.79924
;WIDTH:0.319108
G1 X140.009 Y85.377 E6.79993
;WIDTH:0.320452
G1 X140.003 Y85.383 E6.80028
;WIDTH:0.329142
G1 X139.774 Y85.594 E6.81286
;WIDTH:0.32914
G1 X139.628 Y85.717 E6.8206
;WIDTH:0.317929
G1 X139.623 Y85.721 E6.82086
;WIDTH:0.31773
G1 X139.61 Y85.73 E6.82147
;WIDTH:0.327715
G1 X139.323 Y85.906 E6.83501
;WIDTH:0.327716
G1 X139.18 Y85.982 E6.84152
;WIDTH:0.31246
G1 X139.16 Y85.991 E6.84233
;WIDTH:0.32883
G1 X139 Y86.057 E6.84935
;WIDTH:0.328831
G1 X138.849 Y86.112 E6.85584
;WIDTH:0.32883
G1 X138.695 Y86.161 E6.86235
;WIDTH:0.31872
G1 X138.695 Y86.162 E6.86238
;WIDTH:0.31859
G1 X138.673 Y86.166 E6.86322
;WIDTH:0.328087
G1 X138.332 Y86.226 E6.87717
;WIDTH:0.328089
G1 X138.184 Y86.245 E6.88317
;WIDTH:0.318721
G1 X138.184 Y86.245 E6.88321
;WIDTH:0.318591
G1 X138.162 Y86.245 E6.88405
;WIDTH:0.328085
G1 X137.816 Y86.24 E6.898
;WIDTH:0.328087
G1 X137.667 Y86.231 E6.904
;WIDTH:0.318718
G1 X137.666 Y86.23 E6.90403
;WIDTH:0.318591
G1 X137.645 Y86.227 E6.90488
;WIDTH:0.327715
G1 X137.317 Y86.159 E6.91833
;WIDTH:0.327716
G1 X137.161 Y86.117 E6.92484
;WIDTH:0.312463
G1 X137.141 Y86.11 E6.92564
;WIDTH:0.32786
G1 X136.988 Y86.052 E6.93222
;WIDTH:0.327858
G1 X136.704 Y85.925 E6.94473
;WIDTH:0.319364
G1 X136.685 Y85.915 E6.94558
;WIDTH:0.316859
G1 X136.666 Y85.904 E6.94641
;WIDTH:0.327943
G1 X136.535 Y85.822 E6.95263
;WIDTH:0.327943
G1 X136.264 Y85.632 E6.96599
;WIDTH:0.318387
G1 X136.249 Y85.621 E6.96669
;WIDTH:0.320201
G1 X136.238 Y85.611 E6.96725
;WIDTH:0.324884
G1 X136.128 Y85.511 E6.97318
;WIDTH:0.324884
G1 X136.002 Y85.386 E6.98023
;WIDTH:0.31375
G1 X135.993 Y85.375 E6.98077
;WIDTH:0.324885
G1 X135.875 Y85.242 E6.98782
;WIDTH:0.324886
G1 X135.782 Y85.126 E6.99374
;WIDTH:0.320202
G1 X135.774 Y85.114 E6.99431
;WIDTH:0.318386
G1 X135.764 Y85.099 E6.99501
;WIDTH:0.327945
G1 X135.59 Y84.816 E7.00836
;WIDTH:0.327947
G1 X135.517 Y84.681 E7.01458
;WIDTH:0.316863
G1 X135.507 Y84.661 E7.01542
;WIDTH:0.319367
G1 X135.499 Y84.641 E7.01627
;WIDTH:0.328183
G1 X135.385 Y84.339 E7.02927
;WIDTH:0.328183
G1 X135.339 Y84.195 E7.03534
;WIDTH:0.318717
G1 X135.338 Y84.195 E7.03537
;WIDTH:0.318588
G1 X135.334 Y84.173 E7.03622
;WIDTH:0.328086
G1 X135.274 Y83.832 E7.05016
;WIDTH:0.328087
G1 X135.266 Y83.772 E7.05262
G1 E4.05262 F2400
G92 E0
G1 X97.427 Y78.073 F7800
G1 E3 F2400
;TYPE:Perimeter
;WIDTH:0.675
G1 F1800
G1 X97.427 Y76.927 E3.11235
G1 X99.573 Y76.927 E3.32268
G1 X99.573 Y78.073 E3.43502
G1 X97.517 Y78.073 E3.63653
G1 X96.837 Y78.662 F7800
;TYPE:External perimeter
G1 F1800
G1 X96.837 Y76.337 E3.86433
G1 X100.162 Y76.337 E4.19011
G1 X100.162 Y78.662 E4.4179
G1 X96.927 Y78.662 E4.73486
G1 X97.026 Y78.093 F7800
G1 X97.721 Y77.5
;TYPE:Gap fill
;WIDTH:0.643365
G1 F1200
G1 X99.279 Y77.5 E4.87927
G1 E1.87927 F2400
G92 E0
G1 X65.427 Y78.073 F7800
G1 E3 F2400
;TYPE:Perimeter
;WIDTH:0.675
G1 F1800
G1 X65.427 Y76.927 E3.11235
G1 X77.573 Y76.927 E4.30245
G1 X77.573 Y78.073 E4.4148
G1 X65.517 Y78.073 E5.59609
G1 X65.427 Y131.927 F7800
G1 F4800
G1 X143.427 Y131.927 E13.23834
G1 X143.427 Y78.073 E18.51476
G1 X135.427 Y78.073 E19.29858
G1 X135.427 Y76.927 E19.41093
G1 X144.573 Y76.927 E20.3071
G1 X144.573 Y133.073 E25.80821
G1 X65.427 Y133.073 E33.56281
G1 X65.427 Y132.017 E33.66634
G1 X66.162 Y78.662 F7800
;TYPE:External perimeter
G1 F2400
G1 X66.162 Y131.338 E38.82731
G1 X142.838 Y131.338 E46.33975
G1 X142.838 Y78.662 E51.50072
G1 X134.838 Y78.662 E52.28454
G1 X134.838 Y76.337 E52.51233
G1 X145.163 Y76.337 E53.52395
G1 X145.163 Y133.663 E59.14052
G1 X64.837 Y133.663 E67.01057
G1 X64.837 Y76.337 E72.62713
G1 X78.162 Y76.337 E73.93268
G1 X78.162 Y78.662 E74.16048
G1 X66.252 Y78.662 E75.3274
G1 X65.564 Y78.701 F7800
G1 X65.5 Y78.368
;TYPE:Gap fill
;WIDTH:0.821683
G1 F1200
G1 X65.5 Y131.632 E81.84538
G1 X65.721 Y132.5 F7800
;WIDTH:0.643365
G1 F1200
G1 X143.721 Y132.5 E89.07728
;WIDTH:0.691191
G1 X143.837 Y132.476 E89.08915
;WIDTH:0.691193
G1 X143.952 Y132.452 E89.10102
G1 X144 Y132.221 E89.12476
;WIDTH:0.643365
G1 X144 Y77.779 E94.17249
;WIDTH:0.691191
G1 X143.976 Y77.663 E94.18436
;WIDTH:0.691193
G1 X143.952 Y77.548 E94.19623
G1 X143.721 Y77.5 E94.21997
;WIDTH:0.643363
G1 X135.721 Y77.5 E94.9617
G1 E91.9617 F2400
G92 E0
G1 X77.279 Y77.5 F7800
G1 E3 F2400
;WIDTH:0.643365
G1 F1200
G1 X65.721 Y77.5 E4.07157
G1 E1.07157 F2400
G92 E0
G1 X71.292 Y85.811 F7800
G1 E3 F2400
;TYPE:External perimeter
;WIDTH:0.675
G1 F1800
G1 X71.147 Y85.834 E3.01437
G1 X70.707 Y85.821 E3.0575
G1 X70.277 Y85.725 E3.10064
G1 X69.872 Y85.549 E3.1439
G1 X69.494 Y85.288 E3.18891
G1 X69.295 Y85.1 E3.21571
G1 X69.105 Y84.87 E3.24495
G1 X68.884 Y84.496 E3.28756
G1 X68.734 Y84.082 E3.33069
G1 X68.666 Y83.647 E3.37383
G1 X68.679 Y83.207 E3.41696
G1 X68.774 Y82.782 E3.45957
G1 X68.884 Y82.504 E3.48886
G1 X69.028 Y82.242 E3.51815
G1 X69.295 Y81.899 E3.56076
G1 X69.625 Y81.608 E3.6039
G1 X70.004 Y81.384 E3.64703
G1 X70.42 Y81.234 E3.69029
G1 X70.874 Y81.166 E3.7353
G1 X71.147 Y81.167 E3.76211
G1 X71.443 Y81.204 E3.79134
G1 X71.861 Y81.325 E3.83395
G1 X72.253 Y81.525 E3.87709
G1 X72.601 Y81.795 E3.92022
G1 X72.892 Y82.125 E3.96335
G1 X73.116 Y82.504 E4.00649
G1 X73.266 Y82.918 E4.04962
G1 X73.334 Y83.353 E4.09275
G1 X73.321 Y83.793 E4.13589
G1 X73.225 Y84.223 E4.17902
G1 X73.052 Y84.622 E4.22163
G1 X72.892 Y84.874 E4.25087
G1 X72.718 Y85.085 E4.27767
G1 X72.376 Y85.392 E4.32268
G1 X71.996 Y85.616 E4.36594
G1 X71.582 Y85.766 E4.40908
G1 X71.381 Y85.797 E4.42902
G1 X71.244 Y85.95 F7800
G1 X71.204 Y86.656
G1 F1800
G1 X70.796 Y86.656 E4.46897
G1 X70.214 Y86.562 E4.52676
G1 X69.654 Y86.361 E4.58507
G1 X69.481 Y86.274 E4.60401
G1 X68.988 Y85.94 E4.66233
G1 X68.695 Y85.664 E4.70175
G1 X68.439 Y85.354 E4.74118
G1 X68.232 Y85.028 E4.77905
G1 X67.994 Y84.482 E4.83736
G1 X67.894 Y84.092 E4.87679
G1 X67.844 Y83.699 E4.91569
G1 X67.844 Y83.301 E4.95459
G1 X67.895 Y82.902 E4.99402
G1 X68.062 Y82.331 E5.05233
G1 X68.226 Y81.981 E5.0902
G1 X68.442 Y81.642 E5.12963
G1 X68.698 Y81.331 E5.16905
G1 X69.146 Y80.939 E5.22736
G1 X69.306 Y80.83 E5.24631
G1 X69.836 Y80.56 E5.30462
G1 X70.402 Y80.395 E5.36241
G1 X70.802 Y80.344 E5.4019
G1 X71.393 Y80.362 E5.45982
G1 X71.786 Y80.438 E5.49905
G1 X72.346 Y80.639 E5.55737
G1 X72.519 Y80.726 E5.57631
G1 X73.012 Y81.06 E5.63462
G1 X73.305 Y81.336 E5.67405
G1 X73.561 Y81.646 E5.71347
G1 X73.768 Y81.972 E5.75134
G1 X73.94 Y82.336 E5.79077
G1 X74.063 Y82.714 E5.82967
G1 X74.156 Y83.296 E5.88746
G1 X74.156 Y83.704 E5.92741
G1 X74.063 Y84.286 E5.9852
G1 X73.94 Y84.664 E6.02411
G1 X73.771 Y85.023 E6.06301
G1 X73.437 Y85.516 E6.12132
G1 X73.012 Y85.94 E6.18015
G1 X72.523 Y86.271 E6.23795
G1 X71.977 Y86.508 E6.29626
G1 X71.792 Y86.562 E6.3152
G1 X71.293 Y86.647 E6.36472
G1 X70.978 Y86.316 F7800
G1 X71.242 Y86.237
;TYPE:Gap fill
;WIDTH:0.328087
G1 F1200
G1 X71.184 Y86.245 E6.36704
;WIDTH:0.318721
G1 X71.184 Y86.245 E6.36708
;WIDTH:0.318591
G1 X71.162 Y86.245 E6.36792
;WIDTH:0.328085
G1 X70.816 Y86.24 E6.38186
;WIDTH:0.328087
G1 X70.667 Y86.231 E6.38787
;WIDTH:0.318718
G1 X70.666 Y86.23 E6.3879
;WIDTH:0.318591
G1 X70.645 Y86.227 E6.38875
;WIDTH:0.327716
G1 X70.317 Y86.159 E6.40219
;WIDTH:0.327714
G1 X70.161 Y86.117 E6.40871
;WIDTH:0.312461
G1 X70.141 Y86.11 E6.40951
;WIDTH:0.32883
G1 X69.978 Y86.049 E6.41653
;WIDTH:0.328829
G1 X69.831 Y85.985 E6.42302
;WIDTH:0.328828
G1 X69.685 Y85.916 E6.42953
;WIDTH:0.318718
G1 X69.682 Y85.915 E6.42965
;WIDTH:0.318209
G1 X69.663 Y85.903 E6.43053
;WIDTH:0.330223
G1 X69.377 Y85.714 E6.44446
;WIDTH:0.330221
G1 X69.257 Y85.626 E6.45052
;WIDTH:0.321986
G1 X69.242 Y85.614 E6.45127
;WIDTH:0.319109
G1 X69.228 Y85.602 E6.45196
;WIDTH:0.318854
G1 X69 Y85.386 E6.46414
;WIDTH:0.319021
G1 X68.995 Y85.382 E6.46437
;WIDTH:0.319021
G1 X68.99 Y85.376 E6.46469
;WIDTH:0.318721
G1 X68.773 Y85.114 E6.47785
;WIDTH:0.319076
G1 X68.768 Y85.107 E6.4782
;WIDTH:0.319291
G1 X68.763 Y85.1 E6.47856
;WIDTH:0.328828
G1 X68.681 Y84.971 E6.48469
;WIDTH:0.328829
G1 X68.6 Y84.833 E6.49118
;WIDTH:0.328828
G1 X68.518 Y84.68 E6.4982
;WIDTH:0.312459
G1 X68.509 Y84.66 E6.49901
;WIDTH:0.328833
G1 X68.443 Y84.5 E6.50603
;WIDTH:0.328831
G1 X68.392 Y84.36 E6.51204
;WIDTH:0.328832
G1 X68.341 Y84.194 E6.51906
;WIDTH:0.312463
G1 X68.336 Y84.173 E6.51987
;WIDTH:0.327714
G1 X68.303 Y84.014 E6.52638
;WIDTH:0.327714
G1 X68.256 Y83.684 E6.53982
;WIDTH:0.317385
G1 X68.255 Y83.673 E6.54024
;WIDTH:0.317385
G1 X68.255 Y83.662 E6.54066
;WIDTH:0.327714
G1 X68.26 Y83.328 E6.55411
;WIDTH:0.327715
G1 X68.273 Y83.166 E6.56062
;WIDTH:0.312459
G1 X68.275 Y83.145 E6.56142
;WIDTH:0.328827
G1 X68.305 Y82.974 E6.56844
;WIDTH:0.328826
G1 X68.338 Y82.829 E6.57446
;WIDTH:0.328824
G1 X68.381 Y82.671 E6.58108
;WIDTH:0.313401
G1 X68.386 Y82.654 E6.58175
;WIDTH:0.324886
G1 X68.45 Y82.478 E6.58919
;WIDTH:0.324884
G1 X68.508 Y82.336 E6.5953
;WIDTH:0.320056
G1 X68.511 Y82.329 E6.59558
;WIDTH:0.320057
G1 X68.515 Y82.322 E6.59587
;WIDTH:0.324884
G1 X68.587 Y82.187 E6.60197
;WIDTH:0.324885
G1 X68.682 Y82.025 E6.60942
;WIDTH:0.313406
G1 X68.692 Y82.011 E6.61009
;WIDTH:0.327716
G1 X68.779 Y81.886 E6.6162
;WIDTH:0.327718
G1 X68.988 Y81.625 E6.62965
;WIDTH:0.318589
G1 X69.002 Y81.609 E6.63049
;WIDTH:0.318714
G1 X69.003 Y81.608 E6.63052
;WIDTH:0.328084
G1 X69.112 Y81.506 E6.63653
;WIDTH:0.328084
G1 X69.375 Y81.282 E6.65048
;WIDTH:0.318594
G1 X69.392 Y81.268 E6.65132
;WIDTH:0.318722
G1 X69.393 Y81.268 E6.65135
;WIDTH:0.328833
G1 X69.529 Y81.181 E6.65786
;WIDTH:0.328832
G1 X69.667 Y81.1 E6.66435
;WIDTH:0.328832
G1 X69.82 Y81.018 E6.67137
;WIDTH:0.312463
G1 X69.84 Y81.009 E6.67218
;WIDTH:0.327718
G1 X69.989 Y80.947 E6.67869
;WIDTH:0.327715
G1 X70.308 Y80.838 E6.69223
;WIDTH:0.318279
G1 X70.327 Y80.833 E6.69301
;WIDTH:0.318424
G1 X70.33 Y80.832 E6.69311
;WIDTH:0.328745
G1 X70.474 Y80.805 E6.69903
;WIDTH:0.328744
G1 X70.829 Y80.756 E6.71351
;WIDTH:0.320189
G1 X70.835 Y80.756 E6.71374
;WIDTH:0.319329
G1 X70.853 Y80.755 E6.71443
;WIDTH:0.320229
G1 X71.14 Y80.755 E6.72563
;WIDTH:0.320229
G1 X71.167 Y80.756 E6.72668
;WIDTH:0.318093
G1 X71.181 Y80.757 E6.72723
;WIDTH:0.324609
G1 X71.337 Y80.773 E6.73346
;WIDTH:0.324609
G1 X71.518 Y80.802 E6.74072
;WIDTH:0.313404
G1 X71.535 Y80.805 E6.7414
;WIDTH:0.327715
G1 X71.683 Y80.841 E6.74751
;WIDTH:0.327714
G1 X72.002 Y80.939 E6.76095
;WIDTH:0.318591
G1 X72.023 Y80.946 E6.7618
;WIDTH:0.318718
G1 X72.024 Y80.947 E6.76183
;WIDTH:0.32883
G1 X72.169 Y81.015 E6.76833
;WIDTH:0.32883
G1 X72.312 Y81.088 E6.77482
;WIDTH:0.328831
G1 X72.463 Y81.174 E6.78185
;WIDTH:0.312462
G1 X72.481 Y81.186 E6.78265
;WIDTH:0.32883
G1 X72.623 Y81.286 E6.78967
;WIDTH:0.32883
G1 X72.741 Y81.377 E6.79568
;WIDTH:0.32883
G1 X72.873 Y81.49 E6.80271
;WIDTH:0.312462
G1 X72.889 Y81.504 E6.80351
;WIDTH:0.327715
G1 X73.001 Y81.621 E6.81002
;WIDTH:0.327714
G1 X73.218 Y81.875 E6.82347
;WIDTH:0.318589
G1 X73.232 Y81.892 E6.82431
;WIDTH:0.318714
G1 X73.232 Y81.893 E6.82434
;WIDTH:0.328828
G1 X73.319 Y82.029 E6.83085
;WIDTH:0.328833
G1 X73.4 Y82.167 E6.83734
;WIDTH:0.328833
G1 X73.482 Y82.32 E6.84436
;WIDTH:0.312462
G1 X73.491 Y82.34 E6.84517
;WIDTH:0.327717
G1 X73.553 Y82.489 E6.85168
;WIDTH:0.327715
G1 X73.661 Y82.806 E6.86512
;WIDTH:0.317393
G1 X73.664 Y82.816 E6.86554
;WIDTH:0.317394
G1 X73.666 Y82.827 E6.86596
;WIDTH:0.328088
G1 X73.726 Y83.168 E6.87991
;WIDTH:0.328089
G1 X73.745 Y83.316 E6.88591
;WIDTH:0.318717
G1 X73.745 Y83.316 E6.88594
;WIDTH:0.318593
G1 X73.745 Y83.338 E6.88679
;WIDTH:0.328087
G1 X73.74 Y83.684 E6.90073
;WIDTH:0.328085
G1 X73.731 Y83.833 E6.90674
;WIDTH:0.318718
G1 X73.73 Y83.834 E6.90677
;WIDTH:0.318592
G1 X73.727 Y83.855 E6.90762
;WIDTH:0.327717
G1 X73.659 Y84.183 E6.92106
;WIDTH:0.327719
G1 X73.617 Y84.339 E6.92758
;WIDTH:0.312461
G1 X73.61 Y84.359 E6.92838
;WIDTH:0.327715
G1 X73.553 Y84.511 E6.93489
;WIDTH:0.327714
G1 X73.419 Y84.806 E6.94793
;WIDTH:0.318391
G1 X73.411 Y84.822 E6.94864
;WIDTH:0.318726
G1 X73.41 Y84.825 E6.94874
;WIDTH:0.318725
G1 X73.229 Y85.109 E6.96179
;WIDTH:0.319597
G1 X73.221 Y85.121 E6.96235
;WIDTH:0.320315
G1 X73.218 Y85.126 E6.96258
;WIDTH:0.324828
G1 X73.117 Y85.252 E6.96897
;WIDTH:0.324829
G1 X73.022 Y85.364 E6.97483
;WIDTH:0.320019
G1 X73.013 Y85.374 E6.97536
;WIDTH:0.320042
G1 X73.01 Y85.377 E6.97553
;WIDTH:0.328746
G1 X72.741 Y85.623 E6.99025
;WIDTH:0.328746
G1 X72.628 Y85.717 E6.99617
;WIDTH:0.318427
G1 X72.626 Y85.719 E6.99627
;WIDTH:0.318279
G1 X72.61 Y85.73 E6.99705
;WIDTH:0.327717
G1 X72.323 Y85.906 E7.01059
;WIDTH:0.327716
G1 X72.18 Y85.982 E7.0171
;WIDTH:0.31246
G1 X72.16 Y85.991 E7.01791
;WIDTH:0.328831
G1 X72 Y86.057 E7.02493
;WIDTH:0.328829
G1 X71.849 Y86.112 E7.03142
;WIDTH:0.32883
G1 X71.695 Y86.161 E7.03793
;WIDTH:0.31872
G1 X71.695 Y86.162 E7.03796
;WIDTH:0.31859
G1 X71.673 Y86.166 E7.0388
;WIDTH:0.328088
G1 X71.332 Y86.226 E7.05275
;WIDTH:0.328087
G1 X71.331 Y86.226 E7.05281
G1 E4.05281 F2400
G92 E0
G1 X72.885 Y127.869 F7800
G1 E3 F2400
;TYPE:External perimeter
;WIDTH:0.675
G1 F1800
G1 X72.802 Y127.992 E3.01462
G1 X72.474 Y128.314 E3.05963
G1 X72.252 Y128.474 E3.08644
G1 X71.991 Y128.618 E3.11567
G1 X71.582 Y128.766 E3.15829
G1 X71.147 Y128.834 E3.20142
G1 X70.707 Y128.821 E3.24455
G1 X70.282 Y128.726 E3.28716
G1 X70.004 Y128.616 E3.31645
G1 X69.742 Y128.472 E3.34575
G1 X69.399 Y128.205 E3.38836
G1 X69.108 Y127.875 E3.43149
G1 X68.884 Y127.496 E3.47462
G1 X68.734 Y127.082 E3.51776
G1 X68.666 Y126.647 E3.56089
G1 X68.679 Y126.207 E3.60402
G1 X68.774 Y125.782 E3.64664
G1 X68.884 Y125.504 E3.67593
G1 X69.028 Y125.242 E3.70522
G1 X69.295 Y124.899 E3.74783
G1 X69.625 Y124.608 E3.79096
G1 X70.004 Y124.384 E3.83409
G1 X70.42 Y124.234 E3.87735
G1 X70.874 Y124.166 E3.92236
G1 X71.147 Y124.167 E3.94917
G1 X71.443 Y124.204 E3.97841
G1 X71.861 Y124.325 E4.02102
G1 X72.253 Y124.525 E4.06415
G1 X72.601 Y124.795 E4.10728
G1 X72.892 Y125.125 E4.15042
G1 X73.116 Y125.504 E4.19355
G1 X73.266 Y125.918 E4.23668
G1 X73.334 Y126.353 E4.27982
G1 X73.321 Y126.793 E4.32295
G1 X73.225 Y127.223 E4.36608
G1 X73.05 Y127.627 E4.40922
G1 X72.936 Y127.794 E4.42904
G1 X72.955 Y128 F7800
G1 X74.001 Y127.476
G1 F1800
G1 X73.94 Y127.664 E4.44844
G1 X73.771 Y128.023 E4.48734
G1 X73.437 Y128.516 E4.54566
G1 X73.012 Y128.94 E4.60449
G1 X72.523 Y129.271 E4.66228
G1 X71.977 Y129.508 E4.72059
G1 X71.391 Y129.638 E4.77943
G1 X70.801 Y129.656 E4.83722
G1 X70.219 Y129.564 E4.89501
G1 X69.654 Y129.361 E4.95385
G1 X69.142 Y129.058 E5.01216
G1 X68.833 Y128.803 E5.05139
G1 X68.667 Y128.633 E5.07469
G1 X68.442 Y128.359 E5.10936
G1 X68.229 Y128.023 E5.14833
G1 X67.994 Y127.482 E5.20612
G1 X67.863 Y126.896 E5.26495
G1 X67.844 Y126.301 E5.32327
G1 X67.936 Y125.719 E5.38106
G1 X68.139 Y125.154 E5.43989
G1 X68.442 Y124.642 E5.49821
G1 X68.835 Y124.195 E5.55652
G1 X69.31 Y123.827 E5.61535
G1 X69.836 Y123.56 E5.67314
G1 X70.402 Y123.395 E5.73093
G1 X70.802 Y123.344 E5.77043
G1 X71.156 Y123.343 E5.80509
G1 X71.393 Y123.362 E5.8284
G1 X71.786 Y123.438 E5.86763
G1 X72.346 Y123.639 E5.92594
G1 X72.863 Y123.945 E5.98477
G1 X73.305 Y124.336 E6.04257
G1 X73.561 Y124.646 E6.08199
G1 X73.768 Y124.972 E6.11986
G1 X73.94 Y125.336 E6.15928
G1 X74.063 Y125.714 E6.19819
G1 X74.138 Y126.109 E6.23761
G1 X74.156 Y126.704 E6.29593
G1 X74.138 Y126.891 E6.31435
G1 X74.029 Y127.39 E6.36439
G1 X73.809 Y127.524 F7800
G1 X73.632 Y127.281
;TYPE:Gap fill
;WIDTH:0.327717
G1 F1200
G1 X73.617 Y127.339 E6.36678
;WIDTH:0.312462
G1 X73.61 Y127.359 E6.36759
;WIDTH:0.327713
G1 X73.553 Y127.511 E6.3741
;WIDTH:0.327713
G1 X73.415 Y127.815 E6.38755
;WIDTH:0.317388
G1 X73.41 Y127.825 E6.38797
;WIDTH:0.317386
G1 X73.405 Y127.834 E6.38839
;WIDTH:0.328087
G1 X73.215 Y128.124 E6.40233
;WIDTH:0.328085
G1 X73.125 Y128.247 E6.40847
;WIDTH:0.318512
G1 X73.12 Y128.254 E6.4088
;WIDTH:0.318416
G1 X73.11 Y128.264 E6.40935
;WIDTH:0.328741
G1 X73.01 Y128.371 E6.41527
;WIDTH:0.328742
G1 X72.747 Y128.623 E6.42999
;WIDTH:0.320048
G1 X72.744 Y128.626 E6.43016
;WIDTH:0.320026
G1 X72.733 Y128.635 E6.43069
;WIDTH:0.324424
G1 X72.625 Y128.716 E6.43607
;WIDTH:0.324424
G1 X72.477 Y128.816 E6.44316
;WIDTH:0.313819
G1 X72.465 Y128.824 E6.44369
;WIDTH:0.324143
G1 X72.324 Y128.907 E6.4502
;WIDTH:0.324145
G1 X72.167 Y128.987 E6.45715
;WIDTH:0.313404
G1 X72.151 Y128.995 E6.45783
;WIDTH:0.328835
G1 X72 Y129.057 E6.46444
;WIDTH:0.328834
G1 X71.849 Y129.112 E6.47093
;WIDTH:0.328834
G1 X71.695 Y129.161 E6.47744
;WIDTH:0.318719
G1 X71.695 Y129.162 E6.47747
;WIDTH:0.318588
G1 X71.673 Y129.166 E6.47832
;WIDTH:0.328088
G1 X71.332 Y129.226 E6.49226
;WIDTH:0.328087
G1 X71.184 Y129.245 E6.49827
;WIDTH:0.318723
G1 X71.184 Y129.245 E6.4983
;WIDTH:0.318595
G1 X71.162 Y129.245 E6.49915
;WIDTH:0.327717
G1 X70.828 Y129.24 E6.51259
;WIDTH:0.327717
G1 X70.666 Y129.227 E6.5191
;WIDTH:0.312462
G1 X70.645 Y129.225 E6.51991
;WIDTH:0.32883
G1 X70.474 Y129.195 E6.52693
;WIDTH:0.328831
G1 X70.329 Y129.162 E6.53294
;WIDTH:0.328832
G1 X70.171 Y129.119 E6.53956
;WIDTH:0.313403
G1 X70.154 Y129.114 E6.54023
;WIDTH:0.324887
G1 X69.978 Y129.05 E6.54768
;WIDTH:0.324888
G1 X69.836 Y128.992 E6.55378
;WIDTH:0.320064
G1 X69.829 Y128.989 E6.55407
;WIDTH:0.320065
G1 X69.822 Y128.985 E6.55435
;WIDTH:0.324886
G1 X69.687 Y128.913 E6.56046
;WIDTH:0.324887
G1 X69.525 Y128.818 E6.5679
;WIDTH:0.313403
G1 X69.511 Y128.808 E6.56858
;WIDTH:0.327714
G1 X69.386 Y128.721 E6.57469
;WIDTH:0.327713
G1 X69.125 Y128.512 E6.58813
;WIDTH:0.318079
G1 X69.112 Y128.5 E6.58884
;WIDTH:0.318206
G1 X69.109 Y128.498 E6.58898
;WIDTH:0.328143
G1 X68.977 Y128.355 E6.59681
;WIDTH:0.328145
G1 X68.781 Y128.125 E6.60896
;WIDTH:0.317491
G1 X68.776 Y128.118 E6.60932
;WIDTH:0.317492
G1 X68.769 Y128.108 E6.6098
;WIDTH:0.327711
G1 X68.594 Y127.823 E6.62325
G1 X68.518 Y127.68 E6.62976
;WIDTH:0.312459
G1 X68.509 Y127.66 E6.63056
;WIDTH:0.328829
G1 X68.443 Y127.5 E6.63758
;WIDTH:0.328831
G1 X68.392 Y127.36 E6.6436
;WIDTH:0.32883
G1 X68.341 Y127.194 E6.65062
;WIDTH:0.312463
G1 X68.336 Y127.173 E6.65142
;WIDTH:0.328831
G1 X68.301 Y127.003 E6.65845
;WIDTH:0.328832
G1 X68.276 Y126.844 E6.66494
;WIDTH:0.328826
G1 X68.255 Y126.684 E6.67144
;WIDTH:0.318717
G1 X68.255 Y126.684 E6.67147
;WIDTH:0.318591
G1 X68.255 Y126.662 E6.67232
;WIDTH:0.327714
G1 X68.26 Y126.328 E6.68576
;WIDTH:0.327715
G1 X68.273 Y126.166 E6.69228
;WIDTH:0.312459
G1 X68.275 Y126.145 E6.69308
;WIDTH:0.328827
G1 X68.305 Y125.974 E6.7001
;WIDTH:0.328827
G1 X68.338 Y125.829 E6.70611
;WIDTH:0.328824
G1 X68.381 Y125.671 E6.71273
;WIDTH:0.3134
G1 X68.386 Y125.654 E6.71341
;WIDTH:0.324884
G1 X68.45 Y125.478 E6.72085
;WIDTH:0.324885
G1 X68.508 Y125.336 E6.72695
;WIDTH:0.320057
G1 X68.511 Y125.329 E6.72724
;WIDTH:0.320058
G1 X68.515 Y125.322 E6.72753
;WIDTH:0.324885
G1 X68.587 Y125.187 E6.73363
;WIDTH:0.324885
G1 X68.682 Y125.025 E6.74107
;WIDTH:0.313406
G1 X68.692 Y125.011 E6.74175
;WIDTH:0.327716
G1 X68.779 Y124.886 E6.74786
;WIDTH:0.327718
G1 X68.988 Y124.625 E6.7613
;WIDTH:0.318589
G1 X69.002 Y124.609 E6.76215
;WIDTH:0.318714
G1 X69.003 Y124.608 E6.76218
;WIDTH:0.328829
G1 X69.12 Y124.498 E6.76869
;WIDTH:0.328832
G1 X69.241 Y124.392 E6.77518
;WIDTH:0.328835
G1 X69.376 Y124.283 E6.7822
;WIDTH:0.312464
G1 X69.394 Y124.271 E6.783
;WIDTH:0.328833
G1 X69.539 Y124.175 E6.79002
;WIDTH:0.328835
G1 X69.667 Y124.1 E6.79604
;WIDTH:0.328832
G1 X69.82 Y124.018 E6.80306
;WIDTH:0.312464
G1 X69.84 Y124.009 E6.80386
;WIDTH:0.327716
G1 X69.989 Y123.947 E6.81038
;WIDTH:0.327717
G1 X70.308 Y123.838 E6.82392
;WIDTH:0.318277
G1 X70.327 Y123.833 E6.8247
;WIDTH:0.318423
G1 X70.33 Y123.832 E6.8248
;WIDTH:0.328743
G1 X70.474 Y123.805 E6.83072
;WIDTH:0.328742
G1 X70.829 Y123.756 E6.8452
;WIDTH:0.320187
G1 X70.835 Y123.756 E6.84543
;WIDTH:0.319327
G1 X70.853 Y123.755 E6.84612
;WIDTH:0.320228
G1 X71.14 Y123.755 E6.85732
;WIDTH:0.320227
G1 X71.167 Y123.756 E6.85837
;WIDTH:0.31809
G1 X71.181 Y123.757 E6.85892
;WIDTH:0.324605
G1 X71.337 Y123.773 E6.86515
;WIDTH:0.324607
G1 X71.518 Y123.802 E6.87241
;WIDTH:0.313402
G1 X71.535 Y123.805 E6.87308
;WIDTH:0.327713
G1 X71.683 Y123.841 E6.87919
;WIDTH:0.327712
G1 X72.002 Y123.939 E6.89264
;WIDTH:0.318591
G1 X72.023 Y123.946 E6.89348
;WIDTH:0.318717
G1 X72.024 Y123.947 E6.89351
;WIDTH:0.328828
G1 X72.169 Y124.015 E6.90002
;WIDTH:0.328829
G1 X72.312 Y124.088 E6.90651
;WIDTH:0.328831
G1 X72.463 Y124.174 E6.91353
;WIDTH:0.312461
G1 X72.481 Y124.186 E6.91434
;WIDTH:0.328831
G1 X72.623 Y124.286 E6.92136
;WIDTH:0.32883
G1 X72.741 Y124.377 E6.92737
;WIDTH:0.328833
G1 X72.873 Y124.49 E6.93439
;WIDTH:0.312462
G1 X72.889 Y124.504 E6.9352
;WIDTH:0.327714
G1 X73.001 Y124.621 E6.94171
;WIDTH:0.327714
G1 X73.218 Y124.875 E6.95515
;WIDTH:0.318589
G1 X73.232 Y124.892 E6.956
;WIDTH:0.318715
G1 X73.232 Y124.893 E6.95603
;WIDTH:0.328829
G1 X73.319 Y125.029 E6.96254
;WIDTH:0.328835
G1 X73.4 Y125.167 E6.96903
;WIDTH:0.328833
G1 X73.482 Y125.32 E6.97605
;WIDTH:0.312463
G1 X73.491 Y125.34 E6.97685
;WIDTH:0.327717
G1 X73.553 Y125.489 E6.98337
;WIDTH:0.327716
G1 X73.661 Y125.806 E6.99681
;WIDTH:0.317394
G1 X73.664 Y125.816 E6.99723
;WIDTH:0.317396
G1 X73.666 Y125.827 E6.99765
;WIDTH:0.328087
G1 X73.726 Y126.168 E7.01159
;WIDTH:0.328089
G1 X73.745 Y126.316 E7.0176
;WIDTH:0.318717
G1 X73.745 Y126.316 E7.01763
;WIDTH:0.318593
G1 X73.745 Y126.338 E7.01848
;WIDTH:0.328086
G1 X73.74 Y126.684 E7.03242
;WIDTH:0.328085
G1 X73.731 Y126.833 E7.03843
;WIDTH:0.318717
G1 X73.73 Y126.834 E7.03846
;WIDTH:0.318594
G1 X73.727 Y126.855 E7.03931
;WIDTH:0.327718
G1 X73.659 Y127.183 E7.05275
;WIDTH:0.327717
G1 X73.656 Y127.195 E7.05325
;LAYER_CHANGE
;Z:5.45
;HEIGHT:0.4
G1 Z5.45 F7800
G1 X72.885 Y127.869
;TYPE:External perimeter
;WIDTH:0.675
G1 F1800
G1 X72.802 Y127.991 E7.06775
G1 X72.495 Y128.298 E7.11036
G1 X72.253 Y128.474 E7.13965
G1 X71.991 Y128.618 E7.16894
G1 X71.582 Y128.766 E7.21155
G1 X71.147 Y128.834 E7.25468
G1 X70.707 Y128.821 E7.29782
G1 X70.282 Y128.726 E7.34043
G1 X70.004 Y128.616 E7.36972
G1 X69.742 Y128.472 E7.39901
G1 X69.399 Y128.205 E7.44162
G1 X69.108 Y127.875 E7.48475
G1 X68.884 Y127.496 E7.52789
G1 X68.734 Y127.082 E7.57102
G1 X68.666 Y126.647 E7.61415
G1 X68.679 Y126.207 E7.65729
G1 X68.774 Y125.782 E7.6999
G1 X68.884 Y125.504 E7.72919
G1 X69.028 Y125.242 E7.75848
G1 X69.295 Y124.899 E7.80109
G1 X69.625 Y124.608 E7.84422
G1 X70.004 Y124.384 E7.88736
G1 X70.419 Y124.234 E7.93057
G1 X70.865 Y124.166 E7.97475
G1 X71.147 Y124.166 E8.00242
G1 X71.443 Y124.204 E8.03167
G1 X71.861 Y124.325 E8.07428
G1 X72.253 Y124.525 E8.11742
G1 X72.601 Y124.795 E8.16055
G1 X72.892 Y125.125 E8.20368
G1 X73.116 Y125.504 E8.24682
G1 X73.266 Y125.918 E8.28995
G1 X73.334 Y126.353 E8.33308
G1 X73.321 Y126.793 E8.37622
G1 X73.225 Y127.223 E8.41935
G1 X73.05 Y127.627 E8.46249
G1 X72.936 Y127.794 E8.4823
G1 X72.955 Y127.999 F7800
G1 X74.001 Y127.476
G1 F1800
G1 X73.94 Y127.664 E8.50171
G1 X73.771 Y128.023 E8.54061
G1 X73.437 Y128.516 E8.59892
G1 X73.012 Y128.94 E8.65776
G1 X72.523 Y129.271 E8.71555
G1 X71.977 Y129.508 E8.77386
G1 X71.391 Y129.638 E8.8327
G1 X70.801 Y129.656 E8.89049
G1 X70.219 Y129.564 E8.94828
G1 X69.654 Y129.361 E9.00711
G1 X69.142 Y129.058 E9.06543
G1 X68.833 Y128.802 E9.10471
G1 X68.678 Y128.645 E9.12632
G1 X68.442 Y128.359 E9.16265
G1 X68.229 Y128.023 E9.2016
G1 X67.994 Y127.482 E9.25939
G1 X67.863 Y126.898 E9.31809
G1 X67.844 Y126.302 E9.37649
G1 X67.936 Y125.719 E9.43433
G1 X68.139 Y125.154 E9.49316
G1 X68.442 Y124.642 E9.55147
G1 X68.835 Y124.195 E9.60979
G1 X69.31 Y123.827 E9.66862
G1 X69.836 Y123.56 E9.72641
G1 X70.402 Y123.395 E9.7842
G1 X70.802 Y123.344 E9.82367
G1 X71.173 Y123.343 E9.86
G1 X71.392 Y123.362 E9.88161
G1 X71.786 Y123.438 E9.9209
G1 X72.346 Y123.639 E9.97921
G1 X72.863 Y123.945 E10.03804
G1 X73.305 Y124.336 E10.09584
G1 X73.561 Y124.646 E10.13526
G1 X73.768 Y124.972 E10.17313
G1 X73.94 Y125.336 E10.21256
G1 X74.063 Y125.714 E10.25146
G1 X74.138 Y126.108 E10.29075
G1 X74.156 Y126.703 E10.34915
G1 X74.138 Y126.891 E10.36762
G1 X74.029 Y127.39 E10.41766
G1 X73.809 Y127.524 F7800
G1 X73.632 Y127.281
;TYPE:Gap fill
;WIDTH:0.327717
G1 F1200
G1 X73.617 Y127.339 E10.42005
;WIDTH:0.312464
G1 X73.61 Y127.359 E10.42086
;WIDTH:0.327715
G1 X73.553 Y127.511 E10.42737
;WIDTH:0.327714
G1 X73.415 Y127.815 E10.44081
;WIDTH:0.317387
G1 X73.41 Y127.825 E10.44123
;WIDTH:0.317386
G1 X73.405 Y127.834 E10.44165
;WIDTH:0.328083
G1 X73.215 Y128.124 E10.4556
;WIDTH:0.328084
G1 X73.127 Y128.245 E10.46164
;WIDTH:0.318661
G1 X73.12 Y128.254 E10.46206
;WIDTH:0.318658
G1 X73.113 Y128.262 E10.46249
;WIDTH:0.328085
G1 X73.01 Y128.371 E10.46853
;WIDTH:0.328083
G1 X72.769 Y128.605 E10.48207
;WIDTH:0.318389
G1 X72.755 Y128.617 E10.48277
;WIDTH:0.320203
G1 X72.744 Y128.626 E10.48333
;WIDTH:0.324885
G1 X72.625 Y128.716 E10.48926
;WIDTH:0.324885
G1 X72.478 Y128.816 E10.49631
;WIDTH:0.313752
G1 X72.466 Y128.823 E10.49685
;WIDTH:0.324144
G1 X72.324 Y128.907 E10.50341
;WIDTH:0.324144
G1 X72.167 Y128.987 E10.51036
;WIDTH:0.313404
G1 X72.151 Y128.995 E10.51103
;WIDTH:0.328835
G1 X72 Y129.057 E10.51765
;WIDTH:0.328835
G1 X71.849 Y129.112 E10.52414
;WIDTH:0.328834
G1 X71.695 Y129.161 E10.53065
;WIDTH:0.318721
G1 X71.695 Y129.162 E10.53068
;WIDTH:0.318591
G1 X71.673 Y129.166 E10.53153
;WIDTH:0.328089
G1 X71.332 Y129.226 E10.54547
;WIDTH:0.328087
G1 X71.184 Y129.245 E10.55148
;WIDTH:0.318723
G1 X71.184 Y129.245 E10.55151
;WIDTH:0.318595
G1 X71.162 Y129.245 E10.55235
;WIDTH:0.327717
G1 X70.828 Y129.24 E10.5658
;WIDTH:0.327717
G1 X70.666 Y129.227 E10.57231
;WIDTH:0.312462
G1 X70.645 Y129.225 E10.57311
;WIDTH:0.32883
G1 X70.474 Y129.195 E10.58014
;WIDTH:0.328831
G1 X70.329 Y129.162 E10.58615
;WIDTH:0.32883
G1 X70.171 Y129.119 E10.59277
;WIDTH:0.313404
G1 X70.154 Y129.114 E10.59344
;WIDTH:0.324888
G1 X69.978 Y129.05 E10.60088
;WIDTH:0.324886
G1 X69.836 Y128.992 E10.60699
;WIDTH:0.320063
G1 X69.829 Y128.989 E10.60728
;WIDTH:0.320064
G1 X69.822 Y128.985 E10.60756
;WIDTH:0.324887
G1 X69.687 Y128.913 E10.61367
;WIDTH:0.324887
G1 X69.525 Y128.818 E10.62111
;WIDTH:0.313403
G1 X69.511 Y128.808 E10.62178
;WIDTH:0.327712
G1 X69.386 Y128.721 E10.62789
;WIDTH:0.327713
G1 X69.125 Y128.512 E10.64134
;WIDTH:0.318255
G1 X69.111 Y128.499 E10.6421
;WIDTH:0.318355
G1 X69.109 Y128.498 E10.64218
;WIDTH:0.328128
G1 X68.987 Y128.367 E10.64939
;WIDTH:0.328128
G1 X68.781 Y128.125 E10.66217
;WIDTH:0.31745
G1 X68.775 Y128.118 E10.66255
;WIDTH:0.317451
G1 X68.769 Y128.108 E10.66301
;WIDTH:0.327714
G1 X68.594 Y127.823 E10.67645
;WIDTH:0.327714
G1 X68.518 Y127.68 E10.68297
;WIDTH:0.312461
G1 X68.509 Y127.66 E10.68377
;WIDTH:0.328832
G1 X68.443 Y127.5 E10.69079
;WIDTH:0.328831
G1 X68.392 Y127.36 E10.6968
;WIDTH:0.32883
G1 X68.341 Y127.194 E10.70383
;WIDTH:0.312461
G1 X68.336 Y127.173 E10.70463
;WIDTH:0.328831
G1 X68.301 Y127.003 E10.71165
;WIDTH:0.328832
G1 X68.276 Y126.847 E10.71802
;WIDTH:0.328826
G1 X68.256 Y126.684 E10.72468
;WIDTH:0.317625
G1 X68.254 Y126.662 E10.72552
;WIDTH:0.318363
G1 X68.254 Y126.656 E10.72577
;WIDTH:0.327802
G1 X68.26 Y126.329 E10.73892
;WIDTH:0.327802
G1 X68.273 Y126.166 E10.74548
;WIDTH:0.312458
G1 X68.275 Y126.145 E10.74628
;WIDTH:0.328826
G1 X68.305 Y125.974 E10.7533
;WIDTH:0.328826
G1 X68.338 Y125.829 E10.75932
;WIDTH:0.328824
G1 X68.381 Y125.671 E10.76593
;WIDTH:0.3134
G1 X68.386 Y125.654 E10.76661
;WIDTH:0.324885
G1 X68.45 Y125.478 E10.77405
;WIDTH:0.324886
G1 X68.508 Y125.336 E10.78015
;WIDTH:0.320056
G1 X68.511 Y125.329 E10.78044
;WIDTH:0.320057
G1 X68.515 Y125.322 E10.78073
;WIDTH:0.324886
G1 X68.587 Y125.187 E10.78683
;WIDTH:0.324885
G1 X68.682 Y125.025 E10.79428
;WIDTH:0.313409
G1 X68.692 Y125.011 E10.79495
;WIDTH:0.327719
G1 X68.779 Y124.886 E10.80106
;WIDTH:0.327718
G1 X68.988 Y124.625 E10.81451
;WIDTH:0.318588
G1 X69.002 Y124.609 E10.81535
;WIDTH:0.318717
G1 X69.003 Y124.608 E10.81538
;WIDTH:0.328828
G1 X69.12 Y124.498 E10.82189
;WIDTH:0.328833
G1 X69.241 Y124.392 E10.82838
;WIDTH:0.328832
G1 X69.376 Y124.283 E10.8354
;WIDTH:0.312464
G1 X69.394 Y124.271 E10.8362
;WIDTH:0.328833
G1 X69.539 Y124.175 E10.84323
;WIDTH:0.328834
G1 X69.667 Y124.1 E10.84924
;WIDTH:0.328835
G1 X69.82 Y124.018 E10.85626
;WIDTH:0.312465
G1 X69.84 Y124.009 E10.85706
;WIDTH:0.327718
G1 X69.989 Y123.947 E10.86358
;WIDTH:0.327717
G1 X70.307 Y123.839 E10.87709
;WIDTH:0.318421
G1 X70.327 Y123.833 E10.8779
;WIDTH:0.318505
G1 X70.329 Y123.832 E10.87795
;WIDTH:0.32853
G1 X70.474 Y123.805 E10.88392
;WIDTH:0.328529
G1 X70.825 Y123.756 E10.89823
;WIDTH:0.319174
G1 X70.828 Y123.756 E10.89836
;WIDTH:0.319134
G1 X70.843 Y123.755 E10.89892
;WIDTH:0.319735
G1 X71.156 Y123.755 E10.91108
;WIDTH:0.319733
G1 X71.166 Y123.755 E10.9115
;WIDTH:0.318832
G1 X71.181 Y123.757 E10.91206
;WIDTH:0.32469
G1 X71.336 Y123.773 E10.91825
;WIDTH:0.324689
G1 X71.518 Y123.802 E10.92557
;WIDTH:0.313401
G1 X71.535 Y123.805 E10.92624
;WIDTH:0.32771
G1 X71.683 Y123.841 E10.93235
;WIDTH:0.327712
G1 X72.002 Y123.939 E10.9458
;WIDTH:0.31859
G1 X72.023 Y123.946 E10.94664
;WIDTH:0.318717
G1 X72.024 Y123.947 E10.94668
;WIDTH:0.328829
G1 X72.169 Y124.015 E10.95318
;WIDTH:0.328832
G1 X72.312 Y124.088 E10.95967
;WIDTH:0.328833
G1 X72.463 Y124.174 E10.96669
;WIDTH:0.312461
G1 X72.481 Y124.186 E10.9675
;WIDTH:0.328829
G1 X72.623 Y124.286 E10.97452
;WIDTH:0.328833
G1 X72.741 Y124.377 E10.98053
;WIDTH:0.328831
G1 X72.873 Y124.49 E10.98755
;WIDTH:0.312463
G1 X72.889 Y124.504 E10.98836
;WIDTH:0.327715
G1 X73.001 Y124.621 E10.99487
;WIDTH:0.327714
G1 X73.218 Y124.875 E11.00832
;WIDTH:0.318589
G1 X73.232 Y124.892 E11.00916
;WIDTH:0.318715
G1 X73.232 Y124.893 E11.00919
;WIDTH:0.328829
G1 X73.319 Y125.029 E11.0157
;WIDTH:0.328834
G1 X73.4 Y125.167 E11.02219
;WIDTH:0.328835
G1 X73.482 Y125.32 E11.02921
;WIDTH:0.312465
G1 X73.491 Y125.34 E11.03001
;WIDTH:0.327719
G1 X73.553 Y125.489 E11.03653
;WIDTH:0.327717
G1 X73.661 Y125.806 E11.04997
;WIDTH:0.317395
G1 X73.664 Y125.816 E11.05039
;WIDTH:0.317394
G1 X73.666 Y125.827 E11.05081
;WIDTH:0.32799
G1 X73.725 Y126.165 E11.06462
;WIDTH:0.327992
G1 X73.744 Y126.316 E11.07079
;WIDTH:0.317627
G1 X73.746 Y126.338 E11.07163
;WIDTH:0.318363
G1 X73.746 Y126.344 E11.07187
;WIDTH:0.328144
G1 X73.74 Y126.683 E11.08553
;WIDTH:0.328144
G1 X73.731 Y126.833 E11.09157
;WIDTH:0.318718
G1 X73.73 Y126.834 E11.0916
;WIDTH:0.318592
G1 X73.727 Y126.855 E11.09245
;WIDTH:0.327718
G1 X73.659 Y127.183 E11.1059
;WIDTH:0.327717
G1 X73.656 Y127.195 E11.10639
G1 E8.10639 F2400
G92 E0
G1 X71.292 Y85.811 F7800
G1 E3 F2400
;TYPE:External perimeter
;WIDTH:0.675
G1 F1800
G1 X71.147 Y85.834 E3.01437
G1 X70.712 Y85.821 E3.05698
G1 X70.419 Y85.765 E3.08627
G1 X70.134 Y85.672 E3.11556
G1 X69.747 Y85.475 E3.15817
G1 X69.399 Y85.205 E3.20131
G1 X69.108 Y84.875 E3.24444
G1 X68.884 Y84.496 E3.28758
G1 X68.734 Y84.082 E3.33071
G1 X68.666 Y83.647 E3.37384
G1 X68.679 Y83.207 E3.41698
G1 X68.774 Y82.782 E3.45959
G1 X68.884 Y82.504 E3.48888
G1 X69.028 Y82.242 E3.51817
G1 X69.295 Y81.899 E3.56078
G1 X69.625 Y81.608 E3.60391
G1 X70.004 Y81.384 E3.64705
G1 X70.419 Y81.234 E3.69026
G1 X70.865 Y81.166 E3.73444
G1 X71.147 Y81.166 E3.7621
G1 X71.443 Y81.204 E3.79136
G1 X71.861 Y81.325 E3.83397
G1 X72.253 Y81.525 E3.87711
G1 X72.601 Y81.795 E3.92024
G1 X72.892 Y82.125 E3.96337
G1 X73.116 Y82.504 E4.00651
G1 X73.266 Y82.918 E4.04964
G1 X73.334 Y83.353 E4.09277
G1 X73.321 Y83.793 E4.13591
G1 X73.225 Y84.223 E4.17904
G1 X73.05 Y84.627 E4.22217
G1 X72.802 Y84.991 E4.26531
G1 X72.495 Y85.298 E4.30792
G1 X72.253 Y85.474 E4.33721
G1 X71.991 Y85.618 E4.3665
G1 X71.582 Y85.766 E4.40911
G1 X71.381 Y85.797 E4.42906
G1 X71.244 Y85.95 F7800
G1 X71.204 Y86.656
G1 F1800
G1 X70.609 Y86.638 E4.48737
G1 X70.214 Y86.562 E4.52679
G1 X69.831 Y86.438 E4.56622
G1 X69.481 Y86.274 E4.60409
G1 X69.142 Y86.058 E4.64351
G1 X68.833 Y85.802 E4.6828
G1 X68.442 Y85.359 E4.74069
G1 X68.229 Y85.023 E4.77963
G1 X68.058 Y84.659 E4.81906
G1 X67.893 Y84.087 E4.87737
G1 X67.843 Y83.673 E4.91828
G1 X67.844 Y83.302 E4.95461
G1 X67.895 Y82.902 E4.99408
G1 X68.062 Y82.331 E5.05239
G1 X68.226 Y81.981 E5.09026
G1 X68.442 Y81.642 E5.12969
G1 X68.699 Y81.331 E5.16911
G1 X69.146 Y80.939 E5.22742
G1 X69.306 Y80.83 E5.24637
G1 X69.836 Y80.56 E5.30468
G1 X70.402 Y80.395 E5.36247
G1 X70.802 Y80.344 E5.40194
G1 X71.392 Y80.362 E5.45983
G1 X71.786 Y80.438 E5.49912
G1 X72.346 Y80.639 E5.55743
G1 X72.519 Y80.726 E5.57637
G1 X73.012 Y81.06 E5.63469
G1 X73.305 Y81.336 E5.67411
G1 X73.561 Y81.646 E5.71353
G1 X73.768 Y81.972 E5.75141
G1 X73.94 Y82.336 E5.79083
G1 X74.063 Y82.714 E5.82973
G1 X74.138 Y83.108 E5.86902
G1 X74.157 Y83.327 E5.89063
G1 X74.138 Y83.891 E5.9459
G1 X74.063 Y84.286 E5.98532
G1 X73.94 Y84.664 E6.02422
G1 X73.771 Y85.023 E6.06313
G1 X73.437 Y85.516 E6.12144
G1 X73.012 Y85.94 E6.18027
G1 X72.523 Y86.271 E6.23806
G1 X71.977 Y86.508 E6.29638
G1 X71.792 Y86.562 E6.31532
G1 X71.293 Y86.647 E6.36484
G1 X70.884 Y86.153 F7800
G1 X71.242 Y86.237
;TYPE:Gap fill
;WIDTH:0.328087
G1 F1200
G1 X71.184 Y86.245 E6.36716
;WIDTH:0.318719
G1 X71.184 Y86.245 E6.36719
;WIDTH:0.318593
G1 X71.162 Y86.245 E6.36804
;WIDTH:0.328087
G1 X70.816 Y86.24 E6.38198
;WIDTH:0.328089
G1 X70.676 Y86.231 E6.38762
;WIDTH:0.319294
G1 X70.667 Y86.23 E6.38798
;WIDTH:0.319077
G1 X70.658 Y86.229 E6.38833
;WIDTH:0.318724
G1 X70.323 Y86.165 E6.40152
;WIDTH:0.318955
G1 X70.316 Y86.163 E6.40181
;WIDTH:0.318954
G1 X70.309 Y86.161 E6.40209
;WIDTH:0.318726
G1 X69.985 Y86.056 E6.41529
;WIDTH:0.31908
G1 X69.977 Y86.053 E6.41564
;WIDTH:0.319296
G1 X69.968 Y86.049 E6.416
;WIDTH:0.328829
G1 X69.831 Y85.985 E6.42213
;WIDTH:0.328831
G1 X69.688 Y85.912 E6.42862
;WIDTH:0.328827
G1 X69.537 Y85.826 E6.43564
;WIDTH:0.31246
G1 X69.519 Y85.814 E6.43645
;WIDTH:0.327713
G1 X69.386 Y85.721 E6.44296
;WIDTH:0.327714
G1 X69.125 Y85.512 E6.45641
;WIDTH:0.318253
G1 X69.111 Y85.499 E6.45716
;WIDTH:0.318355
G1 X69.109 Y85.498 E6.45725
;WIDTH:0.32813
G1 X68.987 Y85.367 E6.46446
;WIDTH:0.328131
G1 X68.781 Y85.125 E6.47724
;WIDTH:0.31745
G1 X68.775 Y85.118 E6.47762
;WIDTH:0.317448
G1 X68.769 Y85.108 E6.47808
;WIDTH:0.327712
G1 X68.594 Y84.823 E6.49152
;WIDTH:0.327714
G1 X68.518 Y84.68 E6.49803
;WIDTH:0.312461
G1 X68.509 Y84.66 E6.49884
;WIDTH:0.328831
G1 X68.443 Y84.5 E6.50586
;WIDTH:0.328831
G1 X68.392 Y84.36 E6.51187
;WIDTH:0.32883
G1 X68.341 Y84.194 E6.51889
;WIDTH:0.312463
G1 X68.336 Y84.173 E6.5197
;WIDTH:0.328831
G1 X68.301 Y84.003 E6.52672
;WIDTH:0.328832
G1 X68.276 Y83.847 E6.53309
;WIDTH:0.328824
G1 X68.256 Y83.684 E6.53975
;WIDTH:0.317625
G1 X68.254 Y83.662 E6.54059
;WIDTH:0.318363
G1 X68.254 Y83.656 E6.54083
;WIDTH:0.327802
G1 X68.26 Y83.329 E6.55399
;WIDTH:0.327802
G1 X68.273 Y83.166 E6.56054
;WIDTH:0.312458
G1 X68.275 Y83.145 E6.56135
;WIDTH:0.328825
G1 X68.305 Y82.974 E6.56837
;WIDTH:0.328826
G1 X68.338 Y82.829 E6.57438
;WIDTH:0.328822
G1 X68.381 Y82.671 E6.581
;WIDTH:0.3134
G1 X68.386 Y82.654 E6.58167
;WIDTH:0.324887
G1 X68.45 Y82.478 E6.58912
;WIDTH:0.324886
G1 X68.508 Y82.336 E6.59522
;WIDTH:0.320058
G1 X68.511 Y82.329 E6.59551
;WIDTH:0.320058
G1 X68.515 Y82.322 E6.59579
;WIDTH:0.324887
G1 X68.587 Y82.187 E6.6019
;WIDTH:0.324885
G1 X68.682 Y82.025 E6.60934
;WIDTH:0.313409
G1 X68.692 Y82.011 E6.61002
;WIDTH:0.327719
G1 X68.779 Y81.886 E6.61613
;WIDTH:0.327718
G1 X68.988 Y81.625 E6.62957
;WIDTH:0.318588
G1 X69.002 Y81.609 E6.63042
;WIDTH:0.318718
G1 X69.003 Y81.608 E6.63045
;WIDTH:0.328085
G1 X69.112 Y81.506 E6.63646
;WIDTH:0.328083
G1 X69.375 Y81.282 E6.6504
;WIDTH:0.318594
G1 X69.392 Y81.268 E6.65124
;WIDTH:0.318723
G1 X69.393 Y81.268 E6.65128
;WIDTH:0.328833
G1 X69.529 Y81.181 E6.65778
;WIDTH:0.328834
G1 X69.667 Y81.1 E6.66427
;WIDTH:0.328832
G1 X69.82 Y81.018 E6.67129
;WIDTH:0.312465
G1 X69.84 Y81.009 E6.6721
;WIDTH:0.327717
G1 X69.989 Y80.947 E6.67861
;WIDTH:0.327718
G1 X70.307 Y80.839 E6.69212
;WIDTH:0.318423
G1 X70.327 Y80.833 E6.69294
;WIDTH:0.318507
G1 X70.329 Y80.832 E6.69299
;WIDTH:0.328532
G1 X70.474 Y80.805 E6.69895
;WIDTH:0.328531
G1 X70.825 Y80.756 E6.71326
;WIDTH:0.319174
G1 X70.828 Y80.756 E6.71339
;WIDTH:0.319134
G1 X70.843 Y80.755 E6.71396
;WIDTH:0.319736
G1 X71.156 Y80.755 E6.72612
;WIDTH:0.319737
G1 X71.166 Y80.755 E6.72654
;WIDTH:0.318834
G1 X71.181 Y80.757 E6.72709
;WIDTH:0.324692
G1 X71.336 Y80.773 E6.73329
;WIDTH:0.324693
G1 X71.518 Y80.802 E6.7406
;WIDTH:0.313404
G1 X71.535 Y80.805 E6.74128
;WIDTH:0.327713
G1 X71.683 Y80.841 E6.74739
;WIDTH:0.327714
G1 X72.002 Y80.939 E6.76083
;WIDTH:0.31859
G1 X72.023 Y80.946 E6.76168
;WIDTH:0.318717
G1 X72.024 Y80.947 E6.76171
;WIDTH:0.328828
G1 X72.169 Y81.015 E6.76821
;WIDTH:0.328832
G1 X72.312 Y81.088 E6.77471
;WIDTH:0.328832
G1 X72.463 Y81.174 E6.78173
;WIDTH:0.312463
G1 X72.481 Y81.186 E6.78253
;WIDTH:0.328831
G1 X72.623 Y81.286 E6.78955
;WIDTH:0.328832
G1 X72.741 Y81.377 E6.79557
;WIDTH:0.328833
G1 X72.873 Y81.49 E6.80259
;WIDTH:0.31246
G1 X72.889 Y81.504 E6.80339
;WIDTH:0.327715
G1 X73.001 Y81.621 E6.80991
;WIDTH:0.327714
G1 X73.218 Y81.875 E6.82335
;WIDTH:0.318589
G1 X73.232 Y81.892 E6.8242
;WIDTH:0.318715
G1 X73.232 Y81.893 E6.82423
;WIDTH:0.328828
G1 X73.319 Y82.029 E6.83073
;WIDTH:0.328833
G1 X73.4 Y82.167 E6.83722
;WIDTH:0.328833
G1 X73.482 Y82.32 E6.84425
;WIDTH:0.312461
G1 X73.491 Y82.34 E6.84505
;WIDTH:0.327714
G1 X73.553 Y82.489 E6.85156
;WIDTH:0.327715
G1 X73.661 Y82.806 E6.86501
;WIDTH:0.317394
G1 X73.664 Y82.816 E6.86543
;WIDTH:0.317394
G1 X73.666 Y82.827 E6.86585
;WIDTH:0.327991
G1 X73.725 Y83.165 E6.87966
;WIDTH:0.32799
G1 X73.744 Y83.316 E6.88582
;WIDTH:0.317627
G1 X73.746 Y83.338 E6.88666
;WIDTH:0.318363
G1 X73.746 Y83.344 E6.8869
;WIDTH:0.328144
G1 X73.74 Y83.683 E6.90056
;WIDTH:0.328146
G1 X73.731 Y83.833 E6.90661
;WIDTH:0.318718
G1 X73.73 Y83.834 E6.90664
;WIDTH:0.318593
G1 X73.727 Y83.855 E6.90748
;WIDTH:0.327718
G1 X73.659 Y84.183 E6.92093
;WIDTH:0.327719
G1 X73.617 Y84.339 E6.92744
;WIDTH:0.312463
G1 X73.61 Y84.359 E6.92825
;WIDTH:0.327714
G1 X73.553 Y84.511 E6.93476
;WIDTH:0.327715
G1 X73.415 Y84.815 E6.9482
;WIDTH:0.317388
G1 X73.41 Y84.825 E6.94862
;WIDTH:0.317387
G1 X73.405 Y84.834 E6.94904
;WIDTH:0.328085
G1 X73.215 Y85.124 E6.96299
;WIDTH:0.328084
G1 X73.127 Y85.245 E6.96903
;WIDTH:0.31866
G1 X73.12 Y85.254 E6.96945
;WIDTH:0.31866
G1 X73.113 Y85.262 E6.96988
;WIDTH:0.328084
G1 X73.01 Y85.371 E6.97592
;WIDTH:0.328085
G1 X72.769 Y85.605 E6.98946
;WIDTH:0.318392
G1 X72.755 Y85.617 E6.99016
;WIDTH:0.320202
G1 X72.744 Y85.626 E6.99072
;WIDTH:0.324884
G1 X72.625 Y85.716 E6.99665
;WIDTH:0.324885
G1 X72.478 Y85.816 E7.0037
;WIDTH:0.313751
G1 X72.466 Y85.823 E7.00424
;WIDTH:0.324144
G1 X72.324 Y85.907 E7.0108
;WIDTH:0.324145
G1 X72.167 Y85.987 E7.01775
;WIDTH:0.313405
G1 X72.151 Y85.995 E7.01842
;WIDTH:0.328833
G1 X72 Y86.057 E7.02504
;WIDTH:0.328831
G1 X71.849 Y86.112 E7.03153
;WIDTH:0.32883
G1 X71.695 Y86.161 E7.03804
;WIDTH:0.318719
G1 X71.695 Y86.162 E7.03807
;WIDTH:0.318591
G1 X71.673 Y86.166 E7.03891
;WIDTH:0.328088
G1 X71.332 Y86.226 E7.05286
;WIDTH:0.328087
G1 X71.331 Y86.226 E7.05292
G1 E4.05292 F2400
G92 E0
G1 X65.427 Y78.073 F7800
G1 E3 F2400
;TYPE:Perimeter
;WIDTH:0.675
G1 F1800
G1 X65.427 Y76.927 E3.11235
G1 X77.573 Y76.927 E4.30245
G1 X77.573 Y78.073 E4.4148
G1 X65.517 Y78.073 E5.59609
G1 X65.517 Y131.927 F7800
G1 F4800
G1 X143.427 Y131.927 E13.22952
G1 X143.427 Y78.073 E18.50594
G1 X135.427 Y78.073 E19.28976
G1 X135.427 Y76.927 E19.40211
G1 X144.573 Y76.927 E20.29828
G1 X144.573 Y133.073 E25.79939
G1 X65.427 Y133.073 E33.554
G1 X65.427 Y131.927 E33.66634
G1 X66.162 Y78.662 F7800
;TYPE:External perimeter
G1 F2400
G1 X66.162 Y131.338 E38.82731
G1 X142.838 Y131.338 E46.33975
G1 X142.838 Y78.662 E51.50072
G1 X134.838 Y78.662 E52.28454
G1 X134.838 Y76.337 E52.51233
G1 X145.163 Y76.337 E53.52395
G1 X145.163 Y133.663 E59.14052
G1 X64.837 Y133.663 E67.01057
G1 X64.837 Y76.337 E72.62713
G1 X78.162 Y76.337 E73.93268
G1 X78.162 Y78.662 E74.16048
G1 X66.252 Y78.662 E75.3274
G1 X65.564 Y78.701 F7800
G1 X65.5 Y78.368
;TYPE:Gap fill
;WIDTH:0.821683
G1 F1200
G1 X65.5 Y131.632 E81.84538
G1 X65.721 Y132.5 F7800
;WIDTH:0.643365
G1 F1200
G1 X143.721 Y132.5 E89.07728
;WIDTH:0.691191
G1 X143.837 Y132.476 E89.08915
;WIDTH:0.691193
G1 X143.952 Y132.452 E89.10102
G1 X144 Y132.221 E89.12476
;WIDTH:0.643365
G1 X144 Y77.779 E94.17249
;WIDTH:0.691191
G1 X143.976 Y77.663 E94.18436
;WIDTH:0.691193
G1 X143.952 Y77.548 E94.19623
G1 X143.721 Y77.5 E94.21997
;WIDTH:0.643363
G1 X135.721 Y77.5 E94.9617
G1 E91.9617 F2400
G92 E0
G1 X77.279 Y77.5 F7800
G1 E3 F2400
;WIDTH:0.643365
G1 F1200
G1 X65.721 Y77.5 E4.07157
G1 E1.07157 F2400
G92 E0
G1 X97.427 Y78.073 F7800
G1 E3 F2400
;TYPE:Perimeter
;WIDTH:0.675
G1 F1800
G1 X97.427 Y76.927 E3.11235
G1 X99.573 Y76.927 E3.32268
G1 X99.573 Y78.073 E3.43502
G1 X97.517 Y78.073 E3.63653
G1 X96.837 Y78.662 F7800
;TYPE:External perimeter
G1 F1800
G1 X96.837 Y76.337 E3.86433
G1 X100.162 Y76.337 E4.19011
G1 X100.162 Y78.662 E4.4179
G1 X96.927 Y78.662 E4.73486
G1 X97.026 Y78.093 F7800
G1 X97.721 Y77.5
;TYPE:Gap fill
;WIDTH:0.643365
G1 F1200
G1 X99.279 Y77.5 E4.87927
G1 E1.87927 F2400
G92 E0
G1 X136.296 Y85.101 F7800
G1 E3 F2400
;TYPE:External perimeter
;WIDTH:0.675
G1 F1800
G1 X136.105 Y84.87 E3.02929
G1 X135.884 Y84.496 E3.0719
G1 X135.734 Y84.082 E3.11503
G1 X135.666 Y83.647 E3.15817
G1 X135.679 Y83.207 E3.2013
G1 X135.774 Y82.782 E3.24391
G1 X135.884 Y82.505 E3.27317
G1 X136.02 Y82.257 E3.30084
G1 X136.294 Y81.899 E3.34501
G1 X136.625 Y81.608 E3.38823
G1 X137.004 Y81.384 E3.43136
G1 X137.419 Y81.234 E3.47458
G1 X137.865 Y81.166 E3.51875
G1 X138.147 Y81.166 E3.54642
G1 X138.443 Y81.204 E3.57568
G1 X138.861 Y81.325 E3.61829
G1 X139.253 Y81.525 E3.66142
G1 X139.601 Y81.795 E3.70456
G1 X139.892 Y82.125 E3.74769
G1 X140.116 Y82.504 E3.79082
G1 X140.266 Y82.918 E3.83396
G1 X140.334 Y83.353 E3.87709
G1 X140.321 Y83.793 E3.92022
G1 X140.225 Y84.223 E3.96336
G1 X140.052 Y84.622 E4.00597
G1 X139.892 Y84.874 E4.03522
G1 X139.712 Y85.092 E4.06289
G1 X139.376 Y85.392 E4.10707
G1 X138.996 Y85.616 E4.15028
G1 X138.582 Y85.766 E4.19342
G1 X138.147 Y85.834 E4.23655
G1 X137.707 Y85.821 E4.27968
G1 X137.277 Y85.725 E4.32282
G1 X136.872 Y85.549 E4.36603
G1 X136.501 Y85.294 E4.41021
G1 X136.361 Y85.162 E4.42903
G1 X136.005 Y85.172 F7800
G1 X134.844 Y83.606
G1 F1800
G1 X134.844 Y83.298 E4.45916
G1 X134.867 Y83.078 E4.48081
G1 X134.937 Y82.714 E4.51714
G1 X135.062 Y82.331 E4.55661
G1 X135.226 Y81.981 E4.59448
G1 X135.56 Y81.488 E4.6528
G1 X135.836 Y81.195 E4.69222
G1 X136.146 Y80.939 E4.73164
G1 X136.472 Y80.732 E4.76951
G1 X136.836 Y80.56 E4.80894
G1 X137.219 Y80.436 E4.84836
G1 X137.802 Y80.344 E4.9062
G1 X138.392 Y80.362 E4.96408
G1 X138.786 Y80.438 E5.00337
G1 X139.169 Y80.562 E5.0428
G1 X139.519 Y80.726 E5.08067
G1 X139.859 Y80.942 E5.12013
G1 X140.145 Y81.178 E5.15646
G1 X140.302 Y81.333 E5.17807
G1 X140.561 Y81.646 E5.21788
G1 X140.768 Y81.972 E5.25575
G1 X140.94 Y82.336 E5.29518
G1 X141.064 Y82.719 E5.3346
G1 X141.156 Y83.301 E5.39239
G1 X141.156 Y83.699 E5.4313
G1 X141.105 Y84.098 E5.47072
G1 X140.938 Y84.669 E5.52904
G1 X140.774 Y85.019 E5.5669
G1 X140.558 Y85.358 E5.60633
G1 X140.301 Y85.669 E5.64576
G1 X139.854 Y86.061 E5.70407
G1 X139.694 Y86.17 E5.72301
G1 X139.164 Y86.44 E5.78132
G1 X138.781 Y86.564 E5.82075
G1 X138.199 Y86.656 E5.87854
G1 X137.609 Y86.638 E5.93634
G1 X137.214 Y86.562 E5.97576
G1 X136.831 Y86.438 E6.01518
G1 X136.481 Y86.274 E6.05305
G1 X136.142 Y86.058 E6.09248
G1 X135.833 Y85.802 E6.13177
G1 X135.442 Y85.359 E6.18965
G1 X135.227 Y85.02 E6.22898
G1 X135.129 Y84.823 E6.25059
G1 X134.938 Y84.292 E6.30586
G1 X134.862 Y83.892 E6.34567
G1 X134.845 Y83.695 E6.36503
G1 X135.103 Y83.44 F7800
G1 X135.255 Y83.665
;TYPE:Gap fill
;WIDTH:0.317633
G1 F1200
G1 X135.254 Y83.662 E6.36516
;WIDTH:0.318365
G1 X135.254 Y83.656 E6.3654
;WIDTH:0.328057
G1 X135.26 Y83.32 E6.37892
;WIDTH:0.328058
G1 X135.27 Y83.166 E6.38513
;WIDTH:0.317627
G1 X135.273 Y83.144 E6.38597
;WIDTH:0.318367
G1 X135.274 Y83.138 E6.38621
;WIDTH:0.327806
G1 X135.341 Y82.818 E6.39937
;WIDTH:0.327807
G1 X135.381 Y82.671 E6.40552
;WIDTH:0.313404
G1 X135.386 Y82.654 E6.4062
;WIDTH:0.324885
G1 X135.45 Y82.478 E6.41364
;WIDTH:0.324886
G1 X135.508 Y82.336 E6.41972
;WIDTH:0.320105
G1 X135.511 Y82.329 E6.42003
;WIDTH:0.320118
G1 X135.514 Y82.323 E6.42028
;WIDTH:0.324646
G1 X135.586 Y82.187 E6.42641
;WIDTH:0.324648
G1 X135.672 Y82.041 E6.43313
;WIDTH:0.313885
G1 X135.682 Y82.026 E6.43379
;WIDTH:0.33014
G1 X135.786 Y81.877 E6.4412
;WIDTH:0.330139
G1 X135.877 Y81.759 E6.44724
;WIDTH:0.329392
G1 X135.988 Y81.628 E6.45419
;WIDTH:0.312365
G1 X136.003 Y81.612 E6.45501
;WIDTH:0.327715
G1 X136.121 Y81.499 E6.46159
;WIDTH:0.327713
G1 X136.375 Y81.282 E6.47504
;WIDTH:0.318589
G1 X136.392 Y81.268 E6.47588
;WIDTH:0.318716
G1 X136.393 Y81.268 E6.47591
;WIDTH:0.328828
G1 X136.529 Y81.181 E6.48242
;WIDTH:0.328831
G1 X136.667 Y81.1 E6.48891
;WIDTH:0.32883
G1 X136.82 Y81.018 E6.49593
;WIDTH:0.312461
G1 X136.84 Y81.009 E6.49673
;WIDTH:0.327714
G1 X136.989 Y80.947 E6.50325
;WIDTH:0.327715
G1 X137.307 Y80.839 E6.51676
;WIDTH:0.318417
G1 X137.327 Y80.833 E6.51757
;WIDTH:0.318503
G1 X137.329 Y80.832 E6.51762
;WIDTH:0.328528
G1 X137.474 Y80.805 E6.52359
;WIDTH:0.328527
G1 X137.825 Y80.756 E6.5379
;WIDTH:0.319173
G1 X137.828 Y80.756 E6.53803
;WIDTH:0.319134
G1 X137.843 Y80.755 E6.53859
;WIDTH:0.319736
G1 X138.156 Y80.755 E6.55075
;WIDTH:0.319737
G1 X138.166 Y80.755 E6.55117
;WIDTH:0.318835
G1 X138.181 Y80.757 E6.55173
;WIDTH:0.324693
G1 X138.336 Y80.773 E6.55792
;WIDTH:0.324693
G1 X138.518 Y80.802 E6.56524
;WIDTH:0.313406
G1 X138.535 Y80.805 E6.56591
;WIDTH:0.327715
G1 X138.683 Y80.841 E6.57202
;WIDTH:0.327714
G1 X139.002 Y80.939 E6.58547
;WIDTH:0.31859
G1 X139.023 Y80.946 E6.58631
;WIDTH:0.318718
G1 X139.024 Y80.947 E6.58635
;WIDTH:0.328829
G1 X139.169 Y81.015 E6.59285
;WIDTH:0.32883
G1 X139.312 Y81.088 E6.59934
;WIDTH:0.328831
G1 X139.463 Y81.174 E6.60637
;WIDTH:0.312462
G1 X139.481 Y81.186 E6.60717
;WIDTH:0.327807
G1 X139.615 Y81.279 E6.61372
G1 X139.87 Y81.484 E6.62688
;WIDTH:0.318363
G1 X139.875 Y81.488 E6.62712
;WIDTH:0.317626
G1 X139.89 Y81.503 E6.62796
;WIDTH:0.327988
G1 X139.996 Y81.614 E6.63413
;WIDTH:0.327988
G1 X140.218 Y81.875 E6.64794
;WIDTH:0.31859
G1 X140.232 Y81.892 E6.64879
;WIDTH:0.318715
G1 X140.232 Y81.893 E6.64882
;WIDTH:0.328828
G1 X140.319 Y82.029 E6.65532
;WIDTH:0.328829
G1 X140.4 Y82.167 E6.66181
;WIDTH:0.328828
G1 X140.482 Y82.32 E6.66884
;WIDTH:0.31246
G1 X140.491 Y82.34 E6.66964
;WIDTH:0.327715
G1 X140.553 Y82.489 E6.67615
;WIDTH:0.327715
G1 X140.661 Y82.806 E6.6896
;WIDTH:0.318588
G1 X140.667 Y82.827 E6.69044
;WIDTH:0.318712
G1 X140.667 Y82.827 E6.69047
;WIDTH:0.328085
G1 X140.695 Y82.974 E6.69648
;WIDTH:0.328083
G1 X140.744 Y83.316 E6.71042
;WIDTH:0.317386
G1 X140.745 Y83.327 E6.71084
;WIDTH:0.317385
G1 X140.745 Y83.338 E6.71126
;WIDTH:0.327714
G1 X140.74 Y83.672 E6.72471
;WIDTH:0.327713
G1 X140.727 Y83.834 E6.73122
;WIDTH:0.312458
G1 X140.725 Y83.855 E6.73202
;WIDTH:0.328827
G1 X140.695 Y84.026 E6.73905
;WIDTH:0.328828
G1 X140.662 Y84.171 E6.74506
;WIDTH:0.328826
G1 X140.617 Y84.339 E6.75208
;WIDTH:0.312458
G1 X140.61 Y84.359 E6.75288
;WIDTH:0.32883
G1 X140.549 Y84.522 E6.75991
;WIDTH:0.328829
G1 X140.485 Y84.669 E6.7664
;WIDTH:0.328826
G1 X140.42 Y84.807 E6.77253
;WIDTH:0.319297
G1 X140.416 Y84.815 E6.77289
;WIDTH:0.319081
G1 X140.411 Y84.823 E6.77324
;WIDTH:0.318723
G1 X140.229 Y85.11 E6.78641
;WIDTH:0.318993
G1 X140.225 Y85.116 E6.78672
;WIDTH:0.318992
G1 X140.221 Y85.121 E6.78697
;WIDTH:0.318803
G1 X140.015 Y85.371 E6.7995
;WIDTH:0.319473
G1 X140.003 Y85.384 E6.80019
;WIDTH:0.320898
G1 X139.996 Y85.391 E6.80056
;WIDTH:0.329511
G1 X139.888 Y85.493 E6.8066
;WIDTH:0.329514
G1 X139.627 Y85.717 E6.82054
;WIDTH:0.318339
G1 X139.609 Y85.731 E6.8214
;WIDTH:0.318721
G1 X139.607 Y85.732 E6.8215
;WIDTH:0.328827
G1 X139.471 Y85.819 E6.828
;WIDTH:0.328829
G1 X139.333 Y85.9 E6.83449
;WIDTH:0.328829
G1 X139.18 Y85.982 E6.84151
;WIDTH:0.312463
G1 X139.16 Y85.991 E6.84232
;WIDTH:0.327714
G1 X139.011 Y86.053 E6.84883
;WIDTH:0.327715
G1 X138.694 Y86.161 E6.86228
;WIDTH:0.31859
G1 X138.673 Y86.167 E6.86312
;WIDTH:0.318717
G1 X138.673 Y86.167 E6.86315
;WIDTH:0.328085
G1 X138.526 Y86.195 E6.86916
;WIDTH:0.328087
G1 X138.184 Y86.244 E6.8831
;WIDTH:0.317388
G1 X138.173 Y86.245 E6.88352
;WIDTH:0.317387
G1 X138.162 Y86.245 E6.88394
;WIDTH:0.328085
G1 X137.816 Y86.24 E6.89789
;WIDTH:0.328087
G1 X137.667 Y86.231 E6.90389
;WIDTH:0.318718
G1 X137.666 Y86.23 E6.90393
;WIDTH:0.318591
G1 X137.645 Y86.227 E6.90477
;WIDTH:0.327715
G1 X137.317 Y86.159 E6.91822
;WIDTH:0.327714
G1 X137.161 Y86.117 E6.92473
;WIDTH:0.312462
G1 X137.141 Y86.11 E6.92553
;WIDTH:0.32883
G1 X136.978 Y86.049 E6.93255
;WIDTH:0.328829
G1 X136.831 Y85.985 E6.93905
;WIDTH:0.328828
G1 X136.685 Y85.916 E6.94555
;WIDTH:0.318714
G1 X136.683 Y85.915 E6.94564
;WIDTH:0.318338
G1 X136.664 Y85.904 E6.94651
;WIDTH:0.32908
G1 X136.387 Y85.721 E6.95994
;WIDTH:0.329081
G1 X136.251 Y85.618 E6.96683
;WIDTH:0.313884
G1 X136.237 Y85.607 E6.9675
;WIDTH:0.324442
G1 X136.113 Y85.497 E6.97408
;WIDTH:0.324444
G1 X136 Y85.387 E6.98034
;WIDTH:0.318884
G1 X135.99 Y85.376 E6.98089
;WIDTH:0.319676
G1 X135.984 Y85.37 E6.98125
;WIDTH:0.319675
G1 X135.776 Y85.117 E6.99397
;WIDTH:0.318842
G1 X135.774 Y85.114 E6.99411
;WIDTH:0.318387
G1 X135.764 Y85.099 E6.99482
;WIDTH:0.327991
G1 X135.59 Y84.815 E7.00823
;WIDTH:0.32799
G1 X135.516 Y84.681 E7.01439
;WIDTH:0.317631
G1 X135.507 Y84.661 E7.01523
;WIDTH:0.318366
G1 X135.504 Y84.655 E7.01548
;WIDTH:0.328146
G1 X135.385 Y84.338 E7.02913
;WIDTH:0.328146
G1 X135.339 Y84.195 E7.03518
;WIDTH:0.318717
G1 X135.338 Y84.195 E7.03521
;WIDTH:0.318589
G1 X135.334 Y84.173 E7.03606
;WIDTH:0.327991
G1 X135.275 Y83.835 E7.04987
;WIDTH:0.327992
G1 X135.265 Y83.754 E7.05316
G1 E4.05316 F2400
G92 E0
G1 X135.689 Y126.793 F7800
G1 E3 F2400
;TYPE:External perimeter
;WIDTH:0.675
G1 F1800
G1 X135.666 Y126.647 E3.01445
G1 X135.679 Y126.212 E3.05706
G1 X135.735 Y125.919 E3.08632
G1 X135.822 Y125.65 E3.11399
G1 X136.025 Y125.247 E3.15816
G1 X136.295 Y124.899 E3.20138
G1 X136.625 Y124.608 E3.24451
G1 X137.004 Y124.384 E3.28764
G1 X137.419 Y124.234 E3.33086
G1 X137.865 Y124.166 E3.37503
G1 X138.147 Y124.166 E3.4027
G1 X138.443 Y124.204 E3.43196
G1 X138.861 Y124.325 E3.47457
G1 X139.253 Y124.525 E3.5177
G1 X139.601 Y124.795 E3.56084
G1 X139.892 Y125.125 E3.60397
G1 X140.116 Y125.504 E3.6471
G1 X140.266 Y125.918 E3.69024
G1 X140.334 Y126.353 E3.73337
G1 X140.321 Y126.793 E3.7765
G1 X140.225 Y127.223 E3.81964
G1 X140.052 Y127.622 E3.86225
G1 X139.892 Y127.874 E3.8915
G1 X139.712 Y128.092 E3.91917
G1 X139.376 Y128.392 E3.96335
G1 X138.996 Y128.616 E4.00656
G1 X138.582 Y128.766 E4.0497
G1 X138.147 Y128.834 E4.09283
G1 X137.707 Y128.821 E4.13596
G1 X137.276 Y128.724 E4.17918
G1 X136.864 Y128.543 E4.22335
G1 X136.625 Y128.391 E4.25102
G1 X136.395 Y128.201 E4.28028
G1 X136.108 Y127.875 E4.32289
G1 X135.884 Y127.496 E4.36603
G1 X135.734 Y127.082 E4.40916
G1 X135.703 Y126.881 E4.42903
G1 X135.549 Y126.745 F7800
G1 X134.994 Y127.481
G1 F1800
G1 X134.938 Y127.292 E4.44838
G1 X134.862 Y126.892 E4.48819
G1 X134.844 Y126.298 E4.54646
G1 X134.937 Y125.714 E4.60439
G1 X135.139 Y125.154 E4.66275
G1 X135.445 Y124.637 E4.72158
G1 X135.839 Y124.191 E4.77989
G1 X136.31 Y123.827 E4.83821
G1 X136.836 Y123.56 E4.896
G1 X137.402 Y123.395 E4.95379
G1 X137.802 Y123.344 E4.99326
G1 X138.173 Y123.343 E5.02959
G1 X138.392 Y123.362 E5.0512
G1 X138.786 Y123.438 E5.09049
G1 X139.169 Y123.562 E5.12991
G1 X139.519 Y123.726 E5.16778
G1 X139.859 Y123.942 E5.20725
G1 X140.302 Y124.333 E5.26513
G1 X140.67 Y124.806 E5.32383
G1 X140.94 Y125.336 E5.38214
G1 X141.105 Y125.902 E5.43993
G1 X141.156 Y126.301 E5.47936
G1 X141.156 Y126.699 E5.51826
G1 X141.064 Y127.281 E5.57606
G1 X140.938 Y127.669 E5.616
G1 X140.774 Y128.019 E5.65387
G1 X140.555 Y128.363 E5.69382
G1 X140.164 Y128.805 E5.75161
G1 X139.694 Y129.17 E5.80992
G1 X139.164 Y129.44 E5.86823
G1 X138.786 Y129.563 E5.90718
G1 X138.422 Y129.633 E5.94351
G1 X138.202 Y129.656 E5.96512
G1 X137.801 Y129.656 E6.00441
G1 X137.219 Y129.564 E6.0622
G1 X136.836 Y129.44 E6.10167
G1 X136.309 Y129.172 E6.15955
G1 X135.839 Y128.809 E6.21773
G1 X135.445 Y128.363 E6.27604
G1 X135.227 Y128.02 E6.31585
G1 X135.027 Y127.565 E6.36455
G1 X135.121 Y127.33 F7800
G1 X135.415 Y127.419
;TYPE:Gap fill
;WIDTH:0.328146
G1 F1200
G1 X135.385 Y127.338 E6.36802
;WIDTH:0.328146
G1 X135.339 Y127.195 E6.37407
;WIDTH:0.318717
G1 X135.338 Y127.195 E6.3741
;WIDTH:0.318589
G1 X135.334 Y127.173 E6.37494
;WIDTH:0.327991
G1 X135.275 Y126.835 E6.38876
;WIDTH:0.327992
G1 X135.256 Y126.684 E6.39492
;WIDTH:0.317631
G1 X135.254 Y126.662 E6.39576
;WIDTH:0.318366
G1 X135.254 Y126.656 E6.396
;WIDTH:0.328057
G1 X135.26 Y126.32 E6.40953
;WIDTH:0.328058
G1 X135.27 Y126.176 E6.41533
;WIDTH:0.317968
G1 X135.272 Y126.158 E6.41603
;WIDTH:0.319677
G1 X135.274 Y126.138 E6.4168
;WIDTH:0.319677
G1 X135.335 Y125.824 E6.42926
;WIDTH:0.319054
G1 X135.336 Y125.817 E6.42953
;WIDTH:0.319055
G1 X135.338 Y125.81 E6.42981
;WIDTH:0.318805
G1 X135.438 Y125.502 E6.44234
;WIDTH:0.319473
G1 X135.444 Y125.485 E6.44304
;WIDTH:0.320897
G1 X135.448 Y125.477 E6.44341
;WIDTH:0.330198
G1 X135.516 Y125.331 E6.44995
;WIDTH:0.330197
G1 X135.588 Y125.188 E6.45647
;WIDTH:0.329393
G1 X135.673 Y125.039 E6.46342
;WIDTH:0.312362
G1 X135.685 Y125.02 E6.46425
;WIDTH:0.32883
G1 X135.786 Y124.877 E6.47133
;WIDTH:0.328831
G1 X135.877 Y124.759 E6.47735
;WIDTH:0.328831
G1 X135.99 Y124.627 E6.48437
;WIDTH:0.312463
G1 X136.004 Y124.611 E6.48517
;WIDTH:0.32883
G1 X136.129 Y124.49 E6.49219
;WIDTH:0.328831
G1 X136.241 Y124.392 E6.49821
;WIDTH:0.328831
G1 X136.376 Y124.283 E6.50523
;WIDTH:0.312459
G1 X136.394 Y124.271 E6.50603
;WIDTH:0.328828
G1 X136.539 Y124.175 E6.51305
;WIDTH:0.328829
G1 X136.667 Y124.1 E6.51906
;WIDTH:0.32883
G1 X136.82 Y124.018 E6.52609
;WIDTH:0.312461
G1 X136.84 Y124.009 E6.52689
;WIDTH:0.327715
G1 X136.989 Y123.947 E6.5334
;WIDTH:0.327715
G1 X137.307 Y123.839 E6.54691
;WIDTH:0.31842
G1 X137.327 Y123.833 E6.54773
;WIDTH:0.318503
G1 X137.329 Y123.832 E6.54778
;WIDTH:0.328527
G1 X137.474 Y123.805 E6.55374
;WIDTH:0.328529
G1 X137.825 Y123.756 E6.56805
;WIDTH:0.319173
G1 X137.828 Y123.756 E6.56818
;WIDTH:0.319132
G1 X137.843 Y123.755 E6.56875
;WIDTH:0.319734
G1 X138.156 Y123.755 E6.58091
;WIDTH:0.319735
G1 X138.166 Y123.755 E6.58133
;WIDTH:0.318832
G1 X138.181 Y123.757 E6.58188
;WIDTH:0.32469
G1 X138.336 Y123.773 E6.58808
;WIDTH:0.324691
G1 X138.518 Y123.802 E6.59539
;WIDTH:0.313402
G1 X138.535 Y123.805 E6.59607
;WIDTH:0.327713
G1 X138.683 Y123.841 E6.60218
;WIDTH:0.327712
G1 X139.002 Y123.939 E6.61562
;WIDTH:0.31859
G1 X139.023 Y123.946 E6.61647
;WIDTH:0.318719
G1 X139.024 Y123.947 E6.6165
;WIDTH:0.328828
G1 X139.169 Y124.015 E6.62301
;WIDTH:0.328829
G1 X139.312 Y124.088 E6.6295
;WIDTH:0.328829
G1 X139.463 Y124.174 E6.63652
;WIDTH:0.31246
G1 X139.481 Y124.186 E6.63732
;WIDTH:0.327806
G1 X139.615 Y124.279 E6.64388
;WIDTH:0.327804
G1 X139.87 Y124.484 E6.65704
;WIDTH:0.318366
G1 X139.875 Y124.488 E6.65728
;WIDTH:0.317627
G1 X139.89 Y124.503 E6.65812
;WIDTH:0.327988
G1 X139.996 Y124.614 E6.66428
;WIDTH:0.327989
G1 X140.218 Y124.875 E6.67809
;WIDTH:0.318591
G1 X140.232 Y124.892 E6.67894
;WIDTH:0.318716
G1 X140.232 Y124.893 E6.67897
;WIDTH:0.328828
G1 X140.319 Y125.029 E6.68548
;WIDTH:0.328829
G1 X140.4 Y125.167 E6.69197
;WIDTH:0.328828
G1 X140.482 Y125.32 E6.69899
;WIDTH:0.312458
G1 X140.491 Y125.34 E6.69979
;WIDTH:0.327715
G1 X140.553 Y125.489 E6.70631
;WIDTH:0.327715
G1 X140.661 Y125.806 E6.71975
;WIDTH:0.318588
G1 X140.667 Y125.827 E6.7206
;WIDTH:0.318712
G1 X140.667 Y125.827 E6.72063
;WIDTH:0.328084
G1 X140.695 Y125.974 E6.72664
;WIDTH:0.328083
G1 X140.744 Y126.316 E6.74058
;WIDTH:0.317384
G1 X140.745 Y126.327 E6.741
;WIDTH:0.317385
G1 X140.745 Y126.338 E6.74142
;WIDTH:0.327714
G1 X140.74 Y126.672 E6.75486
;WIDTH:0.327713
G1 X140.727 Y126.834 E6.76138
;WIDTH:0.312458
G1 X140.725 Y126.855 E6.76218
;WIDTH:0.328827
G1 X140.695 Y127.026 E6.7692
;WIDTH:0.328827
G1 X140.662 Y127.171 E6.77521
;WIDTH:0.328828
G1 X140.617 Y127.339 E6.78224
;WIDTH:0.312459
G1 X140.61 Y127.359 E6.78304
;WIDTH:0.328831
G1 X140.549 Y127.522 E6.79006
;WIDTH:0.328829
G1 X140.485 Y127.669 E6.79655
;WIDTH:0.328825
G1 X140.42 Y127.807 E6.80269
;WIDTH:0.319295
G1 X140.416 Y127.815 E6.80304
;WIDTH:0.31908
G1 X140.411 Y127.823 E6.8034
;WIDTH:0.318723
G1 X140.229 Y128.11 E6.81656
;WIDTH:0.319609
G1 X140.221 Y128.122 E6.81712
;WIDTH:0.320271
G1 X140.218 Y128.126 E6.81733
;WIDTH:0.324643
G1 X140.125 Y128.242 E6.82325
;WIDTH:0.324643
G1 X140.013 Y128.369 E6.82997
;WIDTH:0.313886
G1 X140.001 Y128.382 E6.83063
;WIDTH:0.329083
G1 X139.879 Y128.501 E6.83752
;WIDTH:0.329083
G1 X139.627 Y128.717 E6.85096
;WIDTH:0.31834
G1 X139.609 Y128.731 E6.85182
;WIDTH:0.31872
G1 X139.607 Y128.732 E6.85192
;WIDTH:0.328828
G1 X139.471 Y128.819 E6.85842
;WIDTH:0.32883
G1 X139.333 Y128.9 E6.86491
;WIDTH:0.328831
G1 X139.18 Y128.982 E6.87193
;WIDTH:0.31246
G1 X139.16 Y128.991 E6.87274
;WIDTH:0.327716
G1 X139.011 Y129.053 E6.87925
;WIDTH:0.327717
G1 X138.694 Y129.161 E6.8927
;WIDTH:0.317454
G1 X138.683 Y129.165 E6.89315
;WIDTH:0.317453
G1 X138.673 Y129.166 E6.89354
;WIDTH:0.328134
G1 X138.361 Y129.221 E6.90632
;WIDTH:0.328133
G1 X138.184 Y129.245 E6.91352
;WIDTH:0.318363
G1 X138.181 Y129.245 E6.91361
;WIDTH:0.318263
G1 X138.162 Y129.245 E6.91437
;WIDTH:0.327717
G1 X137.828 Y129.24 E6.92781
;WIDTH:0.327717
G1 X137.666 Y129.227 E6.93432
;WIDTH:0.312461
G1 X137.645 Y129.225 E6.93513
;WIDTH:0.328831
G1 X137.474 Y129.195 E6.94215
;WIDTH:0.328834
G1 X137.329 Y129.162 E6.94816
;WIDTH:0.328832
G1 X137.159 Y129.116 E6.95525
;WIDTH:0.312366
G1 X137.139 Y129.109 E6.95607
;WIDTH:0.328311
G1 X136.989 Y129.052 E6.96255
;WIDTH:0.328312
G1 X136.691 Y128.917 E6.97574
;WIDTH:0.320516
G1 X136.678 Y128.911 E6.97631
;WIDTH:0.318855
G1 X136.662 Y128.902 E6.97701
;WIDTH:0.324407
G1 X136.535 Y128.825 E6.9829
;WIDTH:0.324407
G1 X136.39 Y128.726 E6.98984
;WIDTH:0.313791
G1 X136.379 Y128.718 E6.99038
;WIDTH:0.324886
G1 X136.239 Y128.61 E6.9974
;WIDTH:0.324887
G1 X136.126 Y128.513 E7.00332
;WIDTH:0.320202
G1 X136.116 Y128.503 E7.00389
;WIDTH:0.318386
G1 X136.103 Y128.49 E7.00459
;WIDTH:0.328085
G1 X135.877 Y128.241 E7.01813
;WIDTH:0.328086
G1 X135.782 Y128.126 E7.02414
;WIDTH:0.318718
G1 X135.781 Y128.126 E7.02417
;WIDTH:0.318586
G1 X135.769 Y128.108 E7.02502
;WIDTH:0.32799
G1 X135.59 Y127.815 E7.03883
;WIDTH:0.327991
G1 X135.516 Y127.681 E7.04499
;WIDTH:0.317628
G1 X135.507 Y127.661 E7.04583
;WIDTH:0.318365
G1 X135.504 Y127.655 E7.04608
;WIDTH:0.328146
G1 X135.447 Y127.503 E7.05264
M106 S153
;LAYER_CHANGE
;Z:5.85
;HEIGHT:0.4
G1 Z5.85 F7800
G1 E4.05264 F2400
G92 E0
G1 X72.885 Y127.869 F7800
G1 E3 F2400
;TYPE:External perimeter
;WIDTH:0.675
G1 F1800
G1 X72.802 Y127.991 E3.0145
G1 X72.495 Y128.298 E3.05711
G1 X72.253 Y128.474 E3.0864
G1 X71.991 Y128.618 E3.11569
G1 X71.582 Y128.766 E3.1583
G1 X71.147 Y128.834 E3.20144
G1 X70.706 Y128.821 E3.24461
G1 X70.275 Y128.723 E3.28795
G1 X70.004 Y128.616 E3.31648
G1 X69.742 Y128.472 E3.34576
G1 X69.399 Y128.205 E3.38837
G1 X69.108 Y127.875 E3.4315
G1 X68.884 Y127.496 E3.47463
G1 X68.734 Y127.082 E3.51777
G1 X68.666 Y126.647 E3.5609
G1 X68.679 Y126.207 E3.60403
G1 X68.774 Y125.782 E3.64664
G1 X68.884 Y125.505 E3.67592
G1 X69.024 Y125.249 E3.70445
G1 X69.295 Y124.899 E3.74779
G1 X69.625 Y124.608 E3.79097
G1 X70.004 Y124.384 E3.8341
G1 X70.419 Y124.234 E3.87728
G1 X70.856 Y124.166 E3.92061
G1 X71.147 Y124.166 E3.94915
G1 X71.443 Y124.204 E3.97842
G1 X71.861 Y124.325 E4.02103
G1 X72.253 Y124.525 E4.06417
G1 X72.601 Y124.795 E4.1073
G1 X72.892 Y125.125 E4.15043
G1 X73.116 Y125.504 E4.19357
G1 X73.266 Y125.918 E4.2367
G1 X73.334 Y126.353 E4.27983
G1 X73.321 Y126.793 E4.32296
G1 X73.225 Y127.223 E4.3661
G1 X73.05 Y127.627 E4.40923
G1 X72.936 Y127.794 E4.42905
G1 X72.955 Y127.999 F7800
G1 X74.001 Y127.476
G1 F1800
G1 X73.861 Y127.846 E4.46788
G1 X73.558 Y128.358 E4.52619
G1 X73.305 Y128.665 E4.56511
G1 X73.022 Y128.93 E4.6031
G1 X72.862 Y129.056 E4.62301
G1 X72.523 Y129.271 E4.66236
G1 X71.977 Y129.508 E4.72068
G1 X71.391 Y129.638 E4.77951
G1 X70.801 Y129.656 E4.83732
G1 X70.218 Y129.564 E4.89516
G1 X69.654 Y129.361 E4.95393
G1 X69.142 Y129.058 E5.01224
G1 X68.832 Y128.802 E5.0516
G1 X68.689 Y128.658 E5.07151
G1 X68.442 Y128.359 E5.10949
G1 X68.229 Y128.023 E5.14841
G1 X67.994 Y127.482 E5.20621
G1 X67.863 Y126.897 E5.26497
G1 X67.844 Y126.302 E5.32333
G1 X67.936 Y125.719 E5.38115
G1 X68.139 Y125.154 E5.43998
G1 X68.442 Y124.642 E5.49829
G1 X68.835 Y124.195 E5.5566
G1 X69.306 Y123.83 E5.61493
G1 X69.832 Y123.562 E5.67278
G1 X70.402 Y123.395 E5.73102
G1 X70.802 Y123.344 E5.77046
G1 X71.189 Y123.344 E5.80845
G1 X71.392 Y123.362 E5.82836
G1 X71.786 Y123.438 E5.86772
G1 X72.346 Y123.639 E5.92603
G1 X72.863 Y123.945 E5.98486
G1 X73.305 Y124.336 E6.04265
G1 X73.561 Y124.646 E6.08208
G1 X73.768 Y124.972 E6.11995
G1 X73.94 Y125.336 E6.15937
G1 X74.063 Y125.714 E6.19828
G1 X74.138 Y126.109 E6.2377
G1 X74.156 Y126.704 E6.29601
G1 X74.138 Y126.891 E6.31444
G1 X74.029 Y127.39 E6.36448
G1 X73.614 Y127.561 F7800
G1 X73.632 Y127.281
;TYPE:Gap fill
;WIDTH:0.327717
G1 F1200
G1 X73.617 Y127.339 E6.36687
;WIDTH:0.312464
G1 X73.61 Y127.359 E6.36768
;WIDTH:0.32883
G1 X73.549 Y127.522 E6.3747
;WIDTH:0.328831
G1 X73.485 Y127.669 E6.38119
;WIDTH:0.328827
G1 X73.416 Y127.815 E6.3877
;WIDTH:0.318718
G1 X73.416 Y127.816 E6.38773
;WIDTH:0.318591
G1 X73.405 Y127.834 E6.38857
;WIDTH:0.327711
G1 X73.221 Y128.114 E6.40202
;WIDTH:0.327712
G1 X73.124 Y128.243 E6.40853
;WIDTH:0.312457
G1 X73.11 Y128.26 E6.40933
;WIDTH:0.327751
G1 X73.001 Y128.38 E6.41586
;WIDTH:0.327753
G1 X72.769 Y128.605 E6.42889
;WIDTH:0.318834
G1 X72.755 Y128.617 E6.4296
;WIDTH:0.318959
G1 X72.754 Y128.618 E6.42964
;WIDTH:0.324785
G1 X72.623 Y128.717 E6.43616
;WIDTH:0.324785
G1 X72.478 Y128.816 E6.44314
;WIDTH:0.313749
G1 X72.466 Y128.823 E6.44368
;WIDTH:0.324143
G1 X72.324 Y128.907 E6.45024
;WIDTH:0.324145
G1 X72.167 Y128.987 E6.45719
;WIDTH:0.313406
G1 X72.151 Y128.995 E6.45786
;WIDTH:0.328832
G1 X72 Y129.057 E6.46448
;WIDTH:0.328834
G1 X71.849 Y129.112 E6.47097
;WIDTH:0.328831
G1 X71.695 Y129.161 E6.47748
;WIDTH:0.318721
G1 X71.695 Y129.162 E6.47751
;WIDTH:0.318592
G1 X71.673 Y129.166 E6.47836
;WIDTH:0.328086
G1 X71.332 Y129.226 E6.4923
;WIDTH:0.328087
G1 X71.184 Y129.245 E6.49831
;WIDTH:0.318721
G1 X71.184 Y129.245 E6.49834
;WIDTH:0.318595
G1 X71.162 Y129.245 E6.49918
;WIDTH:0.327731
G1 X70.827 Y129.24 E6.51265
;WIDTH:0.327731
G1 X70.665 Y129.227 E6.51917
;WIDTH:0.312679
G1 X70.644 Y129.225 E6.51999
;WIDTH:0.328249
G1 X70.487 Y129.197 E6.52641
;WIDTH:0.329313
G1 X70.327 Y129.162 E6.53304
;WIDTH:0.329314
G1 X70.163 Y129.116 E6.53996
;WIDTH:0.313629
G1 X70.146 Y129.111 E6.54063
;WIDTH:0.324779
G1 X69.978 Y129.05 E6.54773
;WIDTH:0.32478
G1 X69.835 Y128.991 E6.55385
;WIDTH:0.320085
G1 X69.829 Y128.989 E6.55412
;WIDTH:0.32008
G1 X69.822 Y128.985 E6.55442
;WIDTH:0.324884
G1 X69.687 Y128.913 E6.56051
;WIDTH:0.324886
G1 X69.525 Y128.818 E6.56795
;WIDTH:0.313402
G1 X69.511 Y128.808 E6.56863
;WIDTH:0.327712
G1 X69.386 Y128.721 E6.57474
;WIDTH:0.327712
G1 X69.125 Y128.512 E6.58818
;WIDTH:0.318477
G1 X69.11 Y128.498 E6.589
;WIDTH:0.318516
G1 X69.109 Y128.498 E6.58903
;WIDTH:0.328108
G1 X68.997 Y128.378 E6.59561
;WIDTH:0.328108
G1 X68.782 Y128.125 E6.60901
;WIDTH:0.317412
G1 X68.775 Y128.117 E6.60941
;WIDTH:0.317411
G1 X68.769 Y128.108 E6.60985
;WIDTH:0.327712
G1 X68.594 Y127.823 E6.6233
;WIDTH:0.327711
G1 X68.518 Y127.68 E6.62981
;WIDTH:0.31246
G1 X68.509 Y127.66 E6.63061
;WIDTH:0.328834
G1 X68.443 Y127.5 E6.63763
;WIDTH:0.328835
G1 X68.392 Y127.36 E6.64365
;WIDTH:0.328829
G1 X68.341 Y127.194 E6.65067
;WIDTH:0.312462
G1 X68.336 Y127.173 E6.65147
;WIDTH:0.32883
G1 X68.301 Y127.003 E6.65849
;WIDTH:0.32883
G1 X68.276 Y126.846 E6.66492
;WIDTH:0.328826
G1 X68.256 Y126.684 E6.67152
;WIDTH:0.317896
G1 X68.254 Y126.671 E6.67201
;WIDTH:0.317739
G1 X68.254 Y126.662 E6.67237
;WIDTH:0.327754
G1 X68.26 Y126.328 E6.6858
;WIDTH:0.327754
G1 X68.273 Y126.166 E6.69233
;WIDTH:0.31246
G1 X68.275 Y126.145 E6.69313
;WIDTH:0.328828
G1 X68.305 Y125.974 E6.70015
;WIDTH:0.328827
G1 X68.338 Y125.829 E6.70617
;WIDTH:0.328824
G1 X68.381 Y125.671 E6.71278
;WIDTH:0.313403
G1 X68.386 Y125.654 E6.71346
;WIDTH:0.324884
G1 X68.45 Y125.478 E6.7209
;WIDTH:0.324886
G1 X68.508 Y125.336 E6.72699
;WIDTH:0.320075
G1 X68.511 Y125.329 E6.72729
;WIDTH:0.320079
G1 X68.515 Y125.323 E6.72756
;WIDTH:0.324776
G1 X68.586 Y125.187 E6.73368
;WIDTH:0.324775
G1 X68.677 Y125.033 E6.74078
;WIDTH:0.313633
G1 X68.687 Y125.018 E6.74145
;WIDTH:0.328369
G1 X68.779 Y124.886 E6.74793
;WIDTH:0.328371
G1 X68.987 Y124.626 E6.76136
;WIDTH:0.31847
G1 X69.002 Y124.61 E6.76222
;WIDTH:0.318718
G1 X69.003 Y124.608 E6.76228
;WIDTH:0.328832
G1 X69.12 Y124.498 E6.76879
;WIDTH:0.328835
G1 X69.241 Y124.392 E6.77528
;WIDTH:0.328835
G1 X69.376 Y124.283 E6.7823
;WIDTH:0.312464
G1 X69.394 Y124.271 E6.7831
;WIDTH:0.327756
G1 X69.529 Y124.182 E6.78963
;WIDTH:0.327756
G1 X69.819 Y124.016 E6.80306
;WIDTH:0.31774
G1 X69.827 Y124.012 E6.80342
;WIDTH:0.317899
G1 X69.839 Y124.007 E6.80391
;WIDTH:0.32804
G1 X69.98 Y123.951 E6.81001
;WIDTH:0.32804
G1 X70.306 Y123.839 E6.82392
;WIDTH:0.318571
G1 X70.327 Y123.833 E6.82477
;WIDTH:0.318588
G1 X70.328 Y123.833 E6.82478
;WIDTH:0.328295
G1 X70.474 Y123.805 E6.83078
;WIDTH:0.328296
G1 X70.815 Y123.757 E6.84468
;WIDTH:0.318621
G1 X70.828 Y123.755 E6.84517
;WIDTH:0.318619
G1 X70.833 Y123.755 E6.84538
;WIDTH:0.319199
G1 X71.166 Y123.755 E6.85828
;WIDTH:0.319331
G1 X71.171 Y123.755 E6.85849
;WIDTH:0.319329
G1 X71.18 Y123.756 E6.85885
;WIDTH:0.324787
G1 X71.334 Y123.773 E6.865
;WIDTH:0.324786
G1 X71.518 Y123.802 E6.87238
;WIDTH:0.313404
G1 X71.535 Y123.805 E6.87306
;WIDTH:0.327715
G1 X71.683 Y123.841 E6.87917
;WIDTH:0.327714
G1 X72.002 Y123.939 E6.89261
;WIDTH:0.318591
G1 X72.023 Y123.946 E6.89346
;WIDTH:0.318717
G1 X72.024 Y123.947 E6.89349
;WIDTH:0.328829
G1 X72.169 Y124.015 E6.89999
;WIDTH:0.328832
G1 X72.312 Y124.088 E6.90648
;WIDTH:0.328831
G1 X72.463 Y124.174 E6.91351
;WIDTH:0.312461
G1 X72.481 Y124.186 E6.91431
;WIDTH:0.32883
G1 X72.623 Y124.286 E6.92133
;WIDTH:0.328832
G1 X72.741 Y124.377 E6.92734
;WIDTH:0.328833
G1 X72.873 Y124.49 E6.93437
;WIDTH:0.312463
G1 X72.889 Y124.504 E6.93517
;WIDTH:0.327714
G1 X73.001 Y124.621 E6.94168
;WIDTH:0.327714
G1 X73.218 Y124.875 E6.95513
;WIDTH:0.318586
G1 X73.232 Y124.892 E6.95597
;WIDTH:0.318712
G1 X73.232 Y124.893 E6.956
;WIDTH:0.328827
G1 X73.319 Y125.029 E6.96251
;WIDTH:0.328833
G1 X73.4 Y125.167 E6.969
;WIDTH:0.328833
G1 X73.482 Y125.32 E6.97602
;WIDTH:0.312462
G1 X73.491 Y125.34 E6.97683
;WIDTH:0.327717
G1 X73.553 Y125.489 E6.98334
;WIDTH:0.327716
G1 X73.661 Y125.806 E6.99678
;WIDTH:0.317393
G1 X73.664 Y125.816 E6.9972
;WIDTH:0.317394
G1 X73.666 Y125.827 E6.99762
;WIDTH:0.328087
G1 X73.726 Y126.168 E7.01157
;WIDTH:0.328087
G1 X73.745 Y126.316 E7.01757
;WIDTH:0.318717
G1 X73.745 Y126.316 E7.0176
;WIDTH:0.318589
G1 X73.745 Y126.338 E7.01845
;WIDTH:0.328086
G1 X73.74 Y126.684 E7.03239
;WIDTH:0.328085
G1 X73.731 Y126.833 E7.0384
;WIDTH:0.31872
G1 X73.73 Y126.834 E7.03843
;WIDTH:0.318593
G1 X73.727 Y126.855 E7.03928
;WIDTH:0.327718
G1 X73.659 Y127.183 E7.05272
;WIDTH:0.327717
G1 X73.656 Y127.195 E7.05322
G1 E4.05322 F2400
G92 E0
G1 X71.292 Y85.811 F7800
G1 E3 F2400
;TYPE:External perimeter
;WIDTH:0.675
G1 F1800
G1 X71.147 Y85.834 E3.01437
G1 X70.707 Y85.821 E3.0575
G1 X70.277 Y85.725 E3.10064
G1 X69.873 Y85.55 E3.14381
G1 X69.508 Y85.3 E3.18715
G1 X69.295 Y85.1 E3.21568
G1 X69.105 Y84.87 E3.24496
G1 X68.884 Y84.496 E3.28757
G1 X68.734 Y84.082 E3.3307
G1 X68.666 Y83.647 E3.37384
G1 X68.679 Y83.207 E3.41697
G1 X68.774 Y82.782 E3.45958
G1 X68.884 Y82.505 E3.48886
G1 X69.024 Y82.249 E3.51739
G1 X69.295 Y81.899 E3.56073
G1 X69.625 Y81.608 E3.6039
G1 X70.004 Y81.384 E3.64704
G1 X70.419 Y81.234 E3.69021
G1 X70.856 Y81.166 E3.73355
G1 X71.147 Y81.166 E3.76208
G1 X71.443 Y81.204 E3.79136
G1 X71.861 Y81.325 E3.83397
G1 X72.253 Y81.525 E3.8771
G1 X72.601 Y81.795 E3.92024
G1 X72.892 Y82.125 E3.96337
G1 X73.116 Y82.504 E4.0065
G1 X73.266 Y82.918 E4.04963
G1 X73.334 Y83.353 E4.09277
G1 X73.321 Y83.793 E4.1359
G1 X73.225 Y84.223 E4.17904
G1 X73.05 Y84.627 E4.22217
G1 X72.802 Y84.991 E4.26534
G1 X72.488 Y85.303 E4.30868
G1 X72.253 Y85.474 E4.33722
G1 X71.991 Y85.618 E4.36649
G1 X71.582 Y85.766 E4.4091
G1 X71.381 Y85.797 E4.42905
G1 X71.244 Y85.95 F7800
G1 X71.203 Y86.649
G1 F1800
G1 X70.806 Y86.656 E4.46801
G1 X70.218 Y86.564 E4.52632
G1 X69.653 Y86.361 E4.58513
G1 X69.481 Y86.274 E4.60401
G1 X68.988 Y85.94 E4.66232
G1 X68.695 Y85.664 E4.70175
G1 X68.439 Y85.354 E4.74117
G1 X68.232 Y85.028 E4.77904
G1 X68.058 Y84.66 E4.81892
G1 X67.99 Y84.468 E4.83883
G1 X67.894 Y84.093 E4.87682
G1 X67.844 Y83.699 E4.91574
G1 X67.844 Y83.301 E4.95464
G1 X67.895 Y82.902 E4.99406
G1 X68.062 Y82.331 E5.05238
G1 X68.226 Y81.981 E5.09025
G1 X68.442 Y81.642 E5.12967
G1 X68.698 Y81.331 E5.1691
G1 X69.134 Y80.948 E5.22599
G1 X69.302 Y80.832 E5.24592
G1 X69.645 Y80.643 E5.28436
G1 X69.832 Y80.562 E5.30427
G1 X70.219 Y80.436 E5.34415
G1 X70.802 Y80.344 E5.40196
G1 X71.392 Y80.362 E5.4598
G1 X71.786 Y80.438 E5.49916
G1 X72.346 Y80.639 E5.55747
G1 X72.519 Y80.726 E5.57642
G1 X73.012 Y81.06 E5.63473
G1 X73.305 Y81.336 E5.67415
G1 X73.561 Y81.646 E5.71358
G1 X73.768 Y81.972 E5.75145
G1 X73.94 Y82.336 E5.79087
G1 X74.063 Y82.714 E5.82978
G1 X74.156 Y83.296 E5.88757
G1 X74.138 Y83.891 E5.94588
G1 X74.063 Y84.286 E5.98531
G1 X73.938 Y84.669 E6.02473
G1 X73.774 Y85.019 E6.0626
G1 X73.558 Y85.358 E6.10203
G1 X73.305 Y85.665 E6.14095
G1 X72.862 Y86.056 E6.19879
G1 X72.523 Y86.271 E6.23815
G1 X71.977 Y86.508 E6.29646
G1 X71.792 Y86.562 E6.3154
G1 X71.293 Y86.644 E6.36488
G1 X70.98 Y86.32 F7800
G1 X71.248 Y86.235
;TYPE:Gap fill
;WIDTH:0.32773
G1 F1200
G1 X71.183 Y86.242 E6.3675
;WIDTH:0.312727
G1 X71.162 Y86.243 E6.3683
;WIDTH:0.328014
G1 X71.002 Y86.246 E6.37476
;WIDTH:0.328687
G1 X70.837 Y86.241 E6.38139
;WIDTH:0.328688
G1 X70.666 Y86.227 E6.38833
;WIDTH:0.312725
G1 X70.645 Y86.225 E6.38914
;WIDTH:0.328013
G1 X70.487 Y86.197 E6.39559
;WIDTH:0.328689
G1 X70.327 Y86.162 E6.40222
;WIDTH:0.328691
G1 X70.161 Y86.117 E6.40916
;WIDTH:0.312726
G1 X70.141 Y86.11 E6.40997
;WIDTH:0.328012
G1 X69.991 Y86.053 E6.41642
;WIDTH:0.328731
G1 X69.829 Y85.984 E6.42352
;WIDTH:0.328732
G1 X69.685 Y85.916 E6.42996
;WIDTH:0.318713
G1 X69.684 Y85.915 E6.43002
;WIDTH:0.318468
G1 X69.665 Y85.904 E6.43087
;WIDTH:0.32877
G1 X69.377 Y85.714 E6.44481
;WIDTH:0.328768
G1 X69.256 Y85.627 E6.45082
;WIDTH:0.319793
G1 X69.256 Y85.627 E6.45084
;WIDTH:0.319762
G1 X69.243 Y85.615 E6.45152
;WIDTH:0.31876
G1 X69 Y85.387 E6.4644
;WIDTH:0.318971
G1 X68.995 Y85.382 E6.46467
;WIDTH:0.318972
G1 X68.99 Y85.377 E6.46497
;WIDTH:0.318722
G1 X68.774 Y85.114 E6.47815
;WIDTH:0.319075
G1 X68.768 Y85.107 E6.4785
;WIDTH:0.319291
G1 X68.763 Y85.1 E6.47886
;WIDTH:0.328826
G1 X68.681 Y84.971 E6.48499
;WIDTH:0.328827
G1 X68.6 Y84.833 E6.49149
;WIDTH:0.328828
G1 X68.518 Y84.68 E6.49851
;WIDTH:0.312459
G1 X68.509 Y84.66 E6.49931
;WIDTH:0.328684
G1 X68.443 Y84.501 E6.50627
;WIDTH:0.328685
G1 X68.388 Y84.347 E6.51288
;WIDTH:0.32801
G1 X68.341 Y84.194 E6.51934
;WIDTH:0.312723
G1 X68.336 Y84.173 E6.52014
;WIDTH:0.327728
G1 X68.303 Y84.015 E6.52664
;WIDTH:0.327729
G1 X68.256 Y83.684 E6.5401
;WIDTH:0.317386
G1 X68.255 Y83.673 E6.54052
;WIDTH:0.317385
G1 X68.255 Y83.662 E6.54094
;WIDTH:0.327715
G1 X68.26 Y83.328 E6.55438
;WIDTH:0.327713
G1 X68.273 Y83.166 E6.5609
;WIDTH:0.31246
G1 X68.275 Y83.145 E6.5617
;WIDTH:0.328827
G1 X68.305 Y82.974 E6.56872
;WIDTH:0.328827
G1 X68.338 Y82.829 E6.57474
;WIDTH:0.328824
G1 X68.381 Y82.671 E6.58135
;WIDTH:0.313402
G1 X68.386 Y82.654 E6.58203
;WIDTH:0.324886
G1 X68.45 Y82.478 E6.58947
;WIDTH:0.324885
G1 X68.508 Y82.336 E6.59556
;WIDTH:0.320076
G1 X68.511 Y82.329 E6.59586
;WIDTH:0.32008
G1 X68.515 Y82.323 E6.59613
;WIDTH:0.324776
G1 X68.586 Y82.187 E6.60225
;WIDTH:0.324775
G1 X68.677 Y82.033 E6.60935
;WIDTH:0.313631
G1 X68.687 Y82.018 E6.61002
;WIDTH:0.32837
G1 X68.779 Y81.886 E6.6165
;WIDTH:0.328369
G1 X68.987 Y81.626 E6.62993
;WIDTH:0.31847
G1 X69.002 Y81.61 E6.63079
;WIDTH:0.318713
G1 X69.003 Y81.608 E6.63085
;WIDTH:0.328114
G1 X69.112 Y81.506 E6.63688
;WIDTH:0.328114
G1 X69.375 Y81.281 E6.6508
;WIDTH:0.317743
G1 X69.382 Y81.276 E6.65116
;WIDTH:0.317901
G1 X69.392 Y81.268 E6.65165
;WIDTH:0.32807
G1 X69.52 Y81.187 E6.65777
;WIDTH:0.328069
G1 X69.819 Y81.016 E6.67163
;WIDTH:0.317741
G1 X69.827 Y81.012 E6.67199
;WIDTH:0.317899
G1 X69.839 Y81.007 E6.67247
;WIDTH:0.32804
G1 X69.98 Y80.951 E6.67858
;WIDTH:0.32804
G1 X70.306 Y80.839 E6.69248
;WIDTH:0.31857
G1 X70.327 Y80.833 E6.69333
;WIDTH:0.318588
G1 X70.328 Y80.833 E6.69334
;WIDTH:0.328296
G1 X70.474 Y80.805 E6.69934
;WIDTH:0.328298
G1 X70.815 Y80.757 E6.71324
;WIDTH:0.318623
G1 X70.828 Y80.755 E6.71373
;WIDTH:0.318621
G1 X70.833 Y80.755 E6.71394
;WIDTH:0.319201
G1 X71.166 Y80.755 E6.72685
;WIDTH:0.319331
G1 X71.171 Y80.755 E6.72706
;WIDTH:0.319333
G1 X71.18 Y80.756 E6.72742
;WIDTH:0.32479
G1 X71.334 Y80.773 E6.73357
;WIDTH:0.32479
G1 X71.518 Y80.802 E6.74095
;WIDTH:0.313406
G1 X71.535 Y80.805 E6.74162
;WIDTH:0.327715
G1 X71.683 Y80.841 E6.74773
;WIDTH:0.327716
G1 X72.002 Y80.939 E6.76118
;WIDTH:0.318591
G1 X72.023 Y80.946 E6.76202
;WIDTH:0.318717
G1 X72.024 Y80.947 E6.76205
;WIDTH:0.328829
G1 X72.169 Y81.015 E6.76856
;WIDTH:0.32883
G1 X72.312 Y81.088 E6.77505
;WIDTH:0.328832
G1 X72.463 Y81.174 E6.78207
;WIDTH:0.312461
G1 X72.481 Y81.186 E6.78288
;WIDTH:0.328833
G1 X72.623 Y81.286 E6.7899
;WIDTH:0.328832
G1 X72.741 Y81.377 E6.79591
;WIDTH:0.328833
G1 X72.873 Y81.49 E6.80293
;WIDTH:0.312462
G1 X72.889 Y81.504 E6.80374
;WIDTH:0.327715
G1 X73.001 Y81.621 E6.81025
;WIDTH:0.327714
G1 X73.218 Y81.875 E6.82369
;WIDTH:0.318588
G1 X73.232 Y81.892 E6.82454
;WIDTH:0.318711
G1 X73.232 Y81.893 E6.82457
;WIDTH:0.328829
G1 X73.319 Y82.029 E6.83108
;WIDTH:0.328834
G1 X73.4 Y82.167 E6.83757
;WIDTH:0.328836
G1 X73.482 Y82.32 E6.84459
;WIDTH:0.312464
G1 X73.491 Y82.34 E6.84539
;WIDTH:0.327717
G1 X73.553 Y82.489 E6.8519
;WIDTH:0.327715
G1 X73.661 Y82.806 E6.86535
;WIDTH:0.317391
G1 X73.664 Y82.816 E6.86577
;WIDTH:0.317392
G1 X73.666 Y82.827 E6.86619
;WIDTH:0.328089
G1 X73.726 Y83.168 E6.88013
;WIDTH:0.328087
G1 X73.745 Y83.316 E6.88614
;WIDTH:0.318717
G1 X73.745 Y83.316 E6.88617
;WIDTH:0.318589
G1 X73.745 Y83.338 E6.88702
;WIDTH:0.328086
G1 X73.74 Y83.684 E6.90096
;WIDTH:0.328085
G1 X73.731 Y83.833 E6.90697
;WIDTH:0.31872
G1 X73.73 Y83.834 E6.907
;WIDTH:0.318593
G1 X73.727 Y83.855 E6.90784
;WIDTH:0.327717
G1 X73.659 Y84.183 E6.92129
;WIDTH:0.327719
G1 X73.617 Y84.339 E6.9278
;WIDTH:0.312463
G1 X73.61 Y84.359 E6.92861
;WIDTH:0.328829
G1 X73.549 Y84.522 E6.93563
;WIDTH:0.328831
G1 X73.485 Y84.669 E6.94212
;WIDTH:0.32883
G1 X73.416 Y84.815 E6.94862
;WIDTH:0.31872
G1 X73.416 Y84.816 E6.94866
;WIDTH:0.318589
G1 X73.405 Y84.834 E6.9495
;WIDTH:0.327711
G1 X73.221 Y85.114 E6.96295
;WIDTH:0.327711
G1 X73.123 Y85.244 E6.96949
;WIDTH:0.312413
G1 X73.11 Y85.26 E6.9703
;WIDTH:0.327997
G1 X73.001 Y85.38 E6.9768
;WIDTH:0.327996
G1 X72.762 Y85.611 E6.99019
;WIDTH:0.318919
G1 X72.754 Y85.618 E6.9906
;WIDTH:0.318949
G1 X72.748 Y85.623 E6.99089
;WIDTH:0.324658
G1 X72.623 Y85.717 E6.99711
;WIDTH:0.324659
G1 X72.478 Y85.816 E7.0041
;WIDTH:0.31377
G1 X72.466 Y85.823 E7.00464
;WIDTH:0.324144
G1 X72.324 Y85.907 E7.01118
;WIDTH:0.324145
G1 X72.167 Y85.987 E7.01814
;WIDTH:0.313404
G1 X72.151 Y85.995 E7.01881
;WIDTH:0.328831
G1 X72 Y86.057 E7.02543
;WIDTH:0.328829
G1 X71.849 Y86.112 E7.03192
;WIDTH:0.32883
G1 X71.695 Y86.161 E7.03842
;WIDTH:0.318717
G1 X71.695 Y86.162 E7.03846
;WIDTH:0.318591
G1 X71.673 Y86.166 E7.0393
;WIDTH:0.327731
G1 X71.344 Y86.224 E7.05277
;WIDTH:0.32773
G1 X71.337 Y86.225 E7.05302
G1 E4.05302 F2400
G92 E0
G1 X65.427 Y78.073 F7800
G1 E3 F2400
;TYPE:Perimeter
;WIDTH:0.675
G1 F1800
G1 X65.427 Y76.927 E3.11235
G1 X77.573 Y76.927 E4.30245
G1 X77.573 Y78.073 E4.4148
G1 X65.517 Y78.073 E5.59609
G1 X65.517 Y131.927 F7800
G1 F4800
G1 X143.427 Y131.927 E13.22952
G1 X143.427 Y78.073 E18.50594
G1 X135.427 Y78.073 E19.28976
G1 X135.427 Y76.927 E19.40211
G1 X144.573 Y76.927 E20.29828
G1 X144.573 Y133.073 E25.79939
G1 X65.427 Y133.073 E33.554
G1 X65.427 Y131.927 E33.66634
G1 X66.162 Y78.662 F7800
;TYPE:External perimeter
G1 F2400
G1 X66.162 Y131.338 E38.82731
G1 X142.838 Y131.338 E46.33975
G1 X142.838 Y78.662 E51.50072
G1 X134.838 Y78.662 E52.28454
G1 X134.838 Y76.337 E52.51233
G1 X145.163 Y76.337 E53.52395
G1 X145.163 Y133.663 E59.14052
G1 X64.837 Y133.663 E67.01057
G1 X64.837 Y76.337 E72.62713
G1 X78.162 Y76.337 E73.93268
G1 X78.162 Y78.662 E74.16048
G1 X66.252 Y78.662 E75.3274
G1 X65.564 Y78.701 F7800
G1 X65.5 Y78.368
;TYPE:Gap fill
;WIDTH:0.821683
G1 F1200
G1 X65.5 Y131.632 E81.84538
G1 X65.721 Y132.5 F7800
;WIDTH:0.643365
G1 F1200
G1 X143.721 Y132.5 E89.07728
;WIDTH:0.691191
G1 X143.837 Y132.476 E89.08915
;WIDTH:0.691193
G1 X143.952 Y132.452 E89.10102
G1 X144 Y132.221 E89.12476
;WIDTH:0.643365
G1 X144 Y77.779 E94.17249
;WIDTH:0.691191
G1 X143.976 Y77.663 E94.18436
;WIDTH:0.691193
G1 X143.952 Y77.548 E94.19623
G1 X143.721 Y77.5 E94.21997
;WIDTH:0.643363
G1 X135.721 Y77.5 E94.9617
G1 E91.9617 F2400
G92 E0
G1 X77.279 Y77.5 F7800
G1 E3 F2400
;WIDTH:0.643365
G1 F1200
G1 X65.721 Y77.5 E4.07157
G1 E1.07157 F2400
G92 E0
G1 X97.427 Y78.073 F7800
G1 E3 F2400
;TYPE:Perimeter
;WIDTH:0.675
G1 F1800
G1 X97.427 Y76.927 E3.11235
G1 X99.573 Y76.927 E3.32268
G1 X99.573 Y78.073 E3.43502
G1 X97.517 Y78.073 E3.63653
G1 X96.837 Y78.662 F7800
;TYPE:External perimeter
G1 F1800
G1 X96.837 Y76.337 E3.86433
G1 X100.162 Y76.337 E4.19011
G1 X100.162 Y78.662 E4.4179
G1 X96.927 Y78.662 E4.73486
G1 X97.026 Y78.093 F7800
G1 X97.721 Y77.5
;TYPE:Gap fill
;WIDTH:0.643365
G1 F1200
G1 X99.279 Y77.5 E4.87927
G1 E1.87927 F2400
G92 E0
G1 X136.301 Y85.095 F7800
G1 E3 F2400
;TYPE:External perimeter
;WIDTH:0.675
G1 F1800
G1 X136.198 Y84.991 E3.01437
G1 X135.953 Y84.631 E3.05698
G1 X135.826 Y84.361 E3.08627
G1 X135.734 Y84.076 E3.11556
G1 X135.666 Y83.647 E3.15817
G1 X135.679 Y83.207 E3.20131
G1 X135.774 Y82.782 E3.24392
G1 X135.884 Y82.504 E3.27321
G1 X136.028 Y82.242 E3.3025
G1 X136.295 Y81.899 E3.34511
G1 X136.625 Y81.608 E3.38824
G1 X137.004 Y81.384 E3.43138
G1 X137.419 Y81.234 E3.47455
G1 X137.856 Y81.166 E3.51789
G1 X138.147 Y81.166 E3.54642
G1 X138.443 Y81.204 E3.5757
G1 X138.861 Y81.325 E3.61831
G1 X139.253 Y81.525 E3.66144
G1 X139.601 Y81.795 E3.70458
G1 X139.892 Y82.125 E3.74771
G1 X140.116 Y82.504 E3.79084
G1 X140.266 Y82.918 E3.83398
G1 X140.334 Y83.353 E3.87711
G1 X140.321 Y83.793 E3.92024
G1 X140.225 Y84.223 E3.96338
G1 X140.052 Y84.622 E4.00599
G1 X139.892 Y84.874 E4.03526
G1 X139.706 Y85.099 E4.0638
G1 X139.375 Y85.392 E4.10714
G1 X138.996 Y85.616 E4.15031
G1 X138.582 Y85.766 E4.19344
G1 X138.147 Y85.834 E4.23658
G1 X137.707 Y85.821 E4.27971
G1 X137.277 Y85.725 E4.32284
G1 X136.873 Y85.55 E4.36598
G1 X136.509 Y85.302 E4.40911
G1 X136.365 Y85.158 E4.42906
G1 X136.161 Y85.138 F7800
G1 E1.42906 F2400
G92 E0
G1 X134.844 Y83.606 F7800
G1 E3 F2400
G1 F1800
G1 X134.862 Y83.109 E3.04869
G1 X134.938 Y82.714 E3.08811
G1 X135.062 Y82.331 E3.12754
G1 X135.226 Y81.981 E3.16541
G1 X135.444 Y81.638 E3.20529
G1 X135.57 Y81.478 E3.2252
G1 X135.836 Y81.195 E3.2632
G1 X136.134 Y80.948 E3.3012
G1 X136.472 Y80.732 E3.34049
G1 X136.836 Y80.56 E3.37992
G1 X137.219 Y80.436 E3.41934
G1 X137.802 Y80.344 E3.47715
G1 X138.392 Y80.362 E3.53499
G1 X138.786 Y80.438 E3.57435
G1 X139.169 Y80.562 E3.61377
G1 X139.519 Y80.726 E3.65164
G1 X139.859 Y80.942 E3.69109
G1 X140.158 Y81.189 E3.72907
G1 X140.302 Y81.332 E3.74898
G1 X140.561 Y81.646 E3.78886
G1 X140.768 Y81.972 E3.82673
G1 X140.94 Y82.336 E3.86615
G1 X141.064 Y82.718 E3.90551
G1 X141.156 Y83.301 E3.96335
G1 X141.156 Y83.699 E4.00228
G1 X141.105 Y84.098 E4.0417
G1 X140.938 Y84.669 E4.10001
G1 X140.774 Y85.019 E4.13788
G1 X140.558 Y85.358 E4.17731
G1 X140.305 Y85.665 E4.21623
G1 X139.862 Y86.055 E4.27407
G1 X139.523 Y86.271 E4.31343
G1 X139.159 Y86.442 E4.35285
G1 X138.792 Y86.562 E4.39072
G1 X138.396 Y86.637 E4.43017
G1 X138.009 Y86.662 E4.46815
G1 X137.806 Y86.656 E4.48808
G1 X137.417 Y86.607 E4.52652
G1 X137.218 Y86.564 E4.54643
G1 X136.836 Y86.44 E4.58579
G1 X136.477 Y86.271 E4.62469
G1 X135.988 Y85.94 E4.68248
G1 X135.563 Y85.516 E4.74132
G1 X135.227 Y85.019 E4.80008
G1 X135.135 Y84.838 E4.81999
G1 X134.938 Y84.292 E4.87689
G1 X134.862 Y83.891 E4.91683
G1 X134.844 Y83.696 E4.93606
G1 X135.269 Y83.348 F7800
G1 X135.255 Y83.683
;TYPE:Gap fill
;WIDTH:0.318595
G1 F1200
G1 X135.255 Y83.662 E4.93687
;WIDTH:0.328085
G1 X135.26 Y83.316 E4.95081
;WIDTH:0.328087
G1 X135.269 Y83.167 E4.95682
;WIDTH:0.318716
G1 X135.27 Y83.166 E4.95685
;WIDTH:0.318591
G1 X135.273 Y83.145 E4.9577
;WIDTH:0.327716
G1 X135.341 Y82.817 E4.97114
;WIDTH:0.327716
G1 X135.381 Y82.671 E4.97725
;WIDTH:0.313405
G1 X135.386 Y82.654 E4.97793
;WIDTH:0.324887
G1 X135.45 Y82.478 E4.98537
;WIDTH:0.324888
G1 X135.508 Y82.336 E4.99147
;WIDTH:0.320065
G1 X135.511 Y82.329 E4.99176
;WIDTH:0.320064
G1 X135.515 Y82.322 E4.99205
;WIDTH:0.324886
G1 X135.587 Y82.187 E4.99815
;WIDTH:0.324885
G1 X135.682 Y82.026 E5.00559
;WIDTH:0.313402
G1 X135.692 Y82.011 E5.00627
;WIDTH:0.328685
G1 X135.785 Y81.878 E5.01282
;WIDTH:0.328684
G1 X135.885 Y81.749 E5.01943
;WIDTH:0.328014
G1 X135.99 Y81.627 E5.02589
;WIDTH:0.312724
G1 X136.004 Y81.611 E5.0267
;WIDTH:0.327771
G1 X136.121 Y81.499 E5.03321
;WIDTH:0.327768
G1 X136.375 Y81.281 E5.04666
;WIDTH:0.317739
G1 X136.382 Y81.276 E5.04702
;WIDTH:0.317898
G1 X136.392 Y81.268 E5.0475
;WIDTH:0.32883
G1 X136.53 Y81.181 E5.0541
;WIDTH:0.328831
G1 X136.667 Y81.1 E5.06053
;WIDTH:0.328831
G1 X136.82 Y81.018 E5.06755
;WIDTH:0.312463
G1 X136.84 Y81.009 E5.06836
;WIDTH:0.327716
G1 X136.989 Y80.947 E5.07487
;WIDTH:0.327715
G1 X137.306 Y80.839 E5.08834
;WIDTH:0.318573
G1 X137.327 Y80.833 E5.08919
;WIDTH:0.318588
G1 X137.328 Y80.833 E5.0892
;WIDTH:0.328299
G1 X137.474 Y80.805 E5.09521
;WIDTH:0.328298
G1 X137.815 Y80.757 E5.1091
;WIDTH:0.318623
G1 X137.828 Y80.755 E5.1096
;WIDTH:0.318621
G1 X137.833 Y80.755 E5.1098
;WIDTH:0.319201
G1 X138.166 Y80.755 E5.12271
;WIDTH:0.319331
G1 X138.171 Y80.755 E5.12292
;WIDTH:0.319333
G1 X138.18 Y80.756 E5.12328
;WIDTH:0.324788
G1 X138.334 Y80.773 E5.12943
;WIDTH:0.324788
G1 X138.518 Y80.802 E5.13681
;WIDTH:0.313404
G1 X138.535 Y80.805 E5.13748
;WIDTH:0.327714
G1 X138.683 Y80.841 E5.14359
;WIDTH:0.327714
G1 X139.002 Y80.939 E5.15704
;WIDTH:0.318589
G1 X139.023 Y80.946 E5.15788
;WIDTH:0.318718
G1 X139.024 Y80.947 E5.15791
;WIDTH:0.328828
G1 X139.169 Y81.015 E5.16442
;WIDTH:0.328831
G1 X139.312 Y81.088 E5.17091
;WIDTH:0.328831
G1 X139.463 Y81.174 E5.17793
;WIDTH:0.312459
G1 X139.481 Y81.186 E5.17874
;WIDTH:0.327756
G1 X139.614 Y81.279 E5.18527
;WIDTH:0.327755
G1 X139.875 Y81.488 E5.1987
;WIDTH:0.317739
G1 X139.882 Y81.494 E5.19905
;WIDTH:0.317899
G1 X139.891 Y81.503 E5.19954
;WIDTH:0.328038
G1 X139.995 Y81.613 E5.20564
;WIDTH:0.328037
G1 X140.218 Y81.875 E5.21952
;WIDTH:0.318589
G1 X140.232 Y81.892 E5.22037
;WIDTH:0.318717
G1 X140.232 Y81.893 E5.2204
;WIDTH:0.328828
G1 X140.319 Y82.029 E5.2269
;WIDTH:0.32883
G1 X140.4 Y82.167 E5.23339
;WIDTH:0.328831
G1 X140.482 Y82.32 E5.24042
;WIDTH:0.312463
G1 X140.491 Y82.34 E5.24122
;WIDTH:0.327717
G1 X140.553 Y82.489 E5.24773
;WIDTH:0.327718
G1 X140.661 Y82.806 E5.26118
;WIDTH:0.318474
G1 X140.667 Y82.826 E5.26199
;WIDTH:0.318513
G1 X140.667 Y82.827 E5.26202
;WIDTH:0.328107
G1 X140.697 Y82.987 E5.2686
;WIDTH:0.328107
G1 X140.744 Y83.316 E5.28201
;WIDTH:0.317413
G1 X140.745 Y83.327 E5.28241
;WIDTH:0.317415
G1 X140.745 Y83.338 E5.28285
;WIDTH:0.327714
G1 X140.74 Y83.672 E5.29629
;WIDTH:0.327713
G1 X140.727 Y83.834 E5.3028
;WIDTH:0.312457
G1 X140.725 Y83.855 E5.30361
;WIDTH:0.328829
G1 X140.695 Y84.026 E5.31063
;WIDTH:0.328828
G1 X140.662 Y84.171 E5.31664
;WIDTH:0.328828
G1 X140.617 Y84.339 E5.32366
;WIDTH:0.312458
G1 X140.61 Y84.359 E5.32447
;WIDTH:0.328831
G1 X140.549 Y84.522 E5.33149
;WIDTH:0.328829
G1 X140.485 Y84.669 E5.33798
;WIDTH:0.328826
G1 X140.42 Y84.807 E5.34411
;WIDTH:0.319297
G1 X140.416 Y84.815 E5.34447
;WIDTH:0.31908
G1 X140.411 Y84.823 E5.34482
;WIDTH:0.318723
G1 X140.229 Y85.11 E5.35801
;WIDTH:0.318969
G1 X140.225 Y85.116 E5.3583
;WIDTH:0.318969
G1 X140.22 Y85.122 E5.35857
;WIDTH:0.318757
G1 X140.008 Y85.378 E5.37145
;WIDTH:0.318607
G1 X140.004 Y85.383 E5.3717
;WIDTH:0.318607
G1 X139.996 Y85.391 E5.37215
;WIDTH:0.328355
G1 X139.751 Y85.614 E5.38551
;WIDTH:0.328357
G1 X139.627 Y85.718 E5.39206
;WIDTH:0.318438
G1 X139.625 Y85.719 E5.39213
;WIDTH:0.318343
G1 X139.608 Y85.731 E5.39292
;WIDTH:0.327716
G1 X139.323 Y85.906 E5.40639
;WIDTH:0.327718
G1 X139.18 Y85.982 E5.4129
;WIDTH:0.312463
G1 X139.16 Y85.991 E5.41371
;WIDTH:0.32883
G1 X139 Y86.057 E5.42073
;WIDTH:0.328831
G1 X138.849 Y86.112 E5.42722
;WIDTH:0.32883
G1 X138.695 Y86.161 E5.43373
;WIDTH:0.318717
G1 X138.695 Y86.162 E5.43376
;WIDTH:0.31859
G1 X138.673 Y86.166 E5.4346
;WIDTH:0.32773
G1 X138.344 Y86.224 E5.44807
;WIDTH:0.327728
G1 X138.183 Y86.242 E5.45456
;WIDTH:0.312727
G1 X138.162 Y86.243 E5.45537
;WIDTH:0.328015
G1 X138.002 Y86.246 E5.46182
;WIDTH:0.328687
G1 X137.837 Y86.241 E5.46846
;WIDTH:0.328688
G1 X137.666 Y86.227 E5.47539
;WIDTH:0.312723
G1 X137.645 Y86.225 E5.4762
;WIDTH:0.32801
G1 X137.487 Y86.197 E5.48266
;WIDTH:0.328685
G1 X137.327 Y86.162 E5.48927
;WIDTH:0.328684
G1 X137.161 Y86.117 E5.49622
;WIDTH:0.312461
G1 X137.141 Y86.11 E5.49703
;WIDTH:0.327713
G1 X136.989 Y86.053 E5.50354
;WIDTH:0.327711
G1 X136.685 Y85.915 E5.51698
;WIDTH:0.317385
G1 X136.675 Y85.91 E5.5174
;WIDTH:0.317384
G1 X136.666 Y85.905 E5.51782
;WIDTH:0.328083
G1 X136.376 Y85.715 E5.53177
;WIDTH:0.328082
G1 X136.256 Y85.627 E5.53778
;WIDTH:0.318712
G1 X136.255 Y85.626 E5.53781
;WIDTH:0.318587
G1 X136.239 Y85.612 E5.53865
;WIDTH:0.328083
G1 X135.99 Y85.371 E5.55259
;WIDTH:0.328084
G1 X135.887 Y85.262 E5.55864
;WIDTH:0.318664
G1 X135.88 Y85.254 E5.55906
;WIDTH:0.318666
G1 X135.873 Y85.245 E5.55948
;WIDTH:0.328085
G1 X135.785 Y85.124 E5.56553
;WIDTH:0.328087
G1 X135.601 Y84.843 E5.57907
;WIDTH:0.318389
G1 X135.591 Y84.827 E5.57977
;WIDTH:0.320007
G1 X135.585 Y84.816 E5.58027
;WIDTH:0.324488
G1 X135.513 Y84.668 E5.58678
;WIDTH:0.324488
G1 X135.448 Y84.518 E5.59329
;WIDTH:0.31401
G1 X135.443 Y84.505 E5.59383
;WIDTH:0.324899
G1 X135.383 Y84.338 E5.60086
;WIDTH:0.324899
G1 X135.339 Y84.195 E5.6068
;WIDTH:0.320201
G1 X135.336 Y84.181 E5.60737
;WIDTH:0.318387
G1 X135.332 Y84.164 E5.60807
;WIDTH:0.328085
G1 X135.274 Y83.832 E5.62161
;WIDTH:0.328085
G1 X135.266 Y83.772 E5.62407
G1 E2.62407 F2400
G92 E0
G1 X135.826 Y127.361 F7800
G1 E3 F2400
;TYPE:External perimeter
;WIDTH:0.675
G1 F1800
G1 X135.734 Y127.076 E3.02929
G1 X135.666 Y126.647 E3.0719
G1 X135.679 Y126.212 E3.11451
G1 X135.735 Y125.919 E3.14379
G1 X135.825 Y125.642 E3.17232
G1 X136.025 Y125.247 E3.21566
G1 X136.295 Y124.899 E3.25883
G1 X136.625 Y124.608 E3.30197
G1 X137.004 Y124.384 E3.3451
G1 X137.419 Y124.234 E3.38827
G1 X137.856 Y124.166 E3.43161
G1 X138.147 Y124.166 E3.46015
G1 X138.443 Y124.204 E3.48942
G1 X138.861 Y124.325 E3.53203
G1 X139.253 Y124.525 E3.57517
G1 X139.601 Y124.795 E3.6183
G1 X139.892 Y125.125 E3.66143
G1 X140.116 Y125.504 E3.70457
G1 X140.266 Y125.918 E3.7477
G1 X140.334 Y126.353 E3.79083
G1 X140.321 Y126.793 E3.83397
G1 X140.225 Y127.223 E3.8771
G1 X140.052 Y127.622 E3.91971
G1 X139.892 Y127.874 E3.94899
G1 X139.706 Y128.099 E3.97752
G1 X139.375 Y128.392 E4.02086
G1 X138.996 Y128.616 E4.06403
G1 X138.582 Y128.766 E4.10717
G1 X138.147 Y128.834 E4.1503
G1 X137.707 Y128.821 E4.19343
G1 X137.277 Y128.725 E4.23657
G1 X136.873 Y128.55 E4.2797
G1 X136.509 Y128.302 E4.32283
G1 X136.198 Y127.991 E4.36597
G1 X135.953 Y127.631 E4.40858
G1 X135.864 Y127.442 E4.42905
G1 X135.53 Y127.32 F7800
G1 X134.994 Y127.481
G1 F1800
G1 X134.938 Y127.292 E4.44841
G1 X134.862 Y126.891 E4.48836
G1 X134.844 Y126.296 E4.54667
G1 X134.938 Y125.714 E4.60447
G1 X135.139 Y125.154 E4.66278
G1 X135.444 Y124.638 E4.72154
G1 X135.836 Y124.195 E4.7794
G1 X136.306 Y123.83 E4.83778
G1 X136.836 Y123.56 E4.89603
G1 X137.402 Y123.395 E4.95382
G1 X137.802 Y123.344 E4.99326
G1 X138.189 Y123.344 E5.03125
G1 X138.392 Y123.362 E5.05116
G1 X138.786 Y123.438 E5.09052
G1 X139.169 Y123.562 E5.12994
G1 X139.519 Y123.726 E5.16781
G1 X139.859 Y123.942 E5.20725
G1 X140.302 Y124.332 E5.26509
G1 X140.67 Y124.806 E5.32386
G1 X140.94 Y125.336 E5.38217
G1 X141.064 Y125.718 E5.42153
G1 X141.107 Y125.917 E5.44144
G1 X141.156 Y126.301 E5.47942
G1 X141.156 Y126.704 E5.51887
G1 X141.062 Y127.286 E5.57666
G1 X140.938 Y127.669 E5.61608
G1 X140.774 Y128.019 E5.65395
G1 X140.555 Y128.362 E5.69383
G1 X140.165 Y128.805 E5.75167
G1 X139.694 Y129.17 E5.81001
G1 X139.164 Y129.44 E5.86832
G1 X138.786 Y129.563 E5.90724
G1 X138.405 Y129.636 E5.94523
G1 X138.203 Y129.656 E5.96513
G1 X137.801 Y129.656 E6.00451
G1 X137.218 Y129.564 E6.06235
G1 X136.836 Y129.44 E6.10171
G1 X136.477 Y129.271 E6.14061
G1 X136.137 Y129.055 E6.18004
G1 X135.829 Y128.799 E6.21932
G1 X135.445 Y128.363 E6.27622
G1 X135.229 Y128.023 E6.31564
G1 X135.024 Y127.566 E6.36474
G1 X135.121 Y127.33 F7800
G1 X135.415 Y127.432
;TYPE:Gap fill
;WIDTH:0.325258
G1 F1200
G1 X135.387 Y127.349 E6.36823
;WIDTH:0.325259
G1 X135.339 Y127.195 E6.37464
;WIDTH:0.320203
G1 X135.336 Y127.181 E6.3752
;WIDTH:0.31839
G1 X135.332 Y127.164 E6.37591
;WIDTH:0.328085
G1 X135.274 Y126.832 E6.38945
;WIDTH:0.328087
G1 X135.255 Y126.684 E6.39546
;WIDTH:0.318721
G1 X135.255 Y126.684 E6.39549
;WIDTH:0.318595
G1 X135.255 Y126.662 E6.39633
;WIDTH:0.328085
G1 X135.26 Y126.316 E6.41028
;WIDTH:0.328087
G1 X135.269 Y126.176 E6.41591
;WIDTH:0.319294
G1 X135.27 Y126.167 E6.41627
;WIDTH:0.319079
G1 X135.271 Y126.158 E6.41662
;WIDTH:0.318724
G1 X135.335 Y125.824 E6.42981
;WIDTH:0.318972
G1 X135.337 Y125.816 E6.4301
;WIDTH:0.318971
G1 X135.339 Y125.81 E6.43037
;WIDTH:0.318759
G1 X135.441 Y125.493 E6.44325
;WIDTH:0.319761
G1 X135.447 Y125.477 E6.44394
;WIDTH:0.319792
G1 X135.447 Y125.476 E6.44396
;WIDTH:0.329486
G1 X135.516 Y125.331 E6.45046
;WIDTH:0.329484
G1 X135.588 Y125.188 E6.45697
;WIDTH:0.3291
G1 X135.674 Y125.038 E6.46395
;WIDTH:0.312413
G1 X135.685 Y125.019 E6.46477
;WIDTH:0.328683
G1 X135.785 Y124.878 E6.47175
;WIDTH:0.328682
G1 X135.885 Y124.749 E6.47837
;WIDTH:0.328012
G1 X135.99 Y124.627 E6.48482
;WIDTH:0.312725
G1 X136.004 Y124.611 E6.48563
;WIDTH:0.32777
G1 X136.121 Y124.499 E6.49214
;WIDTH:0.32777
G1 X136.375 Y124.281 E6.50559
;WIDTH:0.317737
G1 X136.382 Y124.276 E6.50595
;WIDTH:0.317896
G1 X136.392 Y124.268 E6.50643
;WIDTH:0.328828
G1 X136.53 Y124.181 E6.51303
;WIDTH:0.328833
G1 X136.667 Y124.1 E6.51946
;WIDTH:0.328831
G1 X136.82 Y124.018 E6.52649
;WIDTH:0.312462
G1 X136.84 Y124.009 E6.52729
;WIDTH:0.327715
G1 X136.989 Y123.947 E6.5338
;WIDTH:0.327715
G1 X137.306 Y123.839 E6.54728
;WIDTH:0.318574
G1 X137.327 Y123.833 E6.54812
;WIDTH:0.318588
G1 X137.328 Y123.833 E6.54813
;WIDTH:0.328296
G1 X137.474 Y123.805 E6.55414
;WIDTH:0.328296
G1 X137.815 Y123.757 E6.56804
;WIDTH:0.31862
G1 X137.828 Y123.755 E6.56853
;WIDTH:0.318619
G1 X137.833 Y123.755 E6.56874
;WIDTH:0.319199
G1 X138.166 Y123.755 E6.58164
;WIDTH:0.319329
G1 X138.171 Y123.755 E6.58185
;WIDTH:0.319331
G1 X138.18 Y123.756 E6.58221
;WIDTH:0.324787
G1 X138.334 Y123.773 E6.58836
;WIDTH:0.324788
G1 X138.518 Y123.802 E6.59574
;WIDTH:0.313402
G1 X138.535 Y123.805 E6.59641
;WIDTH:0.327712
G1 X138.683 Y123.841 E6.60252
;WIDTH:0.327714
G1 X139.002 Y123.939 E6.61597
;WIDTH:0.318589
G1 X139.023 Y123.946 E6.61681
;WIDTH:0.318718
G1 X139.024 Y123.947 E6.61685
;WIDTH:0.328829
G1 X139.169 Y124.015 E6.62335
;WIDTH:0.328831
G1 X139.312 Y124.088 E6.62984
;WIDTH:0.328831
G1 X139.463 Y124.174 E6.63687
;WIDTH:0.312459
G1 X139.481 Y124.186 E6.63767
;WIDTH:0.327754
G1 X139.614 Y124.279 E6.6442
;WIDTH:0.327754
G1 X139.875 Y124.488 E6.65763
;WIDTH:0.31774
G1 X139.882 Y124.494 E6.65799
;WIDTH:0.317899
G1 X139.891 Y124.503 E6.65847
;WIDTH:0.328036
G1 X139.995 Y124.613 E6.66457
;WIDTH:0.328036
G1 X140.218 Y124.875 E6.67845
;WIDTH:0.318589
G1 X140.232 Y124.892 E6.6793
;WIDTH:0.318717
G1 X140.232 Y124.893 E6.67933
;WIDTH:0.328828
G1 X140.319 Y125.029 E6.68583
;WIDTH:0.32883
G1 X140.4 Y125.167 E6.69233
;WIDTH:0.328831
G1 X140.482 Y125.32 E6.69935
;WIDTH:0.312463
G1 X140.491 Y125.34 E6.70015
;WIDTH:0.327717
G1 X140.553 Y125.489 E6.70666
;WIDTH:0.327715
G1 X140.661 Y125.806 E6.72011
;WIDTH:0.318475
G1 X140.667 Y125.826 E6.72093
;WIDTH:0.318515
G1 X140.667 Y125.827 E6.72095
;WIDTH:0.328107
G1 X140.697 Y125.987 E6.72754
;WIDTH:0.328107
G1 X140.744 Y126.316 E6.74094
;WIDTH:0.317414
G1 X140.745 Y126.327 E6.74134
;WIDTH:0.317415
G1 X140.745 Y126.338 E6.74178
;WIDTH:0.328086
G1 X140.74 Y126.684 E6.75572
;WIDTH:0.328085
G1 X140.731 Y126.833 E6.76173
;WIDTH:0.318714
G1 X140.73 Y126.834 E6.76176
;WIDTH:0.318586
G1 X140.727 Y126.855 E6.76261
;WIDTH:0.327711
G1 X140.659 Y127.183 E6.77605
;WIDTH:0.327712
G1 X140.617 Y127.339 E6.78256
;WIDTH:0.31246
G1 X140.61 Y127.359 E6.78337
;WIDTH:0.328832
G1 X140.549 Y127.522 E6.79039
;WIDTH:0.328833
G1 X140.485 Y127.669 E6.79688
;WIDTH:0.328829
G1 X140.42 Y127.807 E6.80301
;WIDTH:0.319298
G1 X140.416 Y127.815 E6.80337
;WIDTH:0.319081
G1 X140.411 Y127.823 E6.80372
;WIDTH:0.318722
G1 X140.229 Y128.11 E6.81691
;WIDTH:0.319628
G1 X140.221 Y128.122 E6.81747
;WIDTH:0.320039
G1 X140.219 Y128.125 E6.8176
;WIDTH:0.324367
G1 X140.116 Y128.253 E6.82411
;WIDTH:0.324366
G1 X140.007 Y128.377 E6.83067
;WIDTH:0.313865
G1 X139.994 Y128.389 E6.83134
;WIDTH:0.328382
G1 X139.88 Y128.501 E6.8378
;WIDTH:0.328384
G1 X139.626 Y128.718 E6.85125
;WIDTH:0.31847
G1 X139.609 Y128.731 E6.85211
;WIDTH:0.318718
G1 X139.607 Y128.732 E6.85217
;WIDTH:0.328825
G1 X139.471 Y128.819 E6.85867
;WIDTH:0.328831
G1 X139.333 Y128.9 E6.86517
;WIDTH:0.328829
G1 X139.18 Y128.982 E6.87219
;WIDTH:0.312461
G1 X139.16 Y128.991 E6.87299
;WIDTH:0.327717
G1 X139.011 Y129.053 E6.87951
;WIDTH:0.327717
G1 X138.694 Y129.161 E6.89295
;WIDTH:0.317417
G1 X138.684 Y129.164 E6.89339
;WIDTH:0.317415
G1 X138.673 Y129.166 E6.89379
;WIDTH:0.328111
G1 X138.346 Y129.224 E6.90719
;WIDTH:0.328113
G1 X138.184 Y129.245 E6.91377
;WIDTH:0.318525
G1 X138.183 Y129.245 E6.9138
;WIDTH:0.318485
G1 X138.162 Y129.245 E6.91462
;WIDTH:0.327731
G1 X137.827 Y129.24 E6.92808
;WIDTH:0.327731
G1 X137.666 Y129.227 E6.93458
;WIDTH:0.312725
G1 X137.645 Y129.225 E6.93538
;WIDTH:0.328011
G1 X137.487 Y129.197 E6.94184
;WIDTH:0.328684
G1 X137.327 Y129.162 E6.94845
;WIDTH:0.328683
G1 X137.161 Y129.117 E6.95541
;WIDTH:0.312461
G1 X137.141 Y129.11 E6.95621
;WIDTH:0.327716
G1 X136.989 Y129.053 E6.96273
;WIDTH:0.327715
G1 X136.685 Y128.915 E6.97617
;WIDTH:0.317388
G1 X136.675 Y128.91 E6.97659
;WIDTH:0.317387
G1 X136.666 Y128.905 E6.97701
;WIDTH:0.328084
G1 X136.376 Y128.715 E6.99095
;WIDTH:0.328083
G1 X136.255 Y128.627 E6.99699
;WIDTH:0.318664
G1 X136.248 Y128.621 E6.99736
;WIDTH:0.318516
G1 X136.238 Y128.612 E6.99784
;WIDTH:0.328108
G1 X136.119 Y128.5 E7.00442
;WIDTH:0.32811
G1 X135.888 Y128.261 E7.01783
;WIDTH:0.31863
G1 X135.874 Y128.245 E7.01867
;WIDTH:0.318691
G1 X135.873 Y128.245 E7.01869
;WIDTH:0.328086
G1 X135.785 Y128.124 E7.02471
;WIDTH:0.328087
G1 X135.601 Y127.843 E7.03825
;WIDTH:0.318392
G1 X135.591 Y127.827 E7.03896
;WIDTH:0.318724
G1 X135.59 Y127.825 E7.03906
;WIDTH:0.318723
G1 X135.446 Y127.519 E7.05215
;WIDTH:0.319644
G1 X135.445 Y127.517 E7.05224
M106 S249.9
;LAYER_CHANGE
;Z:6.25
;HEIGHT:0.4
G1 Z6.25 F7800
G1 E4.05224 F2400
G92 E0
G1 X66.162 Y76.337 F7800
G1 E3 F2400
;TYPE:External perimeter
;WIDTH:0.675
G1 X66.162 Y133.663 E8.61657
G1 X64.837 Y133.663 E8.74639
G1 X64.837 Y76.337 E14.36295
G1 X66.072 Y76.337 E14.48395
G1 X66.158 Y76.937 F7800
G1 X65.5 Y76.632
;TYPE:Gap fill
;WIDTH:0.821683
G1 F1200
G1 X65.5 Y133.368 E21.42678
;LAYER_CHANGE
;Z:6.65
;HEIGHT:0.4
G1 Z6.65 F7800
G1 X66.162 Y76.337
;TYPE:External perimeter
;WIDTH:0.675
G1 F2400
G1 X66.162 Y133.663 E27.04334
G1 X64.837 Y133.663 E27.17316
G1 X64.837 Y76.337 E32.78973
G1 X66.072 Y76.337 E32.91073
G1 X66.158 Y76.937 F7800
G1 X65.5 Y76.632
;TYPE:Gap fill
;WIDTH:0.821683
G1 F1200
G1 X65.5 Y133.368 E39.85355
;LAYER_CHANGE
;Z:7.05
;HEIGHT:0.4
G1 Z7.05 F7800
G1 X66.162 Y76.337
;TYPE:External perimeter
;WIDTH:0.675
G1 F2400
G1 X66.162 Y133.663 E45.47012
G1 X64.837 Y133.663 E45.59994
G1 X64.837 Y76.337 E51.2165
G1 X66.072 Y76.337 E51.33751
G1 X66.158 Y76.937 F7800
G1 X65.5 Y76.632
;TYPE:Gap fill
;WIDTH:0.821683
G1 F1200
G1 X65.5 Y133.368 E58.28033
;LAYER_CHANGE
;Z:7.45
;HEIGHT:0.4
G1 Z7.45 F7800
G1 X66.162 Y76.337
;TYPE:External perimeter
;WIDTH:0.675
G1 F2400
G1 X66.162 Y133.663 E63.89689
G1 X64.837 Y133.663 E64.02671
G1 X64.837 Y76.337 E69.64328
G1 X66.072 Y76.337 E69.76428
G1 X66.158 Y76.937 F7800
G1 X65.5 Y76.632
;TYPE:Gap fill
;WIDTH:0.821683
G1 F1200
G1 X65.5 Y133.368 E76.70711
;LAYER_CHANGE
;Z:7.85
;HEIGHT:0.4
G1 Z7.85 F7800
G1 X66.162 Y76.337
;TYPE:External perimeter
;WIDTH:0.675
G1 F2400
G1 X66.162 Y133.663 E82.32367
G1 X64.837 Y133.663 E82.45349
G1 X64.837 Y76.337 E88.07006
G1 X66.072 Y76.337 E88.19106
G1 X66.158 Y76.937 F7800
G1 X65.5 Y76.632
;TYPE:Gap fill
;WIDTH:0.821683
G1 F1200
G1 X65.5 Y133.368 E95.13388
;LAYER_CHANGE
;Z:8.25
;HEIGHT:0.4
G1 Z8.25 F7800
G1 X66.162 Y76.337
;TYPE:External perimeter
;WIDTH:0.675
G1 F2400
G1 X66.162 Y133.663 E100.75045
G1 X64.837 Y133.663 E100.88027
G1 X64.837 Y76.337 E106.49683
G1 X66.072 Y76.337 E106.61783
G1 X66.158 Y76.937 F7800
G1 X65.5 Y76.632
;TYPE:Gap fill
;WIDTH:0.821683
G1 F1200
G1 X65.5 Y133.368 E113.56066
;LAYER_CHANGE
;Z:8.65
;HEIGHT:0.4
G1 Z8.65 F7800
G1 X66.162 Y76.337
;TYPE:External perimeter
;WIDTH:0.675
G1 F2400
G1 X66.162 Y133.663 E119.17722
G1 X64.837 Y133.663 E119.30704
G1 X64.837 Y76.337 E124.92361
G1 X66.072 Y76.337 E125.04461
G1 X66.158 Y76.937 F7800
G1 X65.5 Y76.632
;TYPE:Gap fill
;WIDTH:0.821683
G1 F1200
G1 X65.5 Y133.368 E131.98743
;LAYER_CHANGE
;Z:9.05
;HEIGHT:0.400001
G1 Z9.05 F7800
G1 X66.162 Y76.337
;TYPE:External perimeter
;WIDTH:0.675
G1 F2400
G1 X66.162 Y133.663 E137.604
G1 X64.837 Y133.663 E137.73382
G1 X64.837 Y76.337 E143.35039
G1 X66.072 Y76.337 E143.47139
G1 X66.158 Y76.937 F7800
G1 X65.5 Y76.632
;TYPE:Gap fill
;WIDTH:0.821683
G1 F1200
G1 X65.5 Y133.368 E150.41421
;LAYER_CHANGE
;Z:9.45
;HEIGHT:0.4
G1 Z9.45 F7800
G1 X66.162 Y76.337
;TYPE:External perimeter
;WIDTH:0.675
G1 F2400
G1 X66.162 Y133.663 E156.03078
G1 X64.837 Y133.663 E156.1606
G1 X64.837 Y76.337 E161.77716
G1 X66.072 Y76.337 E161.89816
G1 X66.158 Y76.937 F7800
G1 X65.5 Y76.632
;TYPE:Gap fill
;WIDTH:0.821683
G1 F1200
G1 X65.5 Y133.368 E168.84099
;LAYER_CHANGE
;Z:9.85
;HEIGHT:0.400001
G1 Z9.85 F7800
G1 X66.162 Y76.337
;TYPE:External perimeter
;WIDTH:0.675
G1 F2400
G1 X66.162 Y133.663 E174.45755
G1 X64.837 Y133.663 E174.58737
G1 X64.837 Y76.337 E180.20394
G1 X66.072 Y76.337 E180.32494
G1 X66.158 Y76.937 F7800
G1 X65.5 Y76.632
;TYPE:Gap fill
;WIDTH:0.821683
G1 F1200
G1 X65.5 Y133.368 E187.26776
;LAYER_CHANGE
;Z:10.25
;HEIGHT:0.4
G1 Z10.25 F7800
G1 X66.162 Y76.337
;TYPE:External perimeter
;WIDTH:0.675
G1 F2400
G1 X66.162 Y133.663 E192.88433
G1 X64.837 Y133.663 E193.01415
G1 X64.837 Y76.337 E198.63071
G1 X66.072 Y76.337 E198.75172
G1 X66.158 Y76.937 F7800
G1 X65.5 Y76.632
;TYPE:Gap fill
;WIDTH:0.821683
G1 F1200
G1 X65.5 Y133.368 E205.69454
;LAYER_CHANGE
;Z:10.65
;HEIGHT:0.4
G1 Z10.65 F7800
G1 X66.162 Y76.337
;TYPE:External perimeter
;WIDTH:0.675
G1 F2400
G1 X66.162 Y133.663 E211.31111
G1 X64.837 Y133.663 E211.44093
G1 X64.837 Y76.337 E217.05749
G1 X66.072 Y76.337 E217.17849
G1 X66.158 Y76.937 F7800
G1 X65.5 Y76.632
;TYPE:Gap fill
;WIDTH:0.821683
G1 F1200
G1 X65.5 Y133.368 E224.12132
;LAYER_CHANGE
;Z:11.05
;HEIGHT:0.400001
G1 Z11.05 F7800
G1 X66.162 Y76.337
;TYPE:External perimeter
;WIDTH:0.675
G1 F2400
G1 X66.162 Y133.663 E229.73788
G1 X64.837 Y133.663 E229.8677
G1 X64.837 Y76.337 E235.48427
G1 X66.072 Y76.337 E235.60527
G1 X66.158 Y76.937 F7800
G1 X65.5 Y76.632
;TYPE:Gap fill
;WIDTH:0.821683
G1 F1200
G1 X65.5 Y133.368 E242.54809
;LAYER_CHANGE
;Z:11.45
;HEIGHT:0.4
G1 Z11.45 F7800
G1 X66.162 Y76.337
;TYPE:External perimeter
;WIDTH:0.675
G1 F2400
G1 X66.162 Y133.663 E248.16466
G1 X64.837 Y133.663 E248.29448
G1 X64.837 Y76.337 E253.91104
G1 X66.072 Y76.337 E254.03205
G1 X66.158 Y76.937 F7800
G1 X65.5 Y76.632
;TYPE:Gap fill
;WIDTH:0.821683
G1 F1200
G1 X65.5 Y133.368 E260.97487
;LAYER_CHANGE
;Z:11.85
;HEIGHT:0.400001
G1 Z11.85 F7800
G1 X66.162 Y76.337
;TYPE:External perimeter
;WIDTH:0.675
G1 F2400
G1 X66.162 Y133.663 E266.59143
G1 X64.837 Y133.663 E266.72125
G1 X64.837 Y76.337 E272.33782
G1 X66.072 Y76.337 E272.45882
G1 X66.158 Y76.937 F7800
G1 X65.5 Y76.632
;TYPE:Gap fill
;WIDTH:0.821683
G1 F1200
G1 X65.5 Y133.368 E279.40165
;LAYER_CHANGE
;Z:12.25
;HEIGHT:0.4
G1 Z12.25 F7800
G1 X66.162 Y76.337
;TYPE:External perimeter
;WIDTH:0.675
G1 F2400
G1 X66.162 Y133.663 E285.01821
G1 X64.837 Y133.663 E285.14803
G1 X64.837 Y76.337 E290.7646
G1 X66.072 Y76.337 E290.8856
G1 X66.158 Y76.937 F7800
G1 X65.5 Y76.632
;TYPE:Gap fill
;WIDTH:0.821683
G1 F1200
G1 X65.5 Y133.368 E297.82842
;LAYER_CHANGE
;Z:12.65
;HEIGHT:0.4
G1 Z12.65 F7800
G1 X66.162 Y76.337
;TYPE:External perimeter
;WIDTH:0.675
G1 F2400
G1 X66.162 Y133.663 E303.44499
G1 X64.837 Y133.663 E303.57481
G1 X64.837 Y76.337 E309.19137
G1 X66.072 Y76.337 E309.31237
G1 X66.158 Y76.937 F7800
G1 X65.5 Y76.632
;TYPE:Gap fill
;WIDTH:0.821683
G1 F1200
G1 X65.5 Y133.368 E316.2552
;LAYER_CHANGE
;Z:13.05
;HEIGHT:0.400001
G1 Z13.05 F7800
G1 X66.162 Y76.337
;TYPE:External perimeter
;WIDTH:0.675
G1 F2400
G1 X66.162 Y133.663 E321.87176
G1 X64.837 Y133.663 E322.00158
G1 X64.837 Y76.337 E327.61815
G1 X66.072 Y76.337 E327.73915
G1 X66.158 Y76.937 F7800
G1 X65.5 Y76.632
;TYPE:Gap fill
;WIDTH:0.821683
G1 F1200
G1 X65.5 Y133.368 E334.68197
;LAYER_CHANGE
;Z:13.45
;HEIGHT:0.4
G1 Z13.45 F7800
G1 X66.162 Y76.337
;TYPE:External perimeter
;WIDTH:0.675
G1 F2400
G1 X66.162 Y133.663 E340.29854
G1 X64.837 Y133.663 E340.42836
G1 X64.837 Y76.337 E346.04493
G1 X66.072 Y76.337 E346.16593
G1 X66.158 Y76.937 F7800
G1 X65.5 Y76.632
;TYPE:Gap fill
;WIDTH:0.821683
G1 F1200
G1 X65.5 Y133.368 E353.10875
;LAYER_CHANGE
;Z:13.85
;HEIGHT:0.400001
G1 Z13.85 F7800
G1 X66.162 Y76.337
;TYPE:External perimeter
;WIDTH:0.675
G1 F2400
G1 X66.162 Y133.663 E358.72532
G1 X64.837 Y133.663 E358.85514
G1 X64.837 Y76.337 E364.4717
G1 X66.072 Y76.337 E364.5927
G1 X66.158 Y76.937 F7800
G1 X65.5 Y76.632
;TYPE:Gap fill
;WIDTH:0.821683
G1 F1200
G1 X65.5 Y133.368 E371.53553
;LAYER_CHANGE
;Z:14.25
;HEIGHT:0.4
G1 Z14.25 F7800
G1 X66.162 Y76.337
;TYPE:External perimeter
;WIDTH:0.675
G1 F2400
G1 X66.162 Y133.663 E377.15209
G1 X64.837 Y133.663 E377.28191
G1 X64.837 Y76.337 E382.89848
G1 X66.072 Y76.337 E383.01948
G1 X66.158 Y76.937 F7800
G1 X65.5 Y76.632
;TYPE:Gap fill
;WIDTH:0.821683
G1 F1200
G1 X65.5 Y133.368 E389.9623
;LAYER_CHANGE
;Z:14.65
;HEIGHT:0.4
G1 Z14.65 F7800
G1 X66.162 Y76.337
;TYPE:External perimeter
;WIDTH:0.675
G1 F2400
G1 X66.162 Y133.663 E395.57887
G1 X64.837 Y133.663 E395.70869
G1 X64.837 Y76.337 E401.32525
G1 X66.072 Y76.337 E401.44626
G1 X66.158 Y76.937 F7800
G1 X65.5 Y76.632
;TYPE:Gap fill
;WIDTH:0.821683
G1 F1200
G1 X65.5 Y133.368 E408.38908
;LAYER_CHANGE
;Z:15.05
;HEIGHT:0.400001
G1 Z15.05 F7800
G1 E405.38908 F2400
G92 E0
G1 X66.162 Y76.337 F7800
G1 E3 F2400
;TYPE:External perimeter
;WIDTH:0.675
G1 X66.162 Y133.663 E8.61657
G1 X64.837 Y133.663 E8.74639
G1 X64.837 Y76.337 E14.36295
G1 X66.072 Y76.337 E14.48395
G1 X66.158 Y76.937 F7800
G1 X65.5 Y76.632
;TYPE:Gap fill
;WIDTH:0.821683
G1 F1200
G1 X65.5 Y133.368 E21.42678
G1 E18.42678 F2400
G92 E0
M107
;TYPE:Custom
; Filament-specific end gcode 
;END gcode for filament
M104 S0 ; turn off temperature
M140 S0; turn off heatbed
G28 X0  ; home X axis
M84     ; disable motors
; filament used [mm] = 3333.83
; filament used [cm3] = 8.02
; total filament used [g] = 0.00
; total filament cost = 0.00
; estimated printing time (normal mode) = 25m 35s
; estimated printing time (silent mode) = 25m 54s

; prusaslicer_config = begin
; avoid_crossing_perimeters = 0
; avoid_crossing_perimeters_max_detour = 0
; bed_custom_model = 
; bed_custom_texture = 
; bed_shape = 0x0,210x0,210x210,0x210
; bed_temperature = 60
; before_layer_gcode = 
; between_objects_gcode = 
; bottom_fill_pattern = rectilinear
; bottom_solid_layers = 3
; bottom_solid_min_thickness = 0
; bridge_acceleration = 0
; bridge_angle = 0
; bridge_fan_speed = 100
; bridge_flow_ratio = 1
; bridge_speed = 60
; brim_separation = 0
; brim_type = outer_only
; brim_width = 0
; clip_multipart_objects = 1
; color_change_gcode = M600
; complete_objects = 1
; cooling = 1
; cooling_tube_length = 5
; cooling_tube_retraction = 91.5
; default_acceleration = 0
; default_filament_profile = ""
; default_print_profile = 
; deretract_speed = 0
; disable_fan_first_layers = 3
; dont_support_bridges = 1
; draft_shield = disabled
; duplicate_distance = 6
; elefant_foot_compensation = 0.2
; end_filament_gcode = "; Filament-specific end gcode \n;END gcode for filament\n"
; end_gcode = M104 S0 ; turn off temperature\nM140 S0; turn off heatbed\nG28 X0  ; home X axis\nM84     ; disable motors\n
; ensure_vertical_shell_thickness = 0
; external_perimeter_extrusion_width = 0
; external_perimeter_speed = 50%
; external_perimeters_first = 0
; extra_loading_move = -2
; extra_perimeters = 1
; extruder_clearance_height = 20
; extruder_clearance_radius = 20
; extruder_colour = ""
; extruder_offset = 0x0
; extrusion_axis = E
; extrusion_multiplier = 1
; extrusion_width = 0
; fan_always_on = 0
; fan_below_layer_time = 60
; filament_colour = #FFFFFF
; filament_cooling_final_speed = 3.4
; filament_cooling_initial_speed = 2.2
; filament_cooling_moves = 4
; filament_cost = 0
; filament_density = 0
; filament_diameter = 1.75
; filament_load_time = 0
; filament_loading_speed = 28
; filament_loading_speed_start = 3
; filament_max_volumetric_speed = 0
; filament_minimal_purge_on_wipe_tower = 15
; filament_notes = ""
; filament_ramming_parameters = "120 100 6.6 6.8 7.2 7.6 7.9 8.2 8.7 9.4 9.9 10.0| 0.05 6.6 0.45 6.8 0.95 7.8 1.45 8.3 1.95 9.7 2.45 10 2.95 7.6 3.45 7.6 3.95 7.6 4.45 7.6 4.95 7.6"
; filament_settings_id = "PLA Weiss"
; filament_soluble = 0
; filament_spool_weight = 0
; filament_toolchange_delay = 0
; filament_type = PLA
; filament_unload_time = 0
; filament_unloading_speed = 90
; filament_unloading_speed_start = 100
; filament_vendor = (Unknown)
; fill_angle = 45
; fill_density = 20%
; fill_pattern = stars
; first_layer_acceleration = 0
; first_layer_acceleration_over_raft = 0
; first_layer_bed_temperature = 60
; first_layer_extrusion_width = 200%
; first_layer_height = 0.25
; first_layer_speed = 30
; first_layer_speed_over_raft = 30
; first_layer_temperature = 200
; full_fan_speed_layer = 0
; fuzzy_skin = none
; fuzzy_skin_point_dist = 0.8
; fuzzy_skin_thickness = 0.3
; gap_fill_enabled = 1
; gap_fill_speed = 20
; gcode_comments = 0
; gcode_flavor = marlin
; gcode_label_objects = 0
; gcode_resolution = 0.0125
; gcode_substitutions = 
; high_current_on_filament_swap = 0
; host_type = octoprint
; infill_acceleration = 0
; infill_anchor = 600%
; infill_anchor_max = 50
; infill_every_layers = 1
; infill_extruder = 1
; infill_extrusion_width = 0
; infill_first = 0
; infill_only_where_needed = 0
; infill_overlap = 25%
; infill_speed = 60
; interface_shells = 0
; ironing = 0
; ironing_flowrate = 15%
; ironing_spacing = 0.1
; ironing_speed = 15
; ironing_type = top
; layer_gcode = 
; layer_height = 0.4
; machine_limits_usage = emit_to_gcode
; machine_max_acceleration_e = 10000,5000
; machine_max_acceleration_extruding = 1500,1250
; machine_max_acceleration_retracting = 1500,1250
; machine_max_acceleration_travel = 1500,1250
; machine_max_acceleration_x = 9000,1000
; machine_max_acceleration_y = 9000,1000
; machine_max_acceleration_z = 500,200
; machine_max_feedrate_e = 120,120
; machine_max_feedrate_x = 500,200
; machine_max_feedrate_y = 500,200
; machine_max_feedrate_z = 12,12
; machine_max_jerk_e = 2.5,2.5
; machine_max_jerk_x = 10,10
; machine_max_jerk_y = 10,10
; machine_max_jerk_z = 0.2,0.4
; machine_min_extruding_rate = 0,0
; machine_min_travel_rate = 0,0
; max_fan_speed = 100
; max_layer_height = 0
; max_print_height = 200
; max_print_speed = 80
; max_volumetric_speed = 0
; min_fan_speed = 35
; min_layer_height = 0.1
; min_print_speed = 10
; min_skirt_length = 0
; mmu_segmented_region_max_width = 0
; notes = 
; nozzle_diameter = 0.6
; only_retract_when_crossing_perimeters = 1
; ooze_prevention = 0
; output_filename_format = [input_filename_base].gcode
; overhangs = 1
; parking_pos_retraction = 92
; pause_print_gcode = M601
; perimeter_acceleration = 0
; perimeter_extruder = 1
; perimeter_extrusion_width = 0
; perimeter_speed = 80
; perimeters = 2
; physical_printer_settings_id = 
; post_process = 
; print_settings_id = normal 0.6
; printer_model = 
; printer_notes = 
; printer_settings_id = Anycubic Mega S 0.6
; printer_technology = FFF
; printer_variant = 
; printer_vendor = 
; raft_contact_distance = 0.1
; raft_expansion = 1.5
; raft_first_layer_density = 70%
; raft_first_layer_expansion = 1
; raft_layers = 0
; remaining_times = 0
; resolution = 0
; retract_before_travel = 2
; retract_before_wipe = 0%
; retract_layer_change = 0
; retract_length = 3
; retract_length_toolchange = 10
; retract_lift = 0
; retract_lift_above = 0
; retract_lift_below = 0
; retract_restart_extra = 0
; retract_restart_extra_toolchange = 0
; retract_speed = 40
; seam_position = aligned
; silent_mode = 1
; single_extruder_multi_material = 0
; single_extruder_multi_material_priming = 1
; skirt_distance = 6
; skirt_height = 1
; skirts = 2
; slice_closing_radius = 0.049
; slicing_mode = regular
; slowdown_below_layer_time = 5
; small_perimeter_speed = 30
; solid_infill_below_area = 70
; solid_infill_every_layers = 0
; solid_infill_extruder = 1
; solid_infill_extrusion_width = 0
; solid_infill_speed = 20
; spiral_vase = 0
; standby_temperature_delta = -5
; start_filament_gcode = "; Filament gcode\n"
; start_gcode = G28 ; home all axes\nG1 Z5 F5000 ; lift nozzle\n
; support_material = 1
; support_material_angle = 0
; support_material_auto = 0
; support_material_bottom_contact_distance = 0
; support_material_bottom_interface_layers = -1
; support_material_buildplate_only = 0
; support_material_closing_radius = 2
; support_material_contact_distance = 0.2
; support_material_enforce_layers = 0
; support_material_extruder = 1
; support_material_extrusion_width = 0
; support_material_interface_contact_loops = 0
; support_material_interface_extruder = 1
; support_material_interface_layers = 1
; support_material_interface_pattern = rectilinear
; support_material_interface_spacing = 0
; support_material_interface_speed = 100%
; support_material_pattern = rectilinear
; support_material_spacing = 2.5
; support_material_speed = 60
; support_material_style = grid
; support_material_synchronize_layers = 0
; support_material_threshold = 0
; support_material_with_sheath = 0
; support_material_xy_spacing = 50%
; temperature = 195
; template_custom_gcode = 
; thick_bridges = 0
; thin_walls = 1
; threads = 4
; thumbnails = 
; toolchange_gcode = 
; top_fill_pattern = rectilinear
; top_infill_extrusion_width = 0
; top_solid_infill_speed = 20
; top_solid_layers = 3
; top_solid_min_thickness = 0
; travel_speed = 130
; travel_speed_z = 0
; use_firmware_retraction = 0
; use_relative_e_distances = 0
; use_volumetric_e = 0
; variable_layer_height = 1
; wipe = 0
; wipe_into_infill = 0
; wipe_into_objects = 0
; wipe_tower = 0
; wipe_tower_bridging = 10
; wipe_tower_brim_width = 2
; wipe_tower_no_sparse_layers = 0
; wipe_tower_rotation_angle = 0
; wipe_tower_width = 60
; wipe_tower_x = 180
; wipe_tower_y = 140
; wiping_volumes_extruders = 70,70
; wiping_volumes_matrix = 0
; xy_size_compensation = 0
; z_offset = 0
; prusaslicer_config = end
