solid OpenSCAD_Model
  facet normal -1 0 0
    outer loop
      vertex 9.85 23.5 1.8
      vertex 9.85 47.5 3.75
      vertex 9.85 47.5 1.8
    endloop
  endfacet
  facet normal -1 -0 0
    outer loop
      vertex 9.85 47.5 3.75
      vertex 9.85 23.5 1.8
      vertex 9.85 23.5 3.75
    endloop
  endfacet
  facet normal -0 0 1
    outer loop
      vertex 13 36.5 3
      vertex 20.5 34.5 3
      vertex 20.5 36.5 3
    endloop
  endfacet
  facet normal 0 0 1
    outer loop
      vertex 20.5 34.5 3
      vertex 13 36.5 3
      vertex 13 34.5 3
    endloop
  endfacet
  facet normal -0 0 1
    outer loop
      vertex 50.5 36.5 3
      vertex 58 34.5 3
      vertex 58 36.5 3
    endloop
  endfacet
  facet normal 0 0 1
    outer loop
      vertex 58 34.5 3
      vertex 50.5 36.5 3
      vertex 50.5 34.5 3
    endloop
  endfacet
  facet normal -0 0 1
    outer loop
      vertex 28.5 36.5 3
      vertex 34.5 34.5 3
      vertex 34.5 36.5 3
    endloop
  endfacet
  facet normal 0 0 1
    outer loop
      vertex 34.5 34.5 3
      vertex 28.5 36.5 3
      vertex 28.5 34.5 3
    endloop
  endfacet
  facet normal -0 0 1
    outer loop
      vertex 36.5 36.5 3
      vertex 42.5 34.5 3
      vertex 42.5 36.5 3
    endloop
  endfacet
  facet normal 0 0 1
    outer loop
      vertex 42.5 34.5 3
      vertex 36.5 36.5 3
      vertex 36.5 34.5 3
    endloop
  endfacet
  facet normal 1 -0 0
    outer loop
      vertex 61.15 23.5 3.75
      vertex 61.15 47.5 1.8
      vertex 61.15 47.5 3.75
    endloop
  endfacet
  facet normal 1 0 0
    outer loop
      vertex 61.15 47.5 1.8
      vertex 61.15 23.5 3.75
      vertex 61.15 23.5 1.8
    endloop
  endfacet
  facet normal 0 1 0
    outer loop
      vertex 20.5 36.5 3
      vertex 13 36.5 0.75
      vertex 13 36.5 3
    endloop
  endfacet
  facet normal 0 1 -0
    outer loop
      vertex 20.5 36.5 0
      vertex 13 36.5 0.75
      vertex 20.5 36.5 3
    endloop
  endfacet
  facet normal 0 1 0
    outer loop
      vertex 13 36.5 0.75
      vertex 20.5 36.5 0
      vertex 13 36.5 0
    endloop
  endfacet
  facet normal 0 1 -0
    outer loop
      vertex 58 36.5 0.75
      vertex 50.5 36.5 3
      vertex 58 36.5 3
    endloop
  endfacet
  facet normal 0 1 0
    outer loop
      vertex 50.5 36.5 0
      vertex 58 36.5 0.75
      vertex 58 36.5 0
    endloop
  endfacet
  facet normal 0 1 0
    outer loop
      vertex 58 36.5 0.75
      vertex 50.5 36.5 0
      vertex 50.5 36.5 3
    endloop
  endfacet
  facet normal 0 1 -0
    outer loop
      vertex 34.5 36.5 0
      vertex 28.5 36.5 3
      vertex 34.5 36.5 3
    endloop
  endfacet
  facet normal 0 1 0
    outer loop
      vertex 28.5 36.5 3
      vertex 34.5 36.5 0
      vertex 28.5 36.5 0
    endloop
  endfacet
  facet normal 0 1 -0
    outer loop
      vertex 42.5 36.5 0
      vertex 36.5 36.5 3
      vertex 42.5 36.5 3
    endloop
  endfacet
  facet normal 0 1 0
    outer loop
      vertex 36.5 36.5 3
      vertex 42.5 36.5 0
      vertex 36.5 36.5 0
    endloop
  endfacet
  facet normal 0 0 -1
    outer loop
      vertex 13.0628 50.4974 0
      vertex 10.3647 70.2658 0
      vertex 12.1893 70.7343 0
    endloop
  endfacet
  facet normal 0 0 -1
    outer loop
      vertex 8.6372 43.834 0
      vertex 13 50 0
      vertex 8.81724 43.5246 0
    endloop
  endfacet
  facet normal 0 0 -1
    outer loop
      vertex 8.41982 44.1183 0
      vertex 13 50 0
      vertex 8.6372 43.834 0
    endloop
  endfacet
  facet normal 0 0 -1
    outer loop
      vertex 8.16852 44.3731 0
      vertex 13 50 0
      vertex 8.41982 44.1183 0
    endloop
  endfacet
  facet normal 0 0 -1
    outer loop
      vertex 7.88725 44.5945 0
      vertex 13 50 0
      vertex 8.16852 44.3731 0
    endloop
  endfacet
  facet normal 0 0 -1
    outer loop
      vertex 7.58047 44.7788 0
      vertex 13 50 0
      vertex 7.88725 44.5945 0
    endloop
  endfacet
  facet normal 0 0 -1
    outer loop
      vertex 7.253 44.9232 0
      vertex 13 50 0
      vertex 7.58047 44.7788 0
    endloop
  endfacet
  facet normal 0 0 -1
    outer loop
      vertex 6.91001 45.0255 0
      vertex 13 50 0
      vertex 7.253 44.9232 0
    endloop
  endfacet
  facet normal 0 0 -1
    outer loop
      vertex 6.55691 45.0839 0
      vertex 13 50 0
      vertex 6.91001 45.0255 0
    endloop
  endfacet
  facet normal 0 0 -1
    outer loop
      vertex 13.0628 50.4974 0
      vertex 8.61331 69.5724 0
      vertex 10.3647 70.2658 0
    endloop
  endfacet
  facet normal -0 0 -1
    outer loop
      vertex 13 50 0
      vertex 6.55691 45.0839 0
      vertex 13.0158 50.2507 0
    endloop
  endfacet
  facet normal 0 0 -1
    outer loop
      vertex 13.0628 50.4974 0
      vertex 6.9626 68.6649 0
      vertex 8.61331 69.5724 0
    endloop
  endfacet
  facet normal -0 0 -1
    outer loop
      vertex 13.0158 50.2507 0
      vertex 6.55691 45.0839 0
      vertex 13.0628 50.4974 0
    endloop
  endfacet
  facet normal 0 0 -1
    outer loop
      vertex 6.19927 45.0977 0
      vertex 13.0628 50.4974 0
      vertex 6.55691 45.0839 0
    endloop
  endfacet
  facet normal -0 0 -1
    outer loop
      vertex 13.0628 50.4974 0
      vertex 6.19927 45.0977 0
      vertex 0 56 0
    endloop
  endfacet
  facet normal 0 0 -1
    outer loop
      vertex 0 56 0
      vertex 6.19927 45.0977 0
      vertex 5.84272 45.0665 0
    endloop
  endfacet
  facet normal 0 0 -1
    outer loop
      vertex 0 56 0
      vertex 5.84272 45.0665 0
      vertex 5.4929 44.9909 0
    endloop
  endfacet
  facet normal 0 0 -1
    outer loop
      vertex 13.0628 50.4974 0
      vertex 5.43864 67.5577 0
      vertex 6.9626 68.6649 0
    endloop
  endfacet
  facet normal 0 0 -1
    outer loop
      vertex 0 56 0
      vertex 5.4929 44.9909 0
      vertex 5.15531 44.872 0
    endloop
  endfacet
  facet normal 0 0 -1
    outer loop
      vertex 0 56 0
      vertex 5.15531 44.872 0
      vertex 4.83529 44.7117 0
    endloop
  endfacet
  facet normal 0 0 -1
    outer loop
      vertex 0 56 0
      vertex 4.83529 44.7117 0
      vertex 4.53788 44.5126 0
    endloop
  endfacet
  facet normal 0 0 -1
    outer loop
      vertex 0 56 0
      vertex 4.53788 44.5126 0
      vertex 4.26776 44.2778 0
    endloop
  endfacet
  facet normal 0 0 -1
    outer loop
      vertex 13.0628 50.4974 0
      vertex 0 56 0
      vertex 0.11828 57.88 0
    endloop
  endfacet
  facet normal 0 0 -1
    outer loop
      vertex 0 56 0
      vertex 4.26776 44.2778 0
      vertex 4.02921 44.011 0
    endloop
  endfacet
  facet normal 0 0 -1
    outer loop
      vertex 0 56 0
      vertex 4.02921 44.011 0
      vertex 3.82597 43.7164 0
    endloop
  endfacet
  facet normal 0 0 -1
    outer loop
      vertex 0 56 0
      vertex 3.82597 43.7164 0
      vertex 3.66126 43.3986 0
    endloop
  endfacet
  facet normal 0 0 -1
    outer loop
      vertex 0 56 0
      vertex 3.66126 43.3986 0
      vertex 3.53768 43.0627 0
    endloop
  endfacet
  facet normal 0 0 -1
    outer loop
      vertex 0 56 0
      vertex 3.53768 43.0627 0
      vertex 3.45717 42.714 0
    endloop
  endfacet
  facet normal 0 0 -1
    outer loop
      vertex 0 56 0
      vertex 3.45717 42.714 0
      vertex 3.421 42.3579 0
    endloop
  endfacet
  facet normal 0 0 -1
    outer loop
      vertex 13.0628 50.4974 0
      vertex 4.06547 66.2682 0
      vertex 5.43864 67.5577 0
    endloop
  endfacet
  facet normal 0 0 -1
    outer loop
      vertex 0 56 0
      vertex 3.42974 42.0001 0
      vertex 0 15 0
    endloop
  endfacet
  facet normal 0 0 -1
    outer loop
      vertex 0 15 0
      vertex 2.86475 6.18322 0
      vertex 1.8554 7.77369 0
    endloop
  endfacet
  facet normal 0 0 -1
    outer loop
      vertex 3.42974 42.0001 0
      vertex 0 56 0
      vertex 3.421 42.3579 0
    endloop
  endfacet
  facet normal 0 0 -1
    outer loop
      vertex 0 15 0
      vertex 1.8554 7.77369 0
      vertex 1.05335 9.47813 0
    endloop
  endfacet
  facet normal 0 0 -1
    outer loop
      vertex 13.0628 50.4974 0
      vertex 2.86475 64.8168 0
      vertex 4.06547 66.2682 0
    endloop
  endfacet
  facet normal 0 0 -1
    outer loop
      vertex 0 15 0
      vertex 1.05335 9.47813 0
      vertex 0.471253 11.2697 0
    endloop
  endfacet
  facet normal 0 0 -1
    outer loop
      vertex 13.0628 50.4974 0
      vertex 1.8554 63.2263 0
      vertex 2.86475 64.8168 0
    endloop
  endfacet
  facet normal 0 0 -1
    outer loop
      vertex 0 15 0
      vertex 0.471253 11.2697 0
      vertex 0.11828 13.12 0
    endloop
  endfacet
  facet normal 0 0 -1
    outer loop
      vertex 13.0628 50.4974 0
      vertex 1.05335 61.5219 0
      vertex 1.8554 63.2263 0
    endloop
  endfacet
  facet normal 0 0 -1
    outer loop
      vertex 13.0628 50.4974 0
      vertex 0.471253 59.7303 0
      vertex 1.05335 61.5219 0
    endloop
  endfacet
  facet normal 0 0 -1
    outer loop
      vertex 13.0628 50.4974 0
      vertex 0.11828 57.88 0
      vertex 0.471253 59.7303 0
    endloop
  endfacet
  facet normal 0 0 -1
    outer loop
      vertex 8.19391 28.3185 0
      vertex 13 34.5 0
      vertex 8.22066 28.1067 0
    endloop
  endfacet
  facet normal 0 0 -1
    outer loop
      vertex 8.14082 28.5253 0
      vertex 13 34.5 0
      vertex 8.19391 28.3185 0
    endloop
  endfacet
  facet normal 0 0 -1
    outer loop
      vertex 7.71109 30.199 0
      vertex 13 34.5 0
      vertex 8.14082 28.5253 0
    endloop
  endfacet
  facet normal 0 0 -1
    outer loop
      vertex 7.26582 33.7237 0
      vertex 13 34.5 0
      vertex 7.71109 30.199 0
    endloop
  endfacet
  facet normal 0 0 -1
    outer loop
      vertex 7.26582 37.2763 0
      vertex 13 34.5 0
      vertex 7.26582 33.7237 0
    endloop
  endfacet
  facet normal 0 0 -1
    outer loop
      vertex 13 34.5 0
      vertex 7.26582 37.2763 0
      vertex 8.27003 40.2193 0
    endloop
  endfacet
  facet normal 0 0 -1
    outer loop
      vertex 8.27003 40.2193 0
      vertex 7.26582 37.2763 0
      vertex 7.99992 39.9845 0
    endloop
  endfacet
  facet normal 0 0 -1
    outer loop
      vertex 7.99992 39.9845 0
      vertex 7.26582 37.2763 0
      vertex 7.70251 39.7853 0
    endloop
  endfacet
  facet normal 0 0 -1
    outer loop
      vertex 7.70251 39.7853 0
      vertex 7.26582 37.2763 0
      vertex 7.5747 39.7213 0
    endloop
  endfacet
  facet normal 0 0 -1
    outer loop
      vertex 3.87253 37.6491 0
      vertex 4.11798 40.3788 0
      vertex 4.20608 40.2894 0
    endloop
  endfacet
  facet normal 0 0 -1
    outer loop
      vertex 3.87253 37.6491 0
      vertex 3.90059 40.6631 0
      vertex 4.11798 40.3788 0
    endloop
  endfacet
  facet normal 0 0 -1
    outer loop
      vertex 3.58071 41.3019 0
      vertex 3.87253 37.6491 0
      vertex 3.85257 37.4911 0
    endloop
  endfacet
  facet normal 0 0 -1
    outer loop
      vertex 3.87253 37.6491 0
      vertex 3.72056 40.9724 0
      vertex 3.90059 40.6631 0
    endloop
  endfacet
  facet normal 0 0 -1
    outer loop
      vertex 26.8748 20.0354 0
      vertex 27.0875 23.3233 0
      vertex 27.0875 20.09 0
    endloop
  endfacet
  facet normal 0 0 -1
    outer loop
      vertex 26.8748 20.0354 0
      vertex 26.8721 23.3786 0
      vertex 27.0875 23.3233 0
    endloop
  endfacet
  facet normal 0 0 -1
    outer loop
      vertex 26.6256 20.0039 0
      vertex 26.8721 23.3786 0
      vertex 26.8748 20.0354 0
    endloop
  endfacet
  facet normal 0 0 -1
    outer loop
      vertex 26.6256 20.0039 0
      vertex 26.4459 23.5474 0
      vertex 26.8721 23.3786 0
    endloop
  endfacet
  facet normal 0 0 -1
    outer loop
      vertex 26.6256 20.0039 0
      vertex 26.0442 23.7682 0
      vertex 26.4459 23.5474 0
    endloop
  endfacet
  facet normal 0 0 -1
    outer loop
      vertex 22.3744 20.0039 0
      vertex 26.0442 23.7682 0
      vertex 26.6256 20.0039 0
    endloop
  endfacet
  facet normal -0 0 -1
    outer loop
      vertex 26.0442 23.7682 0
      vertex 22.3744 20.0039 0
      vertex 25.6734 24.0376 0
    endloop
  endfacet
  facet normal -0 0 -1
    outer loop
      vertex 25.6734 24.0376 0
      vertex 22.3744 20.0039 0
      vertex 25.3393 24.3514 0
    endloop
  endfacet
  facet normal -0 0 -1
    outer loop
      vertex 25.3393 24.3514 0
      vertex 22.3744 20.0039 0
      vertex 25.0471 24.7046 0
    endloop
  endfacet
  facet normal -0 0 -1
    outer loop
      vertex 25.0471 24.7046 0
      vertex 22.3744 20.0039 0
      vertex 24.8015 25.0916 0
    endloop
  endfacet
  facet normal -0 0 -1
    outer loop
      vertex 24.6063 42.8063 0
      vertex 20.5 36.5 0
      vertex 24.4647 43.2423 0
    endloop
  endfacet
  facet normal -0 0 -1
    outer loop
      vertex 24.3788 26.3925 0
      vertex 22.3744 20.0039 0
      vertex 24.35 26.85 0
    endloop
  endfacet
  facet normal -0 0 -1
    outer loop
      vertex 24.4647 25.9423 0
      vertex 22.3744 20.0039 0
      vertex 24.3788 26.3925 0
    endloop
  endfacet
  facet normal -0 0 -1
    outer loop
      vertex 24.6063 25.5063 0
      vertex 22.3744 20.0039 0
      vertex 24.4647 25.9423 0
    endloop
  endfacet
  facet normal -0 0 -1
    outer loop
      vertex 24.8015 25.0916 0
      vertex 22.3744 20.0039 0
      vertex 24.6063 25.5063 0
    endloop
  endfacet
  facet normal 0 0 -1
    outer loop
      vertex 27.0875 47.6767 0
      vertex 26.8748 50.9646 0
      vertex 27.0875 50.91 0
    endloop
  endfacet
  facet normal 0 0 -1
    outer loop
      vertex 26.8721 47.6214 0
      vertex 26.8748 50.9646 0
      vertex 27.0875 47.6767 0
    endloop
  endfacet
  facet normal 0 0 -1
    outer loop
      vertex 26.8721 47.6214 0
      vertex 26.6256 50.9961 0
      vertex 26.8748 50.9646 0
    endloop
  endfacet
  facet normal 0 0 -1
    outer loop
      vertex 26.4459 47.4526 0
      vertex 26.6256 50.9961 0
      vertex 26.8721 47.6214 0
    endloop
  endfacet
  facet normal 0 0 -1
    outer loop
      vertex 26.0442 47.2318 0
      vertex 26.6256 50.9961 0
      vertex 26.4459 47.4526 0
    endloop
  endfacet
  facet normal 0 0 -1
    outer loop
      vertex 22.3744 50.9961 0
      vertex 26.0442 47.2318 0
      vertex 25.6734 46.9624 0
    endloop
  endfacet
  facet normal 0 0 -1
    outer loop
      vertex 22.3744 50.9961 0
      vertex 25.6734 46.9624 0
      vertex 25.3393 46.6486 0
    endloop
  endfacet
  facet normal 0 0 -1
    outer loop
      vertex 20.5 49 0
      vertex 25.3393 46.6486 0
      vertex 25.0471 46.2954 0
    endloop
  endfacet
  facet normal 0 0 -1
    outer loop
      vertex 20.5 49 0
      vertex 25.0471 46.2954 0
      vertex 24.8015 45.9084 0
    endloop
  endfacet
  facet normal 0 0 -1
    outer loop
      vertex 20.5 49 0
      vertex 24.8015 45.9084 0
      vertex 24.6063 45.4937 0
    endloop
  endfacet
  facet normal -0 0 -1
    outer loop
      vertex 24.4647 43.2423 0
      vertex 20.5 36.5 0
      vertex 24.3788 43.6925 0
    endloop
  endfacet
  facet normal 0 0 -1
    outer loop
      vertex 26.0442 47.2318 0
      vertex 22.3744 50.9961 0
      vertex 26.6256 50.9961 0
    endloop
  endfacet
  facet normal 0 0 -1
    outer loop
      vertex 20.5 49 0
      vertex 24.6063 45.4937 0
      vertex 24.4647 45.0577 0
    endloop
  endfacet
  facet normal 0 0 -1
    outer loop
      vertex 20.5 49 0
      vertex 24.4647 45.0577 0
      vertex 24.3788 44.6075 0
    endloop
  endfacet
  facet normal 0 0 -1
    outer loop
      vertex 20.5 49 0
      vertex 24.3788 43.6925 0
      vertex 20.5 36.5 0
    endloop
  endfacet
  facet normal 0 0 -1
    outer loop
      vertex 20.5 22 0
      vertex 22.3744 20.0039 0
      vertex 22.1252 20.0354 0
    endloop
  endfacet
  facet normal 0 0 -1
    outer loop
      vertex 24.3788 43.6925 0
      vertex 20.5 49 0
      vertex 24.35 44.15 0
    endloop
  endfacet
  facet normal 0 0 -1
    outer loop
      vertex 20.5 22 0
      vertex 22.1252 20.0354 0
      vertex 21.882 20.0979 0
    endloop
  endfacet
  facet normal 0 0 -1
    outer loop
      vertex 24.35 44.15 0
      vertex 20.5 49 0
      vertex 24.3788 44.6075 0
    endloop
  endfacet
  facet normal 0 0 -1
    outer loop
      vertex 20.5 22 0
      vertex 21.882 20.0979 0
      vertex 21.6484 20.1903 0
    endloop
  endfacet
  facet normal 0 0 -1
    outer loop
      vertex 25.3393 46.6486 0
      vertex 20.5 49 0
      vertex 22.3744 50.9961 0
    endloop
  endfacet
  facet normal 0 0 -1
    outer loop
      vertex 20.5 22 0
      vertex 21.6484 20.1903 0
      vertex 21.4283 20.3113 0
    endloop
  endfacet
  facet normal 0 0 -1
    outer loop
      vertex 22.3744 50.9961 0
      vertex 20.5 49 0
      vertex 22.1252 50.9646 0
    endloop
  endfacet
  facet normal 0 0 -1
    outer loop
      vertex 20.5 22 0
      vertex 21.4283 20.3113 0
      vertex 21.2252 20.459 0
    endloop
  endfacet
  facet normal 0 0 -1
    outer loop
      vertex 22.1252 50.9646 0
      vertex 20.5 49 0
      vertex 21.882 50.9021 0
    endloop
  endfacet
  facet normal 0 0 -1
    outer loop
      vertex 20.5 22 0
      vertex 21.2252 20.459 0
      vertex 21.0421 20.6309 0
    endloop
  endfacet
  facet normal 0 0 -1
    outer loop
      vertex 21.882 50.9021 0
      vertex 20.5 49 0
      vertex 21.6484 50.8097 0
    endloop
  endfacet
  facet normal 0 0 -1
    outer loop
      vertex 20.5 22 0
      vertex 21.0421 20.6309 0
      vertex 20.882 20.8244 0
    endloop
  endfacet
  facet normal 0 0 -1
    outer loop
      vertex 21.6484 50.8097 0
      vertex 20.5 49 0
      vertex 21.4283 50.6887 0
    endloop
  endfacet
  facet normal 0 0 -1
    outer loop
      vertex 20.5 22 0
      vertex 20.882 20.8244 0
      vertex 20.7474 21.0365 0
    endloop
  endfacet
  facet normal 0 0 -1
    outer loop
      vertex 21.4283 50.6887 0
      vertex 20.5 49 0
      vertex 21.2252 50.541 0
    endloop
  endfacet
  facet normal 0 0 -1
    outer loop
      vertex 20.5 22 0
      vertex 20.7474 21.0365 0
      vertex 20.6404 21.2638 0
    endloop
  endfacet
  facet normal 0 0 -1
    outer loop
      vertex 21.2252 50.541 0
      vertex 20.5 49 0
      vertex 21.0421 50.3691 0
    endloop
  endfacet
  facet normal 0 0 -1
    outer loop
      vertex 20.5 22 0
      vertex 20.6404 21.2638 0
      vertex 20.5628 21.5026 0
    endloop
  endfacet
  facet normal 0 0 -1
    outer loop
      vertex 21.0421 50.3691 0
      vertex 20.5 49 0
      vertex 20.882 50.1756 0
    endloop
  endfacet
  facet normal 0 0 -1
    outer loop
      vertex 20.5 22 0
      vertex 20.5628 21.5026 0
      vertex 20.5158 21.7493 0
    endloop
  endfacet
  facet normal 0 0 -1
    outer loop
      vertex 20.882 50.1756 0
      vertex 20.5 49 0
      vertex 20.7474 49.9635 0
    endloop
  endfacet
  facet normal 0 0 -1
    outer loop
      vertex 22.3744 20.0039 0
      vertex 20.5 22 0
      vertex 20.5 34.5 0
    endloop
  endfacet
  facet normal 0 0 -1
    outer loop
      vertex 20.7474 49.9635 0
      vertex 20.5 49 0
      vertex 20.6404 49.7362 0
    endloop
  endfacet
  facet normal 0 0 -1
    outer loop
      vertex 20.6404 49.7362 0
      vertex 20.5 49 0
      vertex 20.5628 49.4974 0
    endloop
  endfacet
  facet normal 0 0 -1
    outer loop
      vertex 20.5628 49.4974 0
      vertex 20.5 49 0
      vertex 20.5158 49.2507 0
    endloop
  endfacet
  facet normal 0 0 -1
    outer loop
      vertex 13 34.5 0
      vertex 20.5 36.5 0
      vertex 20.5 34.5 0
    endloop
  endfacet
  facet normal -0 0 -1
    outer loop
      vertex 20.5 36.5 0
      vertex 13 34.5 0
      vertex 13 36.5 0
    endloop
  endfacet
  facet normal 0 0 -1
    outer loop
      vertex 28.2292 30.4928 0
      vertex 28.5 34.5 0
      vertex 28.5 30.4586 0
    endloop
  endfacet
  facet normal 0 0 -1
    outer loop
      vertex 27.7708 30.4928 0
      vertex 28.5 34.5 0
      vertex 28.2292 30.4928 0
    endloop
  endfacet
  facet normal 0 0 -1
    outer loop
      vertex 27.3161 30.4353 0
      vertex 28.5 34.5 0
      vertex 27.7708 30.4928 0
    endloop
  endfacet
  facet normal 0 0 -1
    outer loop
      vertex 28.5 36.5 0
      vertex 28.2292 40.5072 0
      vertex 28.5 40.5414 0
    endloop
  endfacet
  facet normal 0 0 -1
    outer loop
      vertex 26.8721 30.3214 0
      vertex 28.5 34.5 0
      vertex 27.3161 30.4353 0
    endloop
  endfacet
  facet normal 0 0 -1
    outer loop
      vertex 28.5 36.5 0
      vertex 27.7708 40.5072 0
      vertex 28.2292 40.5072 0
    endloop
  endfacet
  facet normal 0 0 -1
    outer loop
      vertex 26.4459 30.1526 0
      vertex 28.5 34.5 0
      vertex 26.8721 30.3214 0
    endloop
  endfacet
  facet normal 0 0 -1
    outer loop
      vertex 28.5 36.5 0
      vertex 27.3161 40.5647 0
      vertex 27.7708 40.5072 0
    endloop
  endfacet
  facet normal 0 0 -1
    outer loop
      vertex 20.5 34.5 0
      vertex 26.4459 30.1526 0
      vertex 26.0442 29.9318 0
    endloop
  endfacet
  facet normal 0 0 -1
    outer loop
      vertex 28.5 36.5 0
      vertex 26.8721 40.6786 0
      vertex 27.3161 40.5647 0
    endloop
  endfacet
  facet normal 0 0 -1
    outer loop
      vertex 20.5 34.5 0
      vertex 26.0442 29.9318 0
      vertex 25.6734 29.6624 0
    endloop
  endfacet
  facet normal 0 0 -1
    outer loop
      vertex 28.5 36.5 0
      vertex 26.4459 40.8474 0
      vertex 26.8721 40.6786 0
    endloop
  endfacet
  facet normal 0 0 -1
    outer loop
      vertex 26.4459 30.1526 0
      vertex 20.5 34.5 0
      vertex 28.5 34.5 0
    endloop
  endfacet
  facet normal 0 0 -1
    outer loop
      vertex 20.5 36.5 0
      vertex 26.4459 40.8474 0
      vertex 28.5 36.5 0
    endloop
  endfacet
  facet normal 0 0 -1
    outer loop
      vertex 28.5 34.5 0
      vertex 20.5 34.5 0
      vertex 28.5 36.5 0
    endloop
  endfacet
  facet normal 0 0 -1
    outer loop
      vertex 20.5 36.5 0
      vertex 28.5 36.5 0
      vertex 20.5 34.5 0
    endloop
  endfacet
  facet normal 0 0 -1
    outer loop
      vertex 20.5 34.5 0
      vertex 25.6734 29.6624 0
      vertex 25.3393 29.3486 0
    endloop
  endfacet
  facet normal -0 0 -1
    outer loop
      vertex 26.4459 40.8474 0
      vertex 20.5 36.5 0
      vertex 26.0442 41.0682 0
    endloop
  endfacet
  facet normal 0 0 -1
    outer loop
      vertex 20.5 34.5 0
      vertex 25.3393 29.3486 0
      vertex 25.0471 28.9954 0
    endloop
  endfacet
  facet normal -0 0 -1
    outer loop
      vertex 26.0442 41.0682 0
      vertex 20.5 36.5 0
      vertex 25.6734 41.3376 0
    endloop
  endfacet
  facet normal 0 0 -1
    outer loop
      vertex 20.5 34.5 0
      vertex 25.0471 28.9954 0
      vertex 24.8015 28.6084 0
    endloop
  endfacet
  facet normal -0 0 -1
    outer loop
      vertex 25.6734 41.3376 0
      vertex 20.5 36.5 0
      vertex 25.3393 41.6514 0
    endloop
  endfacet
  facet normal 0 0 -1
    outer loop
      vertex 20.5 34.5 0
      vertex 24.8015 28.6084 0
      vertex 24.6063 28.1937 0
    endloop
  endfacet
  facet normal -0 0 -1
    outer loop
      vertex 25.3393 41.6514 0
      vertex 20.5 36.5 0
      vertex 25.0471 42.0046 0
    endloop
  endfacet
  facet normal 0 0 -1
    outer loop
      vertex 20.5 34.5 0
      vertex 24.6063 28.1937 0
      vertex 24.4647 27.7577 0
    endloop
  endfacet
  facet normal -0 0 -1
    outer loop
      vertex 25.0471 42.0046 0
      vertex 20.5 36.5 0
      vertex 24.8015 42.3916 0
    endloop
  endfacet
  facet normal 0 0 -1
    outer loop
      vertex 20.5 34.5 0
      vertex 24.4647 27.7577 0
      vertex 24.3788 27.3075 0
    endloop
  endfacet
  facet normal -0 0 -1
    outer loop
      vertex 24.8015 42.3916 0
      vertex 20.5 36.5 0
      vertex 24.6063 42.8063 0
    endloop
  endfacet
  facet normal 0 0 -1
    outer loop
      vertex 20.5 34.5 0
      vertex 24.35 26.85 0
      vertex 22.3744 20.0039 0
    endloop
  endfacet
  facet normal 0 0 -1
    outer loop
      vertex 24.35 26.85 0
      vertex 20.5 34.5 0
      vertex 24.3788 27.3075 0
    endloop
  endfacet
  facet normal 0 0 -1
    outer loop
      vertex 28.5 34.5 0
      vertex 34.5 36.5 0
      vertex 34.5 34.5 0
    endloop
  endfacet
  facet normal -0 0 -1
    outer loop
      vertex 34.5 36.5 0
      vertex 28.5 34.5 0
      vertex 28.5 36.5 0
    endloop
  endfacet
  facet normal 0 0 -1
    outer loop
      vertex 36.5 34.5 0
      vertex 42.5 36.5 0
      vertex 42.5 34.5 0
    endloop
  endfacet
  facet normal -0 0 -1
    outer loop
      vertex 42.5 36.5 0
      vertex 36.5 34.5 0
      vertex 36.5 36.5 0
    endloop
  endfacet
  facet normal 0 0 -1
    outer loop
      vertex 56.9419 70.9704 0
      vertex 45.0839 64.4431 0
      vertex 45.0977 64.8007 0
    endloop
  endfacet
  facet normal 0 0 -1
    outer loop
      vertex 56.9419 70.9704 0
      vertex 45.0255 64.09 0
      vertex 45.0839 64.4431 0
    endloop
  endfacet
  facet normal 0 0 -1
    outer loop
      vertex 56.1256 51.9961 0
      vertex 44.9232 63.747 0
      vertex 45.0255 64.09 0
    endloop
  endfacet
  facet normal 0 0 -1
    outer loop
      vertex 56.1256 51.9961 0
      vertex 44.7788 63.4195 0
      vertex 44.9232 63.747 0
    endloop
  endfacet
  facet normal 0 0 -1
    outer loop
      vertex 56.1256 51.9961 0
      vertex 44.5945 63.1127 0
      vertex 44.7788 63.4195 0
    endloop
  endfacet
  facet normal 0 0 -1
    outer loop
      vertex 56.1256 51.9961 0
      vertex 44.3731 62.8315 0
      vertex 44.5945 63.1127 0
    endloop
  endfacet
  facet normal 0 0 -1
    outer loop
      vertex 56.1256 51.9961 0
      vertex 44.1183 62.5802 0
      vertex 44.3731 62.8315 0
    endloop
  endfacet
  facet normal 0 0 -1
    outer loop
      vertex 56.1256 51.9961 0
      vertex 43.834 62.3628 0
      vertex 44.1183 62.5802 0
    endloop
  endfacet
  facet normal 0 0 -1
    outer loop
      vertex 56.1256 51.9961 0
      vertex 43.5246 62.1828 0
      vertex 43.834 62.3628 0
    endloop
  endfacet
  facet normal 0 0 -1
    outer loop
      vertex 56.1256 51.9961 0
      vertex 43.1952 62.0429 0
      vertex 43.5246 62.1828 0
    endloop
  endfacet
  facet normal 0 0 -1
    outer loop
      vertex 36.8744 51.9961 0
      vertex 43.1952 62.0429 0
      vertex 56.1256 51.9961 0
    endloop
  endfacet
  facet normal 0 0 -1
    outer loop
      vertex 43.1952 62.0429 0
      vertex 36.8744 51.9961 0
      vertex 42.8508 61.9455 0
    endloop
  endfacet
  facet normal 0 0 -1
    outer loop
      vertex 42.8508 61.9455 0
      vertex 36.8744 51.9961 0
      vertex 42.4969 61.8919 0
    endloop
  endfacet
  facet normal 0 0 -1
    outer loop
      vertex 42.4969 61.8919 0
      vertex 36.8744 51.9961 0
      vertex 42.1391 61.8832 0
    endloop
  endfacet
  facet normal -0 0 -1
    outer loop
      vertex 42.1391 61.8832 0
      vertex 36.8744 51.9961 0
      vertex 41.7831 61.9194 0
    endloop
  endfacet
  facet normal -0 0 -1
    outer loop
      vertex 41.7831 61.9194 0
      vertex 36.8744 51.9961 0
      vertex 41.4343 61.9999 0
    endloop
  endfacet
  facet normal -0 0 -1
    outer loop
      vertex 41.4343 61.9999 0
      vertex 36.8744 51.9961 0
      vertex 41.0984 62.1235 0
    endloop
  endfacet
  facet normal 0 0 -1
    outer loop
      vertex 39.7853 63.2975 0
      vertex 37.2763 63.7342 0
      vertex 39.7213 63.4253 0
    endloop
  endfacet
  facet normal 0 0 -1
    outer loop
      vertex 39.9845 63.0001 0
      vertex 37.2763 63.7342 0
      vertex 39.7853 63.2975 0
    endloop
  endfacet
  facet normal 0 0 -1
    outer loop
      vertex 40.2193 62.73 0
      vertex 37.2763 63.7342 0
      vertex 39.9845 63.0001 0
    endloop
  endfacet
  facet normal 0 0 -1
    outer loop
      vertex 40.4861 62.4914 0
      vertex 37.2763 63.7342 0
      vertex 40.2193 62.73 0
    endloop
  endfacet
  facet normal 0 0 -1
    outer loop
      vertex 36.8744 51.9961 0
      vertex 40.4861 62.4914 0
      vertex 40.7807 62.2882 0
    endloop
  endfacet
  facet normal -0 0 -1
    outer loop
      vertex 41.0984 62.1235 0
      vertex 36.8744 51.9961 0
      vertex 40.7807 62.2882 0
    endloop
  endfacet
  facet normal -0 0 -1
    outer loop
      vertex 40.4861 62.4914 0
      vertex 36.8744 51.9961 0
      vertex 37.2763 63.7342 0
    endloop
  endfacet
  facet normal 0 0 -1
    outer loop
      vertex 36.6252 51.9646 0
      vertex 37.2763 63.7342 0
      vertex 36.8744 51.9961 0
    endloop
  endfacet
  facet normal 0 0 -1
    outer loop
      vertex 34.3748 51.9646 0
      vertex 36.6252 51.9646 0
      vertex 36.5 51.9324 0
    endloop
  endfacet
  facet normal 0 0 -1
    outer loop
      vertex 34.5 36.5 0
      vertex 36.5 36.5 0
      vertex 34.5 34.5 0
    endloop
  endfacet
  facet normal 0 0 -1
    outer loop
      vertex 36.5 36.5 0
      vertex 34.5 36.5 0
      vertex 36.5 51.9324 0
    endloop
  endfacet
  facet normal 0 0 -1
    outer loop
      vertex 34.5 51.9324 0
      vertex 36.5 51.9324 0
      vertex 34.5 36.5 0
    endloop
  endfacet
  facet normal 0 0 -1
    outer loop
      vertex 34.3748 51.9646 0
      vertex 36.5 51.9324 0
      vertex 34.5 51.9324 0
    endloop
  endfacet
  facet normal 0 0 -1
    outer loop
      vertex 36.6252 51.9646 0
      vertex 34.3748 51.9646 0
      vertex 37.2763 63.7342 0
    endloop
  endfacet
  facet normal 0 0 -1
    outer loop
      vertex 33.7237 63.7342 0
      vertex 34.3748 51.9646 0
      vertex 34.1256 51.9961 0
    endloop
  endfacet
  facet normal 0 0 -1
    outer loop
      vertex 34.3748 51.9646 0
      vertex 33.7237 63.7342 0
      vertex 37.2763 63.7342 0
    endloop
  endfacet
  facet normal 0 0 -1
    outer loop
      vertex 34.1256 51.9961 0
      vertex 30.199 63.2889 0
      vertex 33.7237 63.7342 0
    endloop
  endfacet
  facet normal 0 0 -1
    outer loop
      vertex 34.1256 51.9961 0
      vertex 28.5253 62.8592 0
      vertex 30.199 63.2889 0
    endloop
  endfacet
  facet normal 0 0 -1
    outer loop
      vertex 34.1256 51.9961 0
      vertex 28.3185 62.8061 0
      vertex 28.5253 62.8592 0
    endloop
  endfacet
  facet normal 0 0 -1
    outer loop
      vertex 34.1256 51.9961 0
      vertex 28.1067 62.7793 0
      vertex 28.3185 62.8061 0
    endloop
  endfacet
  facet normal 0 0 -1
    outer loop
      vertex 34.1256 51.9961 0
      vertex 27.8933 62.7793 0
      vertex 28.1067 62.7793 0
    endloop
  endfacet
  facet normal 0 0 -1
    outer loop
      vertex 34.1256 51.9961 0
      vertex 27.6815 62.8061 0
      vertex 27.8933 62.7793 0
    endloop
  endfacet
  facet normal 0 0 -1
    outer loop
      vertex 34.1256 51.9961 0
      vertex 27.4747 62.8592 0
      vertex 27.6815 62.8061 0
    endloop
  endfacet
  facet normal 0 0 -1
    outer loop
      vertex 14.8744 51.9961 0
      vertex 27.4747 62.8592 0
      vertex 34.1256 51.9961 0
    endloop
  endfacet
  facet normal -0 0 -1
    outer loop
      vertex 27.4747 62.8592 0
      vertex 14.8744 51.9961 0
      vertex 27.2762 62.9378 0
    endloop
  endfacet
  facet normal -0 0 -1
    outer loop
      vertex 27.2762 62.9378 0
      vertex 14.8744 51.9961 0
      vertex 27.0891 63.0406 0
    endloop
  endfacet
  facet normal -0 0 -1
    outer loop
      vertex 27.0891 63.0406 0
      vertex 14.8744 51.9961 0
      vertex 26.9164 63.1661 0
    endloop
  endfacet
  facet normal -0 0 -1
    outer loop
      vertex 26.9164 63.1661 0
      vertex 14.8744 51.9961 0
      vertex 26.7608 63.3122 0
    endloop
  endfacet
  facet normal 0 0 -1
    outer loop
      vertex 26.3134 64.2629 0
      vertex 14.0581 70.9704 0
      vertex 26.3 64.476 0
    endloop
  endfacet
  facet normal 0 0 -1
    outer loop
      vertex 26.3534 64.0532 0
      vertex 14.0581 70.9704 0
      vertex 26.3134 64.2629 0
    endloop
  endfacet
  facet normal 0 0 -1
    outer loop
      vertex 14.0581 70.9704 0
      vertex 26.3534 64.0532 0
      vertex 14.8744 51.9961 0
    endloop
  endfacet
  facet normal -0 0 -1
    outer loop
      vertex 26.4194 63.8502 0
      vertex 14.8744 51.9961 0
      vertex 26.3534 64.0532 0
    endloop
  endfacet
  facet normal -0 0 -1
    outer loop
      vertex 26.5103 63.657 0
      vertex 14.8744 51.9961 0
      vertex 26.4194 63.8502 0
    endloop
  endfacet
  facet normal -0 0 -1
    outer loop
      vertex 26.6247 63.4767 0
      vertex 14.8744 51.9961 0
      vertex 26.5103 63.657 0
    endloop
  endfacet
  facet normal -0 0 -1
    outer loop
      vertex 26.7608 63.3122 0
      vertex 14.8744 51.9961 0
      vertex 26.6247 63.4767 0
    endloop
  endfacet
  facet normal 0 0 -1
    outer loop
      vertex 46.3937 28.1937 0
      vertex 50.5 34.5 0
      vertex 46.5353 27.7577 0
    endloop
  endfacet
  facet normal 0 0 -1
    outer loop
      vertex 50.5 36.5 0
      vertex 46.6212 43.6925 0
      vertex 46.65 44.15 0
    endloop
  endfacet
  facet normal 0 0 -1
    outer loop
      vertex 46.1985 28.6084 0
      vertex 50.5 34.5 0
      vertex 46.3937 28.1937 0
    endloop
  endfacet
  facet normal 0 0 -1
    outer loop
      vertex 50.5 36.5 0
      vertex 46.5353 43.2423 0
      vertex 46.6212 43.6925 0
    endloop
  endfacet
  facet normal 0 0 -1
    outer loop
      vertex 45.9529 28.9954 0
      vertex 50.5 34.5 0
      vertex 46.1985 28.6084 0
    endloop
  endfacet
  facet normal 0 0 -1
    outer loop
      vertex 50.5 36.5 0
      vertex 46.3937 42.8063 0
      vertex 46.5353 43.2423 0
    endloop
  endfacet
  facet normal 0 0 -1
    outer loop
      vertex 45.6607 29.3486 0
      vertex 50.5 34.5 0
      vertex 45.9529 28.9954 0
    endloop
  endfacet
  facet normal 0 0 -1
    outer loop
      vertex 50.5 36.5 0
      vertex 46.1985 42.3916 0
      vertex 46.3937 42.8063 0
    endloop
  endfacet
  facet normal 0 0 -1
    outer loop
      vertex 45.3266 29.6624 0
      vertex 50.5 34.5 0
      vertex 45.6607 29.3486 0
    endloop
  endfacet
  facet normal 0 0 -1
    outer loop
      vertex 50.5 36.5 0
      vertex 45.9529 42.0046 0
      vertex 46.1985 42.3916 0
    endloop
  endfacet
  facet normal 0 0 -1
    outer loop
      vertex 44.9558 29.9318 0
      vertex 50.5 34.5 0
      vertex 45.3266 29.6624 0
    endloop
  endfacet
  facet normal 0 0 -1
    outer loop
      vertex 50.5 36.5 0
      vertex 45.6607 41.6514 0
      vertex 45.9529 42.0046 0
    endloop
  endfacet
  facet normal 0 0 -1
    outer loop
      vertex 44.5541 30.1526 0
      vertex 50.5 34.5 0
      vertex 44.9558 29.9318 0
    endloop
  endfacet
  facet normal 0 0 -1
    outer loop
      vertex 50.5 36.5 0
      vertex 45.3266 41.3376 0
      vertex 45.6607 41.6514 0
    endloop
  endfacet
  facet normal 0 0 -1
    outer loop
      vertex 50.5 34.5 0
      vertex 42.5 34.5 0
      vertex 50.5 36.5 0
    endloop
  endfacet
  facet normal 0 0 -1
    outer loop
      vertex 42.5 36.5 0
      vertex 50.5 36.5 0
      vertex 42.5 34.5 0
    endloop
  endfacet
  facet normal -0 0 -1
    outer loop
      vertex 50.5 34.5 0
      vertex 44.5541 30.1526 0
      vertex 42.5 34.5 0
    endloop
  endfacet
  facet normal 0 -0 -1
    outer loop
      vertex 44.5541 40.8474 0
      vertex 50.5 36.5 0
      vertex 42.5 36.5 0
    endloop
  endfacet
  facet normal 0 0 -1
    outer loop
      vertex 42.5 34.5 0
      vertex 44.5541 30.1526 0
      vertex 44.1279 30.3214 0
    endloop
  endfacet
  facet normal 0 0 -1
    outer loop
      vertex 50.5 36.5 0
      vertex 44.9558 41.0682 0
      vertex 45.3266 41.3376 0
    endloop
  endfacet
  facet normal 0 0 -1
    outer loop
      vertex 42.5 34.5 0
      vertex 44.1279 30.3214 0
      vertex 43.6839 30.4353 0
    endloop
  endfacet
  facet normal 0 0 -1
    outer loop
      vertex 50.5 36.5 0
      vertex 44.5541 40.8474 0
      vertex 44.9558 41.0682 0
    endloop
  endfacet
  facet normal 0 0 -1
    outer loop
      vertex 42.5 34.5 0
      vertex 43.6839 30.4353 0
      vertex 43.2292 30.4928 0
    endloop
  endfacet
  facet normal 0 0 -1
    outer loop
      vertex 44.5541 40.8474 0
      vertex 42.5 36.5 0
      vertex 44.1279 40.6786 0
    endloop
  endfacet
  facet normal 0 0 -1
    outer loop
      vertex 42.5 34.5 0
      vertex 43.2292 30.4928 0
      vertex 42.7708 30.4928 0
    endloop
  endfacet
  facet normal 0 0 -1
    outer loop
      vertex 44.1279 40.6786 0
      vertex 42.5 36.5 0
      vertex 43.6839 40.5647 0
    endloop
  endfacet
  facet normal 0 0 -1
    outer loop
      vertex 42.5 34.5 0
      vertex 42.7708 30.4928 0
      vertex 42.5 30.4586 0
    endloop
  endfacet
  facet normal 0 0 -1
    outer loop
      vertex 43.6839 40.5647 0
      vertex 42.5 36.5 0
      vertex 43.2292 40.5072 0
    endloop
  endfacet
  facet normal -0 0 -1
    outer loop
      vertex 43.2292 40.5072 0
      vertex 42.5 36.5 0
      vertex 42.7708 40.5072 0
    endloop
  endfacet
  facet normal -0 0 -1
    outer loop
      vertex 42.7708 40.5072 0
      vertex 42.5 36.5 0
      vertex 42.5 40.5414 0
    endloop
  endfacet
  facet normal 0 0 -1
    outer loop
      vertex 46.6212 27.3075 0
      vertex 50.5 22 0
      vertex 46.65 26.85 0
    endloop
  endfacet
  facet normal 0 0 -1
    outer loop
      vertex 50.5 22 0
      vertex 46.6212 27.3075 0
      vertex 50.5 34.5 0
    endloop
  endfacet
  facet normal 0 0 -1
    outer loop
      vertex 48.6256 20.0039 0
      vertex 50.5 22 0
      vertex 50.4842 21.7493 0
    endloop
  endfacet
  facet normal 0 0 -1
    outer loop
      vertex 46.5353 27.7577 0
      vertex 50.5 34.5 0
      vertex 46.6212 27.3075 0
    endloop
  endfacet
  facet normal 0 0 -1
    outer loop
      vertex 48.6256 20.0039 0
      vertex 50.4842 21.7493 0
      vertex 50.4372 21.5026 0
    endloop
  endfacet
  facet normal 0 0 -1
    outer loop
      vertex 50.5 36.5 0
      vertex 46.65 44.15 0
      vertex 50.5 49 0
    endloop
  endfacet
  facet normal 0 0 -1
    outer loop
      vertex 48.6256 20.0039 0
      vertex 50.4372 21.5026 0
      vertex 50.3596 21.2638 0
    endloop
  endfacet
  facet normal 0 0 -1
    outer loop
      vertex 46.6212 44.6075 0
      vertex 50.5 49 0
      vertex 46.65 44.15 0
    endloop
  endfacet
  facet normal 0 0 -1
    outer loop
      vertex 48.6256 20.0039 0
      vertex 50.3596 21.2638 0
      vertex 50.2526 21.0365 0
    endloop
  endfacet
  facet normal 0 0 -1
    outer loop
      vertex 46.5353 45.0577 0
      vertex 50.5 49 0
      vertex 46.6212 44.6075 0
    endloop
  endfacet
  facet normal 0 0 -1
    outer loop
      vertex 48.6256 20.0039 0
      vertex 50.2526 21.0365 0
      vertex 50.118 20.8244 0
    endloop
  endfacet
  facet normal 0 0 -1
    outer loop
      vertex 46.3937 45.4937 0
      vertex 50.5 49 0
      vertex 46.5353 45.0577 0
    endloop
  endfacet
  facet normal 0 0 -1
    outer loop
      vertex 48.6256 20.0039 0
      vertex 50.118 20.8244 0
      vertex 49.9579 20.6309 0
    endloop
  endfacet
  facet normal 0 0 -1
    outer loop
      vertex 46.1985 45.9084 0
      vertex 50.5 49 0
      vertex 46.3937 45.4937 0
    endloop
  endfacet
  facet normal 0 0 -1
    outer loop
      vertex 48.6256 20.0039 0
      vertex 49.9579 20.6309 0
      vertex 49.7748 20.459 0
    endloop
  endfacet
  facet normal 0 0 -1
    outer loop
      vertex 45.9529 46.2954 0
      vertex 50.5 49 0
      vertex 46.1985 45.9084 0
    endloop
  endfacet
  facet normal 0 0 -1
    outer loop
      vertex 48.6256 20.0039 0
      vertex 49.7748 20.459 0
      vertex 49.5717 20.3113 0
    endloop
  endfacet
  facet normal 0 0 -1
    outer loop
      vertex 45.6607 46.6486 0
      vertex 50.5 49 0
      vertex 45.9529 46.2954 0
    endloop
  endfacet
  facet normal 0 0 -1
    outer loop
      vertex 48.6256 20.0039 0
      vertex 49.5717 20.3113 0
      vertex 49.3516 20.1903 0
    endloop
  endfacet
  facet normal 0 -0 -1
    outer loop
      vertex 48.6256 50.9961 0
      vertex 50.5 49 0
      vertex 45.6607 46.6486 0
    endloop
  endfacet
  facet normal 0 0 -1
    outer loop
      vertex 48.6256 20.0039 0
      vertex 49.3516 20.1903 0
      vertex 49.118 20.0979 0
    endloop
  endfacet
  facet normal 0 0 -1
    outer loop
      vertex 50.5 49 0
      vertex 48.6256 50.9961 0
      vertex 50.4842 49.2507 0
    endloop
  endfacet
  facet normal 0 0 -1
    outer loop
      vertex 48.6256 20.0039 0
      vertex 49.118 20.0979 0
      vertex 48.8748 20.0354 0
    endloop
  endfacet
  facet normal 0 0 -1
    outer loop
      vertex 50.4372 49.4974 0
      vertex 48.6256 50.9961 0
      vertex 50.3596 49.7362 0
    endloop
  endfacet
  facet normal -0 0 -1
    outer loop
      vertex 50.5 22 0
      vertex 48.6256 20.0039 0
      vertex 45.6607 24.3514 0
    endloop
  endfacet
  facet normal 0 0 -1
    outer loop
      vertex 50.3596 49.7362 0
      vertex 48.6256 50.9961 0
      vertex 50.2526 49.9635 0
    endloop
  endfacet
  facet normal 0 0 -1
    outer loop
      vertex 50.2526 49.9635 0
      vertex 48.6256 50.9961 0
      vertex 50.118 50.1756 0
    endloop
  endfacet
  facet normal 0 0 -1
    outer loop
      vertex 50.5 22 0
      vertex 46.6212 26.3925 0
      vertex 46.65 26.85 0
    endloop
  endfacet
  facet normal 0 0 -1
    outer loop
      vertex 50.5 22 0
      vertex 46.5353 25.9423 0
      vertex 46.6212 26.3925 0
    endloop
  endfacet
  facet normal 0 0 -1
    outer loop
      vertex 50.5 22 0
      vertex 46.3937 25.5063 0
      vertex 46.5353 25.9423 0
    endloop
  endfacet
  facet normal 0 0 -1
    outer loop
      vertex 50.5 22 0
      vertex 46.1985 25.0916 0
      vertex 46.3937 25.5063 0
    endloop
  endfacet
  facet normal 0 0 -1
    outer loop
      vertex 50.5 22 0
      vertex 45.9529 24.7046 0
      vertex 46.1985 25.0916 0
    endloop
  endfacet
  facet normal 0 0 -1
    outer loop
      vertex 50.5 22 0
      vertex 45.6607 24.3514 0
      vertex 45.9529 24.7046 0
    endloop
  endfacet
  facet normal 0 0 -1
    outer loop
      vertex 48.6256 20.0039 0
      vertex 45.3266 24.0376 0
      vertex 45.6607 24.3514 0
    endloop
  endfacet
  facet normal 0 0 -1
    outer loop
      vertex 48.6256 20.0039 0
      vertex 44.9558 23.7682 0
      vertex 45.3266 24.0376 0
    endloop
  endfacet
  facet normal 0 0 -1
    outer loop
      vertex 44.3744 20.0039 0
      vertex 44.9558 23.7682 0
      vertex 48.6256 20.0039 0
    endloop
  endfacet
  facet normal 0 0 -1
    outer loop
      vertex 44.9558 23.7682 0
      vertex 44.3744 20.0039 0
      vertex 44.5541 23.5474 0
    endloop
  endfacet
  facet normal 0 0 -1
    outer loop
      vertex 44.3744 20.0039 0
      vertex 44.1279 23.3786 0
      vertex 44.5541 23.5474 0
    endloop
  endfacet
  facet normal 0 0 -1
    outer loop
      vertex 44.1252 20.0354 0
      vertex 44.1279 23.3786 0
      vertex 44.3744 20.0039 0
    endloop
  endfacet
  facet normal 0 0 -1
    outer loop
      vertex 43.9125 20.09 0
      vertex 44.1279 23.3786 0
      vertex 44.1252 20.0354 0
    endloop
  endfacet
  facet normal 0 0 -1
    outer loop
      vertex 44.1279 23.3786 0
      vertex 43.9125 20.09 0
      vertex 43.9125 23.3233 0
    endloop
  endfacet
  facet normal 0 0 -1
    outer loop
      vertex 50.5 34.5 0
      vertex 58 36.5 0
      vertex 58 34.5 0
    endloop
  endfacet
  facet normal -0 0 -1
    outer loop
      vertex 58 36.5 0
      vertex 50.5 34.5 0
      vertex 50.5 36.5 0
    endloop
  endfacet
  facet normal 0 0 -1
    outer loop
      vertex 62.7793 43.1067 0
      vertex 58 50 0
      vertex 62.8061 43.3186 0
    endloop
  endfacet
  facet normal 0 0 -1
    outer loop
      vertex 62.8061 43.3186 0
      vertex 58 50 0
      vertex 62.8592 43.5253 0
    endloop
  endfacet
  facet normal 0 0 -1
    outer loop
      vertex 57.9842 50.2507 0
      vertex 62.8592 43.5253 0
      vertex 58 50 0
    endloop
  endfacet
  facet normal 0 0 -1
    outer loop
      vertex 57.9372 50.4974 0
      vertex 62.8592 43.5253 0
      vertex 57.9842 50.2507 0
    endloop
  endfacet
  facet normal 0 0 -1
    outer loop
      vertex 57.8596 50.7362 0
      vertex 62.8592 43.5253 0
      vertex 57.9372 50.4974 0
    endloop
  endfacet
  facet normal 0 0 -1
    outer loop
      vertex 62.8592 43.5253 0
      vertex 57.8596 50.7362 0
      vertex 58.8107 70.7343 0
    endloop
  endfacet
  facet normal 0 0 -1
    outer loop
      vertex 57.7526 50.9635 0
      vertex 58.8107 70.7343 0
      vertex 57.8596 50.7362 0
    endloop
  endfacet
  facet normal 0 0 -1
    outer loop
      vertex 57.618 51.1756 0
      vertex 58.8107 70.7343 0
      vertex 57.7526 50.9635 0
    endloop
  endfacet
  facet normal 0 0 -1
    outer loop
      vertex 57.4579 51.3691 0
      vertex 58.8107 70.7343 0
      vertex 57.618 51.1756 0
    endloop
  endfacet
  facet normal 0 0 -1
    outer loop
      vertex 57.2748 51.541 0
      vertex 58.8107 70.7343 0
      vertex 57.4579 51.3691 0
    endloop
  endfacet
  facet normal 0 0 -1
    outer loop
      vertex 57.0717 51.6887 0
      vertex 58.8107 70.7343 0
      vertex 57.2748 51.541 0
    endloop
  endfacet
  facet normal 0 0 -1
    outer loop
      vertex 56.8516 51.8097 0
      vertex 58.8107 70.7343 0
      vertex 57.0717 51.6887 0
    endloop
  endfacet
  facet normal 0 0 -1
    outer loop
      vertex 56.618 51.9021 0
      vertex 58.8107 70.7343 0
      vertex 56.8516 51.8097 0
    endloop
  endfacet
  facet normal 0 0 -1
    outer loop
      vertex 56.3748 51.9646 0
      vertex 58.8107 70.7343 0
      vertex 56.618 51.9021 0
    endloop
  endfacet
  facet normal 0 0 -1
    outer loop
      vertex 56.1256 51.9961 0
      vertex 58.8107 70.7343 0
      vertex 56.3748 51.9646 0
    endloop
  endfacet
  facet normal -0 0 -1
    outer loop
      vertex 58.8107 70.7343 0
      vertex 56.1256 51.9961 0
      vertex 56.9419 70.9704 0
    endloop
  endfacet
  facet normal 0 0 -1
    outer loop
      vertex 45.0255 64.09 0
      vertex 56.9419 70.9704 0
      vertex 56.1256 51.9961 0
    endloop
  endfacet
  facet normal 0 0 -1
    outer loop
      vertex 45.0665 65.1573 0
      vertex 56.9419 70.9704 0
      vertex 45.0977 64.8007 0
    endloop
  endfacet
  facet normal 0 0 -1
    outer loop
      vertex 44.9909 65.5071 0
      vertex 56.9419 70.9704 0
      vertex 45.0665 65.1573 0
    endloop
  endfacet
  facet normal 0 0 -1
    outer loop
      vertex 44.872 65.8447 0
      vertex 56.9419 70.9704 0
      vertex 44.9909 65.5071 0
    endloop
  endfacet
  facet normal 0 0 -1
    outer loop
      vertex 44.7117 66.1647 0
      vertex 56.9419 70.9704 0
      vertex 44.872 65.8447 0
    endloop
  endfacet
  facet normal 0 0 -1
    outer loop
      vertex 44.5126 66.4621 0
      vertex 56.9419 70.9704 0
      vertex 44.7117 66.1647 0
    endloop
  endfacet
  facet normal 0 0 -1
    outer loop
      vertex 44.2778 66.7322 0
      vertex 56.9419 70.9704 0
      vertex 44.5126 66.4621 0
    endloop
  endfacet
  facet normal 0 0 -1
    outer loop
      vertex 44.011 66.9708 0
      vertex 56.9419 70.9704 0
      vertex 44.2778 66.7322 0
    endloop
  endfacet
  facet normal 0 0 -1
    outer loop
      vertex 43.7164 67.174 0
      vertex 56.9419 70.9704 0
      vertex 44.011 66.9708 0
    endloop
  endfacet
  facet normal 0 0 -1
    outer loop
      vertex 43.3986 67.3387 0
      vertex 56.9419 70.9704 0
      vertex 43.7164 67.174 0
    endloop
  endfacet
  facet normal 0 0 -1
    outer loop
      vertex 43.0627 67.4623 0
      vertex 56.9419 70.9704 0
      vertex 43.3986 67.3387 0
    endloop
  endfacet
  facet normal 0 0 -1
    outer loop
      vertex 42.714 67.5428 0
      vertex 56.9419 70.9704 0
      vertex 43.0627 67.4623 0
    endloop
  endfacet
  facet normal 0 0 -1
    outer loop
      vertex 42.3579 67.579 0
      vertex 56.9419 70.9704 0
      vertex 42.714 67.5428 0
    endloop
  endfacet
  facet normal 0 0 -1
    outer loop
      vertex 42.0001 67.5703 0
      vertex 56.9419 70.9704 0
      vertex 42.3579 67.579 0
    endloop
  endfacet
  facet normal 0 0 -1
    outer loop
      vertex 37.4911 67.1474 0
      vertex 42.0001 67.5703 0
      vertex 41.6463 67.5167 0
    endloop
  endfacet
  facet normal 0 0 -1
    outer loop
      vertex 37.6491 67.1275 0
      vertex 40.3788 66.882 0
      vertex 40.2894 66.7939 0
    endloop
  endfacet
  facet normal 0 0 -1
    outer loop
      vertex 37.6491 67.1275 0
      vertex 40.6631 67.0994 0
      vertex 40.3788 66.882 0
    endloop
  endfacet
  facet normal 0 0 -1
    outer loop
      vertex 37.6491 67.1275 0
      vertex 40.9724 67.2794 0
      vertex 40.6631 67.0994 0
    endloop
  endfacet
  facet normal 0 0 -1
    outer loop
      vertex 37.6491 67.1275 0
      vertex 41.3019 67.4193 0
      vertex 40.9724 67.2794 0
    endloop
  endfacet
  facet normal 0 0 -1
    outer loop
      vertex 37.4911 67.1474 0
      vertex 41.3019 67.4193 0
      vertex 37.6491 67.1275 0
    endloop
  endfacet
  facet normal -0 0 -1
    outer loop
      vertex 41.3019 67.4193 0
      vertex 37.4911 67.1474 0
      vertex 41.6463 67.5167 0
    endloop
  endfacet
  facet normal 0 0 -1
    outer loop
      vertex 42.0001 67.5703 0
      vertex 37.4911 67.1474 0
      vertex 33.5089 67.1474 0
    endloop
  endfacet
  facet normal -0 0 -1
    outer loop
      vertex 42.0001 67.5703 0
      vertex 33.5089 67.1474 0
      vertex 14.0581 70.9704 0
    endloop
  endfacet
  facet normal 0 0 -1
    outer loop
      vertex 14.0581 70.9704 0
      vertex 33.5089 67.1474 0
      vertex 33.3509 67.1275 0
    endloop
  endfacet
  facet normal 0 0 -1
    outer loop
      vertex 14.0581 70.9704 0
      vertex 33.3509 67.1275 0
      vertex 29.7699 66.6751 0
    endloop
  endfacet
  facet normal 0 0 -1
    outer loop
      vertex 14.0581 70.9704 0
      vertex 29.7699 66.6751 0
      vertex 29.5581 66.6483 0
    endloop
  endfacet
  facet normal 0 0 -1
    outer loop
      vertex 14.0581 70.9704 0
      vertex 29.2748 66.5756 0
      vertex 27.4747 66.1134 0
    endloop
  endfacet
  facet normal 0 0 -1
    outer loop
      vertex 26.3 64.476 0
      vertex 14.0581 70.9704 0
      vertex 26.3 64.4966 0
    endloop
  endfacet
  facet normal 0 0 -1
    outer loop
      vertex 26.3 64.4966 0
      vertex 14.0581 70.9704 0
      vertex 26.3134 64.7097 0
    endloop
  endfacet
  facet normal 0 0 -1
    outer loop
      vertex 26.3134 64.7097 0
      vertex 14.0581 70.9704 0
      vertex 26.3534 64.9194 0
    endloop
  endfacet
  facet normal 0 0 -1
    outer loop
      vertex 26.3534 64.9194 0
      vertex 14.0581 70.9704 0
      vertex 26.4194 65.1224 0
    endloop
  endfacet
  facet normal 0 0 -1
    outer loop
      vertex 26.4194 65.1224 0
      vertex 14.0581 70.9704 0
      vertex 26.5103 65.3156 0
    endloop
  endfacet
  facet normal 0 0 -1
    outer loop
      vertex 26.5103 65.3156 0
      vertex 14.0581 70.9704 0
      vertex 26.6247 65.4958 0
    endloop
  endfacet
  facet normal 0 0 -1
    outer loop
      vertex 12.1893 70.7343 0
      vertex 14.8744 51.9961 0
      vertex 14.6252 51.9646 0
    endloop
  endfacet
  facet normal 0 0 -1
    outer loop
      vertex 12.1893 70.7343 0
      vertex 14.6252 51.9646 0
      vertex 14.382 51.9021 0
    endloop
  endfacet
  facet normal 0 0 -1
    outer loop
      vertex 12.1893 70.7343 0
      vertex 14.382 51.9021 0
      vertex 14.1484 51.8097 0
    endloop
  endfacet
  facet normal 0 0 -1
    outer loop
      vertex 42.0001 67.5703 0
      vertex 14.0581 70.9704 0
      vertex 56.9419 70.9704 0
    endloop
  endfacet
  facet normal 0 0 -1
    outer loop
      vertex 29.3514 66.5952 0
      vertex 14.0581 70.9704 0
      vertex 29.5581 66.6483 0
    endloop
  endfacet
  facet normal 0 0 -1
    outer loop
      vertex 29.2748 66.5756 0
      vertex 14.0581 70.9704 0
      vertex 29.3514 66.5952 0
    endloop
  endfacet
  facet normal 0 0 -1
    outer loop
      vertex 27.2762 66.0348 0
      vertex 14.0581 70.9704 0
      vertex 27.4747 66.1134 0
    endloop
  endfacet
  facet normal 0 0 -1
    outer loop
      vertex 27.0891 65.9319 0
      vertex 14.0581 70.9704 0
      vertex 27.2762 66.0348 0
    endloop
  endfacet
  facet normal 0 0 -1
    outer loop
      vertex 26.9164 65.8065 0
      vertex 14.0581 70.9704 0
      vertex 27.0891 65.9319 0
    endloop
  endfacet
  facet normal 0 0 -1
    outer loop
      vertex 26.7608 65.6603 0
      vertex 14.0581 70.9704 0
      vertex 26.9164 65.8065 0
    endloop
  endfacet
  facet normal 0 0 -1
    outer loop
      vertex 26.6247 65.4958 0
      vertex 14.0581 70.9704 0
      vertex 26.7608 65.6603 0
    endloop
  endfacet
  facet normal 0 0 -1
    outer loop
      vertex 12.1893 70.7343 0
      vertex 14.1484 51.8097 0
      vertex 13.9283 51.6887 0
    endloop
  endfacet
  facet normal 0 0 -1
    outer loop
      vertex 12.1893 70.7343 0
      vertex 13.9283 51.6887 0
      vertex 13.7252 51.541 0
    endloop
  endfacet
  facet normal 0 0 -1
    outer loop
      vertex 12.1893 70.7343 0
      vertex 13.7252 51.541 0
      vertex 13.5421 51.3691 0
    endloop
  endfacet
  facet normal 0 0 -1
    outer loop
      vertex 12.1893 70.7343 0
      vertex 13.5421 51.3691 0
      vertex 13.382 51.1756 0
    endloop
  endfacet
  facet normal 0 0 -1
    outer loop
      vertex 12.1893 70.7343 0
      vertex 13.382 51.1756 0
      vertex 13.2474 50.9635 0
    endloop
  endfacet
  facet normal 0 0 -1
    outer loop
      vertex 12.1893 70.7343 0
      vertex 13.2474 50.9635 0
      vertex 13.1404 50.7362 0
    endloop
  endfacet
  facet normal 0 0 -1
    outer loop
      vertex 12.1893 70.7343 0
      vertex 13.1404 50.7362 0
      vertex 13.0628 50.4974 0
    endloop
  endfacet
  facet normal 0 0 -1
    outer loop
      vertex 8.95708 43.1952 0
      vertex 13 50 0
      vertex 9.05453 42.8508 0
    endloop
  endfacet
  facet normal 0 0 -1
    outer loop
      vertex 9.05453 42.8508 0
      vertex 13 50 0
      vertex 9.10805 42.4969 0
    endloop
  endfacet
  facet normal 0 0 -1
    outer loop
      vertex 14.8744 51.9961 0
      vertex 12.1893 70.7343 0
      vertex 14.0581 70.9704 0
    endloop
  endfacet
  facet normal 0 0 -1
    outer loop
      vertex 9.10805 42.4969 0
      vertex 13 50 0
      vertex 13 36.5 0
    endloop
  endfacet
  facet normal 0 0 -1
    outer loop
      vertex 7.343 26.5103 0
      vertex 12.1893 0.265692 0
      vertex 10.3647 0.734153 0
    endloop
  endfacet
  facet normal 0 0 -1
    outer loop
      vertex 9.10805 42.4969 0
      vertex 13 36.5 0
      vertex 9.1168 42.1391 0
    endloop
  endfacet
  facet normal 0 0 -1
    outer loop
      vertex 8.81724 43.5246 0
      vertex 13 50 0
      vertex 8.95708 43.1952 0
    endloop
  endfacet
  facet normal 0 0 -1
    outer loop
      vertex 13 36.5 0
      vertex 9.08063 41.7831 0
      vertex 9.1168 42.1391 0
    endloop
  endfacet
  facet normal 0 0 -1
    outer loop
      vertex 13 34.5 0
      vertex 8.27003 40.2193 0
      vertex 13 36.5 0
    endloop
  endfacet
  facet normal 0 0 -1
    outer loop
      vertex 13 36.5 0
      vertex 9.00012 41.4343 0
      vertex 9.08063 41.7831 0
    endloop
  endfacet
  facet normal 0 0 -1
    outer loop
      vertex 13 36.5 0
      vertex 8.87653 41.0984 0
      vertex 9.00012 41.4343 0
    endloop
  endfacet
  facet normal 0 0 -1
    outer loop
      vertex 7.343 26.5103 0
      vertex 10.3647 0.734153 0
      vertex 8.61331 1.4276 0
    endloop
  endfacet
  facet normal 0 0 -1
    outer loop
      vertex 13 36.5 0
      vertex 8.71183 40.7807 0
      vertex 8.87653 41.0984 0
    endloop
  endfacet
  facet normal 0 0 -1
    outer loop
      vertex 13 36.5 0
      vertex 8.50859 40.4861 0
      vertex 8.71183 40.7807 0
    endloop
  endfacet
  facet normal 0 0 -1
    outer loop
      vertex 13 36.5 0
      vertex 8.27003 40.2193 0
      vertex 8.50859 40.4861 0
    endloop
  endfacet
  facet normal 0 0 -1
    outer loop
      vertex 8.22066 28.1067 0
      vertex 13 34.5 0
      vertex 8.22066 27.8933 0
    endloop
  endfacet
  facet normal 0 0 -1
    outer loop
      vertex 13 21 0
      vertex 8.22066 27.8933 0
      vertex 13 34.5 0
    endloop
  endfacet
  facet normal 0 0 -1
    outer loop
      vertex 12.1893 0.265692 0
      vertex 8.06223 27.2762 0
      vertex 8.14082 27.4747 0
    endloop
  endfacet
  facet normal 0 0 -1
    outer loop
      vertex 12.1893 0.265692 0
      vertex 7.95938 27.0891 0
      vertex 8.06223 27.2762 0
    endloop
  endfacet
  facet normal 0 0 -1
    outer loop
      vertex 12.1893 0.265692 0
      vertex 7.83389 26.9164 0
      vertex 7.95938 27.0891 0
    endloop
  endfacet
  facet normal 0 0 -1
    outer loop
      vertex 12.1893 0.265692 0
      vertex 7.68775 26.7608 0
      vertex 7.83389 26.9164 0
    endloop
  endfacet
  facet normal 0 0 -1
    outer loop
      vertex 12.1893 0.265692 0
      vertex 7.52325 26.6247 0
      vertex 7.68775 26.7608 0
    endloop
  endfacet
  facet normal 0 0 -1
    outer loop
      vertex 12.1893 0.265692 0
      vertex 7.343 26.5103 0
      vertex 7.52325 26.6247 0
    endloop
  endfacet
  facet normal 0 0 -1
    outer loop
      vertex 6.9626 2.33508 0
      vertex 7.343 26.5103 0
      vertex 8.61331 1.4276 0
    endloop
  endfacet
  facet normal 0 0 -1
    outer loop
      vertex 5.43864 3.4423 0
      vertex 7.343 26.5103 0
      vertex 6.9626 2.33508 0
    endloop
  endfacet
  facet normal 0 0 -1
    outer loop
      vertex 2.86475 6.18322 0
      vertex 7.343 26.5103 0
      vertex 5.43864 3.4423 0
    endloop
  endfacet
  facet normal 0 0 -1
    outer loop
      vertex 0 15 0
      vertex 7.343 26.5103 0
      vertex 2.86475 6.18322 0
    endloop
  endfacet
  facet normal 0 0 -1
    outer loop
      vertex 7.343 26.5103 0
      vertex 0 15 0
      vertex 7.14983 26.4194 0
    endloop
  endfacet
  facet normal 0 0 -1
    outer loop
      vertex 7.14983 26.4194 0
      vertex 0 15 0
      vertex 6.94679 26.3534 0
    endloop
  endfacet
  facet normal 0 0 -1
    outer loop
      vertex 6.94679 26.3534 0
      vertex 0 15 0
      vertex 6.73709 26.3134 0
    endloop
  endfacet
  facet normal 0 0 -1
    outer loop
      vertex 6.73709 26.3134 0
      vertex 0 15 0
      vertex 6.52402 26.3 0
    endloop
  endfacet
  facet normal -0 0 -1
    outer loop
      vertex 6.52402 26.3 0
      vertex 0 15 0
      vertex 6.50341 26.3 0
    endloop
  endfacet
  facet normal -0 0 -1
    outer loop
      vertex 6.50341 26.3 0
      vertex 0 15 0
      vertex 6.29035 26.3134 0
    endloop
  endfacet
  facet normal -0 0 -1
    outer loop
      vertex 6.29035 26.3134 0
      vertex 0 15 0
      vertex 6.08064 26.3534 0
    endloop
  endfacet
  facet normal -0 0 -1
    outer loop
      vertex 6.08064 26.3534 0
      vertex 0 15 0
      vertex 5.8776 26.4194 0
    endloop
  endfacet
  facet normal -0 0 -1
    outer loop
      vertex 5.8776 26.4194 0
      vertex 0 15 0
      vertex 5.68443 26.5103 0
    endloop
  endfacet
  facet normal -0 0 -1
    outer loop
      vertex 5.68443 26.5103 0
      vertex 0 15 0
      vertex 5.50418 26.6247 0
    endloop
  endfacet
  facet normal -0 0 -1
    outer loop
      vertex 5.50418 26.6247 0
      vertex 0 15 0
      vertex 5.33968 26.7608 0
    endloop
  endfacet
  facet normal -0 0 -1
    outer loop
      vertex 5.33968 26.7608 0
      vertex 0 15 0
      vertex 5.19354 26.9164 0
    endloop
  endfacet
  facet normal -0 0 -1
    outer loop
      vertex 5.19354 26.9164 0
      vertex 0 15 0
      vertex 5.06806 27.0891 0
    endloop
  endfacet
  facet normal -0 0 -1
    outer loop
      vertex 5.06806 27.0891 0
      vertex 0 15 0
      vertex 4.96521 27.2762 0
    endloop
  endfacet
  facet normal -0 0 -1
    outer loop
      vertex 4.96521 27.2762 0
      vertex 0 15 0
      vertex 4.88662 27.4747 0
    endloop
  endfacet
  facet normal -0 0 -1
    outer loop
      vertex 4.88662 27.4747 0
      vertex 0 15 0
      vertex 4.42441 29.2748 0
    endloop
  endfacet
  facet normal -0 0 -1
    outer loop
      vertex 4.42441 29.2748 0
      vertex 0 15 0
      vertex 4.40476 29.3514 0
    endloop
  endfacet
  facet normal 0 0 -1
    outer loop
      vertex 2.86475 6.18322 0
      vertex 5.43864 3.4423 0
      vertex 4.06547 4.73179 0
    endloop
  endfacet
  facet normal -0 0 -1
    outer loop
      vertex 4.40476 29.3514 0
      vertex 0 15 0
      vertex 4.35167 29.5581 0
    endloop
  endfacet
  facet normal -0 0 -1
    outer loop
      vertex 4.35167 29.5581 0
      vertex 0 15 0
      vertex 4.32491 29.7699 0
    endloop
  endfacet
  facet normal 0 0 -1
    outer loop
      vertex 3.42974 42.0001 0
      vertex 3.85257 37.4911 0
      vertex 3.85257 33.5089 0
    endloop
  endfacet
  facet normal -0 0 -1
    outer loop
      vertex 4.32491 29.7699 0
      vertex 0 15 0
      vertex 3.87253 33.3509 0
    endloop
  endfacet
  facet normal -0 0 -1
    outer loop
      vertex 3.87253 33.3509 0
      vertex 0 15 0
      vertex 3.85257 33.5089 0
    endloop
  endfacet
  facet normal 0 0 -1
    outer loop
      vertex 3.87253 37.6491 0
      vertex 3.58071 41.3019 0
      vertex 3.72056 40.9724 0
    endloop
  endfacet
  facet normal 0 0 -1
    outer loop
      vertex 3.85257 37.4911 0
      vertex 3.48326 41.6463 0
      vertex 3.58071 41.3019 0
    endloop
  endfacet
  facet normal 0 0 -1
    outer loop
      vertex 3.85257 37.4911 0
      vertex 3.42974 42.0001 0
      vertex 3.48326 41.6463 0
    endloop
  endfacet
  facet normal -0 0 -1
    outer loop
      vertex 3.85257 33.5089 0
      vertex 0 15 0
      vertex 3.42974 42.0001 0
    endloop
  endfacet
  facet normal 0 0 -1
    outer loop
      vertex 50.118 50.1756 0
      vertex 48.6256 50.9961 0
      vertex 49.9579 50.3691 0
    endloop
  endfacet
  facet normal 0 0 -1
    outer loop
      vertex 49.9579 50.3691 0
      vertex 48.6256 50.9961 0
      vertex 49.7748 50.541 0
    endloop
  endfacet
  facet normal 0 0 -1
    outer loop
      vertex 49.7748 50.541 0
      vertex 48.6256 50.9961 0
      vertex 49.5717 50.6887 0
    endloop
  endfacet
  facet normal 0 0 -1
    outer loop
      vertex 49.5717 50.6887 0
      vertex 48.6256 50.9961 0
      vertex 49.3516 50.8097 0
    endloop
  endfacet
  facet normal 0 0 -1
    outer loop
      vertex 49.3516 50.8097 0
      vertex 48.6256 50.9961 0
      vertex 49.118 50.9021 0
    endloop
  endfacet
  facet normal 0 0 -1
    outer loop
      vertex 49.118 50.9021 0
      vertex 48.6256 50.9961 0
      vertex 48.8748 50.9646 0
    endloop
  endfacet
  facet normal 0 0 -1
    outer loop
      vertex 50.4842 49.2507 0
      vertex 48.6256 50.9961 0
      vertex 50.4372 49.4974 0
    endloop
  endfacet
  facet normal 0 0 -1
    outer loop
      vertex 45.3266 46.9624 0
      vertex 48.6256 50.9961 0
      vertex 45.6607 46.6486 0
    endloop
  endfacet
  facet normal 0 0 -1
    outer loop
      vertex 44.9558 47.2318 0
      vertex 48.6256 50.9961 0
      vertex 45.3266 46.9624 0
    endloop
  endfacet
  facet normal 0 0 -1
    outer loop
      vertex 44.3744 50.9961 0
      vertex 44.9558 47.2318 0
      vertex 44.5541 47.4526 0
    endloop
  endfacet
  facet normal 0 0 -1
    outer loop
      vertex 44.9558 47.2318 0
      vertex 44.3744 50.9961 0
      vertex 48.6256 50.9961 0
    endloop
  endfacet
  facet normal 0 0 -1
    outer loop
      vertex 44.1279 47.6214 0
      vertex 44.3744 50.9961 0
      vertex 44.5541 47.4526 0
    endloop
  endfacet
  facet normal 0 0 -1
    outer loop
      vertex 44.1279 47.6214 0
      vertex 44.1252 50.9646 0
      vertex 44.3744 50.9961 0
    endloop
  endfacet
  facet normal 0 0 -1
    outer loop
      vertex 43.9125 47.6767 0
      vertex 44.1252 50.9646 0
      vertex 44.1279 47.6214 0
    endloop
  endfacet
  facet normal 0 0 -1
    outer loop
      vertex 44.1252 50.9646 0
      vertex 43.9125 47.6767 0
      vertex 43.9125 50.91 0
    endloop
  endfacet
  facet normal 0 0 -1
    outer loop
      vertex 44.6866 6.73709 0
      vertex 56.9419 0.0295992 0
      vertex 44.7 6.52402 0
    endloop
  endfacet
  facet normal 0 0 -1
    outer loop
      vertex 44.6466 6.94679 0
      vertex 56.9419 0.0295992 0
      vertex 44.6866 6.73709 0
    endloop
  endfacet
  facet normal 0 0 -1
    outer loop
      vertex 56.9419 0.0295992 0
      vertex 44.6466 6.94679 0
      vertex 56.1256 19.0039 0
    endloop
  endfacet
  facet normal 0 0 -1
    outer loop
      vertex 44.5806 7.14983 0
      vertex 56.1256 19.0039 0
      vertex 44.6466 6.94679 0
    endloop
  endfacet
  facet normal 0 0 -1
    outer loop
      vertex 44.4897 7.343 0
      vertex 56.1256 19.0039 0
      vertex 44.5806 7.14983 0
    endloop
  endfacet
  facet normal 0 0 -1
    outer loop
      vertex 44.3753 7.52325 0
      vertex 56.1256 19.0039 0
      vertex 44.4897 7.343 0
    endloop
  endfacet
  facet normal 0 0 -1
    outer loop
      vertex 44.2392 7.68775 0
      vertex 56.1256 19.0039 0
      vertex 44.3753 7.52325 0
    endloop
  endfacet
  facet normal 0 0 -1
    outer loop
      vertex 44.0836 7.83389 0
      vertex 56.1256 19.0039 0
      vertex 44.2392 7.68775 0
    endloop
  endfacet
  facet normal 0 0 -1
    outer loop
      vertex 43.9109 7.95938 0
      vertex 56.1256 19.0039 0
      vertex 44.0836 7.83389 0
    endloop
  endfacet
  facet normal 0 0 -1
    outer loop
      vertex 43.7238 8.06223 0
      vertex 56.1256 19.0039 0
      vertex 43.9109 7.95938 0
    endloop
  endfacet
  facet normal 0 0 -1
    outer loop
      vertex 43.5253 8.14082 0
      vertex 56.1256 19.0039 0
      vertex 43.7238 8.06223 0
    endloop
  endfacet
  facet normal 0 0 -1
    outer loop
      vertex 36.8744 19.0039 0
      vertex 43.5253 8.14082 0
      vertex 43.3186 8.19391 0
    endloop
  endfacet
  facet normal 0 0 -1
    outer loop
      vertex 36.8744 19.0039 0
      vertex 43.3186 8.19391 0
      vertex 43.1067 8.22066 0
    endloop
  endfacet
  facet normal 0 0 -1
    outer loop
      vertex 36.8744 19.0039 0
      vertex 43.1067 8.22066 0
      vertex 42.8933 8.22066 0
    endloop
  endfacet
  facet normal 0 0 -1
    outer loop
      vertex 36.8744 19.0039 0
      vertex 42.8933 8.22066 0
      vertex 42.6814 8.19391 0
    endloop
  endfacet
  facet normal 0 0 -1
    outer loop
      vertex 36.8744 19.0039 0
      vertex 42.6814 8.19391 0
      vertex 42.4747 8.14082 0
    endloop
  endfacet
  facet normal 0 0 -1
    outer loop
      vertex 36.8744 19.0039 0
      vertex 42.4747 8.14082 0
      vertex 40.801 7.71109 0
    endloop
  endfacet
  facet normal 0 0 -1
    outer loop
      vertex 36.8744 19.0039 0
      vertex 40.801 7.71109 0
      vertex 37.2763 7.26582 0
    endloop
  endfacet
  facet normal 0 0 -1
    outer loop
      vertex 43.5253 8.14082 0
      vertex 36.8744 19.0039 0
      vertex 56.1256 19.0039 0
    endloop
  endfacet
  facet normal 0 0 -1
    outer loop
      vertex 37.2763 7.26582 0
      vertex 36.6252 19.0354 0
      vertex 36.8744 19.0039 0
    endloop
  endfacet
  facet normal 0 0 -1
    outer loop
      vertex 34.3748 19.0354 0
      vertex 36.6252 19.0354 0
      vertex 37.2763 7.26582 0
    endloop
  endfacet
  facet normal 0 0 -1
    outer loop
      vertex 34.5 19.0676 0
      vertex 36.5 34.5 0
      vertex 36.5 19.0676 0
    endloop
  endfacet
  facet normal 0 0 -1
    outer loop
      vertex 34.5 34.5 0
      vertex 36.5 34.5 0
      vertex 34.5 19.0676 0
    endloop
  endfacet
  facet normal 0 0 -1
    outer loop
      vertex 36.5 34.5 0
      vertex 34.5 34.5 0
      vertex 36.5 36.5 0
    endloop
  endfacet
  facet normal 0 0 -1
    outer loop
      vertex 36.6252 19.0354 0
      vertex 34.3748 19.0354 0
      vertex 36.5 19.0676 0
    endloop
  endfacet
  facet normal -0 0 -1
    outer loop
      vertex 36.5 19.0676 0
      vertex 34.3748 19.0354 0
      vertex 34.5 19.0676 0
    endloop
  endfacet
  facet normal 0 0 -1
    outer loop
      vertex 33.7237 7.26582 0
      vertex 34.3748 19.0354 0
      vertex 37.2763 7.26582 0
    endloop
  endfacet
  facet normal 0 0 -1
    outer loop
      vertex 34.3748 19.0354 0
      vertex 33.7237 7.26582 0
      vertex 34.1256 19.0039 0
    endloop
  endfacet
  facet normal 0 0 -1
    outer loop
      vertex 31.2147 7.70251 0
      vertex 33.7237 7.26582 0
      vertex 31.2787 7.5747 0
    endloop
  endfacet
  facet normal 0 0 -1
    outer loop
      vertex 31.0156 7.99992 0
      vertex 33.7237 7.26582 0
      vertex 31.2147 7.70251 0
    endloop
  endfacet
  facet normal 0 0 -1
    outer loop
      vertex 30.7807 8.27003 0
      vertex 33.7237 7.26582 0
      vertex 31.0156 7.99992 0
    endloop
  endfacet
  facet normal 0 0 -1
    outer loop
      vertex 30.5139 8.50859 0
      vertex 33.7237 7.26582 0
      vertex 30.7807 8.27003 0
    endloop
  endfacet
  facet normal 0 0 -1
    outer loop
      vertex 33.7237 7.26582 0
      vertex 30.5139 8.50859 0
      vertex 34.1256 19.0039 0
    endloop
  endfacet
  facet normal 0 0 -1
    outer loop
      vertex 30.2193 8.71183 0
      vertex 34.1256 19.0039 0
      vertex 30.5139 8.50859 0
    endloop
  endfacet
  facet normal 0 0 -1
    outer loop
      vertex 29.9016 8.87653 0
      vertex 34.1256 19.0039 0
      vertex 30.2193 8.71183 0
    endloop
  endfacet
  facet normal 0 0 -1
    outer loop
      vertex 29.5657 9.00012 0
      vertex 34.1256 19.0039 0
      vertex 29.9016 8.87653 0
    endloop
  endfacet
  facet normal 0 0 -1
    outer loop
      vertex 29.2169 9.08063 0
      vertex 34.1256 19.0039 0
      vertex 29.5657 9.00012 0
    endloop
  endfacet
  facet normal 0 0 -1
    outer loop
      vertex 28.8609 9.1168 0
      vertex 34.1256 19.0039 0
      vertex 29.2169 9.08063 0
    endloop
  endfacet
  facet normal 0 0 -1
    outer loop
      vertex 28.5031 9.10805 0
      vertex 34.1256 19.0039 0
      vertex 28.8609 9.1168 0
    endloop
  endfacet
  facet normal 0 0 -1
    outer loop
      vertex 28.1492 9.05453 0
      vertex 34.1256 19.0039 0
      vertex 28.5031 9.10805 0
    endloop
  endfacet
  facet normal 0 0 -1
    outer loop
      vertex 27.8048 8.95708 0
      vertex 34.1256 19.0039 0
      vertex 28.1492 9.05453 0
    endloop
  endfacet
  facet normal 0 0 -1
    outer loop
      vertex 14.8744 19.0039 0
      vertex 27.8048 8.95708 0
      vertex 27.4754 8.81724 0
    endloop
  endfacet
  facet normal 0 0 -1
    outer loop
      vertex 14.8744 19.0039 0
      vertex 27.4754 8.81724 0
      vertex 27.166 8.6372 0
    endloop
  endfacet
  facet normal 0 0 -1
    outer loop
      vertex 14.8744 19.0039 0
      vertex 27.166 8.6372 0
      vertex 26.8817 8.41982 0
    endloop
  endfacet
  facet normal 0 0 -1
    outer loop
      vertex 14.8744 19.0039 0
      vertex 26.8817 8.41982 0
      vertex 26.6269 8.16852 0
    endloop
  endfacet
  facet normal 0 0 -1
    outer loop
      vertex 14.8744 19.0039 0
      vertex 26.6269 8.16852 0
      vertex 26.4055 7.88725 0
    endloop
  endfacet
  facet normal 0 0 -1
    outer loop
      vertex 27.8048 8.95708 0
      vertex 14.8744 19.0039 0
      vertex 34.1256 19.0039 0
    endloop
  endfacet
  facet normal 0 0 -1
    outer loop
      vertex 26.2212 7.58047 0
      vertex 14.8744 19.0039 0
      vertex 26.4055 7.88725 0
    endloop
  endfacet
  facet normal 0 0 -1
    outer loop
      vertex 26.0768 7.253 0
      vertex 14.8744 19.0039 0
      vertex 26.2212 7.58047 0
    endloop
  endfacet
  facet normal 0 0 -1
    outer loop
      vertex 25.9745 6.91001 0
      vertex 14.8744 19.0039 0
      vertex 26.0768 7.253 0
    endloop
  endfacet
  facet normal 0 0 -1
    outer loop
      vertex 14.0581 0.0295992 0
      vertex 25.9745 6.91001 0
      vertex 25.9161 6.55691 0
    endloop
  endfacet
  facet normal 0 0 -1
    outer loop
      vertex 14.0581 0.0295992 0
      vertex 25.9161 6.55691 0
      vertex 25.9023 6.19927 0
    endloop
  endfacet
  facet normal 0 0 -1
    outer loop
      vertex 63.2975 31.2147 0
      vertex 63.7342 33.7237 0
      vertex 63.4253 31.2787 0
    endloop
  endfacet
  facet normal 0 0 -1
    outer loop
      vertex 63.0001 31.0156 0
      vertex 63.7342 33.7237 0
      vertex 63.2975 31.2147 0
    endloop
  endfacet
  facet normal 0 0 -1
    outer loop
      vertex 62.73 30.7807 0
      vertex 63.7342 33.7237 0
      vertex 63.0001 31.0156 0
    endloop
  endfacet
  facet normal 0 0 -1
    outer loop
      vertex 58 34.5 0
      vertex 62.73 30.7807 0
      vertex 62.4914 30.5139 0
    endloop
  endfacet
  facet normal 0 0 -1
    outer loop
      vertex 58 34.5 0
      vertex 62.4914 30.5139 0
      vertex 62.2882 30.2193 0
    endloop
  endfacet
  facet normal 0 0 -1
    outer loop
      vertex 62.73 30.7807 0
      vertex 58 34.5 0
      vertex 63.7342 33.7237 0
    endloop
  endfacet
  facet normal 0 0 -1
    outer loop
      vertex 58 34.5 0
      vertex 62.2882 30.2193 0
      vertex 62.1235 29.9016 0
    endloop
  endfacet
  facet normal 0 0 -1
    outer loop
      vertex 58 36.5 0
      vertex 63.7342 37.2763 0
      vertex 58 34.5 0
    endloop
  endfacet
  facet normal 0 0 -1
    outer loop
      vertex 63.7342 33.7237 0
      vertex 58 34.5 0
      vertex 63.7342 37.2763 0
    endloop
  endfacet
  facet normal 0 0 -1
    outer loop
      vertex 67.4193 29.6981 0
      vertex 67.1275 33.3509 0
      vertex 67.1474 33.5089 0
    endloop
  endfacet
  facet normal 0 0 -1
    outer loop
      vertex 67.0994 30.3369 0
      vertex 67.1275 33.3509 0
      vertex 67.2794 30.0276 0
    endloop
  endfacet
  facet normal 0 0 -1
    outer loop
      vertex 66.882 30.6212 0
      vertex 67.1275 33.3509 0
      vertex 67.0994 30.3369 0
    endloop
  endfacet
  facet normal 0 0 -1
    outer loop
      vertex 67.1275 33.3509 0
      vertex 66.882 30.6212 0
      vertex 66.7939 30.7106 0
    endloop
  endfacet
  facet normal 0 0 -1
    outer loop
      vertex 57.4579 19.6309 0
      vertex 71 15 0
      vertex 70.8817 13.12 0
    endloop
  endfacet
  facet normal 0 0 -1
    outer loop
      vertex 71 15 0
      vertex 67.5703 28.9999 0
      vertex 71 56 0
    endloop
  endfacet
  facet normal 0 0 -1
    outer loop
      vertex 57.4579 19.6309 0
      vertex 70.8817 13.12 0
      vertex 70.5287 11.2697 0
    endloop
  endfacet
  facet normal 0 0 -1
    outer loop
      vertex 67.1474 37.4911 0
      vertex 71 56 0
      vertex 67.5703 28.9999 0
    endloop
  endfacet
  facet normal 0 0 -1
    outer loop
      vertex 57.2748 19.459 0
      vertex 70.5287 11.2697 0
      vertex 69.9466 9.47813 0
    endloop
  endfacet
  facet normal 0 0 -1
    outer loop
      vertex 67.1275 37.6491 0
      vertex 71 56 0
      vertex 67.1474 37.4911 0
    endloop
  endfacet
  facet normal 0 0 -1
    outer loop
      vertex 57.0717 19.3113 0
      vertex 69.9466 9.47813 0
      vertex 69.1446 7.77369 0
    endloop
  endfacet
  facet normal 0 0 -1
    outer loop
      vertex 71 15 0
      vertex 67.579 28.6421 0
      vertex 67.5703 28.9999 0
    endloop
  endfacet
  facet normal 0 0 -1
    outer loop
      vertex 57.0717 19.3113 0
      vertex 69.1446 7.77369 0
      vertex 68.1353 6.18322 0
    endloop
  endfacet
  facet normal 0 0 -1
    outer loop
      vertex 66.6751 41.2301 0
      vertex 71 56 0
      vertex 67.1275 37.6491 0
    endloop
  endfacet
  facet normal 0 0 -1
    outer loop
      vertex 66.6483 41.4419 0
      vertex 71 56 0
      vertex 66.6751 41.2301 0
    endloop
  endfacet
  facet normal 0 0 -1
    outer loop
      vertex 71 15 0
      vertex 67.5428 28.286 0
      vertex 67.579 28.6421 0
    endloop
  endfacet
  facet normal 0 0 -1
    outer loop
      vertex 71 15 0
      vertex 67.4623 27.9373 0
      vertex 67.5428 28.286 0
    endloop
  endfacet
  facet normal 0 0 -1
    outer loop
      vertex 71 15 0
      vertex 67.3387 27.6014 0
      vertex 67.4623 27.9373 0
    endloop
  endfacet
  facet normal 0 0 -1
    outer loop
      vertex 71 15 0
      vertex 67.174 27.2836 0
      vertex 67.3387 27.6014 0
    endloop
  endfacet
  facet normal 0 0 -1
    outer loop
      vertex 71 15 0
      vertex 66.9708 26.989 0
      vertex 67.174 27.2836 0
    endloop
  endfacet
  facet normal 0 0 -1
    outer loop
      vertex 56.8516 19.1903 0
      vertex 68.1353 6.18322 0
      vertex 66.9345 4.73179 0
    endloop
  endfacet
  facet normal 0 0 -1
    outer loop
      vertex 71 15 0
      vertex 66.7322 26.7222 0
      vertex 66.9708 26.989 0
    endloop
  endfacet
  facet normal 0 0 -1
    outer loop
      vertex 71 15 0
      vertex 66.4621 26.4874 0
      vertex 66.7322 26.7222 0
    endloop
  endfacet
  facet normal 0 0 -1
    outer loop
      vertex 71 15 0
      vertex 66.1647 26.2883 0
      vertex 66.4621 26.4874 0
    endloop
  endfacet
  facet normal 0 0 -1
    outer loop
      vertex 71 15 0
      vertex 65.8447 26.128 0
      vertex 66.1647 26.2883 0
    endloop
  endfacet
  facet normal 0 0 -1
    outer loop
      vertex 56.8516 19.1903 0
      vertex 66.9345 4.73179 0
      vertex 65.5614 3.4423 0
    endloop
  endfacet
  facet normal 0 0 -1
    outer loop
      vertex 71 15 0
      vertex 65.5071 26.0091 0
      vertex 65.8447 26.128 0
    endloop
  endfacet
  facet normal 0 0 -1
    outer loop
      vertex 71 15 0
      vertex 57.7526 20.0365 0
      vertex 57.8596 20.2638 0
    endloop
  endfacet
  facet normal 0 0 -1
    outer loop
      vertex 71 15 0
      vertex 65.1573 25.9335 0
      vertex 65.5071 26.0091 0
    endloop
  endfacet
  facet normal 0 0 -1
    outer loop
      vertex 71 15 0
      vertex 57.8596 20.2638 0
      vertex 57.9372 20.5026 0
    endloop
  endfacet
  facet normal 0 0 -1
    outer loop
      vertex 71 15 0
      vertex 64.8007 25.9023 0
      vertex 65.1573 25.9335 0
    endloop
  endfacet
  facet normal 0 0 -1
    outer loop
      vertex 56.618 19.0979 0
      vertex 65.5614 3.4423 0
      vertex 64.0374 2.33508 0
    endloop
  endfacet
  facet normal 0 0 -1
    outer loop
      vertex 71 15 0
      vertex 57.9372 20.5026 0
      vertex 64.8007 25.9023 0
    endloop
  endfacet
  facet normal -0 0 -1
    outer loop
      vertex 64.8007 25.9023 0
      vertex 57.9372 20.5026 0
      vertex 64.4431 25.9161 0
    endloop
  endfacet
  facet normal 0 -0 -1
    outer loop
      vertex 58 21 0
      vertex 64.4431 25.9161 0
      vertex 57.9842 20.7493 0
    endloop
  endfacet
  facet normal -0 0 -1
    outer loop
      vertex 64.4431 25.9161 0
      vertex 58 21 0
      vertex 64.09 25.9745 0
    endloop
  endfacet
  facet normal -0 0 -1
    outer loop
      vertex 64.09 25.9745 0
      vertex 58 21 0
      vertex 63.747 26.0768 0
    endloop
  endfacet
  facet normal 0 0 -1
    outer loop
      vertex 56.618 19.0979 0
      vertex 64.0374 2.33508 0
      vertex 62.3867 1.4276 0
    endloop
  endfacet
  facet normal -0 0 -1
    outer loop
      vertex 63.747 26.0768 0
      vertex 58 21 0
      vertex 63.4195 26.2212 0
    endloop
  endfacet
  facet normal -0 0 -1
    outer loop
      vertex 63.4195 26.2212 0
      vertex 58 21 0
      vertex 63.1127 26.4055 0
    endloop
  endfacet
  facet normal -0 0 -1
    outer loop
      vertex 62.8315 26.6269 0
      vertex 58 21 0
      vertex 62.5802 26.8817 0
    endloop
  endfacet
  facet normal -0 0 -1
    outer loop
      vertex 62.5802 26.8817 0
      vertex 58 21 0
      vertex 62.3628 27.166 0
    endloop
  endfacet
  facet normal -0 0 -1
    outer loop
      vertex 62.3628 27.166 0
      vertex 58 21 0
      vertex 62.1828 27.4754 0
    endloop
  endfacet
  facet normal -0 0 -1
    outer loop
      vertex 62.1828 27.4754 0
      vertex 58 21 0
      vertex 62.0429 27.8048 0
    endloop
  endfacet
  facet normal 0 0 -1
    outer loop
      vertex 56.3748 19.0354 0
      vertex 62.3867 1.4276 0
      vertex 60.6353 0.734153 0
    endloop
  endfacet
  facet normal 0 0 -1
    outer loop
      vertex 66.5952 41.6486 0
      vertex 71 56 0
      vertex 66.6483 41.4419 0
    endloop
  endfacet
  facet normal 0 0 -1
    outer loop
      vertex 67.1474 33.5089 0
      vertex 67.5703 28.9999 0
      vertex 67.5167 29.3537 0
    endloop
  endfacet
  facet normal 0 0 -1
    outer loop
      vertex 67.1474 33.5089 0
      vertex 67.5167 29.3537 0
      vertex 67.4193 29.6981 0
    endloop
  endfacet
  facet normal 0 0 -1
    outer loop
      vertex 67.1275 33.3509 0
      vertex 67.4193 29.6981 0
      vertex 67.2794 30.0276 0
    endloop
  endfacet
  facet normal 0 0 -1
    outer loop
      vertex 67.5703 28.9999 0
      vertex 67.1474 33.5089 0
      vertex 67.1474 37.4911 0
    endloop
  endfacet
  facet normal 0 0 -1
    outer loop
      vertex 66.5756 41.7252 0
      vertex 71 56 0
      vertex 66.5952 41.6486 0
    endloop
  endfacet
  facet normal 0 0 -1
    outer loop
      vertex 66.1134 43.5253 0
      vertex 71 56 0
      vertex 66.5756 41.7252 0
    endloop
  endfacet
  facet normal 0 0 -1
    outer loop
      vertex 66.0348 43.7238 0
      vertex 71 56 0
      vertex 66.1134 43.5253 0
    endloop
  endfacet
  facet normal 0 0 -1
    outer loop
      vertex 65.9319 43.9109 0
      vertex 71 56 0
      vertex 66.0348 43.7238 0
    endloop
  endfacet
  facet normal 0 0 -1
    outer loop
      vertex 65.8065 44.0836 0
      vertex 71 56 0
      vertex 65.9319 43.9109 0
    endloop
  endfacet
  facet normal 0 0 -1
    outer loop
      vertex 65.6603 44.2392 0
      vertex 71 56 0
      vertex 65.8065 44.0836 0
    endloop
  endfacet
  facet normal 0 0 -1
    outer loop
      vertex 65.4958 44.3753 0
      vertex 71 56 0
      vertex 65.6603 44.2392 0
    endloop
  endfacet
  facet normal 0 0 -1
    outer loop
      vertex 65.3156 44.4897 0
      vertex 71 56 0
      vertex 65.4958 44.3753 0
    endloop
  endfacet
  facet normal 0 0 -1
    outer loop
      vertex 65.1224 44.5806 0
      vertex 71 56 0
      vertex 65.3156 44.4897 0
    endloop
  endfacet
  facet normal 0 0 -1
    outer loop
      vertex 64.9194 44.6466 0
      vertex 71 56 0
      vertex 65.1224 44.5806 0
    endloop
  endfacet
  facet normal 0 0 -1
    outer loop
      vertex 64.7097 44.6866 0
      vertex 71 56 0
      vertex 64.9194 44.6466 0
    endloop
  endfacet
  facet normal 0 0 -1
    outer loop
      vertex 64.4966 44.7 0
      vertex 71 56 0
      vertex 64.7097 44.6866 0
    endloop
  endfacet
  facet normal 0 0 -1
    outer loop
      vertex 64.476 44.7 0
      vertex 71 56 0
      vertex 64.4966 44.7 0
    endloop
  endfacet
  facet normal 0 0 -1
    outer loop
      vertex 64.2629 44.6866 0
      vertex 71 56 0
      vertex 64.476 44.7 0
    endloop
  endfacet
  facet normal 0 0 -1
    outer loop
      vertex 64.0532 44.6466 0
      vertex 71 56 0
      vertex 64.2629 44.6866 0
    endloop
  endfacet
  facet normal 0 0 -1
    outer loop
      vertex 63.8502 44.5806 0
      vertex 71 56 0
      vertex 64.0532 44.6466 0
    endloop
  endfacet
  facet normal 0 0 -1
    outer loop
      vertex 63.657 44.4897 0
      vertex 71 56 0
      vertex 63.8502 44.5806 0
    endloop
  endfacet
  facet normal -0 0 -1
    outer loop
      vertex 71 56 0
      vertex 63.657 44.4897 0
      vertex 70.8817 57.88 0
    endloop
  endfacet
  facet normal -0 0 -1
    outer loop
      vertex 70.8817 57.88 0
      vertex 63.657 44.4897 0
      vertex 70.5287 59.7303 0
    endloop
  endfacet
  facet normal -0 0 -1
    outer loop
      vertex 70.5287 59.7303 0
      vertex 63.657 44.4897 0
      vertex 69.9466 61.5219 0
    endloop
  endfacet
  facet normal -0 0 -1
    outer loop
      vertex 69.9466 61.5219 0
      vertex 63.657 44.4897 0
      vertex 69.1446 63.2263 0
    endloop
  endfacet
  facet normal -0 0 -1
    outer loop
      vertex 69.1446 63.2263 0
      vertex 63.657 44.4897 0
      vertex 68.1353 64.8168 0
    endloop
  endfacet
  facet normal -0 0 -1
    outer loop
      vertex 68.1353 64.8168 0
      vertex 63.657 44.4897 0
      vertex 66.9345 66.2682 0
    endloop
  endfacet
  facet normal -0 0 -1
    outer loop
      vertex 66.9345 66.2682 0
      vertex 63.657 44.4897 0
      vertex 65.5614 67.5577 0
    endloop
  endfacet
  facet normal -0 0 -1
    outer loop
      vertex 65.5614 67.5577 0
      vertex 63.657 44.4897 0
      vertex 64.0374 68.6649 0
    endloop
  endfacet
  facet normal 0 0 -1
    outer loop
      vertex 58.8107 70.7343 0
      vertex 63.657 44.4897 0
      vertex 63.4767 44.3753 0
    endloop
  endfacet
  facet normal 0 0 -1
    outer loop
      vertex 58.8107 70.7343 0
      vertex 63.4767 44.3753 0
      vertex 63.3122 44.2392 0
    endloop
  endfacet
  facet normal 0 0 -1
    outer loop
      vertex 58.8107 70.7343 0
      vertex 63.3122 44.2392 0
      vertex 63.1661 44.0836 0
    endloop
  endfacet
  facet normal 0 0 -1
    outer loop
      vertex 58.8107 70.7343 0
      vertex 63.1661 44.0836 0
      vertex 63.0406 43.9109 0
    endloop
  endfacet
  facet normal 0 0 -1
    outer loop
      vertex 58.8107 70.7343 0
      vertex 63.0406 43.9109 0
      vertex 62.9378 43.7238 0
    endloop
  endfacet
  facet normal 0 0 -1
    outer loop
      vertex 58.8107 70.7343 0
      vertex 62.9378 43.7238 0
      vertex 62.8592 43.5253 0
    endloop
  endfacet
  facet normal 0 0 -1
    outer loop
      vertex 58 50 0
      vertex 62.7793 43.1067 0
      vertex 58 36.5 0
    endloop
  endfacet
  facet normal -0 0 -1
    outer loop
      vertex 62.7793 42.8933 0
      vertex 58 36.5 0
      vertex 62.7793 43.1067 0
    endloop
  endfacet
  facet normal -0 0 -1
    outer loop
      vertex 63.7342 37.2763 0
      vertex 58 36.5 0
      vertex 63.2889 40.801 0
    endloop
  endfacet
  facet normal 0 0 -1
    outer loop
      vertex 63.657 44.4897 0
      vertex 62.3867 69.5724 0
      vertex 64.0374 68.6649 0
    endloop
  endfacet
  facet normal 0 0 -1
    outer loop
      vertex 58 34.5 0
      vertex 62.1235 29.9016 0
      vertex 61.9999 29.5657 0
    endloop
  endfacet
  facet normal 0 0 -1
    outer loop
      vertex 61.9194 29.2169 0
      vertex 58 34.5 0
      vertex 61.9999 29.5657 0
    endloop
  endfacet
  facet normal -0 0 -1
    outer loop
      vertex 63.2889 40.801 0
      vertex 58 36.5 0
      vertex 62.8592 42.4747 0
    endloop
  endfacet
  facet normal -0 0 -1
    outer loop
      vertex 62.8592 42.4747 0
      vertex 58 36.5 0
      vertex 62.8061 42.6814 0
    endloop
  endfacet
  facet normal 0 0 -1
    outer loop
      vertex 61.8832 28.8609 0
      vertex 58 34.5 0
      vertex 61.9194 29.2169 0
    endloop
  endfacet
  facet normal 0 0 -1
    outer loop
      vertex 61.8919 28.5031 0
      vertex 58 34.5 0
      vertex 61.8832 28.8609 0
    endloop
  endfacet
  facet normal -0 0 -1
    outer loop
      vertex 62.0429 27.8048 0
      vertex 58 21 0
      vertex 61.9455 28.1492 0
    endloop
  endfacet
  facet normal -0 0 -1
    outer loop
      vertex 62.8061 42.6814 0
      vertex 58 36.5 0
      vertex 62.7793 42.8933 0
    endloop
  endfacet
  facet normal 0 0 -1
    outer loop
      vertex 56.3748 19.0354 0
      vertex 60.6353 0.734153 0
      vertex 58.8107 0.265692 0
    endloop
  endfacet
  facet normal 0 0 -1
    outer loop
      vertex 63.657 44.4897 0
      vertex 58.8107 70.7343 0
      vertex 62.3867 69.5724 0
    endloop
  endfacet
  facet normal 0 0 -1
    outer loop
      vertex 62.3867 69.5724 0
      vertex 58.8107 70.7343 0
      vertex 60.6353 70.2658 0
    endloop
  endfacet
  facet normal 0 0 -1
    outer loop
      vertex 58 34.5 0
      vertex 61.8919 28.5031 0
      vertex 58 21 0
    endloop
  endfacet
  facet normal -0 0 -1
    outer loop
      vertex 61.9455 28.1492 0
      vertex 58 21 0
      vertex 61.8919 28.5031 0
    endloop
  endfacet
  facet normal -0 0 -1
    outer loop
      vertex 63.1127 26.4055 0
      vertex 58 21 0
      vertex 62.8315 26.6269 0
    endloop
  endfacet
  facet normal 0 -0 -1
    outer loop
      vertex 57.9842 20.7493 0
      vertex 64.4431 25.9161 0
      vertex 57.9372 20.5026 0
    endloop
  endfacet
  facet normal 0 0 -1
    outer loop
      vertex 71 15 0
      vertex 57.618 19.8244 0
      vertex 57.7526 20.0365 0
    endloop
  endfacet
  facet normal 0 0 -1
    outer loop
      vertex 71 15 0
      vertex 57.4579 19.6309 0
      vertex 57.618 19.8244 0
    endloop
  endfacet
  facet normal 0 0 -1
    outer loop
      vertex 70.5287 11.2697 0
      vertex 57.2748 19.459 0
      vertex 57.4579 19.6309 0
    endloop
  endfacet
  facet normal 0 0 -1
    outer loop
      vertex 69.9466 9.47813 0
      vertex 57.0717 19.3113 0
      vertex 57.2748 19.459 0
    endloop
  endfacet
  facet normal 0 0 -1
    outer loop
      vertex 56.1256 19.0039 0
      vertex 58.8107 0.265692 0
      vertex 56.9419 0.0295992 0
    endloop
  endfacet
  facet normal 0 0 -1
    outer loop
      vertex 68.1353 6.18322 0
      vertex 56.8516 19.1903 0
      vertex 57.0717 19.3113 0
    endloop
  endfacet
  facet normal 0 0 -1
    outer loop
      vertex 65.5614 3.4423 0
      vertex 56.618 19.0979 0
      vertex 56.8516 19.1903 0
    endloop
  endfacet
  facet normal 0 0 -1
    outer loop
      vertex 62.3867 1.4276 0
      vertex 56.3748 19.0354 0
      vertex 56.618 19.0979 0
    endloop
  endfacet
  facet normal 0 0 -1
    outer loop
      vertex 58.8107 0.265692 0
      vertex 56.1256 19.0039 0
      vertex 56.3748 19.0354 0
    endloop
  endfacet
  facet normal 0 0 -1
    outer loop
      vertex 44.7 6.52402 0
      vertex 56.9419 0.0295992 0
      vertex 44.7 6.50341 0
    endloop
  endfacet
  facet normal 0 0 -1
    outer loop
      vertex 56.9419 0.0295992 0
      vertex 44.6866 6.29035 0
      vertex 44.7 6.50341 0
    endloop
  endfacet
  facet normal 0 0 -1
    outer loop
      vertex 56.9419 0.0295992 0
      vertex 44.6466 6.08064 0
      vertex 44.6866 6.29035 0
    endloop
  endfacet
  facet normal 0 0 -1
    outer loop
      vertex 56.9419 0.0295992 0
      vertex 44.5806 5.8776 0
      vertex 44.6466 6.08064 0
    endloop
  endfacet
  facet normal 0 0 -1
    outer loop
      vertex 56.9419 0.0295992 0
      vertex 44.4897 5.68443 0
      vertex 44.5806 5.8776 0
    endloop
  endfacet
  facet normal 0 0 -1
    outer loop
      vertex 56.9419 0.0295992 0
      vertex 44.3753 5.50418 0
      vertex 44.4897 5.68443 0
    endloop
  endfacet
  facet normal 0 0 -1
    outer loop
      vertex 56.9419 0.0295992 0
      vertex 44.2392 5.33968 0
      vertex 44.3753 5.50418 0
    endloop
  endfacet
  facet normal 0 0 -1
    outer loop
      vertex 56.9419 0.0295992 0
      vertex 44.0836 5.19354 0
      vertex 44.2392 5.33968 0
    endloop
  endfacet
  facet normal 0 0 -1
    outer loop
      vertex 56.9419 0.0295992 0
      vertex 43.9109 5.06806 0
      vertex 44.0836 5.19354 0
    endloop
  endfacet
  facet normal 0 0 -1
    outer loop
      vertex 56.9419 0.0295992 0
      vertex 43.7238 4.96521 0
      vertex 43.9109 5.06806 0
    endloop
  endfacet
  facet normal 0 0 -1
    outer loop
      vertex 56.9419 0.0295992 0
      vertex 43.5253 4.88662 0
      vertex 43.7238 4.96521 0
    endloop
  endfacet
  facet normal 0 0 -1
    outer loop
      vertex 56.9419 0.0295992 0
      vertex 41.7252 4.42441 0
      vertex 43.5253 4.88662 0
    endloop
  endfacet
  facet normal 0 0 -1
    outer loop
      vertex 56.9419 0.0295992 0
      vertex 41.6486 4.40476 0
      vertex 41.7252 4.42441 0
    endloop
  endfacet
  facet normal 0 0 -1
    outer loop
      vertex 56.9419 0.0295992 0
      vertex 41.4419 4.35167 0
      vertex 41.6486 4.40476 0
    endloop
  endfacet
  facet normal 0 0 -1
    outer loop
      vertex 56.9419 0.0295992 0
      vertex 41.2301 4.32491 0
      vertex 41.4419 4.35167 0
    endloop
  endfacet
  facet normal 0 0 -1
    outer loop
      vertex 56.9419 0.0295992 0
      vertex 37.6491 3.87253 0
      vertex 41.2301 4.32491 0
    endloop
  endfacet
  facet normal 0 0 -1
    outer loop
      vertex 56.9419 0.0295992 0
      vertex 37.4911 3.85257 0
      vertex 37.6491 3.87253 0
    endloop
  endfacet
  facet normal 0 0 -1
    outer loop
      vertex 28.9999 3.42974 0
      vertex 37.4911 3.85257 0
      vertex 56.9419 0.0295992 0
    endloop
  endfacet
  facet normal -0 0 -1
    outer loop
      vertex 37.4911 3.85257 0
      vertex 28.9999 3.42974 0
      vertex 33.5089 3.85257 0
    endloop
  endfacet
  facet normal 0 -0 -1
    outer loop
      vertex 29.3537 3.48326 0
      vertex 33.5089 3.85257 0
      vertex 28.9999 3.42974 0
    endloop
  endfacet
  facet normal 0 0 -1
    outer loop
      vertex 33.3509 3.87253 0
      vertex 30.6212 4.11798 0
      vertex 30.7106 4.20608 0
    endloop
  endfacet
  facet normal 0 0 -1
    outer loop
      vertex 33.3509 3.87253 0
      vertex 30.3369 3.90059 0
      vertex 30.6212 4.11798 0
    endloop
  endfacet
  facet normal -0 0 -1
    outer loop
      vertex 33.3509 3.87253 0
      vertex 30.0276 3.72056 0
      vertex 30.3369 3.90059 0
    endloop
  endfacet
  facet normal 0 0 -1
    outer loop
      vertex 33.3509 3.87253 0
      vertex 29.6981 3.58071 0
      vertex 30.0276 3.72056 0
    endloop
  endfacet
  facet normal -0 0 -1
    outer loop
      vertex 33.5089 3.85257 0
      vertex 29.6981 3.58071 0
      vertex 33.3509 3.87253 0
    endloop
  endfacet
  facet normal 0 -0 -1
    outer loop
      vertex 29.6981 3.58071 0
      vertex 33.5089 3.85257 0
      vertex 29.3537 3.48326 0
    endloop
  endfacet
  facet normal 0 0 -1
    outer loop
      vertex 14.0581 0.0295992 0
      vertex 28.9999 3.42974 0
      vertex 56.9419 0.0295992 0
    endloop
  endfacet
  facet normal 0 0 -1
    outer loop
      vertex 28.9999 3.42974 0
      vertex 14.0581 0.0295992 0
      vertex 28.6421 3.421 0
    endloop
  endfacet
  facet normal 0 0 -1
    outer loop
      vertex 14.0581 0.0295992 0
      vertex 25.9023 6.19927 0
      vertex 25.9335 5.84272 0
    endloop
  endfacet
  facet normal 0 0 -1
    outer loop
      vertex 14.0581 0.0295992 0
      vertex 25.9335 5.84272 0
      vertex 26.0091 5.4929 0
    endloop
  endfacet
  facet normal 0 0 -1
    outer loop
      vertex 14.0581 0.0295992 0
      vertex 26.0091 5.4929 0
      vertex 26.128 5.15531 0
    endloop
  endfacet
  facet normal 0 0 -1
    outer loop
      vertex 14.0581 0.0295992 0
      vertex 26.128 5.15531 0
      vertex 26.2883 4.83529 0
    endloop
  endfacet
  facet normal 0 0 -1
    outer loop
      vertex 14.0581 0.0295992 0
      vertex 26.2883 4.83529 0
      vertex 26.4874 4.53788 0
    endloop
  endfacet
  facet normal -0 0 -1
    outer loop
      vertex 25.9745 6.91001 0
      vertex 14.0581 0.0295992 0
      vertex 14.8744 19.0039 0
    endloop
  endfacet
  facet normal 0 0 -1
    outer loop
      vertex 12.1893 0.265692 0
      vertex 14.8744 19.0039 0
      vertex 14.0581 0.0295992 0
    endloop
  endfacet
  facet normal -0 0 -1
    outer loop
      vertex 14.8744 19.0039 0
      vertex 12.1893 0.265692 0
      vertex 14.6252 19.0354 0
    endloop
  endfacet
  facet normal -0 0 -1
    outer loop
      vertex 28.6421 3.421 0
      vertex 14.0581 0.0295992 0
      vertex 28.286 3.45717 0
    endloop
  endfacet
  facet normal 0 0 -1
    outer loop
      vertex 14.0581 0.0295992 0
      vertex 27.9373 3.53768 0
      vertex 28.286 3.45717 0
    endloop
  endfacet
  facet normal 0 0 -1
    outer loop
      vertex 14.0581 0.0295992 0
      vertex 27.6014 3.66126 0
      vertex 27.9373 3.53768 0
    endloop
  endfacet
  facet normal 0 0 -1
    outer loop
      vertex 14.0581 0.0295992 0
      vertex 27.2836 3.82597 0
      vertex 27.6014 3.66126 0
    endloop
  endfacet
  facet normal 0 0 -1
    outer loop
      vertex 14.0581 0.0295992 0
      vertex 26.989 4.02921 0
      vertex 27.2836 3.82597 0
    endloop
  endfacet
  facet normal 0 0 -1
    outer loop
      vertex 14.0581 0.0295992 0
      vertex 26.7222 4.26776 0
      vertex 26.989 4.02921 0
    endloop
  endfacet
  facet normal 0 0 -1
    outer loop
      vertex 14.0581 0.0295992 0
      vertex 26.4874 4.53788 0
      vertex 26.7222 4.26776 0
    endloop
  endfacet
  facet normal -0 0 -1
    outer loop
      vertex 14.6252 19.0354 0
      vertex 12.1893 0.265692 0
      vertex 14.382 19.0979 0
    endloop
  endfacet
  facet normal -0 0 -1
    outer loop
      vertex 14.382 19.0979 0
      vertex 12.1893 0.265692 0
      vertex 14.1484 19.1903 0
    endloop
  endfacet
  facet normal -0 0 -1
    outer loop
      vertex 14.1484 19.1903 0
      vertex 12.1893 0.265692 0
      vertex 13.9283 19.3113 0
    endloop
  endfacet
  facet normal -0 0 -1
    outer loop
      vertex 13.9283 19.3113 0
      vertex 12.1893 0.265692 0
      vertex 13.7252 19.459 0
    endloop
  endfacet
  facet normal -0 0 -1
    outer loop
      vertex 13.7252 19.459 0
      vertex 12.1893 0.265692 0
      vertex 13.5421 19.6309 0
    endloop
  endfacet
  facet normal -0 0 -1
    outer loop
      vertex 13.5421 19.6309 0
      vertex 12.1893 0.265692 0
      vertex 13.382 19.8244 0
    endloop
  endfacet
  facet normal -0 0 -1
    outer loop
      vertex 13.382 19.8244 0
      vertex 12.1893 0.265692 0
      vertex 13.2474 20.0365 0
    endloop
  endfacet
  facet normal -0 0 -1
    outer loop
      vertex 13.2474 20.0365 0
      vertex 12.1893 0.265692 0
      vertex 13.1404 20.2638 0
    endloop
  endfacet
  facet normal 0 0 -1
    outer loop
      vertex 8.14082 27.4747 0
      vertex 13.1404 20.2638 0
      vertex 12.1893 0.265692 0
    endloop
  endfacet
  facet normal 0 0 -1
    outer loop
      vertex 13.1404 20.2638 0
      vertex 8.14082 27.4747 0
      vertex 13.0628 20.5026 0
    endloop
  endfacet
  facet normal 0 0 -1
    outer loop
      vertex 13.0158 20.7493 0
      vertex 8.14082 27.4747 0
      vertex 13 21 0
    endloop
  endfacet
  facet normal 0 -0 -1
    outer loop
      vertex 8.19391 27.6815 0
      vertex 13 21 0
      vertex 8.14082 27.4747 0
    endloop
  endfacet
  facet normal 0 -0 -1
    outer loop
      vertex 8.22066 27.8933 0
      vertex 13 21 0
      vertex 8.19391 27.6815 0
    endloop
  endfacet
  facet normal 0 0 -1
    outer loop
      vertex 13.0628 20.5026 0
      vertex 8.14082 27.4747 0
      vertex 13.0158 20.7493 0
    endloop
  endfacet
  facet normal 0 -1 0
    outer loop
      vertex 13 34.5 0.75
      vertex 20.5 34.5 3
      vertex 13 34.5 3
    endloop
  endfacet
  facet normal 0 -1 0
    outer loop
      vertex 20.5 34.5 0
      vertex 13 34.5 0.75
      vertex 13 34.5 0
    endloop
  endfacet
  facet normal 0 -1 0
    outer loop
      vertex 13 34.5 0.75
      vertex 20.5 34.5 0
      vertex 20.5 34.5 3
    endloop
  endfacet
  facet normal 0 -1 0
    outer loop
      vertex 50.5 34.5 3
      vertex 58 34.5 0.75
      vertex 58 34.5 3
    endloop
  endfacet
  facet normal 0 -1 0
    outer loop
      vertex 50.5 34.5 0
      vertex 58 34.5 0.75
      vertex 50.5 34.5 3
    endloop
  endfacet
  facet normal 0 -1 -0
    outer loop
      vertex 58 34.5 0.75
      vertex 50.5 34.5 0
      vertex 58 34.5 0
    endloop
  endfacet
  facet normal 0 -1 0
    outer loop
      vertex 28.5 34.5 0
      vertex 34.5 34.5 3
      vertex 28.5 34.5 3
    endloop
  endfacet
  facet normal 0 -1 -0
    outer loop
      vertex 34.5 34.5 3
      vertex 28.5 34.5 0
      vertex 34.5 34.5 0
    endloop
  endfacet
  facet normal 0 -1 0
    outer loop
      vertex 36.5 34.5 0
      vertex 42.5 34.5 3
      vertex 36.5 34.5 3
    endloop
  endfacet
  facet normal 0 -1 -0
    outer loop
      vertex 42.5 34.5 3
      vertex 36.5 34.5 0
      vertex 42.5 34.5 0
    endloop
  endfacet
  facet normal -0 0 1
    outer loop
      vertex 9.85 47.5 3.75
      vertex 13 23.5 3.75
      vertex 13 47.5 3.75
    endloop
  endfacet
  facet normal 0 0 1
    outer loop
      vertex 13 23.5 3.75
      vertex 9.85 47.5 3.75
      vertex 9.85 23.5 3.75
    endloop
  endfacet
  facet normal 1 -0 0
    outer loop
      vertex 13 36.5 3
      vertex 13 47.5 1.8
      vertex 13 47.5 3.75
    endloop
  endfacet
  facet normal 1 0 0
    outer loop
      vertex 13 36.5 0.75
      vertex 13 47.5 1.8
      vertex 13 36.5 3
    endloop
  endfacet
  facet normal 1 0 0
    outer loop
      vertex 13 47.5 3.75
      vertex 13 34.5 3
      vertex 13 36.5 3
    endloop
  endfacet
  facet normal 1 -0 0
    outer loop
      vertex 13 23.5 3.75
      vertex 13 34.5 3
      vertex 13 47.5 3.75
    endloop
  endfacet
  facet normal 1 0 0
    outer loop
      vertex 13 23.5 1.8
      vertex 13 34.5 3
      vertex 13 23.5 3.75
    endloop
  endfacet
  facet normal 1 0 0
    outer loop
      vertex 13 34.5 3
      vertex 13 23.5 1.8
      vertex 13 34.5 0.75
    endloop
  endfacet
  facet normal 1 0 0
    outer loop
      vertex 13 34.5 0.75
      vertex 13 23.5 1.8
      vertex 13 23.5 0.75
    endloop
  endfacet
  facet normal 1 0 0
    outer loop
      vertex 13 47.5 1.8
      vertex 13 36.5 0.75
      vertex 13 47.5 0.75
    endloop
  endfacet
  facet normal 1 0 0
    outer loop
      vertex 13 23.5 1.8
      vertex 13 21 1.8
      vertex 13 23.5 0.75
    endloop
  endfacet
  facet normal 1 -0 0
    outer loop
      vertex 13 23.5 0.75
      vertex 13 34.5 0
      vertex 13 34.5 0.75
    endloop
  endfacet
  facet normal 1 0 0
    outer loop
      vertex 13 23.5 0.75
      vertex 13 21 0
      vertex 13 34.5 0
    endloop
  endfacet
  facet normal 1 0 0
    outer loop
      vertex 13 21 0
      vertex 13 23.5 0.75
      vertex 13 21 1.8
    endloop
  endfacet
  facet normal 1 0 0
    outer loop
      vertex 13 47.5 0.75
      vertex 13 50 1.8
      vertex 13 47.5 1.8
    endloop
  endfacet
  facet normal 1 0 0
    outer loop
      vertex 13 50 1.8
      vertex 13 47.5 0.75
      vertex 13 50 0
    endloop
  endfacet
  facet normal 1 0 0
    outer loop
      vertex 13 36.5 0
      vertex 13 47.5 0.75
      vertex 13 36.5 0.75
    endloop
  endfacet
  facet normal 1 0 0
    outer loop
      vertex 13 47.5 0.75
      vertex 13 36.5 0
      vertex 13 50 0
    endloop
  endfacet
  facet normal 0 1 -0
    outer loop
      vertex 13 47.5 1.8
      vertex 9.85 47.5 3.75
      vertex 13 47.5 3.75
    endloop
  endfacet
  facet normal 0 1 0
    outer loop
      vertex 9.85 47.5 3.75
      vertex 13 47.5 1.8
      vertex 9.85 47.5 1.8
    endloop
  endfacet
  facet normal 0 -1 0
    outer loop
      vertex 9.85 23.5 1.8
      vertex 13 23.5 3.75
      vertex 9.85 23.5 3.75
    endloop
  endfacet
  facet normal 0 -1 -0
    outer loop
      vertex 13 23.5 3.75
      vertex 9.85 23.5 1.8
      vertex 13 23.5 1.8
    endloop
  endfacet
  facet normal -1 0 0
    outer loop
      vertex 58 23.5 1.8
      vertex 58 34.5 0.75
      vertex 58 23.5 0.75
    endloop
  endfacet
  facet normal -1 0 0
    outer loop
      vertex 58 36.5 0.75
      vertex 58 47.5 1.8
      vertex 58 47.5 0.75
    endloop
  endfacet
  facet normal -1 -0 0
    outer loop
      vertex 58 47.5 1.8
      vertex 58 36.5 0.75
      vertex 58 36.5 3
    endloop
  endfacet
  facet normal -1 0 0
    outer loop
      vertex 58 47.5 1.8
      vertex 58 36.5 3
      vertex 58 47.5 3.75
    endloop
  endfacet
  facet normal -1 0 0
    outer loop
      vertex 58 34.5 3
      vertex 58 47.5 3.75
      vertex 58 36.5 3
    endloop
  endfacet
  facet normal -1 0 0
    outer loop
      vertex 58 34.5 0.75
      vertex 58 23.5 1.8
      vertex 58 34.5 3
    endloop
  endfacet
  facet normal -1 0 0
    outer loop
      vertex 58 34.5 3
      vertex 58 23.5 3.75
      vertex 58 47.5 3.75
    endloop
  endfacet
  facet normal -1 0 0
    outer loop
      vertex 58 23.5 3.75
      vertex 58 34.5 3
      vertex 58 23.5 1.8
    endloop
  endfacet
  facet normal -1 0 0
    outer loop
      vertex 58 50 0
      vertex 58 47.5 0.75
      vertex 58 50 1.8
    endloop
  endfacet
  facet normal -1 0 0
    outer loop
      vertex 58 36.5 0
      vertex 58 47.5 0.75
      vertex 58 50 0
    endloop
  endfacet
  facet normal -1 -0 0
    outer loop
      vertex 58 47.5 0.75
      vertex 58 36.5 0
      vertex 58 36.5 0.75
    endloop
  endfacet
  facet normal -1 -0 0
    outer loop
      vertex 58 50 1.8
      vertex 58 47.5 0.75
      vertex 58 47.5 1.8
    endloop
  endfacet
  facet normal -1 0 0
    outer loop
      vertex 58 34.5 0
      vertex 58 23.5 0.75
      vertex 58 34.5 0.75
    endloop
  endfacet
  facet normal -1 0 0
    outer loop
      vertex 58 21 0
      vertex 58 23.5 0.75
      vertex 58 34.5 0
    endloop
  endfacet
  facet normal -1 0 0
    outer loop
      vertex 58 21 1.8
      vertex 58 23.5 0.75
      vertex 58 21 0
    endloop
  endfacet
  facet normal -1 0 0
    outer loop
      vertex 58 23.5 0.75
      vertex 58 21 1.8
      vertex 58 23.5 1.8
    endloop
  endfacet
  facet normal -0 0 1
    outer loop
      vertex 58 47.5 3.75
      vertex 61.15 23.5 3.75
      vertex 61.15 47.5 3.75
    endloop
  endfacet
  facet normal 0 0 1
    outer loop
      vertex 61.15 23.5 3.75
      vertex 58 47.5 3.75
      vertex 58 23.5 3.75
    endloop
  endfacet
  facet normal 0 -1 0
    outer loop
      vertex 58 23.5 1.8
      vertex 61.15 23.5 3.75
      vertex 58 23.5 3.75
    endloop
  endfacet
  facet normal 0 -1 -0
    outer loop
      vertex 61.15 23.5 3.75
      vertex 58 23.5 1.8
      vertex 61.15 23.5 1.8
    endloop
  endfacet
  facet normal 0 1 -0
    outer loop
      vertex 61.15 47.5 1.8
      vertex 58 47.5 3.75
      vertex 61.15 47.5 3.75
    endloop
  endfacet
  facet normal 0 1 0
    outer loop
      vertex 58 47.5 3.75
      vertex 61.15 47.5 1.8
      vertex 58 47.5 1.8
    endloop
  endfacet
  facet normal 0 -1 0
    outer loop
      vertex 23.5 9.7 1.8
      vertex 47.5 9.7 5
      vertex 23.5 9.7 5
    endloop
  endfacet
  facet normal 0 -1 -0
    outer loop
      vertex 47.5 9.7 5
      vertex 23.5 9.7 1.8
      vertex 47.5 9.7 1.8
    endloop
  endfacet
  facet normal 0 0 1
    outer loop
      vertex 47.5 61.3 5
      vertex 36.5 57.3 5
      vertex 47.5 57.3 5
    endloop
  endfacet
  facet normal 0 0 1
    outer loop
      vertex 36.5 57.3 5
      vertex 34.5 57.3 5
      vertex 36.5 13.7 5
    endloop
  endfacet
  facet normal 0 0 1
    outer loop
      vertex 47.5 61.3 5
      vertex 34.5 57.3 5
      vertex 36.5 57.3 5
    endloop
  endfacet
  facet normal -0 0 1
    outer loop
      vertex 23.5 61.3 5
      vertex 34.5 57.3 5
      vertex 47.5 61.3 5
    endloop
  endfacet
  facet normal 0 0 1
    outer loop
      vertex 34.5 57.3 5
      vertex 23.5 61.3 5
      vertex 23.5 57.3 5
    endloop
  endfacet
  facet normal -0 0 1
    outer loop
      vertex 36.5 13.7 5
      vertex 47.5 9.7 5
      vertex 47.5 13.7 5
    endloop
  endfacet
  facet normal 0 0 1
    outer loop
      vertex 34.5 13.7 5
      vertex 36.5 13.7 5
      vertex 34.5 57.3 5
    endloop
  endfacet
  facet normal -0 0 1
    outer loop
      vertex 34.5 13.7 5
      vertex 47.5 9.7 5
      vertex 36.5 13.7 5
    endloop
  endfacet
  facet normal 0 0 1
    outer loop
      vertex 23.5 9.7 5
      vertex 34.5 13.7 5
      vertex 23.5 13.7 5
    endloop
  endfacet
  facet normal 0 0 1
    outer loop
      vertex 34.5 13.7 5
      vertex 23.5 9.7 5
      vertex 47.5 9.7 5
    endloop
  endfacet
  facet normal 0 1 -0
    outer loop
      vertex 47.5 61.3 1.8
      vertex 23.5 61.3 5
      vertex 47.5 61.3 5
    endloop
  endfacet
  facet normal 0 1 0
    outer loop
      vertex 23.5 61.3 5
      vertex 47.5 61.3 1.8
      vertex 23.5 61.3 1.8
    endloop
  endfacet
  facet normal 1 0 0
    outer loop
      vertex 36.5 57.3 5
      vertex 36.5 51.9324 1.8
      vertex 36.5 57.3 1.8
    endloop
  endfacet
  facet normal 1 0 0
    outer loop
      vertex 36.5 36.5 0
      vertex 36.5 51.9324 1.8
      vertex 36.5 36.5 3
    endloop
  endfacet
  facet normal 1 0 0
    outer loop
      vertex 36.5 57.3 5
      vertex 36.5 36.5 3
      vertex 36.5 51.9324 1.8
    endloop
  endfacet
  facet normal 1 0 0
    outer loop
      vertex 36.5 57.3 5
      vertex 36.5 34.5 3
      vertex 36.5 36.5 3
    endloop
  endfacet
  facet normal 1 0 0
    outer loop
      vertex 36.5 34.5 3
      vertex 36.5 19.0676 1.8
      vertex 36.5 34.5 0
    endloop
  endfacet
  facet normal 1 -0 0
    outer loop
      vertex 36.5 13.7 5
      vertex 36.5 34.5 3
      vertex 36.5 57.3 5
    endloop
  endfacet
  facet normal 1 0 0
    outer loop
      vertex 36.5 34.5 3
      vertex 36.5 13.7 5
      vertex 36.5 19.0676 1.8
    endloop
  endfacet
  facet normal 1 0 0
    outer loop
      vertex 36.5 19.0676 1.8
      vertex 36.5 13.7 5
      vertex 36.5 13.7 1.8
    endloop
  endfacet
  facet normal 1 0 0
    outer loop
      vertex 36.5 51.9324 1.8
      vertex 36.5 36.5 0
      vertex 36.5 51.9324 0
    endloop
  endfacet
  facet normal 1 0 0
    outer loop
      vertex 36.5 34.5 0
      vertex 36.5 19.0676 1.8
      vertex 36.5 19.0676 0
    endloop
  endfacet
  facet normal -1 0 0
    outer loop
      vertex 34.5 19.0676 1.8
      vertex 34.5 34.5 0
      vertex 34.5 19.0676 0
    endloop
  endfacet
  facet normal -1 0 0
    outer loop
      vertex 34.5 51.9324 0
      vertex 34.5 36.5 0
      vertex 34.5 51.9324 1.8
    endloop
  endfacet
  facet normal -1 0 0
    outer loop
      vertex 34.5 51.9324 1.8
      vertex 34.5 57.3 5
      vertex 34.5 57.3 1.8
    endloop
  endfacet
  facet normal -1 0 0
    outer loop
      vertex 34.5 36.5 3
      vertex 34.5 51.9324 1.8
      vertex 34.5 36.5 0
    endloop
  endfacet
  facet normal -1 0 0
    outer loop
      vertex 34.5 51.9324 1.8
      vertex 34.5 36.5 3
      vertex 34.5 57.3 5
    endloop
  endfacet
  facet normal -1 0 0
    outer loop
      vertex 34.5 34.5 3
      vertex 34.5 57.3 5
      vertex 34.5 36.5 3
    endloop
  endfacet
  facet normal -1 0 0
    outer loop
      vertex 34.5 34.5 0
      vertex 34.5 19.0676 1.8
      vertex 34.5 34.5 3
    endloop
  endfacet
  facet normal -1 0 0
    outer loop
      vertex 34.5 13.7 5
      vertex 34.5 34.5 3
      vertex 34.5 19.0676 1.8
    endloop
  endfacet
  facet normal -1 0 0
    outer loop
      vertex 34.5 13.7 5
      vertex 34.5 19.0676 1.8
      vertex 34.5 13.7 1.8
    endloop
  endfacet
  facet normal -1 0 0
    outer loop
      vertex 34.5 34.5 3
      vertex 34.5 13.7 5
      vertex 34.5 57.3 5
    endloop
  endfacet
  facet normal 0 1 -0
    outer loop
      vertex 47.5 13.7 1.8
      vertex 36.5 13.7 5
      vertex 47.5 13.7 5
    endloop
  endfacet
  facet normal 0 1 0
    outer loop
      vertex 36.5 13.7 5
      vertex 47.5 13.7 1.8
      vertex 36.5 13.7 1.8
    endloop
  endfacet
  facet normal 0 1 -0
    outer loop
      vertex 34.5 13.7 1.8
      vertex 23.5 13.7 5
      vertex 34.5 13.7 5
    endloop
  endfacet
  facet normal 0 1 0
    outer loop
      vertex 23.5 13.7 5
      vertex 34.5 13.7 1.8
      vertex 23.5 13.7 1.8
    endloop
  endfacet
  facet normal -1 0 0
    outer loop
      vertex 23.5 9.7 1.8
      vertex 23.5 13.7 5
      vertex 23.5 13.7 1.8
    endloop
  endfacet
  facet normal -1 -0 0
    outer loop
      vertex 23.5 13.7 5
      vertex 23.5 9.7 1.8
      vertex 23.5 9.7 5
    endloop
  endfacet
  facet normal 1 -0 0
    outer loop
      vertex 47.5 9.7 5
      vertex 47.5 13.7 1.8
      vertex 47.5 13.7 5
    endloop
  endfacet
  facet normal 1 0 0
    outer loop
      vertex 47.5 13.7 1.8
      vertex 47.5 9.7 5
      vertex 47.5 9.7 1.8
    endloop
  endfacet
  facet normal 0 -1 0
    outer loop
      vertex 36.5 57.3 1.8
      vertex 47.5 57.3 5
      vertex 36.5 57.3 5
    endloop
  endfacet
  facet normal 0 -1 -0
    outer loop
      vertex 47.5 57.3 5
      vertex 36.5 57.3 1.8
      vertex 47.5 57.3 1.8
    endloop
  endfacet
  facet normal 0 -1 0
    outer loop
      vertex 23.5 57.3 1.8
      vertex 34.5 57.3 5
      vertex 23.5 57.3 5
    endloop
  endfacet
  facet normal 0 -1 -0
    outer loop
      vertex 34.5 57.3 5
      vertex 23.5 57.3 1.8
      vertex 34.5 57.3 1.8
    endloop
  endfacet
  facet normal -1 0 0
    outer loop
      vertex 23.5 57.3 1.8
      vertex 23.5 61.3 5
      vertex 23.5 61.3 1.8
    endloop
  endfacet
  facet normal -1 -0 0
    outer loop
      vertex 23.5 61.3 5
      vertex 23.5 57.3 1.8
      vertex 23.5 57.3 5
    endloop
  endfacet
  facet normal 1 -0 0
    outer loop
      vertex 47.5 57.3 5
      vertex 47.5 61.3 1.8
      vertex 47.5 61.3 5
    endloop
  endfacet
  facet normal 1 0 0
    outer loop
      vertex 47.5 61.3 1.8
      vertex 47.5 57.3 5
      vertex 47.5 57.3 1.8
    endloop
  endfacet
  facet normal -0.998024 -0.0628265 0
    outer loop
      vertex 31.65 26.85 3.8147e-07
      vertex 31.6212 27.3075 10.3
      vertex 31.6212 27.3075 3.8147e-07
    endloop
  endfacet
  facet normal -0.998024 -0.0628265 0
    outer loop
      vertex 31.6212 27.3075 10.3
      vertex 31.65 26.85 3.8147e-07
      vertex 31.65 26.85 10.3
    endloop
  endfacet
  facet normal 0.998024 -0.0628265 0
    outer loop
      vertex 24.35 26.85 10.3
      vertex 24.3788 27.3075 0
      vertex 24.3788 27.3075 10.3
    endloop
  endfacet
  facet normal 0.998024 -0.0628265 0
    outer loop
      vertex 24.3788 27.3075 0
      vertex 24.35 26.85 10.3
      vertex 24.35 26.85 0
    endloop
  endfacet
  facet normal 0 -1 0
    outer loop
      vertex 27.7708 30.4928 0
      vertex 28.2292 30.4928 10.3
      vertex 27.7708 30.4928 10.3
    endloop
  endfacet
  facet normal 0 -1 -0
    outer loop
      vertex 28.2292 30.4928 10.3
      vertex 27.7708 30.4928 0
      vertex 28.2292 30.4928 0
    endloop
  endfacet
  facet normal -0.684616 -0.728904 0
    outer loop
      vertex 30.3266 29.6624 3.8147e-07
      vertex 30.6607 29.3486 10.3
      vertex 30.3266 29.6624 10.3
    endloop
  endfacet
  facet normal -0.684616 -0.728904 -0
    outer loop
      vertex 30.6607 29.3486 10.3
      vertex 30.3266 29.6624 3.8147e-07
      vertex 30.6607 29.3486 3.8147e-07
    endloop
  endfacet
  facet normal 0.684616 -0.728904 0
    outer loop
      vertex 25.3393 29.3486 0
      vertex 25.6734 29.6624 10.3
      vertex 25.3393 29.3486 10.3
    endloop
  endfacet
  facet normal 0.684616 -0.728904 0
    outer loop
      vertex 25.6734 29.6624 10.3
      vertex 25.3393 29.3486 0
      vertex 25.6734 29.6624 0
    endloop
  endfacet
  facet normal 0.368229 -0.929735 0
    outer loop
      vertex 26.4459 30.1526 0
      vertex 26.8721 30.3214 10.3
      vertex 26.4459 30.1526 10.3
    endloop
  endfacet
  facet normal 0.368229 -0.929735 0
    outer loop
      vertex 26.8721 30.3214 10.3
      vertex 26.4459 30.1526 0
      vertex 26.8721 30.3214 0
    endloop
  endfacet
  facet normal -0.904779 -0.425881 0
    outer loop
      vertex 31.3937 28.1937 3.8147e-07
      vertex 31.1985 28.6084 10.3
      vertex 31.1985 28.6084 3.8147e-07
    endloop
  endfacet
  facet normal -0.904779 -0.425881 0
    outer loop
      vertex 31.1985 28.6084 10.3
      vertex 31.3937 28.1937 3.8147e-07
      vertex 31.3937 28.1937 10.3
    endloop
  endfacet
  facet normal -0.982279 -0.187423 0
    outer loop
      vertex 31.6212 27.3075 3.8147e-07
      vertex 31.5353 27.7577 10.3
      vertex 31.5353 27.7577 3.8147e-07
    endloop
  endfacet
  facet normal -0.982279 -0.187423 0
    outer loop
      vertex 31.5353 27.7577 10.3
      vertex 31.6212 27.3075 3.8147e-07
      vertex 31.6212 27.3075 10.3
    endloop
  endfacet
  facet normal -0.368229 -0.929735 0
    outer loop
      vertex 29.1279 30.3214 3.8147e-07
      vertex 29.5541 30.1526 10.3
      vertex 29.1279 30.3214 10.3
    endloop
  endfacet
  facet normal -0.368229 -0.929735 -0
    outer loop
      vertex 29.5541 30.1526 10.3
      vertex 29.1279 30.3214 3.8147e-07
      vertex 29.5541 30.1526 3.8147e-07
    endloop
  endfacet
  facet normal -0.587782 -0.809019 0
    outer loop
      vertex 29.9558 29.9318 3.8147e-07
      vertex 30.3266 29.6624 10.3
      vertex 29.9558 29.9318 10.3
    endloop
  endfacet
  facet normal -0.587782 -0.809019 -0
    outer loop
      vertex 30.3266 29.6624 10.3
      vertex 29.9558 29.9318 3.8147e-07
      vertex 30.3266 29.6624 3.8147e-07
    endloop
  endfacet
  facet normal 0.904779 -0.425881 0
    outer loop
      vertex 24.6063 28.1937 10.3
      vertex 24.8015 28.6084 0
      vertex 24.8015 28.6084 10.3
    endloop
  endfacet
  facet normal 0.904779 -0.425881 0
    outer loop
      vertex 24.8015 28.6084 0
      vertex 24.6063 28.1937 10.3
      vertex 24.6063 28.1937 0
    endloop
  endfacet
  facet normal 0.951098 -0.308889 0
    outer loop
      vertex 24.4647 27.7577 10.3
      vertex 24.6063 28.1937 0
      vertex 24.6063 28.1937 10.3
    endloop
  endfacet
  facet normal 0.951098 -0.308889 0
    outer loop
      vertex 24.6063 28.1937 0
      vertex 24.4647 27.7577 10.3
      vertex 24.4647 27.7577 0
    endloop
  endfacet
  facet normal 0.125458 -0.992099 0
    outer loop
      vertex 27.3161 30.4353 0
      vertex 27.7708 30.4928 10.3
      vertex 27.3161 30.4353 10.3
    endloop
  endfacet
  facet normal 0.125458 -0.992099 0
    outer loop
      vertex 27.7708 30.4928 10.3
      vertex 27.3161 30.4353 0
      vertex 27.7708 30.4928 0
    endloop
  endfacet
  facet normal 0.770505 0.637434 0
    outer loop
      vertex 25.3393 24.3514 10.3
      vertex 25.0471 24.7046 0
      vertex 25.0471 24.7046 10.3
    endloop
  endfacet
  facet normal 0.770505 0.637434 0
    outer loop
      vertex 25.0471 24.7046 0
      vertex 25.3393 24.3514 10.3
      vertex 25.3393 24.3514 0
    endloop
  endfacet
  facet normal -0.951098 -0.308889 0
    outer loop
      vertex 31.5353 27.7577 3.8147e-07
      vertex 31.3937 28.1937 10.3
      vertex 31.3937 28.1937 3.8147e-07
    endloop
  endfacet
  facet normal -0.951098 -0.308889 0
    outer loop
      vertex 31.3937 28.1937 10.3
      vertex 31.5353 27.7577 3.8147e-07
      vertex 31.5353 27.7577 10.3
    endloop
  endfacet
  facet normal -0.770505 -0.637434 0
    outer loop
      vertex 30.9529 28.9954 3.8147e-07
      vertex 30.6607 29.3486 10.3
      vertex 30.6607 29.3486 3.8147e-07
    endloop
  endfacet
  facet normal -0.770505 -0.637434 0
    outer loop
      vertex 30.6607 29.3486 10.3
      vertex 30.9529 28.9954 3.8147e-07
      vertex 30.9529 28.9954 10.3
    endloop
  endfacet
  facet normal -0.844326 -0.53583 0
    outer loop
      vertex 31.1985 28.6084 3.8147e-07
      vertex 30.9529 28.9954 10.3
      vertex 30.9529 28.9954 3.8147e-07
    endloop
  endfacet
  facet normal -0.844326 -0.53583 0
    outer loop
      vertex 30.9529 28.9954 10.3
      vertex 31.1985 28.6084 3.8147e-07
      vertex 31.1985 28.6084 10.3
    endloop
  endfacet
  facet normal -0.248486 -0.968636 0
    outer loop
      vertex 28.6839 30.4353 3.8147e-07
      vertex 29.1279 30.3214 10.3
      vertex 28.6839 30.4353 10.3
    endloop
  endfacet
  facet normal -0.248486 -0.968636 -0
    outer loop
      vertex 29.1279 30.3214 10.3
      vertex 28.6839 30.4353 3.8147e-07
      vertex 29.1279 30.3214 3.8147e-07
    endloop
  endfacet
  facet normal -0.125694 -0.992069 -0
    outer loop
      vertex 28.5 30.4586 10.3
      vertex 28.5 30.4586 3.8147e-07
      vertex 28.6839 30.4353 10.3
    endloop
  endfacet
  facet normal -0.125297 -0.992119 0
    outer loop
      vertex 28.2292 30.4928 10.3
      vertex 28.5 30.4586 3.8147e-07
      vertex 28.5 30.4586 10.3
    endloop
  endfacet
  facet normal -0.125297 -0.992119 0
    outer loop
      vertex 28.2292 30.4928 0
      vertex 28.5 30.4586 3.8147e-07
      vertex 28.2292 30.4928 10.3
    endloop
  endfacet
  facet normal -0.125297 -0.992119 -0
    outer loop
      vertex 28.5 30.4586 3.8147e-07
      vertex 28.2292 30.4928 0
      vertex 28.5 30.4586 0
    endloop
  endfacet
  facet normal -0.125694 -0.992069 -0
    outer loop
      vertex 28.6839 30.4353 10.3
      vertex 28.5 30.4586 3.8147e-07
      vertex 28.6839 30.4353 3.8147e-07
    endloop
  endfacet
  facet normal -0.481693 -0.87634 0
    outer loop
      vertex 29.5541 30.1526 3.8147e-07
      vertex 29.9558 29.9318 10.3
      vertex 29.5541 30.1526 10.3
    endloop
  endfacet
  facet normal -0.481693 -0.87634 -0
    outer loop
      vertex 29.9558 29.9318 10.3
      vertex 29.5541 30.1526 3.8147e-07
      vertex 29.9558 29.9318 3.8147e-07
    endloop
  endfacet
  facet normal 0.844326 -0.53583 0
    outer loop
      vertex 24.8015 28.6084 10.3
      vertex 25.0471 28.9954 0
      vertex 25.0471 28.9954 10.3
    endloop
  endfacet
  facet normal 0.844326 -0.53583 0
    outer loop
      vertex 25.0471 28.9954 0
      vertex 24.8015 28.6084 10.3
      vertex 24.8015 28.6084 0
    endloop
  endfacet
  facet normal 0.770505 -0.637434 0
    outer loop
      vertex 25.0471 28.9954 10.3
      vertex 25.3393 29.3486 0
      vertex 25.3393 29.3486 10.3
    endloop
  endfacet
  facet normal 0.770505 -0.637434 0
    outer loop
      vertex 25.3393 29.3486 0
      vertex 25.0471 28.9954 10.3
      vertex 25.0471 28.9954 0
    endloop
  endfacet
  facet normal 0.982279 -0.187423 0
    outer loop
      vertex 24.3788 27.3075 10.3
      vertex 24.4647 27.7577 0
      vertex 24.4647 27.7577 10.3
    endloop
  endfacet
  facet normal 0.982279 -0.187423 0
    outer loop
      vertex 24.4647 27.7577 0
      vertex 24.3788 27.3075 10.3
      vertex 24.3788 27.3075 0
    endloop
  endfacet
  facet normal 0 0 1
    outer loop
      vertex 26.8748 50.9646 10.3
      vertex 27.0875 47.6767 10.3
      vertex 27.0875 50.91 10.3
    endloop
  endfacet
  facet normal 0 0 1
    outer loop
      vertex 26.8748 50.9646 10.3
      vertex 26.8721 47.6214 10.3
      vertex 27.0875 47.6767 10.3
    endloop
  endfacet
  facet normal 0 0 1
    outer loop
      vertex 26.6256 50.9961 10.3
      vertex 26.8721 47.6214 10.3
      vertex 26.8748 50.9646 10.3
    endloop
  endfacet
  facet normal 0 0 1
    outer loop
      vertex 26.6256 50.9961 10.3
      vertex 26.4459 47.4526 10.3
      vertex 26.8721 47.6214 10.3
    endloop
  endfacet
  facet normal 0 0 1
    outer loop
      vertex 26.6256 50.9961 10.3
      vertex 26.0442 47.2318 10.3
      vertex 26.4459 47.4526 10.3
    endloop
  endfacet
  facet normal -0 0 1
    outer loop
      vertex 22.3744 50.9961 10.3
      vertex 26.0442 47.2318 10.3
      vertex 26.6256 50.9961 10.3
    endloop
  endfacet
  facet normal 0 0 1
    outer loop
      vertex 26.0442 47.2318 10.3
      vertex 22.3744 50.9961 10.3
      vertex 25.6734 46.9624 10.3
    endloop
  endfacet
  facet normal 0 0 1
    outer loop
      vertex 25.6734 46.9624 10.3
      vertex 22.3744 50.9961 10.3
      vertex 25.3393 46.6486 10.3
    endloop
  endfacet
  facet normal -0 0 1
    outer loop
      vertex 20.5 49 10.3
      vertex 25.3393 46.6486 10.3
      vertex 22.3744 50.9961 10.3
    endloop
  endfacet
  facet normal 0 0 1
    outer loop
      vertex 25.3393 46.6486 10.3
      vertex 20.5 49 10.3
      vertex 25.0471 46.2954 10.3
    endloop
  endfacet
  facet normal 0 0 1
    outer loop
      vertex 24.6063 28.1937 10.3
      vertex 20.5 22 10.3
      vertex 24.4647 27.7577 10.3
    endloop
  endfacet
  facet normal 0 0 1
    outer loop
      vertex 24.4647 45.0577 10.3
      vertex 20.5 49 10.3
      vertex 24.3788 44.6075 10.3
    endloop
  endfacet
  facet normal 0 0 1
    outer loop
      vertex 24.6063 45.4937 10.3
      vertex 20.5 49 10.3
      vertex 24.4647 45.0577 10.3
    endloop
  endfacet
  facet normal 0 0 1
    outer loop
      vertex 24.8015 45.9084 10.3
      vertex 20.5 49 10.3
      vertex 24.6063 45.4937 10.3
    endloop
  endfacet
  facet normal 0 0 1
    outer loop
      vertex 25.0471 46.2954 10.3
      vertex 20.5 49 10.3
      vertex 24.8015 45.9084 10.3
    endloop
  endfacet
  facet normal -0 0 1
    outer loop
      vertex 28.2292 40.5072 10.3
      vertex 28.5 30.4586 10.3
      vertex 28.5 40.5414 10.3
    endloop
  endfacet
  facet normal 0 0 1
    outer loop
      vertex 28.2292 40.5072 10.3
      vertex 28.2292 30.4928 10.3
      vertex 28.5 30.4586 10.3
    endloop
  endfacet
  facet normal -0 0 1
    outer loop
      vertex 27.7708 40.5072 10.3
      vertex 28.2292 30.4928 10.3
      vertex 28.2292 40.5072 10.3
    endloop
  endfacet
  facet normal 0 0 1
    outer loop
      vertex 27.7708 40.5072 10.3
      vertex 27.7708 30.4928 10.3
      vertex 28.2292 30.4928 10.3
    endloop
  endfacet
  facet normal 0 0 1
    outer loop
      vertex 27.3161 40.5647 10.3
      vertex 27.7708 30.4928 10.3
      vertex 27.7708 40.5072 10.3
    endloop
  endfacet
  facet normal 0 0 1
    outer loop
      vertex 27.3161 40.5647 10.3
      vertex 27.3161 30.4353 10.3
      vertex 27.7708 30.4928 10.3
    endloop
  endfacet
  facet normal 0 0 1
    outer loop
      vertex 26.8721 40.6786 10.3
      vertex 27.3161 30.4353 10.3
      vertex 27.3161 40.5647 10.3
    endloop
  endfacet
  facet normal 0 0 1
    outer loop
      vertex 26.8721 40.6786 10.3
      vertex 26.8721 30.3214 10.3
      vertex 27.3161 30.4353 10.3
    endloop
  endfacet
  facet normal 0 0 1
    outer loop
      vertex 26.4459 40.8474 10.3
      vertex 26.8721 30.3214 10.3
      vertex 26.8721 40.6786 10.3
    endloop
  endfacet
  facet normal 0 0 1
    outer loop
      vertex 26.4459 40.8474 10.3
      vertex 26.4459 30.1526 10.3
      vertex 26.8721 30.3214 10.3
    endloop
  endfacet
  facet normal 0 0 1
    outer loop
      vertex 26.0442 41.0682 10.3
      vertex 26.4459 30.1526 10.3
      vertex 26.4459 40.8474 10.3
    endloop
  endfacet
  facet normal 0 0 1
    outer loop
      vertex 26.0442 41.0682 10.3
      vertex 26.0442 29.9318 10.3
      vertex 26.4459 30.1526 10.3
    endloop
  endfacet
  facet normal 0 0 1
    outer loop
      vertex 25.6734 41.3376 10.3
      vertex 26.0442 29.9318 10.3
      vertex 26.0442 41.0682 10.3
    endloop
  endfacet
  facet normal 0 0 1
    outer loop
      vertex 25.6734 41.3376 10.3
      vertex 25.6734 29.6624 10.3
      vertex 26.0442 29.9318 10.3
    endloop
  endfacet
  facet normal 0 0 1
    outer loop
      vertex 25.3393 41.6514 10.3
      vertex 25.6734 29.6624 10.3
      vertex 25.6734 41.3376 10.3
    endloop
  endfacet
  facet normal 0 0 1
    outer loop
      vertex 25.3393 41.6514 10.3
      vertex 25.3393 29.3486 10.3
      vertex 25.6734 29.6624 10.3
    endloop
  endfacet
  facet normal 0 0 1
    outer loop
      vertex 25.0471 42.0046 10.3
      vertex 25.3393 29.3486 10.3
      vertex 25.3393 41.6514 10.3
    endloop
  endfacet
  facet normal 0 0 1
    outer loop
      vertex 25.0471 42.0046 10.3
      vertex 25.0471 28.9954 10.3
      vertex 25.3393 29.3486 10.3
    endloop
  endfacet
  facet normal 0 0 1
    outer loop
      vertex 24.8015 42.3916 10.3
      vertex 25.0471 28.9954 10.3
      vertex 25.0471 42.0046 10.3
    endloop
  endfacet
  facet normal 0 0 1
    outer loop
      vertex 24.8015 42.3916 10.3
      vertex 24.8015 28.6084 10.3
      vertex 25.0471 28.9954 10.3
    endloop
  endfacet
  facet normal 0 0 1
    outer loop
      vertex 24.6063 42.8063 10.3
      vertex 24.8015 28.6084 10.3
      vertex 24.8015 42.3916 10.3
    endloop
  endfacet
  facet normal 0 0 1
    outer loop
      vertex 24.6063 42.8063 10.3
      vertex 24.6063 28.1937 10.3
      vertex 24.8015 28.6084 10.3
    endloop
  endfacet
  facet normal 0 0 1
    outer loop
      vertex 20.5 49 10.3
      vertex 24.6063 42.8063 10.3
      vertex 24.4647 43.2423 10.3
    endloop
  endfacet
  facet normal 0 0 1
    outer loop
      vertex 24.6063 42.8063 10.3
      vertex 20.5 49 10.3
      vertex 24.6063 28.1937 10.3
    endloop
  endfacet
  facet normal 0 0 1
    outer loop
      vertex 20.5 49 10.3
      vertex 24.4647 43.2423 10.3
      vertex 24.3788 43.6925 10.3
    endloop
  endfacet
  facet normal 0 0 1
    outer loop
      vertex 20.5 22 10.3
      vertex 24.6063 28.1937 10.3
      vertex 20.5 49 10.3
    endloop
  endfacet
  facet normal 0 0 1
    outer loop
      vertex 24.3788 44.6075 10.3
      vertex 20.5 49 10.3
      vertex 24.35 44.15 10.3
    endloop
  endfacet
  facet normal 0 0 1
    outer loop
      vertex 24.35 44.15 10.3
      vertex 20.5 49 10.3
      vertex 24.3788 43.6925 10.3
    endloop
  endfacet
  facet normal 0 0 1
    outer loop
      vertex 27.0875 23.3233 10.3
      vertex 26.8748 20.0354 10.3
      vertex 27.0875 20.09 10.3
    endloop
  endfacet
  facet normal 0 0 1
    outer loop
      vertex 26.8721 23.3786 10.3
      vertex 26.8748 20.0354 10.3
      vertex 27.0875 23.3233 10.3
    endloop
  endfacet
  facet normal 0 0 1
    outer loop
      vertex 26.8721 23.3786 10.3
      vertex 26.6256 20.0039 10.3
      vertex 26.8748 20.0354 10.3
    endloop
  endfacet
  facet normal 0 0 1
    outer loop
      vertex 26.4459 23.5474 10.3
      vertex 26.6256 20.0039 10.3
      vertex 26.8721 23.3786 10.3
    endloop
  endfacet
  facet normal 0 0 1
    outer loop
      vertex 26.0442 23.7682 10.3
      vertex 26.6256 20.0039 10.3
      vertex 26.4459 23.5474 10.3
    endloop
  endfacet
  facet normal 0 0 1
    outer loop
      vertex 22.3744 20.0039 10.3
      vertex 26.0442 23.7682 10.3
      vertex 25.6734 24.0376 10.3
    endloop
  endfacet
  facet normal 0 0 1
    outer loop
      vertex 22.3744 20.0039 10.3
      vertex 25.6734 24.0376 10.3
      vertex 25.3393 24.3514 10.3
    endloop
  endfacet
  facet normal 0 0 1
    outer loop
      vertex 20.5 22 10.3
      vertex 25.3393 24.3514 10.3
      vertex 25.0471 24.7046 10.3
    endloop
  endfacet
  facet normal 0 0 1
    outer loop
      vertex 20.5 22 10.3
      vertex 25.0471 24.7046 10.3
      vertex 24.8015 25.0916 10.3
    endloop
  endfacet
  facet normal 0 0 1
    outer loop
      vertex 20.5 22 10.3
      vertex 24.8015 25.0916 10.3
      vertex 24.6063 25.5063 10.3
    endloop
  endfacet
  facet normal 0 0 1
    outer loop
      vertex 24.4647 27.7577 10.3
      vertex 20.5 22 10.3
      vertex 24.3788 27.3075 10.3
    endloop
  endfacet
  facet normal 0 0 1
    outer loop
      vertex 26.0442 23.7682 10.3
      vertex 22.3744 20.0039 10.3
      vertex 26.6256 20.0039 10.3
    endloop
  endfacet
  facet normal 0 0 1
    outer loop
      vertex 20.5 22 10.3
      vertex 24.6063 25.5063 10.3
      vertex 24.4647 25.9423 10.3
    endloop
  endfacet
  facet normal 0 0 1
    outer loop
      vertex 20.5 22 10.3
      vertex 24.4647 25.9423 10.3
      vertex 24.3788 26.3925 10.3
    endloop
  endfacet
  facet normal 0 0 1
    outer loop
      vertex 24.3788 27.3075 10.3
      vertex 20.5 22 10.3
      vertex 24.35 26.85 10.3
    endloop
  endfacet
  facet normal 0 0 1
    outer loop
      vertex 20.5 49 10.3
      vertex 22.3744 50.9961 10.3
      vertex 22.1252 50.9646 10.3
    endloop
  endfacet
  facet normal 0 0 1
    outer loop
      vertex 24.35 26.85 10.3
      vertex 20.5 22 10.3
      vertex 24.3788 26.3925 10.3
    endloop
  endfacet
  facet normal 0 0 1
    outer loop
      vertex 20.5 49 10.3
      vertex 22.1252 50.9646 10.3
      vertex 21.882 50.9021 10.3
    endloop
  endfacet
  facet normal 0 0 1
    outer loop
      vertex 25.3393 24.3514 10.3
      vertex 20.5 22 10.3
      vertex 22.3744 20.0039 10.3
    endloop
  endfacet
  facet normal 0 0 1
    outer loop
      vertex 20.5 49 10.3
      vertex 21.882 50.9021 10.3
      vertex 21.6484 50.8097 10.3
    endloop
  endfacet
  facet normal 0 0 1
    outer loop
      vertex 22.3744 20.0039 10.3
      vertex 20.5 22 10.3
      vertex 22.1252 20.0354 10.3
    endloop
  endfacet
  facet normal 0 0 1
    outer loop
      vertex 20.5 49 10.3
      vertex 21.6484 50.8097 10.3
      vertex 21.4283 50.6887 10.3
    endloop
  endfacet
  facet normal 0 0 1
    outer loop
      vertex 22.1252 20.0354 10.3
      vertex 20.5 22 10.3
      vertex 21.882 20.0979 10.3
    endloop
  endfacet
  facet normal 0 0 1
    outer loop
      vertex 20.5 49 10.3
      vertex 21.4283 50.6887 10.3
      vertex 21.2252 50.541 10.3
    endloop
  endfacet
  facet normal 0 0 1
    outer loop
      vertex 21.882 20.0979 10.3
      vertex 20.5 22 10.3
      vertex 21.6484 20.1903 10.3
    endloop
  endfacet
  facet normal 0 0 1
    outer loop
      vertex 20.5 49 10.3
      vertex 21.2252 50.541 10.3
      vertex 21.0421 50.3691 10.3
    endloop
  endfacet
  facet normal 0 0 1
    outer loop
      vertex 21.6484 20.1903 10.3
      vertex 20.5 22 10.3
      vertex 21.4283 20.3113 10.3
    endloop
  endfacet
  facet normal 0 0 1
    outer loop
      vertex 20.5 49 10.3
      vertex 21.0421 50.3691 10.3
      vertex 20.882 50.1756 10.3
    endloop
  endfacet
  facet normal 0 0 1
    outer loop
      vertex 21.4283 20.3113 10.3
      vertex 20.5 22 10.3
      vertex 21.2252 20.459 10.3
    endloop
  endfacet
  facet normal 0 0 1
    outer loop
      vertex 20.5 49 10.3
      vertex 20.882 50.1756 10.3
      vertex 20.7474 49.9635 10.3
    endloop
  endfacet
  facet normal 0 0 1
    outer loop
      vertex 21.2252 20.459 10.3
      vertex 20.5 22 10.3
      vertex 21.0421 20.6309 10.3
    endloop
  endfacet
  facet normal 0 0 1
    outer loop
      vertex 20.5 49 10.3
      vertex 20.7474 49.9635 10.3
      vertex 20.6404 49.7362 10.3
    endloop
  endfacet
  facet normal 0 0 1
    outer loop
      vertex 21.0421 20.6309 10.3
      vertex 20.5 22 10.3
      vertex 20.882 20.8244 10.3
    endloop
  endfacet
  facet normal 0 0 1
    outer loop
      vertex 20.5 49 10.3
      vertex 20.6404 49.7362 10.3
      vertex 20.5628 49.4974 10.3
    endloop
  endfacet
  facet normal 0 0 1
    outer loop
      vertex 20.882 20.8244 10.3
      vertex 20.5 22 10.3
      vertex 20.7474 21.0365 10.3
    endloop
  endfacet
  facet normal 0 0 1
    outer loop
      vertex 20.5 49 10.3
      vertex 20.5628 49.4974 10.3
      vertex 20.5158 49.2507 10.3
    endloop
  endfacet
  facet normal 0 0 1
    outer loop
      vertex 20.7474 21.0365 10.3
      vertex 20.5 22 10.3
      vertex 20.6404 21.2638 10.3
    endloop
  endfacet
  facet normal 0 0 1
    outer loop
      vertex 20.6404 21.2638 10.3
      vertex 20.5 22 10.3
      vertex 20.5628 21.5026 10.3
    endloop
  endfacet
  facet normal 0 0 1
    outer loop
      vertex 20.5628 21.5026 10.3
      vertex 20.5 22 10.3
      vertex 20.5158 21.7493 10.3
    endloop
  endfacet
  facet normal 0.481693 -0.87634 0
    outer loop
      vertex 26.0442 29.9318 0
      vertex 26.4459 30.1526 10.3
      vertex 26.0442 29.9318 10.3
    endloop
  endfacet
  facet normal 0.481693 -0.87634 0
    outer loop
      vertex 26.4459 30.1526 10.3
      vertex 26.0442 29.9318 0
      vertex 26.4459 30.1526 0
    endloop
  endfacet
  facet normal 0.587782 -0.809019 0
    outer loop
      vertex 25.6734 29.6624 0
      vertex 26.0442 29.9318 10.3
      vertex 25.6734 29.6624 10.3
    endloop
  endfacet
  facet normal 0.587782 -0.809019 0
    outer loop
      vertex 26.0442 29.9318 10.3
      vertex 25.6734 29.6624 0
      vertex 26.0442 29.9318 0
    endloop
  endfacet
  facet normal 0.248486 -0.968636 0
    outer loop
      vertex 26.8721 30.3214 0
      vertex 27.3161 30.4353 10.3
      vertex 26.8721 30.3214 10.3
    endloop
  endfacet
  facet normal 0.248486 -0.968636 0
    outer loop
      vertex 27.3161 30.4353 10.3
      vertex 26.8721 30.3214 0
      vertex 27.3161 30.4353 0
    endloop
  endfacet
  facet normal -0.684616 0.728904 0
    outer loop
      vertex 30.6607 24.3514 3.8147e-07
      vertex 30.3266 24.0376 10.3
      vertex 30.6607 24.3514 10.3
    endloop
  endfacet
  facet normal -0.684616 0.728904 0
    outer loop
      vertex 30.3266 24.0376 10.3
      vertex 30.6607 24.3514 3.8147e-07
      vertex 30.3266 24.0376 3.8147e-07
    endloop
  endfacet
  facet normal -0.982279 0.187423 0
    outer loop
      vertex 31.5353 25.9423 3.8147e-07
      vertex 31.6212 26.3925 10.3
      vertex 31.6212 26.3925 3.8147e-07
    endloop
  endfacet
  facet normal -0.982279 0.187423 0
    outer loop
      vertex 31.6212 26.3925 10.3
      vertex 31.5353 25.9423 3.8147e-07
      vertex 31.5353 25.9423 10.3
    endloop
  endfacet
  facet normal -0.904779 0.425881 0
    outer loop
      vertex 31.1985 25.0916 3.8147e-07
      vertex 31.3937 25.5063 10.3
      vertex 31.3937 25.5063 3.8147e-07
    endloop
  endfacet
  facet normal -0.904779 0.425881 0
    outer loop
      vertex 31.3937 25.5063 10.3
      vertex 31.1985 25.0916 3.8147e-07
      vertex 31.1985 25.0916 10.3
    endloop
  endfacet
  facet normal -0.770505 0.637434 0
    outer loop
      vertex 30.6607 24.3514 3.8147e-07
      vertex 30.9529 24.7046 10.3
      vertex 30.9529 24.7046 3.8147e-07
    endloop
  endfacet
  facet normal -0.770505 0.637434 0
    outer loop
      vertex 30.9529 24.7046 10.3
      vertex 30.6607 24.3514 3.8147e-07
      vertex 30.6607 24.3514 10.3
    endloop
  endfacet
  facet normal -0.998024 0.0628265 0
    outer loop
      vertex 31.6212 26.3925 3.8147e-07
      vertex 31.65 26.85 10.3
      vertex 31.65 26.85 3.8147e-07
    endloop
  endfacet
  facet normal -0.998024 0.0628265 0
    outer loop
      vertex 31.65 26.85 10.3
      vertex 31.6212 26.3925 3.8147e-07
      vertex 31.6212 26.3925 10.3
    endloop
  endfacet
  facet normal 0.587782 0.809019 -0
    outer loop
      vertex 26.0442 23.7682 0
      vertex 25.6734 24.0376 10.3
      vertex 26.0442 23.7682 10.3
    endloop
  endfacet
  facet normal 0.587782 0.809019 0
    outer loop
      vertex 25.6734 24.0376 10.3
      vertex 26.0442 23.7682 0
      vertex 25.6734 24.0376 0
    endloop
  endfacet
  facet normal 0.684616 0.728904 -0
    outer loop
      vertex 25.6734 24.0376 0
      vertex 25.3393 24.3514 10.3
      vertex 25.6734 24.0376 10.3
    endloop
  endfacet
  facet normal 0.684616 0.728904 0
    outer loop
      vertex 25.3393 24.3514 10.3
      vertex 25.6734 24.0376 0
      vertex 25.3393 24.3514 0
    endloop
  endfacet
  facet normal 0.844326 0.53583 0
    outer loop
      vertex 25.0471 24.7046 10.3
      vertex 24.8015 25.0916 0
      vertex 24.8015 25.0916 10.3
    endloop
  endfacet
  facet normal 0.844326 0.53583 0
    outer loop
      vertex 24.8015 25.0916 0
      vertex 25.0471 24.7046 10.3
      vertex 25.0471 24.7046 0
    endloop
  endfacet
  facet normal 0.951098 0.308889 0
    outer loop
      vertex 24.6063 25.5063 10.3
      vertex 24.4647 25.9423 0
      vertex 24.4647 25.9423 10.3
    endloop
  endfacet
  facet normal 0.951098 0.308889 0
    outer loop
      vertex 24.4647 25.9423 0
      vertex 24.6063 25.5063 10.3
      vertex 24.6063 25.5063 0
    endloop
  endfacet
  facet normal 0.998024 0.0628265 0
    outer loop
      vertex 24.3788 26.3925 10.3
      vertex 24.35 26.85 0
      vertex 24.35 26.85 10.3
    endloop
  endfacet
  facet normal 0.998024 0.0628265 0
    outer loop
      vertex 24.35 26.85 0
      vertex 24.3788 26.3925 10.3
      vertex 24.3788 26.3925 0
    endloop
  endfacet
  facet normal -0.368229 0.929735 0
    outer loop
      vertex 29.5541 23.5474 3.8147e-07
      vertex 29.1279 23.3786 10.3
      vertex 29.5541 23.5474 10.3
    endloop
  endfacet
  facet normal -0.368229 0.929735 0
    outer loop
      vertex 29.1279 23.3786 10.3
      vertex 29.5541 23.5474 3.8147e-07
      vertex 29.1279 23.3786 3.8147e-07
    endloop
  endfacet
  facet normal -0.248667 0.968589 0
    outer loop
      vertex 29.1279 23.3786 3.8147e-07
      vertex 28.9125 23.3233 10.3
      vertex 29.1279 23.3786 10.3
    endloop
  endfacet
  facet normal -0.248667 0.968589 0
    outer loop
      vertex 28.9125 23.3233 10.3
      vertex 29.1279 23.3786 3.8147e-07
      vertex 28.9125 23.3233 3.8147e-07
    endloop
  endfacet
  facet normal -0.587782 0.809019 0
    outer loop
      vertex 30.3266 24.0376 3.8147e-07
      vertex 29.9558 23.7682 10.3
      vertex 30.3266 24.0376 10.3
    endloop
  endfacet
  facet normal -0.587782 0.809019 0
    outer loop
      vertex 29.9558 23.7682 10.3
      vertex 30.3266 24.0376 3.8147e-07
      vertex 29.9558 23.7682 3.8147e-07
    endloop
  endfacet
  facet normal -0.481693 0.87634 0
    outer loop
      vertex 29.9558 23.7682 3.8147e-07
      vertex 29.5541 23.5474 10.3
      vertex 29.9558 23.7682 10.3
    endloop
  endfacet
  facet normal -0.481693 0.87634 0
    outer loop
      vertex 29.5541 23.5474 10.3
      vertex 29.9558 23.7682 3.8147e-07
      vertex 29.5541 23.5474 3.8147e-07
    endloop
  endfacet
  facet normal -0.951098 0.308889 0
    outer loop
      vertex 31.3937 25.5063 3.8147e-07
      vertex 31.5353 25.9423 10.3
      vertex 31.5353 25.9423 3.8147e-07
    endloop
  endfacet
  facet normal -0.951098 0.308889 0
    outer loop
      vertex 31.5353 25.9423 10.3
      vertex 31.3937 25.5063 3.8147e-07
      vertex 31.3937 25.5063 10.3
    endloop
  endfacet
  facet normal -0.844326 0.53583 0
    outer loop
      vertex 30.9529 24.7046 3.8147e-07
      vertex 31.1985 25.0916 10.3
      vertex 31.1985 25.0916 3.8147e-07
    endloop
  endfacet
  facet normal -0.844326 0.53583 0
    outer loop
      vertex 31.1985 25.0916 10.3
      vertex 30.9529 24.7046 3.8147e-07
      vertex 30.9529 24.7046 10.3
    endloop
  endfacet
  facet normal 0.904779 0.425881 0
    outer loop
      vertex 24.8015 25.0916 10.3
      vertex 24.6063 25.5063 0
      vertex 24.6063 25.5063 10.3
    endloop
  endfacet
  facet normal 0.904779 0.425881 0
    outer loop
      vertex 24.6063 25.5063 0
      vertex 24.8015 25.0916 10.3
      vertex 24.8015 25.0916 0
    endloop
  endfacet
  facet normal 0.982279 0.187423 0
    outer loop
      vertex 24.4647 25.9423 10.3
      vertex 24.3788 26.3925 0
      vertex 24.3788 26.3925 10.3
    endloop
  endfacet
  facet normal 0.982279 0.187423 0
    outer loop
      vertex 24.3788 26.3925 0
      vertex 24.4647 25.9423 10.3
      vertex 24.4647 25.9423 0
    endloop
  endfacet
  facet normal 0.248667 0.968589 -0
    outer loop
      vertex 27.0875 23.3233 0
      vertex 26.8721 23.3786 10.3
      vertex 27.0875 23.3233 10.3
    endloop
  endfacet
  facet normal 0.248667 0.968589 0
    outer loop
      vertex 26.8721 23.3786 10.3
      vertex 27.0875 23.3233 0
      vertex 26.8721 23.3786 0
    endloop
  endfacet
  facet normal 0.368229 0.929735 -0
    outer loop
      vertex 26.8721 23.3786 0
      vertex 26.4459 23.5474 10.3
      vertex 26.8721 23.3786 10.3
    endloop
  endfacet
  facet normal 0.368229 0.929735 0
    outer loop
      vertex 26.4459 23.5474 10.3
      vertex 26.8721 23.3786 0
      vertex 26.4459 23.5474 0
    endloop
  endfacet
  facet normal 0.481693 0.87634 -0
    outer loop
      vertex 26.4459 23.5474 0
      vertex 26.0442 23.7682 10.3
      vertex 26.4459 23.5474 10.3
    endloop
  endfacet
  facet normal 0.481693 0.87634 0
    outer loop
      vertex 26.0442 23.7682 10.3
      vertex 26.4459 23.5474 0
      vertex 26.0442 23.7682 0
    endloop
  endfacet
  facet normal 1 -0 0
    outer loop
      vertex 27.0875 20.0039 10.3
      vertex 27.0875 20.09 3.8147e-07
      vertex 27.0875 20.09 10.3
    endloop
  endfacet
  facet normal 1 0 0
    outer loop
      vertex 27.0875 20.09 3.8147e-07
      vertex 27.0875 20.0039 10.3
      vertex 27.0875 20.0039 3.8147e-07
    endloop
  endfacet
  facet normal 1 0 0
    outer loop
      vertex 27.0875 23.3233 10.3
      vertex 27.0875 20.09 10.3
      vertex 27.0875 23.3233 0
    endloop
  endfacet
  facet normal 1 -0 0
    outer loop
      vertex 27.0875 20.09 3.8147e-07
      vertex 27.0875 23.3233 0
      vertex 27.0875 20.09 10.3
    endloop
  endfacet
  facet normal 1 0 0
    outer loop
      vertex 27.0875 23.3233 0
      vertex 27.0875 20.09 3.8147e-07
      vertex 27.0875 20.09 0
    endloop
  endfacet
  facet normal -1 0 0
    outer loop
      vertex 28.9125 20.0039 3.8147e-07
      vertex 28.9125 23.3233 10.3
      vertex 28.9125 23.3233 3.8147e-07
    endloop
  endfacet
  facet normal -1 -0 0
    outer loop
      vertex 28.9125 23.3233 10.3
      vertex 28.9125 20.0039 3.8147e-07
      vertex 28.9125 20.0039 10.3
    endloop
  endfacet
  facet normal -0.998024 -0.0628265 0
    outer loop
      vertex 46.65 26.85 0
      vertex 46.6212 27.3075 10.3
      vertex 46.6212 27.3075 0
    endloop
  endfacet
  facet normal -0.998024 -0.0628265 0
    outer loop
      vertex 46.6212 27.3075 10.3
      vertex 46.65 26.85 0
      vertex 46.65 26.85 10.3
    endloop
  endfacet
  facet normal 0.998024 -0.0628265 0
    outer loop
      vertex 39.35 26.85 10.3
      vertex 39.3788 27.3075 3.8147e-07
      vertex 39.3788 27.3075 10.3
    endloop
  endfacet
  facet normal 0.998024 -0.0628265 0
    outer loop
      vertex 39.3788 27.3075 3.8147e-07
      vertex 39.35 26.85 10.3
      vertex 39.35 26.85 3.8147e-07
    endloop
  endfacet
  facet normal 0 -1 0
    outer loop
      vertex 42.7708 30.4928 0
      vertex 43.2292 30.4928 10.3
      vertex 42.7708 30.4928 10.3
    endloop
  endfacet
  facet normal 0 -1 -0
    outer loop
      vertex 43.2292 30.4928 10.3
      vertex 42.7708 30.4928 0
      vertex 43.2292 30.4928 0
    endloop
  endfacet
  facet normal -0.684616 -0.728904 0
    outer loop
      vertex 45.3266 29.6624 0
      vertex 45.6607 29.3486 10.3
      vertex 45.3266 29.6624 10.3
    endloop
  endfacet
  facet normal -0.684616 -0.728904 -0
    outer loop
      vertex 45.6607 29.3486 10.3
      vertex 45.3266 29.6624 0
      vertex 45.6607 29.3486 0
    endloop
  endfacet
  facet normal 0.684616 -0.728904 0
    outer loop
      vertex 40.3393 29.3486 3.8147e-07
      vertex 40.6734 29.6624 10.3
      vertex 40.3393 29.3486 10.3
    endloop
  endfacet
  facet normal 0.684616 -0.728904 0
    outer loop
      vertex 40.6734 29.6624 10.3
      vertex 40.3393 29.3486 3.8147e-07
      vertex 40.6734 29.6624 3.8147e-07
    endloop
  endfacet
  facet normal 0.368229 -0.929735 0
    outer loop
      vertex 41.4459 30.1526 3.8147e-07
      vertex 41.8721 30.3214 10.3
      vertex 41.4459 30.1526 10.3
    endloop
  endfacet
  facet normal 0.368229 -0.929735 0
    outer loop
      vertex 41.8721 30.3214 10.3
      vertex 41.4459 30.1526 3.8147e-07
      vertex 41.8721 30.3214 3.8147e-07
    endloop
  endfacet
  facet normal -0.904779 -0.425881 0
    outer loop
      vertex 46.3937 28.1937 0
      vertex 46.1985 28.6084 10.3
      vertex 46.1985 28.6084 0
    endloop
  endfacet
  facet normal -0.904779 -0.425881 0
    outer loop
      vertex 46.1985 28.6084 10.3
      vertex 46.3937 28.1937 0
      vertex 46.3937 28.1937 10.3
    endloop
  endfacet
  facet normal -0.982279 -0.187423 0
    outer loop
      vertex 46.6212 27.3075 0
      vertex 46.5353 27.7577 10.3
      vertex 46.5353 27.7577 0
    endloop
  endfacet
  facet normal -0.982279 -0.187423 0
    outer loop
      vertex 46.5353 27.7577 10.3
      vertex 46.6212 27.3075 0
      vertex 46.6212 27.3075 10.3
    endloop
  endfacet
  facet normal -0.368229 -0.929735 0
    outer loop
      vertex 44.1279 30.3214 0
      vertex 44.5541 30.1526 10.3
      vertex 44.1279 30.3214 10.3
    endloop
  endfacet
  facet normal -0.368229 -0.929735 -0
    outer loop
      vertex 44.5541 30.1526 10.3
      vertex 44.1279 30.3214 0
      vertex 44.5541 30.1526 0
    endloop
  endfacet
  facet normal -0.587782 -0.809019 0
    outer loop
      vertex 44.9558 29.9318 0
      vertex 45.3266 29.6624 10.3
      vertex 44.9558 29.9318 10.3
    endloop
  endfacet
  facet normal -0.587782 -0.809019 -0
    outer loop
      vertex 45.3266 29.6624 10.3
      vertex 44.9558 29.9318 0
      vertex 45.3266 29.6624 0
    endloop
  endfacet
  facet normal 0.904779 -0.425881 0
    outer loop
      vertex 39.6063 28.1937 10.3
      vertex 39.8015 28.6084 3.8147e-07
      vertex 39.8015 28.6084 10.3
    endloop
  endfacet
  facet normal 0.904779 -0.425881 0
    outer loop
      vertex 39.8015 28.6084 3.8147e-07
      vertex 39.6063 28.1937 10.3
      vertex 39.6063 28.1937 3.8147e-07
    endloop
  endfacet
  facet normal 0.844326 -0.53583 0
    outer loop
      vertex 39.8015 28.6084 10.3
      vertex 40.0471 28.9954 3.8147e-07
      vertex 40.0471 28.9954 10.3
    endloop
  endfacet
  facet normal 0.844326 -0.53583 0
    outer loop
      vertex 40.0471 28.9954 3.8147e-07
      vertex 39.8015 28.6084 10.3
      vertex 39.8015 28.6084 3.8147e-07
    endloop
  endfacet
  facet normal 0.951098 -0.308889 0
    outer loop
      vertex 39.4647 27.7577 10.3
      vertex 39.6063 28.1937 3.8147e-07
      vertex 39.6063 28.1937 10.3
    endloop
  endfacet
  facet normal 0.951098 -0.308889 0
    outer loop
      vertex 39.6063 28.1937 3.8147e-07
      vertex 39.4647 27.7577 10.3
      vertex 39.4647 27.7577 3.8147e-07
    endloop
  endfacet
  facet normal 0.587782 -0.809019 0
    outer loop
      vertex 40.6734 29.6624 3.8147e-07
      vertex 41.0442 29.9318 10.3
      vertex 40.6734 29.6624 10.3
    endloop
  endfacet
  facet normal 0.587782 -0.809019 0
    outer loop
      vertex 41.0442 29.9318 10.3
      vertex 40.6734 29.6624 3.8147e-07
      vertex 41.0442 29.9318 3.8147e-07
    endloop
  endfacet
  facet normal 0.125694 -0.992069 0
    outer loop
      vertex 42.3161 30.4353 10.3
      vertex 42.3161 30.4353 3.8147e-07
      vertex 42.5 30.4586 10.3
    endloop
  endfacet
  facet normal 0.125694 -0.992069 0
    outer loop
      vertex 42.5 30.4586 3.8147e-07
      vertex 42.5 30.4586 10.3
      vertex 42.3161 30.4353 3.8147e-07
    endloop
  endfacet
  facet normal 0.125297 -0.992119 0
    outer loop
      vertex 42.5 30.4586 10.3
      vertex 42.5 30.4586 3.8147e-07
      vertex 42.7708 30.4928 10.3
    endloop
  endfacet
  facet normal 0.125297 -0.992119 0
    outer loop
      vertex 42.7708 30.4928 0
      vertex 42.5 30.4586 3.8147e-07
      vertex 42.5 30.4586 0
    endloop
  endfacet
  facet normal 0.125297 -0.992119 0
    outer loop
      vertex 42.5 30.4586 3.8147e-07
      vertex 42.7708 30.4928 0
      vertex 42.7708 30.4928 10.3
    endloop
  endfacet
  facet normal -0.951098 0.308889 0
    outer loop
      vertex 46.3937 25.5063 0
      vertex 46.5353 25.9423 10.3
      vertex 46.5353 25.9423 0
    endloop
  endfacet
  facet normal -0.951098 0.308889 0
    outer loop
      vertex 46.5353 25.9423 10.3
      vertex 46.3937 25.5063 0
      vertex 46.3937 25.5063 10.3
    endloop
  endfacet
  facet normal -0.951098 -0.308889 0
    outer loop
      vertex 46.5353 27.7577 0
      vertex 46.3937 28.1937 10.3
      vertex 46.3937 28.1937 0
    endloop
  endfacet
  facet normal -0.951098 -0.308889 0
    outer loop
      vertex 46.3937 28.1937 10.3
      vertex 46.5353 27.7577 0
      vertex 46.5353 27.7577 10.3
    endloop
  endfacet
  facet normal -0.770505 -0.637434 0
    outer loop
      vertex 45.9529 28.9954 0
      vertex 45.6607 29.3486 10.3
      vertex 45.6607 29.3486 0
    endloop
  endfacet
  facet normal -0.770505 -0.637434 0
    outer loop
      vertex 45.6607 29.3486 10.3
      vertex 45.9529 28.9954 0
      vertex 45.9529 28.9954 10.3
    endloop
  endfacet
  facet normal -0.844326 -0.53583 0
    outer loop
      vertex 46.1985 28.6084 0
      vertex 45.9529 28.9954 10.3
      vertex 45.9529 28.9954 0
    endloop
  endfacet
  facet normal -0.844326 -0.53583 0
    outer loop
      vertex 45.9529 28.9954 10.3
      vertex 46.1985 28.6084 0
      vertex 46.1985 28.6084 10.3
    endloop
  endfacet
  facet normal -0.248486 -0.968636 0
    outer loop
      vertex 43.6839 30.4353 0
      vertex 44.1279 30.3214 10.3
      vertex 43.6839 30.4353 10.3
    endloop
  endfacet
  facet normal -0.248486 -0.968636 -0
    outer loop
      vertex 44.1279 30.3214 10.3
      vertex 43.6839 30.4353 0
      vertex 44.1279 30.3214 0
    endloop
  endfacet
  facet normal -0.125458 -0.992099 0
    outer loop
      vertex 43.2292 30.4928 0
      vertex 43.6839 30.4353 10.3
      vertex 43.2292 30.4928 10.3
    endloop
  endfacet
  facet normal -0.125458 -0.992099 -0
    outer loop
      vertex 43.6839 30.4353 10.3
      vertex 43.2292 30.4928 0
      vertex 43.6839 30.4353 0
    endloop
  endfacet
  facet normal 0.770505 -0.637434 0
    outer loop
      vertex 40.0471 28.9954 10.3
      vertex 40.3393 29.3486 3.8147e-07
      vertex 40.3393 29.3486 10.3
    endloop
  endfacet
  facet normal 0.770505 -0.637434 0
    outer loop
      vertex 40.3393 29.3486 3.8147e-07
      vertex 40.0471 28.9954 10.3
      vertex 40.0471 28.9954 3.8147e-07
    endloop
  endfacet
  facet normal 0.982279 -0.187423 0
    outer loop
      vertex 39.3788 27.3075 10.3
      vertex 39.4647 27.7577 3.8147e-07
      vertex 39.4647 27.7577 10.3
    endloop
  endfacet
  facet normal 0.982279 -0.187423 0
    outer loop
      vertex 39.4647 27.7577 3.8147e-07
      vertex 39.3788 27.3075 10.3
      vertex 39.3788 27.3075 3.8147e-07
    endloop
  endfacet
  facet normal 0 0 1
    outer loop
      vertex 46.3937 42.8063 10.3
      vertex 50.5 49 10.3
      vertex 46.5353 43.2423 10.3
    endloop
  endfacet
  facet normal 0 0 1
    outer loop
      vertex 50.5 22 10.3
      vertex 46.6212 27.3075 10.3
      vertex 46.65 26.85 10.3
    endloop
  endfacet
  facet normal 0 0 1
    outer loop
      vertex 50.5 49 10.3
      vertex 46.3937 42.8063 10.3
      vertex 50.5 22 10.3
    endloop
  endfacet
  facet normal 0 0 1
    outer loop
      vertex 50.5 22 10.3
      vertex 46.5353 27.7577 10.3
      vertex 46.6212 27.3075 10.3
    endloop
  endfacet
  facet normal -0 0 1
    outer loop
      vertex 46.3937 28.1937 10.3
      vertex 50.5 22 10.3
      vertex 46.3937 42.8063 10.3
    endloop
  endfacet
  facet normal 0 0 1
    outer loop
      vertex 50.5 22 10.3
      vertex 46.3937 28.1937 10.3
      vertex 46.5353 27.7577 10.3
    endloop
  endfacet
  facet normal -0 0 1
    outer loop
      vertex 46.1985 42.3916 10.3
      vertex 46.3937 28.1937 10.3
      vertex 46.3937 42.8063 10.3
    endloop
  endfacet
  facet normal 0 0 1
    outer loop
      vertex 46.1985 42.3916 10.3
      vertex 46.1985 28.6084 10.3
      vertex 46.3937 28.1937 10.3
    endloop
  endfacet
  facet normal -0 0 1
    outer loop
      vertex 45.9529 42.0046 10.3
      vertex 46.1985 28.6084 10.3
      vertex 46.1985 42.3916 10.3
    endloop
  endfacet
  facet normal 0 0 1
    outer loop
      vertex 45.9529 42.0046 10.3
      vertex 45.9529 28.9954 10.3
      vertex 46.1985 28.6084 10.3
    endloop
  endfacet
  facet normal -0 0 1
    outer loop
      vertex 45.6607 41.6514 10.3
      vertex 45.9529 28.9954 10.3
      vertex 45.9529 42.0046 10.3
    endloop
  endfacet
  facet normal 0 0 1
    outer loop
      vertex 45.6607 41.6514 10.3
      vertex 45.6607 29.3486 10.3
      vertex 45.9529 28.9954 10.3
    endloop
  endfacet
  facet normal -0 0 1
    outer loop
      vertex 45.3266 41.3376 10.3
      vertex 45.6607 29.3486 10.3
      vertex 45.6607 41.6514 10.3
    endloop
  endfacet
  facet normal 0 0 1
    outer loop
      vertex 45.3266 41.3376 10.3
      vertex 45.3266 29.6624 10.3
      vertex 45.6607 29.3486 10.3
    endloop
  endfacet
  facet normal -0 0 1
    outer loop
      vertex 44.9558 41.0682 10.3
      vertex 45.3266 29.6624 10.3
      vertex 45.3266 41.3376 10.3
    endloop
  endfacet
  facet normal 0 0 1
    outer loop
      vertex 44.9558 41.0682 10.3
      vertex 44.9558 29.9318 10.3
      vertex 45.3266 29.6624 10.3
    endloop
  endfacet
  facet normal -0 0 1
    outer loop
      vertex 44.5541 40.8474 10.3
      vertex 44.9558 29.9318 10.3
      vertex 44.9558 41.0682 10.3
    endloop
  endfacet
  facet normal 0 0 1
    outer loop
      vertex 44.5541 40.8474 10.3
      vertex 44.5541 30.1526 10.3
      vertex 44.9558 29.9318 10.3
    endloop
  endfacet
  facet normal -0 0 1
    outer loop
      vertex 44.1279 40.6786 10.3
      vertex 44.5541 30.1526 10.3
      vertex 44.5541 40.8474 10.3
    endloop
  endfacet
  facet normal 0 0 1
    outer loop
      vertex 44.1279 40.6786 10.3
      vertex 44.1279 30.3214 10.3
      vertex 44.5541 30.1526 10.3
    endloop
  endfacet
  facet normal -0 0 1
    outer loop
      vertex 43.6839 40.5647 10.3
      vertex 44.1279 30.3214 10.3
      vertex 44.1279 40.6786 10.3
    endloop
  endfacet
  facet normal 0 0 1
    outer loop
      vertex 43.6839 40.5647 10.3
      vertex 43.6839 30.4353 10.3
      vertex 44.1279 30.3214 10.3
    endloop
  endfacet
  facet normal -0 0 1
    outer loop
      vertex 43.2292 40.5072 10.3
      vertex 43.6839 30.4353 10.3
      vertex 43.6839 40.5647 10.3
    endloop
  endfacet
  facet normal 0 0 1
    outer loop
      vertex 43.2292 40.5072 10.3
      vertex 43.2292 30.4928 10.3
      vertex 43.6839 30.4353 10.3
    endloop
  endfacet
  facet normal -0 0 1
    outer loop
      vertex 42.7708 40.5072 10.3
      vertex 43.2292 30.4928 10.3
      vertex 43.2292 40.5072 10.3
    endloop
  endfacet
  facet normal 0 0 1
    outer loop
      vertex 42.7708 40.5072 10.3
      vertex 42.7708 30.4928 10.3
      vertex 43.2292 30.4928 10.3
    endloop
  endfacet
  facet normal 0 0 1
    outer loop
      vertex 42.5 40.5414 10.3
      vertex 42.7708 30.4928 10.3
      vertex 42.7708 40.5072 10.3
    endloop
  endfacet
  facet normal 0 0 1
    outer loop
      vertex 42.7708 30.4928 10.3
      vertex 42.5 40.5414 10.3
      vertex 42.5 30.4586 10.3
    endloop
  endfacet
  facet normal 0 0 1
    outer loop
      vertex 48.6256 50.9961 10.3
      vertex 50.5 49 10.3
      vertex 50.4842 49.2507 10.3
    endloop
  endfacet
  facet normal 0 0 1
    outer loop
      vertex 46.6212 43.6925 10.3
      vertex 50.5 49 10.3
      vertex 46.65 44.15 10.3
    endloop
  endfacet
  facet normal 0 0 1
    outer loop
      vertex 48.6256 50.9961 10.3
      vertex 50.4842 49.2507 10.3
      vertex 50.4372 49.4974 10.3
    endloop
  endfacet
  facet normal 0 0 1
    outer loop
      vertex 46.5353 43.2423 10.3
      vertex 50.5 49 10.3
      vertex 46.6212 43.6925 10.3
    endloop
  endfacet
  facet normal 0 0 1
    outer loop
      vertex 48.6256 50.9961 10.3
      vertex 50.4372 49.4974 10.3
      vertex 50.3596 49.7362 10.3
    endloop
  endfacet
  facet normal -0 0 1
    outer loop
      vertex 46.6212 26.3925 10.3
      vertex 50.5 22 10.3
      vertex 46.65 26.85 10.3
    endloop
  endfacet
  facet normal 0 0 1
    outer loop
      vertex 48.6256 50.9961 10.3
      vertex 50.3596 49.7362 10.3
      vertex 50.2526 49.9635 10.3
    endloop
  endfacet
  facet normal -0 0 1
    outer loop
      vertex 46.5353 25.9423 10.3
      vertex 50.5 22 10.3
      vertex 46.6212 26.3925 10.3
    endloop
  endfacet
  facet normal 0 0 1
    outer loop
      vertex 48.6256 50.9961 10.3
      vertex 50.2526 49.9635 10.3
      vertex 50.118 50.1756 10.3
    endloop
  endfacet
  facet normal -0 0 1
    outer loop
      vertex 46.3937 25.5063 10.3
      vertex 50.5 22 10.3
      vertex 46.5353 25.9423 10.3
    endloop
  endfacet
  facet normal 0 0 1
    outer loop
      vertex 48.6256 50.9961 10.3
      vertex 50.118 50.1756 10.3
      vertex 49.9579 50.3691 10.3
    endloop
  endfacet
  facet normal -0 0 1
    outer loop
      vertex 46.1985 25.0916 10.3
      vertex 50.5 22 10.3
      vertex 46.3937 25.5063 10.3
    endloop
  endfacet
  facet normal 0 0 1
    outer loop
      vertex 48.6256 50.9961 10.3
      vertex 49.9579 50.3691 10.3
      vertex 49.7748 50.541 10.3
    endloop
  endfacet
  facet normal -0 0 1
    outer loop
      vertex 45.9529 24.7046 10.3
      vertex 50.5 22 10.3
      vertex 46.1985 25.0916 10.3
    endloop
  endfacet
  facet normal 0 0 1
    outer loop
      vertex 48.6256 50.9961 10.3
      vertex 49.7748 50.541 10.3
      vertex 49.5717 50.6887 10.3
    endloop
  endfacet
  facet normal -0 0 1
    outer loop
      vertex 45.6607 24.3514 10.3
      vertex 50.5 22 10.3
      vertex 45.9529 24.7046 10.3
    endloop
  endfacet
  facet normal 0 0 1
    outer loop
      vertex 48.6256 50.9961 10.3
      vertex 49.5717 50.6887 10.3
      vertex 49.3516 50.8097 10.3
    endloop
  endfacet
  facet normal 0 -0 1
    outer loop
      vertex 48.6256 20.0039 10.3
      vertex 50.5 22 10.3
      vertex 45.6607 24.3514 10.3
    endloop
  endfacet
  facet normal 0 0 1
    outer loop
      vertex 48.6256 50.9961 10.3
      vertex 49.3516 50.8097 10.3
      vertex 49.118 50.9021 10.3
    endloop
  endfacet
  facet normal 0 0 1
    outer loop
      vertex 50.5 22 10.3
      vertex 48.6256 20.0039 10.3
      vertex 50.4842 21.7493 10.3
    endloop
  endfacet
  facet normal 0 0 1
    outer loop
      vertex 48.6256 50.9961 10.3
      vertex 49.118 50.9021 10.3
      vertex 48.8748 50.9646 10.3
    endloop
  endfacet
  facet normal 0 0 1
    outer loop
      vertex 50.4372 21.5026 10.3
      vertex 48.6256 20.0039 10.3
      vertex 50.3596 21.2638 10.3
    endloop
  endfacet
  facet normal 0 0 1
    outer loop
      vertex 50.5 49 10.3
      vertex 48.6256 50.9961 10.3
      vertex 45.6607 46.6486 10.3
    endloop
  endfacet
  facet normal 0 0 1
    outer loop
      vertex 50.3596 21.2638 10.3
      vertex 48.6256 20.0039 10.3
      vertex 50.2526 21.0365 10.3
    endloop
  endfacet
  facet normal 0 0 1
    outer loop
      vertex 50.2526 21.0365 10.3
      vertex 48.6256 20.0039 10.3
      vertex 50.118 20.8244 10.3
    endloop
  endfacet
  facet normal 0 0 1
    outer loop
      vertex 50.5 49 10.3
      vertex 46.6212 44.6075 10.3
      vertex 46.65 44.15 10.3
    endloop
  endfacet
  facet normal 0 0 1
    outer loop
      vertex 50.5 49 10.3
      vertex 46.5353 45.0577 10.3
      vertex 46.6212 44.6075 10.3
    endloop
  endfacet
  facet normal 0 0 1
    outer loop
      vertex 50.5 49 10.3
      vertex 46.3937 45.4937 10.3
      vertex 46.5353 45.0577 10.3
    endloop
  endfacet
  facet normal 0 0 1
    outer loop
      vertex 50.5 49 10.3
      vertex 46.1985 45.9084 10.3
      vertex 46.3937 45.4937 10.3
    endloop
  endfacet
  facet normal 0 0 1
    outer loop
      vertex 50.5 49 10.3
      vertex 45.9529 46.2954 10.3
      vertex 46.1985 45.9084 10.3
    endloop
  endfacet
  facet normal 0 0 1
    outer loop
      vertex 50.5 49 10.3
      vertex 45.6607 46.6486 10.3
      vertex 45.9529 46.2954 10.3
    endloop
  endfacet
  facet normal 0 0 1
    outer loop
      vertex 48.6256 50.9961 10.3
      vertex 45.3266 46.9624 10.3
      vertex 45.6607 46.6486 10.3
    endloop
  endfacet
  facet normal 0 0 1
    outer loop
      vertex 48.6256 50.9961 10.3
      vertex 44.9558 47.2318 10.3
      vertex 45.3266 46.9624 10.3
    endloop
  endfacet
  facet normal -0 0 1
    outer loop
      vertex 44.3744 50.9961 10.3
      vertex 44.9558 47.2318 10.3
      vertex 48.6256 50.9961 10.3
    endloop
  endfacet
  facet normal 0 0 1
    outer loop
      vertex 44.9558 47.2318 10.3
      vertex 44.3744 50.9961 10.3
      vertex 44.5541 47.4526 10.3
    endloop
  endfacet
  facet normal 0 0 1
    outer loop
      vertex 44.3744 50.9961 10.3
      vertex 44.1279 47.6214 10.3
      vertex 44.5541 47.4526 10.3
    endloop
  endfacet
  facet normal -0 0 1
    outer loop
      vertex 44.1252 50.9646 10.3
      vertex 44.1279 47.6214 10.3
      vertex 44.3744 50.9961 10.3
    endloop
  endfacet
  facet normal -0 0 1
    outer loop
      vertex 43.9125 50.91 10.3
      vertex 44.1279 47.6214 10.3
      vertex 44.1252 50.9646 10.3
    endloop
  endfacet
  facet normal 0 0 1
    outer loop
      vertex 44.1279 47.6214 10.3
      vertex 43.9125 50.91 10.3
      vertex 43.9125 47.6767 10.3
    endloop
  endfacet
  facet normal 0 0 1
    outer loop
      vertex 50.118 20.8244 10.3
      vertex 48.6256 20.0039 10.3
      vertex 49.9579 20.6309 10.3
    endloop
  endfacet
  facet normal 0 0 1
    outer loop
      vertex 49.9579 20.6309 10.3
      vertex 48.6256 20.0039 10.3
      vertex 49.7748 20.459 10.3
    endloop
  endfacet
  facet normal 0 0 1
    outer loop
      vertex 49.7748 20.459 10.3
      vertex 48.6256 20.0039 10.3
      vertex 49.5717 20.3113 10.3
    endloop
  endfacet
  facet normal 0 0 1
    outer loop
      vertex 49.5717 20.3113 10.3
      vertex 48.6256 20.0039 10.3
      vertex 49.3516 20.1903 10.3
    endloop
  endfacet
  facet normal 0 0 1
    outer loop
      vertex 49.3516 20.1903 10.3
      vertex 48.6256 20.0039 10.3
      vertex 49.118 20.0979 10.3
    endloop
  endfacet
  facet normal 0 0 1
    outer loop
      vertex 49.118 20.0979 10.3
      vertex 48.6256 20.0039 10.3
      vertex 48.8748 20.0354 10.3
    endloop
  endfacet
  facet normal 0 0 1
    outer loop
      vertex 50.4842 21.7493 10.3
      vertex 48.6256 20.0039 10.3
      vertex 50.4372 21.5026 10.3
    endloop
  endfacet
  facet normal -0 0 1
    outer loop
      vertex 45.3266 24.0376 10.3
      vertex 48.6256 20.0039 10.3
      vertex 45.6607 24.3514 10.3
    endloop
  endfacet
  facet normal -0 0 1
    outer loop
      vertex 44.9558 23.7682 10.3
      vertex 48.6256 20.0039 10.3
      vertex 45.3266 24.0376 10.3
    endloop
  endfacet
  facet normal 0 0 1
    outer loop
      vertex 44.3744 20.0039 10.3
      vertex 44.9558 23.7682 10.3
      vertex 44.5541 23.5474 10.3
    endloop
  endfacet
  facet normal 0 0 1
    outer loop
      vertex 44.9558 23.7682 10.3
      vertex 44.3744 20.0039 10.3
      vertex 48.6256 20.0039 10.3
    endloop
  endfacet
  facet normal -0 0 1
    outer loop
      vertex 44.1279 23.3786 10.3
      vertex 44.3744 20.0039 10.3
      vertex 44.5541 23.5474 10.3
    endloop
  endfacet
  facet normal 0 0 1
    outer loop
      vertex 44.1279 23.3786 10.3
      vertex 44.1252 20.0354 10.3
      vertex 44.3744 20.0039 10.3
    endloop
  endfacet
  facet normal -0 0 1
    outer loop
      vertex 43.9125 23.3233 10.3
      vertex 44.1252 20.0354 10.3
      vertex 44.1279 23.3786 10.3
    endloop
  endfacet
  facet normal 0 0 1
    outer loop
      vertex 44.1252 20.0354 10.3
      vertex 43.9125 23.3233 10.3
      vertex 43.9125 20.09 10.3
    endloop
  endfacet
  facet normal -0.998024 0.0628265 0
    outer loop
      vertex 46.6212 26.3925 0
      vertex 46.65 26.85 10.3
      vertex 46.65 26.85 0
    endloop
  endfacet
  facet normal -0.998024 0.0628265 0
    outer loop
      vertex 46.65 26.85 10.3
      vertex 46.6212 26.3925 0
      vertex 46.6212 26.3925 10.3
    endloop
  endfacet
  facet normal -0.684616 0.728904 0
    outer loop
      vertex 45.6607 24.3514 0
      vertex 45.3266 24.0376 10.3
      vertex 45.6607 24.3514 10.3
    endloop
  endfacet
  facet normal -0.684616 0.728904 0
    outer loop
      vertex 45.3266 24.0376 10.3
      vertex 45.6607 24.3514 0
      vertex 45.3266 24.0376 0
    endloop
  endfacet
  facet normal -0.982279 0.187423 0
    outer loop
      vertex 46.5353 25.9423 0
      vertex 46.6212 26.3925 10.3
      vertex 46.6212 26.3925 0
    endloop
  endfacet
  facet normal -0.982279 0.187423 0
    outer loop
      vertex 46.6212 26.3925 10.3
      vertex 46.5353 25.9423 0
      vertex 46.5353 25.9423 10.3
    endloop
  endfacet
  facet normal 0.904779 0.425881 0
    outer loop
      vertex 39.8015 25.0916 10.3
      vertex 39.6063 25.5063 3.8147e-07
      vertex 39.6063 25.5063 10.3
    endloop
  endfacet
  facet normal 0.904779 0.425881 0
    outer loop
      vertex 39.6063 25.5063 3.8147e-07
      vertex 39.8015 25.0916 10.3
      vertex 39.8015 25.0916 3.8147e-07
    endloop
  endfacet
  facet normal -0.368229 0.929735 0
    outer loop
      vertex 44.5541 23.5474 0
      vertex 44.1279 23.3786 10.3
      vertex 44.5541 23.5474 10.3
    endloop
  endfacet
  facet normal -0.368229 0.929735 0
    outer loop
      vertex 44.1279 23.3786 10.3
      vertex 44.5541 23.5474 0
      vertex 44.1279 23.3786 0
    endloop
  endfacet
  facet normal -0.481693 -0.87634 0
    outer loop
      vertex 44.5541 30.1526 0
      vertex 44.9558 29.9318 10.3
      vertex 44.5541 30.1526 10.3
    endloop
  endfacet
  facet normal -0.481693 -0.87634 -0
    outer loop
      vertex 44.9558 29.9318 10.3
      vertex 44.5541 30.1526 0
      vertex 44.9558 29.9318 0
    endloop
  endfacet
  facet normal 0.481693 -0.87634 0
    outer loop
      vertex 41.0442 29.9318 3.8147e-07
      vertex 41.4459 30.1526 10.3
      vertex 41.0442 29.9318 10.3
    endloop
  endfacet
  facet normal 0.481693 -0.87634 0
    outer loop
      vertex 41.4459 30.1526 10.3
      vertex 41.0442 29.9318 3.8147e-07
      vertex 41.4459 30.1526 3.8147e-07
    endloop
  endfacet
  facet normal 0.248486 -0.968636 0
    outer loop
      vertex 41.8721 30.3214 3.8147e-07
      vertex 42.3161 30.4353 10.3
      vertex 41.8721 30.3214 10.3
    endloop
  endfacet
  facet normal 0.248486 -0.968636 0
    outer loop
      vertex 42.3161 30.4353 10.3
      vertex 41.8721 30.3214 3.8147e-07
      vertex 42.3161 30.4353 3.8147e-07
    endloop
  endfacet
  facet normal -0.481693 0.87634 0
    outer loop
      vertex 44.9558 23.7682 0
      vertex 44.5541 23.5474 10.3
      vertex 44.9558 23.7682 10.3
    endloop
  endfacet
  facet normal -0.481693 0.87634 0
    outer loop
      vertex 44.5541 23.5474 10.3
      vertex 44.9558 23.7682 0
      vertex 44.5541 23.5474 0
    endloop
  endfacet
  facet normal -0.904779 0.425881 0
    outer loop
      vertex 46.1985 25.0916 0
      vertex 46.3937 25.5063 10.3
      vertex 46.3937 25.5063 0
    endloop
  endfacet
  facet normal -0.904779 0.425881 0
    outer loop
      vertex 46.3937 25.5063 10.3
      vertex 46.1985 25.0916 0
      vertex 46.1985 25.0916 10.3
    endloop
  endfacet
  facet normal -0.770505 0.637434 0
    outer loop
      vertex 45.6607 24.3514 0
      vertex 45.9529 24.7046 10.3
      vertex 45.9529 24.7046 0
    endloop
  endfacet
  facet normal -0.770505 0.637434 0
    outer loop
      vertex 45.9529 24.7046 10.3
      vertex 45.6607 24.3514 0
      vertex 45.6607 24.3514 10.3
    endloop
  endfacet
  facet normal 0.368229 0.929735 -0
    outer loop
      vertex 41.8721 23.3786 3.8147e-07
      vertex 41.4459 23.5474 10.3
      vertex 41.8721 23.3786 10.3
    endloop
  endfacet
  facet normal 0.368229 0.929735 0
    outer loop
      vertex 41.4459 23.5474 10.3
      vertex 41.8721 23.3786 3.8147e-07
      vertex 41.4459 23.5474 3.8147e-07
    endloop
  endfacet
  facet normal 0.248667 0.968589 -0
    outer loop
      vertex 42.0875 23.3233 3.8147e-07
      vertex 41.8721 23.3786 10.3
      vertex 42.0875 23.3233 10.3
    endloop
  endfacet
  facet normal 0.248667 0.968589 0
    outer loop
      vertex 41.8721 23.3786 10.3
      vertex 42.0875 23.3233 3.8147e-07
      vertex 41.8721 23.3786 3.8147e-07
    endloop
  endfacet
  facet normal 0.684616 0.728904 -0
    outer loop
      vertex 40.6734 24.0376 3.8147e-07
      vertex 40.3393 24.3514 10.3
      vertex 40.6734 24.0376 10.3
    endloop
  endfacet
  facet normal 0.684616 0.728904 0
    outer loop
      vertex 40.3393 24.3514 10.3
      vertex 40.6734 24.0376 3.8147e-07
      vertex 40.3393 24.3514 3.8147e-07
    endloop
  endfacet
  facet normal 0.951098 0.308889 0
    outer loop
      vertex 39.6063 25.5063 10.3
      vertex 39.4647 25.9423 3.8147e-07
      vertex 39.4647 25.9423 10.3
    endloop
  endfacet
  facet normal 0.951098 0.308889 0
    outer loop
      vertex 39.4647 25.9423 3.8147e-07
      vertex 39.6063 25.5063 10.3
      vertex 39.6063 25.5063 3.8147e-07
    endloop
  endfacet
  facet normal 0.998024 0.0628265 0
    outer loop
      vertex 39.3788 26.3925 10.3
      vertex 39.35 26.85 3.8147e-07
      vertex 39.35 26.85 10.3
    endloop
  endfacet
  facet normal 0.998024 0.0628265 0
    outer loop
      vertex 39.35 26.85 3.8147e-07
      vertex 39.3788 26.3925 10.3
      vertex 39.3788 26.3925 3.8147e-07
    endloop
  endfacet
  facet normal -0.248667 0.968589 0
    outer loop
      vertex 44.1279 23.3786 0
      vertex 43.9125 23.3233 10.3
      vertex 44.1279 23.3786 10.3
    endloop
  endfacet
  facet normal -0.248667 0.968589 0
    outer loop
      vertex 43.9125 23.3233 10.3
      vertex 44.1279 23.3786 0
      vertex 43.9125 23.3233 0
    endloop
  endfacet
  facet normal -0.587782 0.809019 0
    outer loop
      vertex 45.3266 24.0376 0
      vertex 44.9558 23.7682 10.3
      vertex 45.3266 24.0376 10.3
    endloop
  endfacet
  facet normal -0.587782 0.809019 0
    outer loop
      vertex 44.9558 23.7682 10.3
      vertex 45.3266 24.0376 0
      vertex 44.9558 23.7682 0
    endloop
  endfacet
  facet normal -0.844326 0.53583 0
    outer loop
      vertex 45.9529 24.7046 0
      vertex 46.1985 25.0916 10.3
      vertex 46.1985 25.0916 0
    endloop
  endfacet
  facet normal -0.844326 0.53583 0
    outer loop
      vertex 46.1985 25.0916 10.3
      vertex 45.9529 24.7046 0
      vertex 45.9529 24.7046 10.3
    endloop
  endfacet
  facet normal 0.587782 0.809019 -0
    outer loop
      vertex 41.0442 23.7682 3.8147e-07
      vertex 40.6734 24.0376 10.3
      vertex 41.0442 23.7682 10.3
    endloop
  endfacet
  facet normal 0.587782 0.809019 0
    outer loop
      vertex 40.6734 24.0376 10.3
      vertex 41.0442 23.7682 3.8147e-07
      vertex 40.6734 24.0376 3.8147e-07
    endloop
  endfacet
  facet normal 0.844326 0.53583 0
    outer loop
      vertex 40.0471 24.7046 10.3
      vertex 39.8015 25.0916 3.8147e-07
      vertex 39.8015 25.0916 10.3
    endloop
  endfacet
  facet normal 0.844326 0.53583 0
    outer loop
      vertex 39.8015 25.0916 3.8147e-07
      vertex 40.0471 24.7046 10.3
      vertex 40.0471 24.7046 3.8147e-07
    endloop
  endfacet
  facet normal 0.982279 0.187423 0
    outer loop
      vertex 39.4647 25.9423 10.3
      vertex 39.3788 26.3925 3.8147e-07
      vertex 39.3788 26.3925 10.3
    endloop
  endfacet
  facet normal 0.982279 0.187423 0
    outer loop
      vertex 39.3788 26.3925 3.8147e-07
      vertex 39.4647 25.9423 10.3
      vertex 39.4647 25.9423 3.8147e-07
    endloop
  endfacet
  facet normal 0.481693 0.87634 -0
    outer loop
      vertex 41.4459 23.5474 3.8147e-07
      vertex 41.0442 23.7682 10.3
      vertex 41.4459 23.5474 10.3
    endloop
  endfacet
  facet normal 0.481693 0.87634 0
    outer loop
      vertex 41.0442 23.7682 10.3
      vertex 41.4459 23.5474 3.8147e-07
      vertex 41.0442 23.7682 3.8147e-07
    endloop
  endfacet
  facet normal 0.770505 0.637434 0
    outer loop
      vertex 40.3393 24.3514 10.3
      vertex 40.0471 24.7046 3.8147e-07
      vertex 40.0471 24.7046 10.3
    endloop
  endfacet
  facet normal 0.770505 0.637434 0
    outer loop
      vertex 40.0471 24.7046 3.8147e-07
      vertex 40.3393 24.3514 10.3
      vertex 40.3393 24.3514 3.8147e-07
    endloop
  endfacet
  facet normal 1 -0 0
    outer loop
      vertex 42.0875 20.0039 10.3
      vertex 42.0875 23.3233 3.8147e-07
      vertex 42.0875 23.3233 10.3
    endloop
  endfacet
  facet normal 1 0 0
    outer loop
      vertex 42.0875 23.3233 3.8147e-07
      vertex 42.0875 20.0039 10.3
      vertex 42.0875 20.0039 3.8147e-07
    endloop
  endfacet
  facet normal -1 0 0
    outer loop
      vertex 43.9125 20.0039 3.8147e-07
      vertex 43.9125 20.09 10.3
      vertex 43.9125 20.09 3.8147e-07
    endloop
  endfacet
  facet normal -1 -0 0
    outer loop
      vertex 43.9125 20.09 10.3
      vertex 43.9125 20.0039 3.8147e-07
      vertex 43.9125 20.0039 10.3
    endloop
  endfacet
  facet normal -1 0 0
    outer loop
      vertex 43.9125 20.09 3.8147e-07
      vertex 43.9125 23.3233 0
      vertex 43.9125 20.09 0
    endloop
  endfacet
  facet normal -1 0 0
    outer loop
      vertex 43.9125 23.3233 0
      vertex 43.9125 20.09 3.8147e-07
      vertex 43.9125 23.3233 10.3
    endloop
  endfacet
  facet normal -1 0 0
    outer loop
      vertex 43.9125 20.09 10.3
      vertex 43.9125 23.3233 10.3
      vertex 43.9125 20.09 3.8147e-07
    endloop
  endfacet
  facet normal -0.998024 -0.0628265 0
    outer loop
      vertex 31.65 44.15 3.8147e-07
      vertex 31.6212 44.6075 10.3
      vertex 31.6212 44.6075 3.8147e-07
    endloop
  endfacet
  facet normal -0.998024 -0.0628265 0
    outer loop
      vertex 31.6212 44.6075 10.3
      vertex 31.65 44.15 3.8147e-07
      vertex 31.65 44.15 10.3
    endloop
  endfacet
  facet normal 0.998024 -0.0628265 0
    outer loop
      vertex 24.35 44.15 10.3
      vertex 24.3788 44.6075 0
      vertex 24.3788 44.6075 10.3
    endloop
  endfacet
  facet normal 0.998024 -0.0628265 0
    outer loop
      vertex 24.3788 44.6075 0
      vertex 24.35 44.15 10.3
      vertex 24.35 44.15 0
    endloop
  endfacet
  facet normal 0 1 -0
    outer loop
      vertex 28.2292 40.5072 0
      vertex 27.7708 40.5072 10.3
      vertex 28.2292 40.5072 10.3
    endloop
  endfacet
  facet normal 0 1 0
    outer loop
      vertex 27.7708 40.5072 10.3
      vertex 28.2292 40.5072 0
      vertex 27.7708 40.5072 0
    endloop
  endfacet
  facet normal -0.684616 -0.728904 0
    outer loop
      vertex 30.3266 46.9624 3.8147e-07
      vertex 30.6607 46.6486 10.3
      vertex 30.3266 46.9624 10.3
    endloop
  endfacet
  facet normal -0.684616 -0.728904 -0
    outer loop
      vertex 30.6607 46.6486 10.3
      vertex 30.3266 46.9624 3.8147e-07
      vertex 30.6607 46.6486 3.8147e-07
    endloop
  endfacet
  facet normal 0.684616 -0.728904 0
    outer loop
      vertex 25.3393 46.6486 0
      vertex 25.6734 46.9624 10.3
      vertex 25.3393 46.6486 10.3
    endloop
  endfacet
  facet normal 0.684616 -0.728904 0
    outer loop
      vertex 25.6734 46.9624 10.3
      vertex 25.3393 46.6486 0
      vertex 25.6734 46.9624 0
    endloop
  endfacet
  facet normal 0.368229 -0.929735 0
    outer loop
      vertex 26.4459 47.4526 0
      vertex 26.8721 47.6214 10.3
      vertex 26.4459 47.4526 10.3
    endloop
  endfacet
  facet normal 0.368229 -0.929735 0
    outer loop
      vertex 26.8721 47.6214 10.3
      vertex 26.4459 47.4526 0
      vertex 26.8721 47.6214 0
    endloop
  endfacet
  facet normal -0.904779 -0.425881 0
    outer loop
      vertex 31.3937 45.4937 3.8147e-07
      vertex 31.1985 45.9084 10.3
      vertex 31.1985 45.9084 3.8147e-07
    endloop
  endfacet
  facet normal -0.904779 -0.425881 0
    outer loop
      vertex 31.1985 45.9084 10.3
      vertex 31.3937 45.4937 3.8147e-07
      vertex 31.3937 45.4937 10.3
    endloop
  endfacet
  facet normal -0.982279 -0.187423 0
    outer loop
      vertex 31.6212 44.6075 3.8147e-07
      vertex 31.5353 45.0577 10.3
      vertex 31.5353 45.0577 3.8147e-07
    endloop
  endfacet
  facet normal -0.982279 -0.187423 0
    outer loop
      vertex 31.5353 45.0577 10.3
      vertex 31.6212 44.6075 3.8147e-07
      vertex 31.6212 44.6075 10.3
    endloop
  endfacet
  facet normal -0.368229 -0.929735 0
    outer loop
      vertex 29.1279 47.6214 3.8147e-07
      vertex 29.5541 47.4526 10.3
      vertex 29.1279 47.6214 10.3
    endloop
  endfacet
  facet normal -0.368229 -0.929735 -0
    outer loop
      vertex 29.5541 47.4526 10.3
      vertex 29.1279 47.6214 3.8147e-07
      vertex 29.5541 47.4526 3.8147e-07
    endloop
  endfacet
  facet normal -0.587782 -0.809019 0
    outer loop
      vertex 29.9558 47.2318 3.8147e-07
      vertex 30.3266 46.9624 10.3
      vertex 29.9558 47.2318 10.3
    endloop
  endfacet
  facet normal -0.587782 -0.809019 -0
    outer loop
      vertex 30.3266 46.9624 10.3
      vertex 29.9558 47.2318 3.8147e-07
      vertex 30.3266 46.9624 3.8147e-07
    endloop
  endfacet
  facet normal 0.904779 -0.425881 0
    outer loop
      vertex 24.6063 45.4937 10.3
      vertex 24.8015 45.9084 0
      vertex 24.8015 45.9084 10.3
    endloop
  endfacet
  facet normal 0.904779 -0.425881 0
    outer loop
      vertex 24.8015 45.9084 0
      vertex 24.6063 45.4937 10.3
      vertex 24.6063 45.4937 0
    endloop
  endfacet
  facet normal 0.951098 -0.308889 0
    outer loop
      vertex 24.4647 45.0577 10.3
      vertex 24.6063 45.4937 0
      vertex 24.6063 45.4937 10.3
    endloop
  endfacet
  facet normal 0.951098 -0.308889 0
    outer loop
      vertex 24.6063 45.4937 0
      vertex 24.4647 45.0577 10.3
      vertex 24.4647 45.0577 0
    endloop
  endfacet
  facet normal -0.125694 0.992069 0
    outer loop
      vertex 28.6839 40.5647 10.3
      vertex 28.6839 40.5647 3.8147e-07
      vertex 28.5 40.5414 10.3
    endloop
  endfacet
  facet normal -0.125694 0.992069 0
    outer loop
      vertex 28.5 40.5414 3.8147e-07
      vertex 28.5 40.5414 10.3
      vertex 28.6839 40.5647 3.8147e-07
    endloop
  endfacet
  facet normal -0.125297 0.992119 0
    outer loop
      vertex 28.5 40.5414 10.3
      vertex 28.5 40.5414 3.8147e-07
      vertex 28.2292 40.5072 10.3
    endloop
  endfacet
  facet normal -0.125297 0.992119 0
    outer loop
      vertex 28.2292 40.5072 0
      vertex 28.5 40.5414 3.8147e-07
      vertex 28.5 40.5414 0
    endloop
  endfacet
  facet normal -0.125297 0.992119 0
    outer loop
      vertex 28.5 40.5414 3.8147e-07
      vertex 28.2292 40.5072 0
      vertex 28.2292 40.5072 10.3
    endloop
  endfacet
  facet normal -0.951098 -0.308889 0
    outer loop
      vertex 31.5353 45.0577 3.8147e-07
      vertex 31.3937 45.4937 10.3
      vertex 31.3937 45.4937 3.8147e-07
    endloop
  endfacet
  facet normal -0.951098 -0.308889 0
    outer loop
      vertex 31.3937 45.4937 10.3
      vertex 31.5353 45.0577 3.8147e-07
      vertex 31.5353 45.0577 10.3
    endloop
  endfacet
  facet normal -0.770505 -0.637434 0
    outer loop
      vertex 30.9529 46.2954 3.8147e-07
      vertex 30.6607 46.6486 10.3
      vertex 30.6607 46.6486 3.8147e-07
    endloop
  endfacet
  facet normal -0.770505 -0.637434 0
    outer loop
      vertex 30.6607 46.6486 10.3
      vertex 30.9529 46.2954 3.8147e-07
      vertex 30.9529 46.2954 10.3
    endloop
  endfacet
  facet normal -0.844326 -0.53583 0
    outer loop
      vertex 31.1985 45.9084 3.8147e-07
      vertex 30.9529 46.2954 10.3
      vertex 30.9529 46.2954 3.8147e-07
    endloop
  endfacet
  facet normal -0.844326 -0.53583 0
    outer loop
      vertex 30.9529 46.2954 10.3
      vertex 31.1985 45.9084 3.8147e-07
      vertex 31.1985 45.9084 10.3
    endloop
  endfacet
  facet normal -0.248667 -0.968589 0
    outer loop
      vertex 28.9125 47.6767 3.8147e-07
      vertex 29.1279 47.6214 10.3
      vertex 28.9125 47.6767 10.3
    endloop
  endfacet
  facet normal -0.248667 -0.968589 -0
    outer loop
      vertex 29.1279 47.6214 10.3
      vertex 28.9125 47.6767 3.8147e-07
      vertex 29.1279 47.6214 3.8147e-07
    endloop
  endfacet
  facet normal -0.481693 -0.87634 0
    outer loop
      vertex 29.5541 47.4526 3.8147e-07
      vertex 29.9558 47.2318 10.3
      vertex 29.5541 47.4526 10.3
    endloop
  endfacet
  facet normal -0.481693 -0.87634 -0
    outer loop
      vertex 29.9558 47.2318 10.3
      vertex 29.5541 47.4526 3.8147e-07
      vertex 29.9558 47.2318 3.8147e-07
    endloop
  endfacet
  facet normal 0.844326 -0.53583 0
    outer loop
      vertex 24.8015 45.9084 10.3
      vertex 25.0471 46.2954 0
      vertex 25.0471 46.2954 10.3
    endloop
  endfacet
  facet normal 0.844326 -0.53583 0
    outer loop
      vertex 25.0471 46.2954 0
      vertex 24.8015 45.9084 10.3
      vertex 24.8015 45.9084 0
    endloop
  endfacet
  facet normal 0.770505 -0.637434 0
    outer loop
      vertex 25.0471 46.2954 10.3
      vertex 25.3393 46.6486 0
      vertex 25.3393 46.6486 10.3
    endloop
  endfacet
  facet normal 0.770505 -0.637434 0
    outer loop
      vertex 25.3393 46.6486 0
      vertex 25.0471 46.2954 10.3
      vertex 25.0471 46.2954 0
    endloop
  endfacet
  facet normal 0.982279 -0.187423 0
    outer loop
      vertex 24.3788 44.6075 10.3
      vertex 24.4647 45.0577 0
      vertex 24.4647 45.0577 10.3
    endloop
  endfacet
  facet normal 0.982279 -0.187423 0
    outer loop
      vertex 24.4647 45.0577 0
      vertex 24.3788 44.6075 10.3
      vertex 24.3788 44.6075 0
    endloop
  endfacet
  facet normal 0.481693 -0.87634 0
    outer loop
      vertex 26.0442 47.2318 0
      vertex 26.4459 47.4526 10.3
      vertex 26.0442 47.2318 10.3
    endloop
  endfacet
  facet normal 0.481693 -0.87634 0
    outer loop
      vertex 26.4459 47.4526 10.3
      vertex 26.0442 47.2318 0
      vertex 26.4459 47.4526 0
    endloop
  endfacet
  facet normal 0.587782 -0.809019 0
    outer loop
      vertex 25.6734 46.9624 0
      vertex 26.0442 47.2318 10.3
      vertex 25.6734 46.9624 10.3
    endloop
  endfacet
  facet normal 0.587782 -0.809019 0
    outer loop
      vertex 26.0442 47.2318 10.3
      vertex 25.6734 46.9624 0
      vertex 26.0442 47.2318 0
    endloop
  endfacet
  facet normal 0.248667 -0.968589 0
    outer loop
      vertex 26.8721 47.6214 0
      vertex 27.0875 47.6767 10.3
      vertex 26.8721 47.6214 10.3
    endloop
  endfacet
  facet normal 0.248667 -0.968589 0
    outer loop
      vertex 27.0875 47.6767 10.3
      vertex 26.8721 47.6214 0
      vertex 27.0875 47.6767 0
    endloop
  endfacet
  facet normal -0.684616 0.728904 0
    outer loop
      vertex 30.6607 41.6514 3.8147e-07
      vertex 30.3266 41.3376 10.3
      vertex 30.6607 41.6514 10.3
    endloop
  endfacet
  facet normal -0.684616 0.728904 0
    outer loop
      vertex 30.3266 41.3376 10.3
      vertex 30.6607 41.6514 3.8147e-07
      vertex 30.3266 41.3376 3.8147e-07
    endloop
  endfacet
  facet normal -0.982279 0.187423 0
    outer loop
      vertex 31.5353 43.2423 3.8147e-07
      vertex 31.6212 43.6925 10.3
      vertex 31.6212 43.6925 3.8147e-07
    endloop
  endfacet
  facet normal -0.982279 0.187423 0
    outer loop
      vertex 31.6212 43.6925 10.3
      vertex 31.5353 43.2423 3.8147e-07
      vertex 31.5353 43.2423 10.3
    endloop
  endfacet
  facet normal -0.904779 0.425881 0
    outer loop
      vertex 31.1985 42.3916 3.8147e-07
      vertex 31.3937 42.8063 10.3
      vertex 31.3937 42.8063 3.8147e-07
    endloop
  endfacet
  facet normal -0.904779 0.425881 0
    outer loop
      vertex 31.3937 42.8063 10.3
      vertex 31.1985 42.3916 3.8147e-07
      vertex 31.1985 42.3916 10.3
    endloop
  endfacet
  facet normal -0.770505 0.637434 0
    outer loop
      vertex 30.6607 41.6514 3.8147e-07
      vertex 30.9529 42.0046 10.3
      vertex 30.9529 42.0046 3.8147e-07
    endloop
  endfacet
  facet normal -0.770505 0.637434 0
    outer loop
      vertex 30.9529 42.0046 10.3
      vertex 30.6607 41.6514 3.8147e-07
      vertex 30.6607 41.6514 10.3
    endloop
  endfacet
  facet normal -0.998024 0.0628265 0
    outer loop
      vertex 31.6212 43.6925 3.8147e-07
      vertex 31.65 44.15 10.3
      vertex 31.65 44.15 3.8147e-07
    endloop
  endfacet
  facet normal -0.998024 0.0628265 0
    outer loop
      vertex 31.65 44.15 10.3
      vertex 31.6212 43.6925 3.8147e-07
      vertex 31.6212 43.6925 10.3
    endloop
  endfacet
  facet normal 0.248486 0.968636 -0
    outer loop
      vertex 27.3161 40.5647 0
      vertex 26.8721 40.6786 10.3
      vertex 27.3161 40.5647 10.3
    endloop
  endfacet
  facet normal 0.248486 0.968636 0
    outer loop
      vertex 26.8721 40.6786 10.3
      vertex 27.3161 40.5647 0
      vertex 26.8721 40.6786 0
    endloop
  endfacet
  facet normal 0.684616 0.728904 -0
    outer loop
      vertex 25.6734 41.3376 0
      vertex 25.3393 41.6514 10.3
      vertex 25.6734 41.3376 10.3
    endloop
  endfacet
  facet normal 0.684616 0.728904 0
    outer loop
      vertex 25.3393 41.6514 10.3
      vertex 25.6734 41.3376 0
      vertex 25.3393 41.6514 0
    endloop
  endfacet
  facet normal 0.844326 0.53583 0
    outer loop
      vertex 25.0471 42.0046 10.3
      vertex 24.8015 42.3916 0
      vertex 24.8015 42.3916 10.3
    endloop
  endfacet
  facet normal 0.844326 0.53583 0
    outer loop
      vertex 24.8015 42.3916 0
      vertex 25.0471 42.0046 10.3
      vertex 25.0471 42.0046 0
    endloop
  endfacet
  facet normal 0.951098 0.308889 0
    outer loop
      vertex 24.6063 42.8063 10.3
      vertex 24.4647 43.2423 0
      vertex 24.4647 43.2423 10.3
    endloop
  endfacet
  facet normal 0.951098 0.308889 0
    outer loop
      vertex 24.4647 43.2423 0
      vertex 24.6063 42.8063 10.3
      vertex 24.6063 42.8063 0
    endloop
  endfacet
  facet normal 0.998024 0.0628265 0
    outer loop
      vertex 24.3788 43.6925 10.3
      vertex 24.35 44.15 0
      vertex 24.35 44.15 10.3
    endloop
  endfacet
  facet normal 0.998024 0.0628265 0
    outer loop
      vertex 24.35 44.15 0
      vertex 24.3788 43.6925 10.3
      vertex 24.3788 43.6925 0
    endloop
  endfacet
  facet normal -0.368229 0.929735 0
    outer loop
      vertex 29.5541 40.8474 3.8147e-07
      vertex 29.1279 40.6786 10.3
      vertex 29.5541 40.8474 10.3
    endloop
  endfacet
  facet normal -0.368229 0.929735 0
    outer loop
      vertex 29.1279 40.6786 10.3
      vertex 29.5541 40.8474 3.8147e-07
      vertex 29.1279 40.6786 3.8147e-07
    endloop
  endfacet
  facet normal -0.248486 0.968636 0
    outer loop
      vertex 29.1279 40.6786 3.8147e-07
      vertex 28.6839 40.5647 10.3
      vertex 29.1279 40.6786 10.3
    endloop
  endfacet
  facet normal -0.248486 0.968636 0
    outer loop
      vertex 28.6839 40.5647 10.3
      vertex 29.1279 40.6786 3.8147e-07
      vertex 28.6839 40.5647 3.8147e-07
    endloop
  endfacet
  facet normal -0.587782 0.809019 0
    outer loop
      vertex 30.3266 41.3376 3.8147e-07
      vertex 29.9558 41.0682 10.3
      vertex 30.3266 41.3376 10.3
    endloop
  endfacet
  facet normal -0.587782 0.809019 0
    outer loop
      vertex 29.9558 41.0682 10.3
      vertex 30.3266 41.3376 3.8147e-07
      vertex 29.9558 41.0682 3.8147e-07
    endloop
  endfacet
  facet normal -0.481693 0.87634 0
    outer loop
      vertex 29.9558 41.0682 3.8147e-07
      vertex 29.5541 40.8474 10.3
      vertex 29.9558 41.0682 10.3
    endloop
  endfacet
  facet normal -0.481693 0.87634 0
    outer loop
      vertex 29.5541 40.8474 10.3
      vertex 29.9558 41.0682 3.8147e-07
      vertex 29.5541 40.8474 3.8147e-07
    endloop
  endfacet
  facet normal -0.951098 0.308889 0
    outer loop
      vertex 31.3937 42.8063 3.8147e-07
      vertex 31.5353 43.2423 10.3
      vertex 31.5353 43.2423 3.8147e-07
    endloop
  endfacet
  facet normal -0.951098 0.308889 0
    outer loop
      vertex 31.5353 43.2423 10.3
      vertex 31.3937 42.8063 3.8147e-07
      vertex 31.3937 42.8063 10.3
    endloop
  endfacet
  facet normal -0.844326 0.53583 0
    outer loop
      vertex 30.9529 42.0046 3.8147e-07
      vertex 31.1985 42.3916 10.3
      vertex 31.1985 42.3916 3.8147e-07
    endloop
  endfacet
  facet normal -0.844326 0.53583 0
    outer loop
      vertex 31.1985 42.3916 10.3
      vertex 30.9529 42.0046 3.8147e-07
      vertex 30.9529 42.0046 10.3
    endloop
  endfacet
  facet normal 0.125458 0.992099 -0
    outer loop
      vertex 27.7708 40.5072 0
      vertex 27.3161 40.5647 10.3
      vertex 27.7708 40.5072 10.3
    endloop
  endfacet
  facet normal 0.125458 0.992099 0
    outer loop
      vertex 27.3161 40.5647 10.3
      vertex 27.7708 40.5072 0
      vertex 27.3161 40.5647 0
    endloop
  endfacet
  facet normal 0.368229 0.929735 -0
    outer loop
      vertex 26.8721 40.6786 0
      vertex 26.4459 40.8474 10.3
      vertex 26.8721 40.6786 10.3
    endloop
  endfacet
  facet normal 0.368229 0.929735 0
    outer loop
      vertex 26.4459 40.8474 10.3
      vertex 26.8721 40.6786 0
      vertex 26.4459 40.8474 0
    endloop
  endfacet
  facet normal 0.587782 0.809019 -0
    outer loop
      vertex 26.0442 41.0682 0
      vertex 25.6734 41.3376 10.3
      vertex 26.0442 41.0682 10.3
    endloop
  endfacet
  facet normal 0.587782 0.809019 0
    outer loop
      vertex 25.6734 41.3376 10.3
      vertex 26.0442 41.0682 0
      vertex 25.6734 41.3376 0
    endloop
  endfacet
  facet normal 0.770505 0.637434 0
    outer loop
      vertex 25.3393 41.6514 10.3
      vertex 25.0471 42.0046 0
      vertex 25.0471 42.0046 10.3
    endloop
  endfacet
  facet normal 0.770505 0.637434 0
    outer loop
      vertex 25.0471 42.0046 0
      vertex 25.3393 41.6514 10.3
      vertex 25.3393 41.6514 0
    endloop
  endfacet
  facet normal 0.904779 0.425881 0
    outer loop
      vertex 24.8015 42.3916 10.3
      vertex 24.6063 42.8063 0
      vertex 24.6063 42.8063 10.3
    endloop
  endfacet
  facet normal 0.904779 0.425881 0
    outer loop
      vertex 24.6063 42.8063 0
      vertex 24.8015 42.3916 10.3
      vertex 24.8015 42.3916 0
    endloop
  endfacet
  facet normal 0.982279 0.187423 0
    outer loop
      vertex 24.4647 43.2423 10.3
      vertex 24.3788 43.6925 0
      vertex 24.3788 43.6925 10.3
    endloop
  endfacet
  facet normal 0.982279 0.187423 0
    outer loop
      vertex 24.3788 43.6925 0
      vertex 24.4647 43.2423 10.3
      vertex 24.4647 43.2423 0
    endloop
  endfacet
  facet normal 0.481693 0.87634 -0
    outer loop
      vertex 26.4459 40.8474 0
      vertex 26.0442 41.0682 10.3
      vertex 26.4459 40.8474 10.3
    endloop
  endfacet
  facet normal 0.481693 0.87634 0
    outer loop
      vertex 26.0442 41.0682 10.3
      vertex 26.4459 40.8474 0
      vertex 26.0442 41.0682 0
    endloop
  endfacet
  facet normal 1 0 0
    outer loop
      vertex 27.0875 50.91 10.3
      vertex 27.0875 47.6767 10.3
      vertex 27.0875 50.91 3.8147e-07
    endloop
  endfacet
  facet normal 1 0 0
    outer loop
      vertex 27.0875 47.6767 0
      vertex 27.0875 50.91 3.8147e-07
      vertex 27.0875 47.6767 10.3
    endloop
  endfacet
  facet normal 1 0 0
    outer loop
      vertex 27.0875 50.91 3.8147e-07
      vertex 27.0875 47.6767 0
      vertex 27.0875 50.91 0
    endloop
  endfacet
  facet normal 1 -0 0
    outer loop
      vertex 27.0875 50.91 10.3
      vertex 27.0875 50.9961 3.8147e-07
      vertex 27.0875 50.9961 10.3
    endloop
  endfacet
  facet normal 1 0 0
    outer loop
      vertex 27.0875 50.9961 3.8147e-07
      vertex 27.0875 50.91 10.3
      vertex 27.0875 50.91 3.8147e-07
    endloop
  endfacet
  facet normal -1 0 0
    outer loop
      vertex 28.9125 47.6767 3.8147e-07
      vertex 28.9125 50.9961 10.3
      vertex 28.9125 50.9961 3.8147e-07
    endloop
  endfacet
  facet normal -1 -0 0
    outer loop
      vertex 28.9125 50.9961 10.3
      vertex 28.9125 47.6767 3.8147e-07
      vertex 28.9125 47.6767 10.3
    endloop
  endfacet
  facet normal -0.998024 -0.0628265 0
    outer loop
      vertex 46.65 44.15 0
      vertex 46.6212 44.6075 10.3
      vertex 46.6212 44.6075 0
    endloop
  endfacet
  facet normal -0.998024 -0.0628265 0
    outer loop
      vertex 46.6212 44.6075 10.3
      vertex 46.65 44.15 0
      vertex 46.65 44.15 10.3
    endloop
  endfacet
  facet normal 0.998024 -0.0628265 0
    outer loop
      vertex 39.35 44.15 10.3
      vertex 39.3788 44.6075 3.8147e-07
      vertex 39.3788 44.6075 10.3
    endloop
  endfacet
  facet normal 0.998024 -0.0628265 0
    outer loop
      vertex 39.3788 44.6075 3.8147e-07
      vertex 39.35 44.15 10.3
      vertex 39.35 44.15 3.8147e-07
    endloop
  endfacet
  facet normal 0 1 -0
    outer loop
      vertex 43.2292 40.5072 0
      vertex 42.7708 40.5072 10.3
      vertex 43.2292 40.5072 10.3
    endloop
  endfacet
  facet normal 0 1 0
    outer loop
      vertex 42.7708 40.5072 10.3
      vertex 43.2292 40.5072 0
      vertex 42.7708 40.5072 0
    endloop
  endfacet
  facet normal -0.684616 -0.728904 0
    outer loop
      vertex 45.3266 46.9624 0
      vertex 45.6607 46.6486 10.3
      vertex 45.3266 46.9624 10.3
    endloop
  endfacet
  facet normal -0.684616 -0.728904 -0
    outer loop
      vertex 45.6607 46.6486 10.3
      vertex 45.3266 46.9624 0
      vertex 45.6607 46.6486 0
    endloop
  endfacet
  facet normal 0.684616 -0.728904 0
    outer loop
      vertex 40.3393 46.6486 3.8147e-07
      vertex 40.6734 46.9624 10.3
      vertex 40.3393 46.6486 10.3
    endloop
  endfacet
  facet normal 0.684616 -0.728904 0
    outer loop
      vertex 40.6734 46.9624 10.3
      vertex 40.3393 46.6486 3.8147e-07
      vertex 40.6734 46.9624 3.8147e-07
    endloop
  endfacet
  facet normal 0.368229 -0.929735 0
    outer loop
      vertex 41.4459 47.4526 3.8147e-07
      vertex 41.8721 47.6214 10.3
      vertex 41.4459 47.4526 10.3
    endloop
  endfacet
  facet normal 0.368229 -0.929735 0
    outer loop
      vertex 41.8721 47.6214 10.3
      vertex 41.4459 47.4526 3.8147e-07
      vertex 41.8721 47.6214 3.8147e-07
    endloop
  endfacet
  facet normal -0.904779 -0.425881 0
    outer loop
      vertex 46.3937 45.4937 0
      vertex 46.1985 45.9084 10.3
      vertex 46.1985 45.9084 0
    endloop
  endfacet
  facet normal -0.904779 -0.425881 0
    outer loop
      vertex 46.1985 45.9084 10.3
      vertex 46.3937 45.4937 0
      vertex 46.3937 45.4937 10.3
    endloop
  endfacet
  facet normal -0.982279 -0.187423 0
    outer loop
      vertex 46.6212 44.6075 0
      vertex 46.5353 45.0577 10.3
      vertex 46.5353 45.0577 0
    endloop
  endfacet
  facet normal -0.982279 -0.187423 0
    outer loop
      vertex 46.5353 45.0577 10.3
      vertex 46.6212 44.6075 0
      vertex 46.6212 44.6075 10.3
    endloop
  endfacet
  facet normal -0.368229 -0.929735 0
    outer loop
      vertex 44.1279 47.6214 0
      vertex 44.5541 47.4526 10.3
      vertex 44.1279 47.6214 10.3
    endloop
  endfacet
  facet normal -0.368229 -0.929735 -0
    outer loop
      vertex 44.5541 47.4526 10.3
      vertex 44.1279 47.6214 0
      vertex 44.5541 47.4526 0
    endloop
  endfacet
  facet normal -0.587782 -0.809019 0
    outer loop
      vertex 44.9558 47.2318 0
      vertex 45.3266 46.9624 10.3
      vertex 44.9558 47.2318 10.3
    endloop
  endfacet
  facet normal -0.587782 -0.809019 -0
    outer loop
      vertex 45.3266 46.9624 10.3
      vertex 44.9558 47.2318 0
      vertex 45.3266 46.9624 0
    endloop
  endfacet
  facet normal 0.904779 -0.425881 0
    outer loop
      vertex 39.6063 45.4937 10.3
      vertex 39.8015 45.9084 3.8147e-07
      vertex 39.8015 45.9084 10.3
    endloop
  endfacet
  facet normal 0.904779 -0.425881 0
    outer loop
      vertex 39.8015 45.9084 3.8147e-07
      vertex 39.6063 45.4937 10.3
      vertex 39.6063 45.4937 3.8147e-07
    endloop
  endfacet
  facet normal 0.951098 -0.308889 0
    outer loop
      vertex 39.4647 45.0577 10.3
      vertex 39.6063 45.4937 3.8147e-07
      vertex 39.6063 45.4937 10.3
    endloop
  endfacet
  facet normal 0.951098 -0.308889 0
    outer loop
      vertex 39.6063 45.4937 3.8147e-07
      vertex 39.4647 45.0577 10.3
      vertex 39.4647 45.0577 3.8147e-07
    endloop
  endfacet
  facet normal -0.125458 0.992099 0
    outer loop
      vertex 43.6839 40.5647 0
      vertex 43.2292 40.5072 10.3
      vertex 43.6839 40.5647 10.3
    endloop
  endfacet
  facet normal -0.125458 0.992099 0
    outer loop
      vertex 43.2292 40.5072 10.3
      vertex 43.6839 40.5647 0
      vertex 43.2292 40.5072 0
    endloop
  endfacet
  facet normal -0.951098 -0.308889 0
    outer loop
      vertex 46.5353 45.0577 0
      vertex 46.3937 45.4937 10.3
      vertex 46.3937 45.4937 0
    endloop
  endfacet
  facet normal -0.951098 -0.308889 0
    outer loop
      vertex 46.3937 45.4937 10.3
      vertex 46.5353 45.0577 0
      vertex 46.5353 45.0577 10.3
    endloop
  endfacet
  facet normal -0.770505 -0.637434 0
    outer loop
      vertex 45.9529 46.2954 0
      vertex 45.6607 46.6486 10.3
      vertex 45.6607 46.6486 0
    endloop
  endfacet
  facet normal -0.770505 -0.637434 0
    outer loop
      vertex 45.6607 46.6486 10.3
      vertex 45.9529 46.2954 0
      vertex 45.9529 46.2954 10.3
    endloop
  endfacet
  facet normal -0.844326 -0.53583 0
    outer loop
      vertex 46.1985 45.9084 0
      vertex 45.9529 46.2954 10.3
      vertex 45.9529 46.2954 0
    endloop
  endfacet
  facet normal -0.844326 -0.53583 0
    outer loop
      vertex 45.9529 46.2954 10.3
      vertex 46.1985 45.9084 0
      vertex 46.1985 45.9084 10.3
    endloop
  endfacet
  facet normal -0.248667 -0.968589 0
    outer loop
      vertex 43.9125 47.6767 0
      vertex 44.1279 47.6214 10.3
      vertex 43.9125 47.6767 10.3
    endloop
  endfacet
  facet normal -0.248667 -0.968589 -0
    outer loop
      vertex 44.1279 47.6214 10.3
      vertex 43.9125 47.6767 0
      vertex 44.1279 47.6214 0
    endloop
  endfacet
  facet normal -0.481693 -0.87634 0
    outer loop
      vertex 44.5541 47.4526 0
      vertex 44.9558 47.2318 10.3
      vertex 44.5541 47.4526 10.3
    endloop
  endfacet
  facet normal -0.481693 -0.87634 -0
    outer loop
      vertex 44.9558 47.2318 10.3
      vertex 44.5541 47.4526 0
      vertex 44.9558 47.2318 0
    endloop
  endfacet
  facet normal 0.844326 -0.53583 0
    outer loop
      vertex 39.8015 45.9084 10.3
      vertex 40.0471 46.2954 3.8147e-07
      vertex 40.0471 46.2954 10.3
    endloop
  endfacet
  facet normal 0.844326 -0.53583 0
    outer loop
      vertex 40.0471 46.2954 3.8147e-07
      vertex 39.8015 45.9084 10.3
      vertex 39.8015 45.9084 3.8147e-07
    endloop
  endfacet
  facet normal 0.770505 -0.637434 0
    outer loop
      vertex 40.0471 46.2954 10.3
      vertex 40.3393 46.6486 3.8147e-07
      vertex 40.3393 46.6486 10.3
    endloop
  endfacet
  facet normal 0.770505 -0.637434 0
    outer loop
      vertex 40.3393 46.6486 3.8147e-07
      vertex 40.0471 46.2954 10.3
      vertex 40.0471 46.2954 3.8147e-07
    endloop
  endfacet
  facet normal 0.982279 -0.187423 0
    outer loop
      vertex 39.3788 44.6075 10.3
      vertex 39.4647 45.0577 3.8147e-07
      vertex 39.4647 45.0577 10.3
    endloop
  endfacet
  facet normal 0.982279 -0.187423 0
    outer loop
      vertex 39.4647 45.0577 3.8147e-07
      vertex 39.3788 44.6075 10.3
      vertex 39.3788 44.6075 3.8147e-07
    endloop
  endfacet
  facet normal 0.481693 -0.87634 0
    outer loop
      vertex 41.0442 47.2318 3.8147e-07
      vertex 41.4459 47.4526 10.3
      vertex 41.0442 47.2318 10.3
    endloop
  endfacet
  facet normal 0.481693 -0.87634 0
    outer loop
      vertex 41.4459 47.4526 10.3
      vertex 41.0442 47.2318 3.8147e-07
      vertex 41.4459 47.4526 3.8147e-07
    endloop
  endfacet
  facet normal 0.587782 -0.809019 0
    outer loop
      vertex 40.6734 46.9624 3.8147e-07
      vertex 41.0442 47.2318 10.3
      vertex 40.6734 46.9624 10.3
    endloop
  endfacet
  facet normal 0.587782 -0.809019 0
    outer loop
      vertex 41.0442 47.2318 10.3
      vertex 40.6734 46.9624 3.8147e-07
      vertex 41.0442 47.2318 3.8147e-07
    endloop
  endfacet
  facet normal 0.248667 -0.968589 0
    outer loop
      vertex 41.8721 47.6214 3.8147e-07
      vertex 42.0875 47.6767 10.3
      vertex 41.8721 47.6214 10.3
    endloop
  endfacet
  facet normal 0.248667 -0.968589 0
    outer loop
      vertex 42.0875 47.6767 10.3
      vertex 41.8721 47.6214 3.8147e-07
      vertex 42.0875 47.6767 3.8147e-07
    endloop
  endfacet
  facet normal -0.684616 0.728904 0
    outer loop
      vertex 45.6607 41.6514 0
      vertex 45.3266 41.3376 10.3
      vertex 45.6607 41.6514 10.3
    endloop
  endfacet
  facet normal -0.684616 0.728904 0
    outer loop
      vertex 45.3266 41.3376 10.3
      vertex 45.6607 41.6514 0
      vertex 45.3266 41.3376 0
    endloop
  endfacet
  facet normal -0.982279 0.187423 0
    outer loop
      vertex 46.5353 43.2423 0
      vertex 46.6212 43.6925 10.3
      vertex 46.6212 43.6925 0
    endloop
  endfacet
  facet normal -0.982279 0.187423 0
    outer loop
      vertex 46.6212 43.6925 10.3
      vertex 46.5353 43.2423 0
      vertex 46.5353 43.2423 10.3
    endloop
  endfacet
  facet normal -0.904779 0.425881 0
    outer loop
      vertex 46.1985 42.3916 0
      vertex 46.3937 42.8063 10.3
      vertex 46.3937 42.8063 0
    endloop
  endfacet
  facet normal -0.904779 0.425881 0
    outer loop
      vertex 46.3937 42.8063 10.3
      vertex 46.1985 42.3916 0
      vertex 46.1985 42.3916 10.3
    endloop
  endfacet
  facet normal -0.770505 0.637434 0
    outer loop
      vertex 45.6607 41.6514 0
      vertex 45.9529 42.0046 10.3
      vertex 45.9529 42.0046 0
    endloop
  endfacet
  facet normal -0.770505 0.637434 0
    outer loop
      vertex 45.9529 42.0046 10.3
      vertex 45.6607 41.6514 0
      vertex 45.6607 41.6514 10.3
    endloop
  endfacet
  facet normal -0.998024 0.0628265 0
    outer loop
      vertex 46.6212 43.6925 0
      vertex 46.65 44.15 10.3
      vertex 46.65 44.15 0
    endloop
  endfacet
  facet normal -0.998024 0.0628265 0
    outer loop
      vertex 46.65 44.15 10.3
      vertex 46.6212 43.6925 0
      vertex 46.6212 43.6925 10.3
    endloop
  endfacet
  facet normal 0.248486 0.968636 -0
    outer loop
      vertex 42.3161 40.5647 3.8147e-07
      vertex 41.8721 40.6786 10.3
      vertex 42.3161 40.5647 10.3
    endloop
  endfacet
  facet normal 0.248486 0.968636 0
    outer loop
      vertex 41.8721 40.6786 10.3
      vertex 42.3161 40.5647 3.8147e-07
      vertex 41.8721 40.6786 3.8147e-07
    endloop
  endfacet
  facet normal 0.684616 0.728904 -0
    outer loop
      vertex 40.6734 41.3376 3.8147e-07
      vertex 40.3393 41.6514 10.3
      vertex 40.6734 41.3376 10.3
    endloop
  endfacet
  facet normal 0.684616 0.728904 0
    outer loop
      vertex 40.3393 41.6514 10.3
      vertex 40.6734 41.3376 3.8147e-07
      vertex 40.3393 41.6514 3.8147e-07
    endloop
  endfacet
  facet normal 0.844326 0.53583 0
    outer loop
      vertex 40.0471 42.0046 10.3
      vertex 39.8015 42.3916 3.8147e-07
      vertex 39.8015 42.3916 10.3
    endloop
  endfacet
  facet normal 0.844326 0.53583 0
    outer loop
      vertex 39.8015 42.3916 3.8147e-07
      vertex 40.0471 42.0046 10.3
      vertex 40.0471 42.0046 3.8147e-07
    endloop
  endfacet
  facet normal 0.951098 0.308889 0
    outer loop
      vertex 39.6063 42.8063 10.3
      vertex 39.4647 43.2423 3.8147e-07
      vertex 39.4647 43.2423 10.3
    endloop
  endfacet
  facet normal 0.951098 0.308889 0
    outer loop
      vertex 39.4647 43.2423 3.8147e-07
      vertex 39.6063 42.8063 10.3
      vertex 39.6063 42.8063 3.8147e-07
    endloop
  endfacet
  facet normal 0.998024 0.0628265 0
    outer loop
      vertex 39.3788 43.6925 10.3
      vertex 39.35 44.15 3.8147e-07
      vertex 39.35 44.15 10.3
    endloop
  endfacet
  facet normal 0.998024 0.0628265 0
    outer loop
      vertex 39.35 44.15 3.8147e-07
      vertex 39.3788 43.6925 10.3
      vertex 39.3788 43.6925 3.8147e-07
    endloop
  endfacet
  facet normal -0.368229 0.929735 0
    outer loop
      vertex 44.5541 40.8474 0
      vertex 44.1279 40.6786 10.3
      vertex 44.5541 40.8474 10.3
    endloop
  endfacet
  facet normal -0.368229 0.929735 0
    outer loop
      vertex 44.1279 40.6786 10.3
      vertex 44.5541 40.8474 0
      vertex 44.1279 40.6786 0
    endloop
  endfacet
  facet normal -0.248486 0.968636 0
    outer loop
      vertex 44.1279 40.6786 0
      vertex 43.6839 40.5647 10.3
      vertex 44.1279 40.6786 10.3
    endloop
  endfacet
  facet normal -0.248486 0.968636 0
    outer loop
      vertex 43.6839 40.5647 10.3
      vertex 44.1279 40.6786 0
      vertex 43.6839 40.5647 0
    endloop
  endfacet
  facet normal -0.587782 0.809019 0
    outer loop
      vertex 45.3266 41.3376 0
      vertex 44.9558 41.0682 10.3
      vertex 45.3266 41.3376 10.3
    endloop
  endfacet
  facet normal -0.587782 0.809019 0
    outer loop
      vertex 44.9558 41.0682 10.3
      vertex 45.3266 41.3376 0
      vertex 44.9558 41.0682 0
    endloop
  endfacet
  facet normal -0.481693 0.87634 0
    outer loop
      vertex 44.9558 41.0682 0
      vertex 44.5541 40.8474 10.3
      vertex 44.9558 41.0682 10.3
    endloop
  endfacet
  facet normal -0.481693 0.87634 0
    outer loop
      vertex 44.5541 40.8474 10.3
      vertex 44.9558 41.0682 0
      vertex 44.5541 40.8474 0
    endloop
  endfacet
  facet normal -0.951098 0.308889 0
    outer loop
      vertex 46.3937 42.8063 0
      vertex 46.5353 43.2423 10.3
      vertex 46.5353 43.2423 0
    endloop
  endfacet
  facet normal -0.951098 0.308889 0
    outer loop
      vertex 46.5353 43.2423 10.3
      vertex 46.3937 42.8063 0
      vertex 46.3937 42.8063 10.3
    endloop
  endfacet
  facet normal -0.844326 0.53583 0
    outer loop
      vertex 45.9529 42.0046 0
      vertex 46.1985 42.3916 10.3
      vertex 46.1985 42.3916 0
    endloop
  endfacet
  facet normal -0.844326 0.53583 0
    outer loop
      vertex 46.1985 42.3916 10.3
      vertex 45.9529 42.0046 0
      vertex 45.9529 42.0046 10.3
    endloop
  endfacet
  facet normal 0.125694 0.992069 0
    outer loop
      vertex 42.5 40.5414 10.3
      vertex 42.5 40.5414 3.8147e-07
      vertex 42.3161 40.5647 10.3
    endloop
  endfacet
  facet normal 0.125297 0.992119 0
    outer loop
      vertex 42.7708 40.5072 10.3
      vertex 42.5 40.5414 3.8147e-07
      vertex 42.5 40.5414 10.3
    endloop
  endfacet
  facet normal 0.125297 0.992119 -0
    outer loop
      vertex 42.7708 40.5072 0
      vertex 42.5 40.5414 3.8147e-07
      vertex 42.7708 40.5072 10.3
    endloop
  endfacet
  facet normal 0.125297 0.992119 0
    outer loop
      vertex 42.5 40.5414 3.8147e-07
      vertex 42.7708 40.5072 0
      vertex 42.5 40.5414 0
    endloop
  endfacet
  facet normal 0.125694 0.992069 0
    outer loop
      vertex 42.3161 40.5647 10.3
      vertex 42.5 40.5414 3.8147e-07
      vertex 42.3161 40.5647 3.8147e-07
    endloop
  endfacet
  facet normal 0.368229 0.929735 -0
    outer loop
      vertex 41.8721 40.6786 3.8147e-07
      vertex 41.4459 40.8474 10.3
      vertex 41.8721 40.6786 10.3
    endloop
  endfacet
  facet normal 0.368229 0.929735 0
    outer loop
      vertex 41.4459 40.8474 10.3
      vertex 41.8721 40.6786 3.8147e-07
      vertex 41.4459 40.8474 3.8147e-07
    endloop
  endfacet
  facet normal 0.587782 0.809019 -0
    outer loop
      vertex 41.0442 41.0682 3.8147e-07
      vertex 40.6734 41.3376 10.3
      vertex 41.0442 41.0682 10.3
    endloop
  endfacet
  facet normal 0.587782 0.809019 0
    outer loop
      vertex 40.6734 41.3376 10.3
      vertex 41.0442 41.0682 3.8147e-07
      vertex 40.6734 41.3376 3.8147e-07
    endloop
  endfacet
  facet normal 0.770505 0.637434 0
    outer loop
      vertex 40.3393 41.6514 10.3
      vertex 40.0471 42.0046 3.8147e-07
      vertex 40.0471 42.0046 10.3
    endloop
  endfacet
  facet normal 0.770505 0.637434 0
    outer loop
      vertex 40.0471 42.0046 3.8147e-07
      vertex 40.3393 41.6514 10.3
      vertex 40.3393 41.6514 3.8147e-07
    endloop
  endfacet
  facet normal 0.904779 0.425881 0
    outer loop
      vertex 39.8015 42.3916 10.3
      vertex 39.6063 42.8063 3.8147e-07
      vertex 39.6063 42.8063 10.3
    endloop
  endfacet
  facet normal 0.904779 0.425881 0
    outer loop
      vertex 39.6063 42.8063 3.8147e-07
      vertex 39.8015 42.3916 10.3
      vertex 39.8015 42.3916 3.8147e-07
    endloop
  endfacet
  facet normal 0.982279 0.187423 0
    outer loop
      vertex 39.4647 43.2423 10.3
      vertex 39.3788 43.6925 3.8147e-07
      vertex 39.3788 43.6925 10.3
    endloop
  endfacet
  facet normal 0.982279 0.187423 0
    outer loop
      vertex 39.3788 43.6925 3.8147e-07
      vertex 39.4647 43.2423 10.3
      vertex 39.4647 43.2423 3.8147e-07
    endloop
  endfacet
  facet normal 0.481693 0.87634 -0
    outer loop
      vertex 41.4459 40.8474 3.8147e-07
      vertex 41.0442 41.0682 10.3
      vertex 41.4459 40.8474 10.3
    endloop
  endfacet
  facet normal 0.481693 0.87634 0
    outer loop
      vertex 41.0442 41.0682 10.3
      vertex 41.4459 40.8474 3.8147e-07
      vertex 41.0442 41.0682 3.8147e-07
    endloop
  endfacet
  facet normal 1 -0 0
    outer loop
      vertex 42.0875 47.6767 10.3
      vertex 42.0875 50.9961 3.8147e-07
      vertex 42.0875 50.9961 10.3
    endloop
  endfacet
  facet normal 1 0 0
    outer loop
      vertex 42.0875 50.9961 3.8147e-07
      vertex 42.0875 47.6767 10.3
      vertex 42.0875 47.6767 3.8147e-07
    endloop
  endfacet
  facet normal -1 0 0
    outer loop
      vertex 43.9125 47.6767 0
      vertex 43.9125 50.91 3.8147e-07
      vertex 43.9125 50.91 0
    endloop
  endfacet
  facet normal -1 -0 0
    outer loop
      vertex 43.9125 50.91 3.8147e-07
      vertex 43.9125 47.6767 0
      vertex 43.9125 50.91 10.3
    endloop
  endfacet
  facet normal -1 0 0
    outer loop
      vertex 43.9125 47.6767 10.3
      vertex 43.9125 50.91 10.3
      vertex 43.9125 47.6767 0
    endloop
  endfacet
  facet normal -1 0 0
    outer loop
      vertex 43.9125 50.91 3.8147e-07
      vertex 43.9125 50.9961 10.3
      vertex 43.9125 50.9961 3.8147e-07
    endloop
  endfacet
  facet normal -1 -0 0
    outer loop
      vertex 43.9125 50.9961 10.3
      vertex 43.9125 50.91 3.8147e-07
      vertex 43.9125 50.91 10.3
    endloop
  endfacet
  facet normal 0.125333 0.992115 -0
    outer loop
      vertex 33.5089 3.85257 0
      vertex 33.3509 3.87253 1.8
      vertex 33.5089 3.85257 1.8
    endloop
  endfacet
  facet normal 0.125333 0.992115 0
    outer loop
      vertex 33.3509 3.87253 1.8
      vertex 33.5089 3.85257 0
      vertex 33.3509 3.87253 0
    endloop
  endfacet
  facet normal 0 1 -0
    outer loop
      vertex 37.4911 3.85257 0
      vertex 33.5089 3.85257 1.8
      vertex 37.4911 3.85257 1.8
    endloop
  endfacet
  facet normal 0 1 0
    outer loop
      vertex 33.5089 3.85257 1.8
      vertex 37.4911 3.85257 0
      vertex 33.5089 3.85257 0
    endloop
  endfacet
  facet normal -0.125333 0.992115 0
    outer loop
      vertex 37.6491 3.87253 0
      vertex 37.4911 3.85257 1.8
      vertex 37.6491 3.87253 1.8
    endloop
  endfacet
  facet normal -0.125333 0.992115 0
    outer loop
      vertex 37.4911 3.85257 1.8
      vertex 37.6491 3.87253 0
      vertex 37.4911 3.85257 0
    endloop
  endfacet
  facet normal 0 -1 0
    outer loop
      vertex 33.7237 7.26582 0
      vertex 37.2763 7.26582 1.8
      vertex 33.7237 7.26582 1.8
    endloop
  endfacet
  facet normal 0 -1 -0
    outer loop
      vertex 37.2763 7.26582 1.8
      vertex 33.7237 7.26582 0
      vertex 37.2763 7.26582 0
    endloop
  endfacet
  facet normal 0 0 1
    outer loop
      vertex 4.11798 40.3788 1.8
      vertex 3.87253 37.6491 1.8
      vertex 4.20608 40.2894 1.8
    endloop
  endfacet
  facet normal 0 0 1
    outer loop
      vertex 3.90059 40.6631 1.8
      vertex 3.87253 37.6491 1.8
      vertex 4.11798 40.3788 1.8
    endloop
  endfacet
  facet normal 0 0 1
    outer loop
      vertex 3.72056 40.9724 1.8
      vertex 3.87253 37.6491 1.8
      vertex 3.90059 40.6631 1.8
    endloop
  endfacet
  facet normal 0 0 1
    outer loop
      vertex 3.87253 37.6491 1.8
      vertex 3.58071 41.3019 1.8
      vertex 3.85257 37.4911 1.8
    endloop
  endfacet
  facet normal 0 0 1
    outer loop
      vertex 3.58071 41.3019 1.8
      vertex 3.87253 37.6491 1.8
      vertex 3.72056 40.9724 1.8
    endloop
  endfacet
  facet normal 0 0 1
    outer loop
      vertex 9.85 23.5 1.8
      vertex 8.19391 28.3185 1.8
      vertex 8.22066 28.1067 1.8
    endloop
  endfacet
  facet normal 0 0 1
    outer loop
      vertex 8.50859 40.4861 1.8
      vertex 8.14082 28.5253 1.8
      vertex 8.19391 28.3185 1.8
    endloop
  endfacet
  facet normal 0 0 1
    outer loop
      vertex 7.26582 37.2763 1.8
      vertex 8.27003 40.2193 1.8
      vertex 7.99992 39.9845 1.8
    endloop
  endfacet
  facet normal 0 0 1
    outer loop
      vertex 8.50859 40.4861 1.8
      vertex 7.71109 30.199 1.8
      vertex 8.14082 28.5253 1.8
    endloop
  endfacet
  facet normal 0 0 1
    outer loop
      vertex 7.26582 37.2763 1.8
      vertex 7.99992 39.9845 1.8
      vertex 7.70251 39.7853 1.8
    endloop
  endfacet
  facet normal 0 0 1
    outer loop
      vertex 7.26582 37.2763 1.8
      vertex 7.70251 39.7853 1.8
      vertex 7.5747 39.7213 1.8
    endloop
  endfacet
  facet normal 0 0 1
    outer loop
      vertex 8.50859 40.4861 1.8
      vertex 7.26582 37.2763 1.8
      vertex 7.26582 33.7237 1.8
    endloop
  endfacet
  facet normal 0 0 1
    outer loop
      vertex 8.50859 40.4861 1.8
      vertex 7.26582 33.7237 1.8
      vertex 7.71109 30.199 1.8
    endloop
  endfacet
  facet normal -0 0 1
    outer loop
      vertex 9.85 23.5 1.8
      vertex 13 21 1.8
      vertex 13 23.5 1.8
    endloop
  endfacet
  facet normal 0 0 1
    outer loop
      vertex 13 21 1.8
      vertex 10.3647 0.734153 1.8
      vertex 12.1893 0.265692 1.8
    endloop
  endfacet
  facet normal 0 0 1
    outer loop
      vertex 0 15 1.8
      vertex 13 21 1.8
      vertex 9.85 23.5 1.8
    endloop
  endfacet
  facet normal -0 0 1
    outer loop
      vertex 9.08063 41.7831 1.8
      vertex 9.85 23.5 1.8
      vertex 9.1168 42.1391 1.8
    endloop
  endfacet
  facet normal -0 0 1
    outer loop
      vertex 9.00012 41.4343 1.8
      vertex 9.85 23.5 1.8
      vertex 9.08063 41.7831 1.8
    endloop
  endfacet
  facet normal -0 0 1
    outer loop
      vertex 8.19391 28.3185 1.8
      vertex 9.85 23.5 1.8
      vertex 9.00012 41.4343 1.8
    endloop
  endfacet
  facet normal 0 0 1
    outer loop
      vertex 8.19391 28.3185 1.8
      vertex 9.00012 41.4343 1.8
      vertex 8.87653 41.0984 1.8
    endloop
  endfacet
  facet normal 0 0 1
    outer loop
      vertex 8.19391 28.3185 1.8
      vertex 8.87653 41.0984 1.8
      vertex 8.71183 40.7807 1.8
    endloop
  endfacet
  facet normal -0 0 1
    outer loop
      vertex 8.19391 27.6815 1.8
      vertex 9.85 23.5 1.8
      vertex 8.22066 27.8933 1.8
    endloop
  endfacet
  facet normal 0 0 1
    outer loop
      vertex 8.19391 28.3185 1.8
      vertex 8.71183 40.7807 1.8
      vertex 8.50859 40.4861 1.8
    endloop
  endfacet
  facet normal 0 0 1
    outer loop
      vertex 7.26582 37.2763 1.8
      vertex 8.50859 40.4861 1.8
      vertex 8.27003 40.2193 1.8
    endloop
  endfacet
  facet normal 0 0 1
    outer loop
      vertex 9.85 23.5 1.8
      vertex 8.22066 28.1067 1.8
      vertex 8.22066 27.8933 1.8
    endloop
  endfacet
  facet normal -0 0 1
    outer loop
      vertex 8.14082 27.4747 1.8
      vertex 9.85 23.5 1.8
      vertex 8.19391 27.6815 1.8
    endloop
  endfacet
  facet normal -0 0 1
    outer loop
      vertex 8.06223 27.2762 1.8
      vertex 9.85 23.5 1.8
      vertex 8.14082 27.4747 1.8
    endloop
  endfacet
  facet normal -0 0 1
    outer loop
      vertex 7.95938 27.0891 1.8
      vertex 9.85 23.5 1.8
      vertex 8.06223 27.2762 1.8
    endloop
  endfacet
  facet normal -0 0 1
    outer loop
      vertex 7.83389 26.9164 1.8
      vertex 9.85 23.5 1.8
      vertex 7.95938 27.0891 1.8
    endloop
  endfacet
  facet normal -0 0 1
    outer loop
      vertex 7.68775 26.7608 1.8
      vertex 9.85 23.5 1.8
      vertex 7.83389 26.9164 1.8
    endloop
  endfacet
  facet normal -0 0 1
    outer loop
      vertex 7.52325 26.6247 1.8
      vertex 9.85 23.5 1.8
      vertex 7.68775 26.7608 1.8
    endloop
  endfacet
  facet normal -0 0 1
    outer loop
      vertex 7.343 26.5103 1.8
      vertex 9.85 23.5 1.8
      vertex 7.52325 26.6247 1.8
    endloop
  endfacet
  facet normal -0 0 1
    outer loop
      vertex 7.14983 26.4194 1.8
      vertex 9.85 23.5 1.8
      vertex 7.343 26.5103 1.8
    endloop
  endfacet
  facet normal 0 0 1
    outer loop
      vertex 13 21 1.8
      vertex 8.61331 1.4276 1.8
      vertex 10.3647 0.734153 1.8
    endloop
  endfacet
  facet normal -0 0 1
    outer loop
      vertex 6.94679 26.3534 1.8
      vertex 9.85 23.5 1.8
      vertex 7.14983 26.4194 1.8
    endloop
  endfacet
  facet normal 0 0 1
    outer loop
      vertex 13 21 1.8
      vertex 6.9626 2.33508 1.8
      vertex 8.61331 1.4276 1.8
    endloop
  endfacet
  facet normal -0 0 1
    outer loop
      vertex 6.73709 26.3134 1.8
      vertex 9.85 23.5 1.8
      vertex 6.94679 26.3534 1.8
    endloop
  endfacet
  facet normal -0 0 1
    outer loop
      vertex 6.52402 26.3 1.8
      vertex 9.85 23.5 1.8
      vertex 6.73709 26.3134 1.8
    endloop
  endfacet
  facet normal -0 0 1
    outer loop
      vertex 6.50341 26.3 1.8
      vertex 9.85 23.5 1.8
      vertex 6.52402 26.3 1.8
    endloop
  endfacet
  facet normal 0 0 1
    outer loop
      vertex 6.29035 26.3134 1.8
      vertex 9.85 23.5 1.8
      vertex 6.50341 26.3 1.8
    endloop
  endfacet
  facet normal 0 0 1
    outer loop
      vertex 6.08064 26.3534 1.8
      vertex 9.85 23.5 1.8
      vertex 6.29035 26.3134 1.8
    endloop
  endfacet
  facet normal 0 0 1
    outer loop
      vertex 9.85 23.5 1.8
      vertex 6.08064 26.3534 1.8
      vertex 0 15 1.8
    endloop
  endfacet
  facet normal 0 0 1
    outer loop
      vertex 0 15 1.8
      vertex 6.08064 26.3534 1.8
      vertex 5.8776 26.4194 1.8
    endloop
  endfacet
  facet normal 0 0 1
    outer loop
      vertex 0 15 1.8
      vertex 5.8776 26.4194 1.8
      vertex 5.68443 26.5103 1.8
    endloop
  endfacet
  facet normal 0 0 1
    outer loop
      vertex 0 15 1.8
      vertex 5.68443 26.5103 1.8
      vertex 5.50418 26.6247 1.8
    endloop
  endfacet
  facet normal 0 0 1
    outer loop
      vertex 13 21 1.8
      vertex 5.43864 3.4423 1.8
      vertex 6.9626 2.33508 1.8
    endloop
  endfacet
  facet normal 0 0 1
    outer loop
      vertex 0 15 1.8
      vertex 5.50418 26.6247 1.8
      vertex 5.33968 26.7608 1.8
    endloop
  endfacet
  facet normal 0 0 1
    outer loop
      vertex 0 15 1.8
      vertex 5.33968 26.7608 1.8
      vertex 5.19354 26.9164 1.8
    endloop
  endfacet
  facet normal 0 0 1
    outer loop
      vertex 0 15 1.8
      vertex 5.19354 26.9164 1.8
      vertex 5.06806 27.0891 1.8
    endloop
  endfacet
  facet normal 0 0 1
    outer loop
      vertex 0 15 1.8
      vertex 5.06806 27.0891 1.8
      vertex 4.96521 27.2762 1.8
    endloop
  endfacet
  facet normal 0 0 1
    outer loop
      vertex 0 15 1.8
      vertex 4.96521 27.2762 1.8
      vertex 4.88662 27.4747 1.8
    endloop
  endfacet
  facet normal 0 0 1
    outer loop
      vertex 0 15 1.8
      vertex 4.88662 27.4747 1.8
      vertex 4.42441 29.2748 1.8
    endloop
  endfacet
  facet normal 0 0 1
    outer loop
      vertex 0 15 1.8
      vertex 4.42441 29.2748 1.8
      vertex 4.40476 29.3514 1.8
    endloop
  endfacet
  facet normal 0 0 1
    outer loop
      vertex 0 15 1.8
      vertex 4.40476 29.3514 1.8
      vertex 4.35167 29.5581 1.8
    endloop
  endfacet
  facet normal 0 0 1
    outer loop
      vertex 0 15 1.8
      vertex 4.35167 29.5581 1.8
      vertex 4.32491 29.7699 1.8
    endloop
  endfacet
  facet normal 0 0 1
    outer loop
      vertex 13 21 1.8
      vertex 0 15 1.8
      vertex 0.11828 13.12 1.8
    endloop
  endfacet
  facet normal 0 0 1
    outer loop
      vertex 0 15 1.8
      vertex 4.32491 29.7699 1.8
      vertex 3.87253 33.3509 1.8
    endloop
  endfacet
  facet normal 0 0 1
    outer loop
      vertex 0 15 1.8
      vertex 3.87253 33.3509 1.8
      vertex 3.85257 33.5089 1.8
    endloop
  endfacet
  facet normal 0 0 1
    outer loop
      vertex 3.48326 41.6463 1.8
      vertex 3.85257 37.4911 1.8
      vertex 3.58071 41.3019 1.8
    endloop
  endfacet
  facet normal 0 0 1
    outer loop
      vertex 3.42974 42.0001 1.8
      vertex 3.85257 37.4911 1.8
      vertex 3.48326 41.6463 1.8
    endloop
  endfacet
  facet normal 0 0 1
    outer loop
      vertex 3.85257 37.4911 1.8
      vertex 3.42974 42.0001 1.8
      vertex 3.85257 33.5089 1.8
    endloop
  endfacet
  facet normal 0 0 1
    outer loop
      vertex 3.85257 33.5089 1.8
      vertex 3.42974 42.0001 1.8
      vertex 0 15 1.8
    endloop
  endfacet
  facet normal 0 0 1
    outer loop
      vertex 0 56 1.8
      vertex 3.42974 42.0001 1.8
      vertex 3.421 42.3579 1.8
    endloop
  endfacet
  facet normal 0 0 1
    outer loop
      vertex 3.45717 42.714 1.8
      vertex 0 56 1.8
      vertex 3.421 42.3579 1.8
    endloop
  endfacet
  facet normal 0 0 1
    outer loop
      vertex 3.42974 42.0001 1.8
      vertex 0 56 1.8
      vertex 0 15 1.8
    endloop
  endfacet
  facet normal 0 0 1
    outer loop
      vertex 0 56 1.8
      vertex 2.86475 64.8168 1.8
      vertex 1.8554 63.2263 1.8
    endloop
  endfacet
  facet normal 0 0 1
    outer loop
      vertex 13 21 1.8
      vertex 4.06547 4.73179 1.8
      vertex 5.43864 3.4423 1.8
    endloop
  endfacet
  facet normal 0 0 1
    outer loop
      vertex 0 56 1.8
      vertex 1.8554 63.2263 1.8
      vertex 1.05335 61.5219 1.8
    endloop
  endfacet
  facet normal 0 0 1
    outer loop
      vertex 13 21 1.8
      vertex 2.86475 6.18322 1.8
      vertex 4.06547 4.73179 1.8
    endloop
  endfacet
  facet normal 0 0 1
    outer loop
      vertex 0 56 1.8
      vertex 1.05335 61.5219 1.8
      vertex 0.471253 59.7303 1.8
    endloop
  endfacet
  facet normal 0 0 1
    outer loop
      vertex 13 21 1.8
      vertex 1.8554 7.77369 1.8
      vertex 2.86475 6.18322 1.8
    endloop
  endfacet
  facet normal 0 0 1
    outer loop
      vertex 0 56 1.8
      vertex 0.471253 59.7303 1.8
      vertex 0.11828 57.88 1.8
    endloop
  endfacet
  facet normal 0 0 1
    outer loop
      vertex 13 21 1.8
      vertex 1.05335 9.47813 1.8
      vertex 1.8554 7.77369 1.8
    endloop
  endfacet
  facet normal 0 0 1
    outer loop
      vertex 13 21 1.8
      vertex 0.471253 11.2697 1.8
      vertex 1.05335 9.47813 1.8
    endloop
  endfacet
  facet normal 0 0 1
    outer loop
      vertex 13 21 1.8
      vertex 0.11828 13.12 1.8
      vertex 0.471253 11.2697 1.8
    endloop
  endfacet
  facet normal -0 0 1
    outer loop
      vertex 34.3748 19.0354 1.8
      vertex 34.5 13.7 1.8
      vertex 34.5 19.0676 1.8
    endloop
  endfacet
  facet normal -0 0 1
    outer loop
      vertex 34.1256 19.0039 1.8
      vertex 34.5 13.7 1.8
      vertex 34.3748 19.0354 1.8
    endloop
  endfacet
  facet normal 0 0 1
    outer loop
      vertex 34.1256 19.0039 1.8
      vertex 23.5 13.7 1.8
      vertex 34.5 13.7 1.8
    endloop
  endfacet
  facet normal 0 0 1
    outer loop
      vertex 23.5 13.7 1.8
      vertex 14.8744 19.0039 1.8
      vertex 23.5 9.7 1.8
    endloop
  endfacet
  facet normal -0 0 1
    outer loop
      vertex 14.8744 19.0039 1.8
      vertex 23.5 13.7 1.8
      vertex 34.1256 19.0039 1.8
    endloop
  endfacet
  facet normal 0 0 1
    outer loop
      vertex 34.5 57.3 1.8
      vertex 34.3748 51.9646 1.8
      vertex 34.5 51.9324 1.8
    endloop
  endfacet
  facet normal 0 0 1
    outer loop
      vertex 34.5 57.3 1.8
      vertex 34.1256 51.9961 1.8
      vertex 34.3748 51.9646 1.8
    endloop
  endfacet
  facet normal -0 0 1
    outer loop
      vertex 23.5 57.3 1.8
      vertex 34.1256 51.9961 1.8
      vertex 34.5 57.3 1.8
    endloop
  endfacet
  facet normal 0 0 1
    outer loop
      vertex 34.1256 51.9961 1.8
      vertex 23.5 57.3 1.8
      vertex 14.8744 51.9961 1.8
    endloop
  endfacet
  facet normal 0 0 1
    outer loop
      vertex 47.5 9.7 1.8
      vertex 44.6866 6.73709 1.8
      vertex 44.7 6.52402 1.8
    endloop
  endfacet
  facet normal 0 0 1
    outer loop
      vertex 47.5 9.7 1.8
      vertex 44.6466 6.94679 1.8
      vertex 44.6866 6.73709 1.8
    endloop
  endfacet
  facet normal 0 0 1
    outer loop
      vertex 47.5 9.7 1.8
      vertex 44.5806 7.14983 1.8
      vertex 44.6466 6.94679 1.8
    endloop
  endfacet
  facet normal 0 0 1
    outer loop
      vertex 47.5 9.7 1.8
      vertex 44.4897 7.343 1.8
      vertex 44.5806 7.14983 1.8
    endloop
  endfacet
  facet normal 0 0 1
    outer loop
      vertex 47.5 9.7 1.8
      vertex 44.3753 7.52325 1.8
      vertex 44.4897 7.343 1.8
    endloop
  endfacet
  facet normal 0 0 1
    outer loop
      vertex 47.5 9.7 1.8
      vertex 44.2392 7.68775 1.8
      vertex 44.3753 7.52325 1.8
    endloop
  endfacet
  facet normal 0 0 1
    outer loop
      vertex 47.5 9.7 1.8
      vertex 44.0836 7.83389 1.8
      vertex 44.2392 7.68775 1.8
    endloop
  endfacet
  facet normal 0 0 1
    outer loop
      vertex 47.5 9.7 1.8
      vertex 43.9109 7.95938 1.8
      vertex 44.0836 7.83389 1.8
    endloop
  endfacet
  facet normal 0 0 1
    outer loop
      vertex 47.5 9.7 1.8
      vertex 43.7238 8.06223 1.8
      vertex 43.9109 7.95938 1.8
    endloop
  endfacet
  facet normal 0 0 1
    outer loop
      vertex 47.5 9.7 1.8
      vertex 43.5253 8.14082 1.8
      vertex 43.7238 8.06223 1.8
    endloop
  endfacet
  facet normal 0 0 1
    outer loop
      vertex 47.5 9.7 1.8
      vertex 43.3186 8.19391 1.8
      vertex 43.5253 8.14082 1.8
    endloop
  endfacet
  facet normal 0 0 1
    outer loop
      vertex 47.5 9.7 1.8
      vertex 43.1067 8.22066 1.8
      vertex 43.3186 8.19391 1.8
    endloop
  endfacet
  facet normal 0 0 1
    outer loop
      vertex 47.5 9.7 1.8
      vertex 42.8933 8.22066 1.8
      vertex 43.1067 8.22066 1.8
    endloop
  endfacet
  facet normal 0 0 1
    outer loop
      vertex 47.5 9.7 1.8
      vertex 42.6814 8.19391 1.8
      vertex 42.8933 8.22066 1.8
    endloop
  endfacet
  facet normal -0 0 1
    outer loop
      vertex 29.5657 9.00012 1.8
      vertex 42.6814 8.19391 1.8
      vertex 47.5 9.7 1.8
    endloop
  endfacet
  facet normal -0 -0 1
    outer loop
      vertex 29.9016 8.87653 1.8
      vertex 42.6814 8.19391 1.8
      vertex 29.5657 9.00012 1.8
    endloop
  endfacet
  facet normal 0 0 1
    outer loop
      vertex 42.4747 8.14082 1.8
      vertex 29.9016 8.87653 1.8
      vertex 40.801 7.71109 1.8
    endloop
  endfacet
  facet normal 0 0 1
    outer loop
      vertex 40.801 7.71109 1.8
      vertex 29.9016 8.87653 1.8
      vertex 37.2763 7.26582 1.8
    endloop
  endfacet
  facet normal 0 0 1
    outer loop
      vertex 37.2763 7.26582 1.8
      vertex 30.2193 8.71183 1.8
      vertex 33.7237 7.26582 1.8
    endloop
  endfacet
  facet normal 0 0 1
    outer loop
      vertex 33.7237 7.26582 1.8
      vertex 31.2147 7.70251 1.8
      vertex 31.2787 7.5747 1.8
    endloop
  endfacet
  facet normal 0 0 1
    outer loop
      vertex 33.7237 7.26582 1.8
      vertex 31.0156 7.99992 1.8
      vertex 31.2147 7.70251 1.8
    endloop
  endfacet
  facet normal 0 0 1
    outer loop
      vertex 33.7237 7.26582 1.8
      vertex 30.7807 8.27003 1.8
      vertex 31.0156 7.99992 1.8
    endloop
  endfacet
  facet normal 0 0 1
    outer loop
      vertex 33.7237 7.26582 1.8
      vertex 30.5139 8.50859 1.8
      vertex 30.7807 8.27003 1.8
    endloop
  endfacet
  facet normal 0 0 1
    outer loop
      vertex 33.7237 7.26582 1.8
      vertex 30.2193 8.71183 1.8
      vertex 30.5139 8.50859 1.8
    endloop
  endfacet
  facet normal 0 0 1
    outer loop
      vertex 37.2763 7.26582 1.8
      vertex 29.9016 8.87653 1.8
      vertex 30.2193 8.71183 1.8
    endloop
  endfacet
  facet normal 0 0 1
    outer loop
      vertex 42.6814 8.19391 1.8
      vertex 29.9016 8.87653 1.8
      vertex 42.4747 8.14082 1.8
    endloop
  endfacet
  facet normal 0 0 1
    outer loop
      vertex 47.5 9.7 1.8
      vertex 29.2169 9.08063 1.8
      vertex 29.5657 9.00012 1.8
    endloop
  endfacet
  facet normal 0 0 1
    outer loop
      vertex 47.5 9.7 1.8
      vertex 28.8609 9.1168 1.8
      vertex 29.2169 9.08063 1.8
    endloop
  endfacet
  facet normal -0 0 1
    outer loop
      vertex 23.5 9.7 1.8
      vertex 28.8609 9.1168 1.8
      vertex 47.5 9.7 1.8
    endloop
  endfacet
  facet normal 0 0 1
    outer loop
      vertex 25.9161 6.55691 1.8
      vertex 23.5 9.7 1.8
      vertex 25.9023 6.19927 1.8
    endloop
  endfacet
  facet normal 0 0 1
    outer loop
      vertex 25.9745 6.91001 1.8
      vertex 23.5 9.7 1.8
      vertex 25.9161 6.55691 1.8
    endloop
  endfacet
  facet normal 0 0 1
    outer loop
      vertex 26.0768 7.253 1.8
      vertex 23.5 9.7 1.8
      vertex 25.9745 6.91001 1.8
    endloop
  endfacet
  facet normal 0 0 1
    outer loop
      vertex 26.2212 7.58047 1.8
      vertex 23.5 9.7 1.8
      vertex 26.0768 7.253 1.8
    endloop
  endfacet
  facet normal 0 0 1
    outer loop
      vertex 26.4055 7.88725 1.8
      vertex 23.5 9.7 1.8
      vertex 26.2212 7.58047 1.8
    endloop
  endfacet
  facet normal 0 0 1
    outer loop
      vertex 26.6269 8.16852 1.8
      vertex 23.5 9.7 1.8
      vertex 26.4055 7.88725 1.8
    endloop
  endfacet
  facet normal 0 0 1
    outer loop
      vertex 26.8817 8.41982 1.8
      vertex 23.5 9.7 1.8
      vertex 26.6269 8.16852 1.8
    endloop
  endfacet
  facet normal 0 0 1
    outer loop
      vertex 27.166 8.6372 1.8
      vertex 23.5 9.7 1.8
      vertex 26.8817 8.41982 1.8
    endloop
  endfacet
  facet normal 0 0 1
    outer loop
      vertex 27.4754 8.81724 1.8
      vertex 23.5 9.7 1.8
      vertex 27.166 8.6372 1.8
    endloop
  endfacet
  facet normal 0 0 1
    outer loop
      vertex 27.8048 8.95708 1.8
      vertex 23.5 9.7 1.8
      vertex 27.4754 8.81724 1.8
    endloop
  endfacet
  facet normal 0 0 1
    outer loop
      vertex 28.1492 9.05453 1.8
      vertex 23.5 9.7 1.8
      vertex 27.8048 8.95708 1.8
    endloop
  endfacet
  facet normal 0 0 1
    outer loop
      vertex 28.5031 9.10805 1.8
      vertex 23.5 9.7 1.8
      vertex 28.1492 9.05453 1.8
    endloop
  endfacet
  facet normal 0 0 1
    outer loop
      vertex 28.8609 9.1168 1.8
      vertex 23.5 9.7 1.8
      vertex 28.5031 9.10805 1.8
    endloop
  endfacet
  facet normal -0 0 1
    outer loop
      vertex 36.8744 19.0039 1.8
      vertex 47.5 13.7 1.8
      vertex 56.1256 19.0039 1.8
    endloop
  endfacet
  facet normal 0 0 1
    outer loop
      vertex 36.5 13.7 1.8
      vertex 36.8744 19.0039 1.8
      vertex 36.6252 19.0354 1.8
    endloop
  endfacet
  facet normal 0 0 1
    outer loop
      vertex 36.5 13.7 1.8
      vertex 36.6252 19.0354 1.8
      vertex 36.5 19.0676 1.8
    endloop
  endfacet
  facet normal 0 0 1
    outer loop
      vertex 36.8744 19.0039 1.8
      vertex 36.5 13.7 1.8
      vertex 47.5 13.7 1.8
    endloop
  endfacet
  facet normal 0 0 1
    outer loop
      vertex 61.15 47.5 1.8
      vertex 57.9842 50.2507 1.8
      vertex 58 50 1.8
    endloop
  endfacet
  facet normal 0 0 1
    outer loop
      vertex 60.6353 70.2658 1.8
      vertex 57.9372 50.4974 1.8
      vertex 57.9842 50.2507 1.8
    endloop
  endfacet
  facet normal 0 0 1
    outer loop
      vertex 60.6353 70.2658 1.8
      vertex 57.8596 50.7362 1.8
      vertex 57.9372 50.4974 1.8
    endloop
  endfacet
  facet normal 0 0 1
    outer loop
      vertex 60.6353 70.2658 1.8
      vertex 57.7526 50.9635 1.8
      vertex 57.8596 50.7362 1.8
    endloop
  endfacet
  facet normal 0 0 1
    outer loop
      vertex 60.6353 70.2658 1.8
      vertex 57.618 51.1756 1.8
      vertex 57.7526 50.9635 1.8
    endloop
  endfacet
  facet normal 0 0 1
    outer loop
      vertex 60.6353 70.2658 1.8
      vertex 57.4579 51.3691 1.8
      vertex 57.618 51.1756 1.8
    endloop
  endfacet
  facet normal 0 0 1
    outer loop
      vertex 60.6353 70.2658 1.8
      vertex 57.2748 51.541 1.8
      vertex 57.4579 51.3691 1.8
    endloop
  endfacet
  facet normal 0 0 1
    outer loop
      vertex 60.6353 70.2658 1.8
      vertex 57.0717 51.6887 1.8
      vertex 57.2748 51.541 1.8
    endloop
  endfacet
  facet normal 0 0 1
    outer loop
      vertex 47.5 61.3 1.8
      vertex 58.8107 70.7343 1.8
      vertex 56.9419 70.9704 1.8
    endloop
  endfacet
  facet normal 0 0 1
    outer loop
      vertex 60.6353 70.2658 1.8
      vertex 56.8516 51.8097 1.8
      vertex 57.0717 51.6887 1.8
    endloop
  endfacet
  facet normal 0 0 1
    outer loop
      vertex 60.6353 70.2658 1.8
      vertex 56.618 51.9021 1.8
      vertex 56.8516 51.8097 1.8
    endloop
  endfacet
  facet normal 0 0 1
    outer loop
      vertex 60.6353 70.2658 1.8
      vertex 56.3748 51.9646 1.8
      vertex 56.618 51.9021 1.8
    endloop
  endfacet
  facet normal 0 0 1
    outer loop
      vertex 58.8107 70.7343 1.8
      vertex 56.1256 51.9961 1.8
      vertex 56.3748 51.9646 1.8
    endloop
  endfacet
  facet normal 0 0 1
    outer loop
      vertex 58.8107 70.7343 1.8
      vertex 47.5 61.3 1.8
      vertex 56.1256 51.9961 1.8
    endloop
  endfacet
  facet normal -0 0 1
    outer loop
      vertex 45.0665 65.1573 1.8
      vertex 47.5 61.3 1.8
      vertex 56.9419 70.9704 1.8
    endloop
  endfacet
  facet normal 0 0 1
    outer loop
      vertex 47.5 61.3 1.8
      vertex 45.0665 65.1573 1.8
      vertex 45.0977 64.8007 1.8
    endloop
  endfacet
  facet normal 0 0 1
    outer loop
      vertex 56.9419 70.9704 1.8
      vertex 44.9909 65.5071 1.8
      vertex 45.0665 65.1573 1.8
    endloop
  endfacet
  facet normal 0 0 1
    outer loop
      vertex 56.9419 70.9704 1.8
      vertex 44.872 65.8447 1.8
      vertex 44.9909 65.5071 1.8
    endloop
  endfacet
  facet normal 0 0 1
    outer loop
      vertex 56.9419 70.9704 1.8
      vertex 44.7117 66.1647 1.8
      vertex 44.872 65.8447 1.8
    endloop
  endfacet
  facet normal 0 0 1
    outer loop
      vertex 56.9419 70.9704 1.8
      vertex 44.5126 66.4621 1.8
      vertex 44.7117 66.1647 1.8
    endloop
  endfacet
  facet normal 0 0 1
    outer loop
      vertex 56.9419 70.9704 1.8
      vertex 44.2778 66.7322 1.8
      vertex 44.5126 66.4621 1.8
    endloop
  endfacet
  facet normal 0 0 1
    outer loop
      vertex 56.9419 70.9704 1.8
      vertex 44.011 66.9708 1.8
      vertex 44.2778 66.7322 1.8
    endloop
  endfacet
  facet normal 0 0 1
    outer loop
      vertex 56.9419 70.9704 1.8
      vertex 43.7164 67.174 1.8
      vertex 44.011 66.9708 1.8
    endloop
  endfacet
  facet normal 0 0 1
    outer loop
      vertex 56.9419 70.9704 1.8
      vertex 43.3986 67.3387 1.8
      vertex 43.7164 67.174 1.8
    endloop
  endfacet
  facet normal 0 0 1
    outer loop
      vertex 56.9419 70.9704 1.8
      vertex 43.0627 67.4623 1.8
      vertex 43.3986 67.3387 1.8
    endloop
  endfacet
  facet normal 0 0 1
    outer loop
      vertex 56.9419 70.9704 1.8
      vertex 42.714 67.5428 1.8
      vertex 43.0627 67.4623 1.8
    endloop
  endfacet
  facet normal 0 0 1
    outer loop
      vertex 56.9419 70.9704 1.8
      vertex 42.3579 67.579 1.8
      vertex 42.714 67.5428 1.8
    endloop
  endfacet
  facet normal 0 0 1
    outer loop
      vertex 56.9419 70.9704 1.8
      vertex 42.0001 67.5703 1.8
      vertex 42.3579 67.579 1.8
    endloop
  endfacet
  facet normal -0 0 1
    outer loop
      vertex 14.0581 70.9704 1.8
      vertex 42.0001 67.5703 1.8
      vertex 56.9419 70.9704 1.8
    endloop
  endfacet
  facet normal 0 0 1
    outer loop
      vertex 40.3788 66.882 1.8
      vertex 37.6491 67.1275 1.8
      vertex 40.2894 66.7939 1.8
    endloop
  endfacet
  facet normal 0 0 1
    outer loop
      vertex 40.6631 67.0994 1.8
      vertex 37.6491 67.1275 1.8
      vertex 40.3788 66.882 1.8
    endloop
  endfacet
  facet normal 0 0 1
    outer loop
      vertex 40.9724 67.2794 1.8
      vertex 37.6491 67.1275 1.8
      vertex 40.6631 67.0994 1.8
    endloop
  endfacet
  facet normal 0 0 1
    outer loop
      vertex 41.3019 67.4193 1.8
      vertex 37.6491 67.1275 1.8
      vertex 40.9724 67.2794 1.8
    endloop
  endfacet
  facet normal 0 0 1
    outer loop
      vertex 37.4911 67.1474 1.8
      vertex 41.3019 67.4193 1.8
      vertex 41.6463 67.5167 1.8
    endloop
  endfacet
  facet normal 0 -0 1
    outer loop
      vertex 33.5089 67.1474 1.8
      vertex 42.0001 67.5703 1.8
      vertex 14.0581 70.9704 1.8
    endloop
  endfacet
  facet normal 0 0 1
    outer loop
      vertex 41.3019 67.4193 1.8
      vertex 37.4911 67.1474 1.8
      vertex 37.6491 67.1275 1.8
    endloop
  endfacet
  facet normal 0 0 1
    outer loop
      vertex 42.0001 67.5703 1.8
      vertex 37.4911 67.1474 1.8
      vertex 41.6463 67.5167 1.8
    endloop
  endfacet
  facet normal 0 -0 1
    outer loop
      vertex 37.4911 67.1474 1.8
      vertex 42.0001 67.5703 1.8
      vertex 33.5089 67.1474 1.8
    endloop
  endfacet
  facet normal 0 0 1
    outer loop
      vertex 33.5089 67.1474 1.8
      vertex 14.0581 70.9704 1.8
      vertex 33.3509 67.1275 1.8
    endloop
  endfacet
  facet normal 0 0 1
    outer loop
      vertex 33.3509 67.1275 1.8
      vertex 14.0581 70.9704 1.8
      vertex 29.7699 66.6751 1.8
    endloop
  endfacet
  facet normal 0 0 1
    outer loop
      vertex 14.0581 70.9704 1.8
      vertex 29.2748 66.5756 1.8
      vertex 29.3514 66.5952 1.8
    endloop
  endfacet
  facet normal 0 0 1
    outer loop
      vertex 26.3 64.4966 1.8
      vertex 23.5 61.3 1.8
      vertex 26.3 64.476 1.8
    endloop
  endfacet
  facet normal 0 0 1
    outer loop
      vertex 26.3134 64.7097 1.8
      vertex 23.5 61.3 1.8
      vertex 26.3 64.4966 1.8
    endloop
  endfacet
  facet normal 0 0 1
    outer loop
      vertex 26.3534 64.9194 1.8
      vertex 23.5 61.3 1.8
      vertex 26.3134 64.7097 1.8
    endloop
  endfacet
  facet normal 0 0 1
    outer loop
      vertex 26.4194 65.1224 1.8
      vertex 23.5 61.3 1.8
      vertex 26.3534 64.9194 1.8
    endloop
  endfacet
  facet normal 0 0 1
    outer loop
      vertex 14.0581 70.9704 1.8
      vertex 26.4194 65.1224 1.8
      vertex 26.5103 65.3156 1.8
    endloop
  endfacet
  facet normal 0 0 1
    outer loop
      vertex 14.0581 70.9704 1.8
      vertex 26.5103 65.3156 1.8
      vertex 26.6247 65.4958 1.8
    endloop
  endfacet
  facet normal 0 0 1
    outer loop
      vertex 23.5 61.3 1.8
      vertex 14.8744 51.9961 1.8
      vertex 23.5 57.3 1.8
    endloop
  endfacet
  facet normal 0 0 1
    outer loop
      vertex 26.4194 65.1224 1.8
      vertex 14.0581 70.9704 1.8
      vertex 23.5 61.3 1.8
    endloop
  endfacet
  facet normal 0 0 1
    outer loop
      vertex 14.0581 70.9704 1.8
      vertex 26.6247 65.4958 1.8
      vertex 26.7608 65.6603 1.8
    endloop
  endfacet
  facet normal -0 0 1
    outer loop
      vertex 12.1893 70.7343 1.8
      vertex 23.5 61.3 1.8
      vertex 14.0581 70.9704 1.8
    endloop
  endfacet
  facet normal 0 0 1
    outer loop
      vertex 23.5 61.3 1.8
      vertex 12.1893 70.7343 1.8
      vertex 14.8744 51.9961 1.8
    endloop
  endfacet
  facet normal 0 0 1
    outer loop
      vertex 14.8744 51.9961 1.8
      vertex 12.1893 70.7343 1.8
      vertex 14.6252 51.9646 1.8
    endloop
  endfacet
  facet normal 0 0 1
    outer loop
      vertex 29.7699 66.6751 1.8
      vertex 14.0581 70.9704 1.8
      vertex 29.5581 66.6483 1.8
    endloop
  endfacet
  facet normal 0 0 1
    outer loop
      vertex 14.0581 70.9704 1.8
      vertex 29.3514 66.5952 1.8
      vertex 29.5581 66.6483 1.8
    endloop
  endfacet
  facet normal 0 0 1
    outer loop
      vertex 29.2748 66.5756 1.8
      vertex 14.0581 70.9704 1.8
      vertex 27.4747 66.1134 1.8
    endloop
  endfacet
  facet normal 0 0 1
    outer loop
      vertex 14.0581 70.9704 1.8
      vertex 27.2762 66.0348 1.8
      vertex 27.4747 66.1134 1.8
    endloop
  endfacet
  facet normal 0 0 1
    outer loop
      vertex 14.0581 70.9704 1.8
      vertex 27.0891 65.9319 1.8
      vertex 27.2762 66.0348 1.8
    endloop
  endfacet
  facet normal 0 0 1
    outer loop
      vertex 14.0581 70.9704 1.8
      vertex 26.9164 65.8065 1.8
      vertex 27.0891 65.9319 1.8
    endloop
  endfacet
  facet normal 0 0 1
    outer loop
      vertex 14.0581 70.9704 1.8
      vertex 26.7608 65.6603 1.8
      vertex 26.9164 65.8065 1.8
    endloop
  endfacet
  facet normal -0 0 1
    outer loop
      vertex 10.3647 70.2658 1.8
      vertex 14.6252 51.9646 1.8
      vertex 12.1893 70.7343 1.8
    endloop
  endfacet
  facet normal -0 0 1
    outer loop
      vertex 8.61331 69.5724 1.8
      vertex 14.6252 51.9646 1.8
      vertex 10.3647 70.2658 1.8
    endloop
  endfacet
  facet normal 0 0 1
    outer loop
      vertex 14.6252 51.9646 1.8
      vertex 8.61331 69.5724 1.8
      vertex 14.382 51.9021 1.8
    endloop
  endfacet
  facet normal -0 0 1
    outer loop
      vertex 6.9626 68.6649 1.8
      vertex 14.382 51.9021 1.8
      vertex 8.61331 69.5724 1.8
    endloop
  endfacet
  facet normal -0 0 1
    outer loop
      vertex 5.43864 67.5577 1.8
      vertex 14.382 51.9021 1.8
      vertex 6.9626 68.6649 1.8
    endloop
  endfacet
  facet normal 0 0 1
    outer loop
      vertex 14.382 51.9021 1.8
      vertex 5.43864 67.5577 1.8
      vertex 14.1484 51.8097 1.8
    endloop
  endfacet
  facet normal -0 0 1
    outer loop
      vertex 4.06547 66.2682 1.8
      vertex 14.1484 51.8097 1.8
      vertex 5.43864 67.5577 1.8
    endloop
  endfacet
  facet normal -0 0 1
    outer loop
      vertex 2.86475 64.8168 1.8
      vertex 14.1484 51.8097 1.8
      vertex 4.06547 66.2682 1.8
    endloop
  endfacet
  facet normal 0 0 1
    outer loop
      vertex 14.1484 51.8097 1.8
      vertex 2.86475 64.8168 1.8
      vertex 13.9283 51.6887 1.8
    endloop
  endfacet
  facet normal 0 0 1
    outer loop
      vertex 13.9283 51.6887 1.8
      vertex 2.86475 64.8168 1.8
      vertex 13.7252 51.541 1.8
    endloop
  endfacet
  facet normal -0 0 1
    outer loop
      vertex 0 56 1.8
      vertex 13.7252 51.541 1.8
      vertex 2.86475 64.8168 1.8
    endloop
  endfacet
  facet normal 0 0 1
    outer loop
      vertex 13.7252 51.541 1.8
      vertex 0 56 1.8
      vertex 13.5421 51.3691 1.8
    endloop
  endfacet
  facet normal 0 0 1
    outer loop
      vertex 13.5421 51.3691 1.8
      vertex 0 56 1.8
      vertex 13.382 51.1756 1.8
    endloop
  endfacet
  facet normal 0 0 1
    outer loop
      vertex 13.382 51.1756 1.8
      vertex 0 56 1.8
      vertex 13.2474 50.9635 1.8
    endloop
  endfacet
  facet normal 0 0 1
    outer loop
      vertex 9.85 47.5 1.8
      vertex 9.1168 42.1391 1.8
      vertex 9.85 23.5 1.8
    endloop
  endfacet
  facet normal 0 0 1
    outer loop
      vertex 13.2474 50.9635 1.8
      vertex 9.85 47.5 1.8
      vertex 13.1404 50.7362 1.8
    endloop
  endfacet
  facet normal 0 0 1
    outer loop
      vertex 9.85 47.5 1.8
      vertex 9.10805 42.4969 1.8
      vertex 9.1168 42.1391 1.8
    endloop
  endfacet
  facet normal 0 0 1
    outer loop
      vertex 9.85 47.5 1.8
      vertex 9.05453 42.8508 1.8
      vertex 9.10805 42.4969 1.8
    endloop
  endfacet
  facet normal 0 0 1
    outer loop
      vertex 9.85 47.5 1.8
      vertex 8.95708 43.1952 1.8
      vertex 9.05453 42.8508 1.8
    endloop
  endfacet
  facet normal 0 0 1
    outer loop
      vertex 9.85 47.5 1.8
      vertex 8.81724 43.5246 1.8
      vertex 8.95708 43.1952 1.8
    endloop
  endfacet
  facet normal 0 0 1
    outer loop
      vertex 9.85 47.5 1.8
      vertex 8.6372 43.834 1.8
      vertex 8.81724 43.5246 1.8
    endloop
  endfacet
  facet normal 0 0 1
    outer loop
      vertex 13.1404 50.7362 1.8
      vertex 9.85 47.5 1.8
      vertex 13.0628 50.4974 1.8
    endloop
  endfacet
  facet normal 0 0 1
    outer loop
      vertex 9.85 47.5 1.8
      vertex 8.41982 44.1183 1.8
      vertex 8.6372 43.834 1.8
    endloop
  endfacet
  facet normal 0 0 1
    outer loop
      vertex 9.85 47.5 1.8
      vertex 8.16852 44.3731 1.8
      vertex 8.41982 44.1183 1.8
    endloop
  endfacet
  facet normal 0 0 1
    outer loop
      vertex 9.85 47.5 1.8
      vertex 7.88725 44.5945 1.8
      vertex 8.16852 44.3731 1.8
    endloop
  endfacet
  facet normal 0 0 1
    outer loop
      vertex 9.85 47.5 1.8
      vertex 7.58047 44.7788 1.8
      vertex 7.88725 44.5945 1.8
    endloop
  endfacet
  facet normal 0 0 1
    outer loop
      vertex 13.0628 50.4974 1.8
      vertex 9.85 47.5 1.8
      vertex 13.0158 50.2507 1.8
    endloop
  endfacet
  facet normal 0 0 1
    outer loop
      vertex 13.0158 50.2507 1.8
      vertex 9.85 47.5 1.8
      vertex 13 50 1.8
    endloop
  endfacet
  facet normal 0 0 1
    outer loop
      vertex 13 50 1.8
      vertex 9.85 47.5 1.8
      vertex 13 47.5 1.8
    endloop
  endfacet
  facet normal 0 0 1
    outer loop
      vertex 13.2474 50.9635 1.8
      vertex 0 56 1.8
      vertex 9.85 47.5 1.8
    endloop
  endfacet
  facet normal 0 0 1
    outer loop
      vertex 9.85 47.5 1.8
      vertex 7.253 44.9232 1.8
      vertex 7.58047 44.7788 1.8
    endloop
  endfacet
  facet normal 0 0 1
    outer loop
      vertex 9.85 47.5 1.8
      vertex 6.91001 45.0255 1.8
      vertex 7.253 44.9232 1.8
    endloop
  endfacet
  facet normal 0 0 1
    outer loop
      vertex 9.85 47.5 1.8
      vertex 6.55691 45.0839 1.8
      vertex 6.91001 45.0255 1.8
    endloop
  endfacet
  facet normal 0 0 1
    outer loop
      vertex 9.85 47.5 1.8
      vertex 6.19927 45.0977 1.8
      vertex 6.55691 45.0839 1.8
    endloop
  endfacet
  facet normal 0 0 1
    outer loop
      vertex 9.85 47.5 1.8
      vertex 5.84272 45.0665 1.8
      vertex 6.19927 45.0977 1.8
    endloop
  endfacet
  facet normal 0 0 1
    outer loop
      vertex 0 56 1.8
      vertex 5.84272 45.0665 1.8
      vertex 9.85 47.5 1.8
    endloop
  endfacet
  facet normal 0 0 1
    outer loop
      vertex 5.84272 45.0665 1.8
      vertex 0 56 1.8
      vertex 5.4929 44.9909 1.8
    endloop
  endfacet
  facet normal 0 0 1
    outer loop
      vertex 5.4929 44.9909 1.8
      vertex 0 56 1.8
      vertex 5.15531 44.872 1.8
    endloop
  endfacet
  facet normal 0 0 1
    outer loop
      vertex 5.15531 44.872 1.8
      vertex 0 56 1.8
      vertex 4.83529 44.7117 1.8
    endloop
  endfacet
  facet normal 0 0 1
    outer loop
      vertex 4.83529 44.7117 1.8
      vertex 0 56 1.8
      vertex 4.53788 44.5126 1.8
    endloop
  endfacet
  facet normal 0 0 1
    outer loop
      vertex 4.53788 44.5126 1.8
      vertex 0 56 1.8
      vertex 4.26776 44.2778 1.8
    endloop
  endfacet
  facet normal 0 0 1
    outer loop
      vertex 4.26776 44.2778 1.8
      vertex 0 56 1.8
      vertex 4.02921 44.011 1.8
    endloop
  endfacet
  facet normal 0 0 1
    outer loop
      vertex 4.02921 44.011 1.8
      vertex 0 56 1.8
      vertex 3.82597 43.7164 1.8
    endloop
  endfacet
  facet normal 0 0 1
    outer loop
      vertex 3.82597 43.7164 1.8
      vertex 0 56 1.8
      vertex 3.66126 43.3986 1.8
    endloop
  endfacet
  facet normal 0 0 1
    outer loop
      vertex 3.66126 43.3986 1.8
      vertex 0 56 1.8
      vertex 3.53768 43.0627 1.8
    endloop
  endfacet
  facet normal 0 0 1
    outer loop
      vertex 3.53768 43.0627 1.8
      vertex 0 56 1.8
      vertex 3.45717 42.714 1.8
    endloop
  endfacet
  facet normal 0 0 1
    outer loop
      vertex 57.9842 50.2507 1.8
      vertex 71 56 1.8
      vertex 70.8817 57.88 1.8
    endloop
  endfacet
  facet normal 0 0 1
    outer loop
      vertex 71 56 1.8
      vertex 67.5703 28.9999 1.8
      vertex 71 15 1.8
    endloop
  endfacet
  facet normal 0 0 1
    outer loop
      vertex 57.9842 50.2507 1.8
      vertex 70.8817 57.88 1.8
      vertex 70.5287 59.7303 1.8
    endloop
  endfacet
  facet normal -0 -0 1
    outer loop
      vertex 67.579 28.6421 1.8
      vertex 71 15 1.8
      vertex 67.5703 28.9999 1.8
    endloop
  endfacet
  facet normal 0 0 1
    outer loop
      vertex 57.9842 50.2507 1.8
      vertex 70.5287 59.7303 1.8
      vertex 69.9466 61.5219 1.8
    endloop
  endfacet
  facet normal -0 0 1
    outer loop
      vertex 67.5428 28.286 1.8
      vertex 71 15 1.8
      vertex 67.579 28.6421 1.8
    endloop
  endfacet
  facet normal 0 0 1
    outer loop
      vertex 57.9842 50.2507 1.8
      vertex 69.9466 61.5219 1.8
      vertex 69.1446 63.2263 1.8
    endloop
  endfacet
  facet normal -0 0 1
    outer loop
      vertex 67.4623 27.9373 1.8
      vertex 71 15 1.8
      vertex 67.5428 28.286 1.8
    endloop
  endfacet
  facet normal 0 0 1
    outer loop
      vertex 57.9842 50.2507 1.8
      vertex 69.1446 63.2263 1.8
      vertex 68.1353 64.8168 1.8
    endloop
  endfacet
  facet normal -0 0 1
    outer loop
      vertex 67.3387 27.6014 1.8
      vertex 71 15 1.8
      vertex 67.4623 27.9373 1.8
    endloop
  endfacet
  facet normal -0 0 1
    outer loop
      vertex 66.9708 26.989 1.8
      vertex 71 15 1.8
      vertex 67.174 27.2836 1.8
    endloop
  endfacet
  facet normal -0 0 1
    outer loop
      vertex 67.174 27.2836 1.8
      vertex 71 15 1.8
      vertex 67.3387 27.6014 1.8
    endloop
  endfacet
  facet normal 0 0 1
    outer loop
      vertex 71 56 1.8
      vertex 67.1474 37.4911 1.8
      vertex 67.5703 28.9999 1.8
    endloop
  endfacet
  facet normal -0 0 1
    outer loop
      vertex 67.1474 33.5089 1.8
      vertex 67.5703 28.9999 1.8
      vertex 67.1474 37.4911 1.8
    endloop
  endfacet
  facet normal 0 0 1
    outer loop
      vertex 67.5703 28.9999 1.8
      vertex 67.1474 33.5089 1.8
      vertex 67.5167 29.3537 1.8
    endloop
  endfacet
  facet normal 0 0 1
    outer loop
      vertex 67.5167 29.3537 1.8
      vertex 67.1474 33.5089 1.8
      vertex 67.4193 29.6981 1.8
    endloop
  endfacet
  facet normal 0 0 1
    outer loop
      vertex 71 56 1.8
      vertex 67.1275 37.6491 1.8
      vertex 67.1474 37.4911 1.8
    endloop
  endfacet
  facet normal 0 0 1
    outer loop
      vertex 57.9842 50.2507 1.8
      vertex 68.1353 64.8168 1.8
      vertex 66.9345 66.2682 1.8
    endloop
  endfacet
  facet normal 0 0 1
    outer loop
      vertex 71 56 1.8
      vertex 66.6751 41.2301 1.8
      vertex 67.1275 37.6491 1.8
    endloop
  endfacet
  facet normal 0 0 1
    outer loop
      vertex 71 56 1.8
      vertex 66.6483 41.4419 1.8
      vertex 66.6751 41.2301 1.8
    endloop
  endfacet
  facet normal 0 0 1
    outer loop
      vertex 71 56 1.8
      vertex 66.5952 41.6486 1.8
      vertex 66.6483 41.4419 1.8
    endloop
  endfacet
  facet normal 0 0 1
    outer loop
      vertex 71 56 1.8
      vertex 66.5756 41.7252 1.8
      vertex 66.5952 41.6486 1.8
    endloop
  endfacet
  facet normal 0 0 1
    outer loop
      vertex 71 56 1.8
      vertex 66.1134 43.5253 1.8
      vertex 66.5756 41.7252 1.8
    endloop
  endfacet
  facet normal 0 0 1
    outer loop
      vertex 71 56 1.8
      vertex 66.0348 43.7238 1.8
      vertex 66.1134 43.5253 1.8
    endloop
  endfacet
  facet normal 0 0 1
    outer loop
      vertex 71 56 1.8
      vertex 65.9319 43.9109 1.8
      vertex 66.0348 43.7238 1.8
    endloop
  endfacet
  facet normal 0 0 1
    outer loop
      vertex 71 56 1.8
      vertex 65.8065 44.0836 1.8
      vertex 65.9319 43.9109 1.8
    endloop
  endfacet
  facet normal 0 0 1
    outer loop
      vertex 71 56 1.8
      vertex 65.6603 44.2392 1.8
      vertex 65.8065 44.0836 1.8
    endloop
  endfacet
  facet normal 0 0 1
    outer loop
      vertex 57.9842 50.2507 1.8
      vertex 66.9345 66.2682 1.8
      vertex 65.5614 67.5577 1.8
    endloop
  endfacet
  facet normal 0 0 1
    outer loop
      vertex 71 56 1.8
      vertex 65.4958 44.3753 1.8
      vertex 65.6603 44.2392 1.8
    endloop
  endfacet
  facet normal 0 0 1
    outer loop
      vertex 71 56 1.8
      vertex 65.3156 44.4897 1.8
      vertex 65.4958 44.3753 1.8
    endloop
  endfacet
  facet normal 0 0 1
    outer loop
      vertex 71 56 1.8
      vertex 65.1224 44.5806 1.8
      vertex 65.3156 44.4897 1.8
    endloop
  endfacet
  facet normal 0 0 1
    outer loop
      vertex 71 56 1.8
      vertex 61.15 47.5 1.8
      vertex 64.9194 44.6466 1.8
    endloop
  endfacet
  facet normal 0 0 1
    outer loop
      vertex 71 56 1.8
      vertex 64.9194 44.6466 1.8
      vertex 65.1224 44.5806 1.8
    endloop
  endfacet
  facet normal 0 0 1
    outer loop
      vertex 64.9194 44.6466 1.8
      vertex 61.15 47.5 1.8
      vertex 64.7097 44.6866 1.8
    endloop
  endfacet
  facet normal 0 0 1
    outer loop
      vertex 64.7097 44.6866 1.8
      vertex 61.15 47.5 1.8
      vertex 64.4966 44.7 1.8
    endloop
  endfacet
  facet normal 0 0 1
    outer loop
      vertex 64.4966 44.7 1.8
      vertex 61.15 47.5 1.8
      vertex 64.476 44.7 1.8
    endloop
  endfacet
  facet normal 0 0 1
    outer loop
      vertex 64.476 44.7 1.8
      vertex 61.15 47.5 1.8
      vertex 64.2629 44.6866 1.8
    endloop
  endfacet
  facet normal 0 0 1
    outer loop
      vertex 57.9842 50.2507 1.8
      vertex 65.5614 67.5577 1.8
      vertex 64.0374 68.6649 1.8
    endloop
  endfacet
  facet normal 0 0 1
    outer loop
      vertex 64.2629 44.6866 1.8
      vertex 61.15 47.5 1.8
      vertex 64.0532 44.6466 1.8
    endloop
  endfacet
  facet normal 0 0 1
    outer loop
      vertex 64.0532 44.6466 1.8
      vertex 61.15 47.5 1.8
      vertex 63.8502 44.5806 1.8
    endloop
  endfacet
  facet normal 0 0 1
    outer loop
      vertex 63.8502 44.5806 1.8
      vertex 61.15 47.5 1.8
      vertex 63.657 44.4897 1.8
    endloop
  endfacet
  facet normal 0 0 1
    outer loop
      vertex 63.657 44.4897 1.8
      vertex 61.15 47.5 1.8
      vertex 63.4767 44.3753 1.8
    endloop
  endfacet
  facet normal 0 0 1
    outer loop
      vertex 63.4767 44.3753 1.8
      vertex 61.15 47.5 1.8
      vertex 63.3122 44.2392 1.8
    endloop
  endfacet
  facet normal 0 0 1
    outer loop
      vertex 63.3122 44.2392 1.8
      vertex 61.15 47.5 1.8
      vertex 63.1661 44.0836 1.8
    endloop
  endfacet
  facet normal 0 0 1
    outer loop
      vertex 63.1661 44.0836 1.8
      vertex 61.15 47.5 1.8
      vertex 63.0406 43.9109 1.8
    endloop
  endfacet
  facet normal 0 0 1
    outer loop
      vertex 63.0406 43.9109 1.8
      vertex 61.15 47.5 1.8
      vertex 62.9378 43.7238 1.8
    endloop
  endfacet
  facet normal 0 0 1
    outer loop
      vertex 62.9378 43.7238 1.8
      vertex 61.15 47.5 1.8
      vertex 62.8592 43.5253 1.8
    endloop
  endfacet
  facet normal 0 0 1
    outer loop
      vertex 62.8592 43.5253 1.8
      vertex 61.15 47.5 1.8
      vertex 62.8061 43.3186 1.8
    endloop
  endfacet
  facet normal 0 0 1
    outer loop
      vertex 61.15 47.5 1.8
      vertex 62.7793 42.8933 1.8
      vertex 62.7793 43.1067 1.8
    endloop
  endfacet
  facet normal 0 0 1
    outer loop
      vertex 62.7793 42.8933 1.8
      vertex 62.4914 30.5139 1.8
      vertex 62.73 30.7807 1.8
    endloop
  endfacet
  facet normal 0 0 1
    outer loop
      vertex 57.9842 50.2507 1.8
      vertex 64.0374 68.6649 1.8
      vertex 62.3867 69.5724 1.8
    endloop
  endfacet
  facet normal 0 0 1
    outer loop
      vertex 62.8061 43.3186 1.8
      vertex 61.15 47.5 1.8
      vertex 62.7793 43.1067 1.8
    endloop
  endfacet
  facet normal 0 0 1
    outer loop
      vertex 62.7793 42.8933 1.8
      vertex 61.15 47.5 1.8
      vertex 62.1235 29.9016 1.8
    endloop
  endfacet
  facet normal 0 0 1
    outer loop
      vertex 62.7793 42.8933 1.8
      vertex 62.2882 30.2193 1.8
      vertex 62.4914 30.5139 1.8
    endloop
  endfacet
  facet normal 0 0 1
    outer loop
      vertex 62.7793 42.8933 1.8
      vertex 62.1235 29.9016 1.8
      vertex 62.2882 30.2193 1.8
    endloop
  endfacet
  facet normal 0 0 1
    outer loop
      vertex 62.1235 29.9016 1.8
      vertex 61.15 47.5 1.8
      vertex 61.9999 29.5657 1.8
    endloop
  endfacet
  facet normal 0 0 1
    outer loop
      vertex 61.9999 29.5657 1.8
      vertex 61.15 47.5 1.8
      vertex 61.9194 29.2169 1.8
    endloop
  endfacet
  facet normal 0 0 1
    outer loop
      vertex 61.9194 29.2169 1.8
      vertex 61.15 47.5 1.8
      vertex 61.8832 28.8609 1.8
    endloop
  endfacet
  facet normal 0 0 1
    outer loop
      vertex 57.9842 50.2507 1.8
      vertex 62.3867 69.5724 1.8
      vertex 60.6353 70.2658 1.8
    endloop
  endfacet
  facet normal 0 0 1
    outer loop
      vertex 56.3748 51.9646 1.8
      vertex 60.6353 70.2658 1.8
      vertex 58.8107 70.7343 1.8
    endloop
  endfacet
  facet normal -0 0 1
    outer loop
      vertex 57.9842 50.2507 1.8
      vertex 61.15 47.5 1.8
      vertex 71 56 1.8
    endloop
  endfacet
  facet normal 0 0 1
    outer loop
      vertex 61.15 47.5 1.8
      vertex 58 50 1.8
      vertex 58 47.5 1.8
    endloop
  endfacet
  facet normal -0 0 1
    outer loop
      vertex 66.7322 26.7222 1.8
      vertex 71 15 1.8
      vertex 66.9708 26.989 1.8
    endloop
  endfacet
  facet normal -0 0 1
    outer loop
      vertex 66.4621 26.4874 1.8
      vertex 71 15 1.8
      vertex 66.7322 26.7222 1.8
    endloop
  endfacet
  facet normal -0 0 1
    outer loop
      vertex 66.1647 26.2883 1.8
      vertex 71 15 1.8
      vertex 66.4621 26.4874 1.8
    endloop
  endfacet
  facet normal -0 0 1
    outer loop
      vertex 65.8447 26.128 1.8
      vertex 71 15 1.8
      vertex 66.1647 26.2883 1.8
    endloop
  endfacet
  facet normal -0 0 1
    outer loop
      vertex 65.5071 26.0091 1.8
      vertex 71 15 1.8
      vertex 65.8447 26.128 1.8
    endloop
  endfacet
  facet normal -0 0 1
    outer loop
      vertex 65.1573 25.9335 1.8
      vertex 71 15 1.8
      vertex 65.5071 26.0091 1.8
    endloop
  endfacet
  facet normal -0 0 1
    outer loop
      vertex 61.15 23.5 1.8
      vertex 71 15 1.8
      vertex 65.1573 25.9335 1.8
    endloop
  endfacet
  facet normal -0 0 1
    outer loop
      vertex 57.618 19.8244 1.8
      vertex 71 15 1.8
      vertex 57.7526 20.0365 1.8
    endloop
  endfacet
  facet normal -0 0 1
    outer loop
      vertex 57.4579 19.6309 1.8
      vertex 71 15 1.8
      vertex 57.618 19.8244 1.8
    endloop
  endfacet
  facet normal 0 0 1
    outer loop
      vertex 71 15 1.8
      vertex 57.4579 19.6309 1.8
      vertex 70.8817 13.12 1.8
    endloop
  endfacet
  facet normal 0 0 1
    outer loop
      vertex 70.8817 13.12 1.8
      vertex 57.4579 19.6309 1.8
      vertex 70.5287 11.2697 1.8
    endloop
  endfacet
  facet normal -0 0 1
    outer loop
      vertex 57.2748 19.459 1.8
      vertex 70.5287 11.2697 1.8
      vertex 57.4579 19.6309 1.8
    endloop
  endfacet
  facet normal -0 0 1
    outer loop
      vertex 57.7526 20.0365 1.8
      vertex 71 15 1.8
      vertex 61.15 23.5 1.8
    endloop
  endfacet
  facet normal 0 0 1
    outer loop
      vertex 61.15 23.5 1.8
      vertex 65.1573 25.9335 1.8
      vertex 64.8007 25.9023 1.8
    endloop
  endfacet
  facet normal 0 0 1
    outer loop
      vertex 61.15 23.5 1.8
      vertex 64.8007 25.9023 1.8
      vertex 64.4431 25.9161 1.8
    endloop
  endfacet
  facet normal 0 0 1
    outer loop
      vertex 61.15 23.5 1.8
      vertex 64.4431 25.9161 1.8
      vertex 64.09 25.9745 1.8
    endloop
  endfacet
  facet normal 0 0 1
    outer loop
      vertex 70.5287 11.2697 1.8
      vertex 57.2748 19.459 1.8
      vertex 69.9466 9.47813 1.8
    endloop
  endfacet
  facet normal 0 0 1
    outer loop
      vertex 61.15 23.5 1.8
      vertex 64.09 25.9745 1.8
      vertex 63.747 26.0768 1.8
    endloop
  endfacet
  facet normal 0 0 1
    outer loop
      vertex 61.15 23.5 1.8
      vertex 63.747 26.0768 1.8
      vertex 63.4195 26.2212 1.8
    endloop
  endfacet
  facet normal 0 0 1
    outer loop
      vertex 61.15 23.5 1.8
      vertex 63.4195 26.2212 1.8
      vertex 63.1127 26.4055 1.8
    endloop
  endfacet
  facet normal 0 0 1
    outer loop
      vertex 61.15 23.5 1.8
      vertex 63.1127 26.4055 1.8
      vertex 62.8315 26.6269 1.8
    endloop
  endfacet
  facet normal 0 0 1
    outer loop
      vertex 61.15 23.5 1.8
      vertex 62.8315 26.6269 1.8
      vertex 62.5802 26.8817 1.8
    endloop
  endfacet
  facet normal -0 0 1
    outer loop
      vertex 57.0717 19.3113 1.8
      vertex 69.9466 9.47813 1.8
      vertex 57.2748 19.459 1.8
    endloop
  endfacet
  facet normal 0 0 1
    outer loop
      vertex 61.15 23.5 1.8
      vertex 62.5802 26.8817 1.8
      vertex 62.3628 27.166 1.8
    endloop
  endfacet
  facet normal 0 0 1
    outer loop
      vertex 61.15 23.5 1.8
      vertex 62.3628 27.166 1.8
      vertex 62.1828 27.4754 1.8
    endloop
  endfacet
  facet normal 0 0 1
    outer loop
      vertex 61.15 23.5 1.8
      vertex 62.1828 27.4754 1.8
      vertex 62.0429 27.8048 1.8
    endloop
  endfacet
  facet normal 0 0 1
    outer loop
      vertex 61.15 23.5 1.8
      vertex 62.0429 27.8048 1.8
      vertex 61.9455 28.1492 1.8
    endloop
  endfacet
  facet normal 0 0 1
    outer loop
      vertex 61.15 23.5 1.8
      vertex 61.9455 28.1492 1.8
      vertex 61.8919 28.5031 1.8
    endloop
  endfacet
  facet normal 0 0 1
    outer loop
      vertex 61.15 23.5 1.8
      vertex 61.8919 28.5031 1.8
      vertex 61.8832 28.8609 1.8
    endloop
  endfacet
  facet normal 0 0 1
    outer loop
      vertex 61.15 23.5 1.8
      vertex 61.8832 28.8609 1.8
      vertex 61.15 47.5 1.8
    endloop
  endfacet
  facet normal 0 0 1
    outer loop
      vertex 69.1446 7.77369 1.8
      vertex 57.0717 19.3113 1.8
      vertex 68.1353 6.18322 1.8
    endloop
  endfacet
  facet normal -0 0 1
    outer loop
      vertex 56.8516 19.1903 1.8
      vertex 68.1353 6.18322 1.8
      vertex 57.0717 19.3113 1.8
    endloop
  endfacet
  facet normal 0 0 1
    outer loop
      vertex 68.1353 6.18322 1.8
      vertex 56.8516 19.1903 1.8
      vertex 66.9345 4.73179 1.8
    endloop
  endfacet
  facet normal 0 0 1
    outer loop
      vertex 58 21 1.8
      vertex 61.15 23.5 1.8
      vertex 58 23.5 1.8
    endloop
  endfacet
  facet normal 0 0 1
    outer loop
      vertex 57.9842 20.7493 1.8
      vertex 61.15 23.5 1.8
      vertex 58 21 1.8
    endloop
  endfacet
  facet normal 0 0 1
    outer loop
      vertex 57.9372 20.5026 1.8
      vertex 61.15 23.5 1.8
      vertex 57.9842 20.7493 1.8
    endloop
  endfacet
  facet normal 0 0 1
    outer loop
      vertex 57.8596 20.2638 1.8
      vertex 61.15 23.5 1.8
      vertex 57.9372 20.5026 1.8
    endloop
  endfacet
  facet normal 0 0 1
    outer loop
      vertex 57.7526 20.0365 1.8
      vertex 61.15 23.5 1.8
      vertex 57.8596 20.2638 1.8
    endloop
  endfacet
  facet normal 0 0 1
    outer loop
      vertex 69.9466 9.47813 1.8
      vertex 57.0717 19.3113 1.8
      vertex 69.1446 7.77369 1.8
    endloop
  endfacet
  facet normal 0 0 1
    outer loop
      vertex 66.9345 4.73179 1.8
      vertex 56.8516 19.1903 1.8
      vertex 65.5614 3.4423 1.8
    endloop
  endfacet
  facet normal -0 0 1
    outer loop
      vertex 56.618 19.0979 1.8
      vertex 65.5614 3.4423 1.8
      vertex 56.8516 19.1903 1.8
    endloop
  endfacet
  facet normal 0 0 1
    outer loop
      vertex 65.5614 3.4423 1.8
      vertex 56.618 19.0979 1.8
      vertex 64.0374 2.33508 1.8
    endloop
  endfacet
  facet normal 0 0 1
    outer loop
      vertex 64.0374 2.33508 1.8
      vertex 56.618 19.0979 1.8
      vertex 62.3867 1.4276 1.8
    endloop
  endfacet
  facet normal -0 0 1
    outer loop
      vertex 56.3748 19.0354 1.8
      vertex 62.3867 1.4276 1.8
      vertex 56.618 19.0979 1.8
    endloop
  endfacet
  facet normal 0 0 1
    outer loop
      vertex 62.3867 1.4276 1.8
      vertex 56.3748 19.0354 1.8
      vertex 60.6353 0.734153 1.8
    endloop
  endfacet
  facet normal 0 0 1
    outer loop
      vertex 60.6353 0.734153 1.8
      vertex 56.3748 19.0354 1.8
      vertex 58.8107 0.265692 1.8
    endloop
  endfacet
  facet normal -0 0 1
    outer loop
      vertex 56.1256 19.0039 1.8
      vertex 58.8107 0.265692 1.8
      vertex 56.3748 19.0354 1.8
    endloop
  endfacet
  facet normal -0 0 1
    outer loop
      vertex 47.5 9.7 1.8
      vertex 58.8107 0.265692 1.8
      vertex 56.1256 19.0039 1.8
    endloop
  endfacet
  facet normal 0 0 1
    outer loop
      vertex 47.5 9.7 1.8
      vertex 56.1256 19.0039 1.8
      vertex 47.5 13.7 1.8
    endloop
  endfacet
  facet normal 0 0 1
    outer loop
      vertex 58.8107 0.265692 1.8
      vertex 47.5 9.7 1.8
      vertex 56.9419 0.0295992 1.8
    endloop
  endfacet
  facet normal 0 0 1
    outer loop
      vertex 44.7 6.50341 1.8
      vertex 47.5 9.7 1.8
      vertex 44.7 6.52402 1.8
    endloop
  endfacet
  facet normal 0 0 1
    outer loop
      vertex 44.6866 6.29035 1.8
      vertex 47.5 9.7 1.8
      vertex 44.7 6.50341 1.8
    endloop
  endfacet
  facet normal 0 0 1
    outer loop
      vertex 44.6466 6.08064 1.8
      vertex 47.5 9.7 1.8
      vertex 44.6866 6.29035 1.8
    endloop
  endfacet
  facet normal 0 0 1
    outer loop
      vertex 47.5 9.7 1.8
      vertex 44.6466 6.08064 1.8
      vertex 56.9419 0.0295992 1.8
    endloop
  endfacet
  facet normal -0 0 1
    outer loop
      vertex 44.5806 5.8776 1.8
      vertex 56.9419 0.0295992 1.8
      vertex 44.6466 6.08064 1.8
    endloop
  endfacet
  facet normal -0 0 1
    outer loop
      vertex 44.4897 5.68443 1.8
      vertex 56.9419 0.0295992 1.8
      vertex 44.5806 5.8776 1.8
    endloop
  endfacet
  facet normal -0 0 1
    outer loop
      vertex 44.3753 5.50418 1.8
      vertex 56.9419 0.0295992 1.8
      vertex 44.4897 5.68443 1.8
    endloop
  endfacet
  facet normal -0 0 1
    outer loop
      vertex 44.2392 5.33968 1.8
      vertex 56.9419 0.0295992 1.8
      vertex 44.3753 5.50418 1.8
    endloop
  endfacet
  facet normal -0 0 1
    outer loop
      vertex 44.0836 5.19354 1.8
      vertex 56.9419 0.0295992 1.8
      vertex 44.2392 5.33968 1.8
    endloop
  endfacet
  facet normal -0 0 1
    outer loop
      vertex 43.9109 5.06806 1.8
      vertex 56.9419 0.0295992 1.8
      vertex 44.0836 5.19354 1.8
    endloop
  endfacet
  facet normal -0 0 1
    outer loop
      vertex 43.7238 4.96521 1.8
      vertex 56.9419 0.0295992 1.8
      vertex 43.9109 5.06806 1.8
    endloop
  endfacet
  facet normal -0 0 1
    outer loop
      vertex 43.5253 4.88662 1.8
      vertex 56.9419 0.0295992 1.8
      vertex 43.7238 4.96521 1.8
    endloop
  endfacet
  facet normal -0 0 1
    outer loop
      vertex 41.7252 4.42441 1.8
      vertex 56.9419 0.0295992 1.8
      vertex 43.5253 4.88662 1.8
    endloop
  endfacet
  facet normal -0 0 1
    outer loop
      vertex 41.6486 4.40476 1.8
      vertex 56.9419 0.0295992 1.8
      vertex 41.7252 4.42441 1.8
    endloop
  endfacet
  facet normal -0 0 1
    outer loop
      vertex 41.4419 4.35167 1.8
      vertex 56.9419 0.0295992 1.8
      vertex 41.6486 4.40476 1.8
    endloop
  endfacet
  facet normal -0 0 1
    outer loop
      vertex 41.2301 4.32491 1.8
      vertex 56.9419 0.0295992 1.8
      vertex 41.4419 4.35167 1.8
    endloop
  endfacet
  facet normal -0 0 1
    outer loop
      vertex 37.6491 3.87253 1.8
      vertex 56.9419 0.0295992 1.8
      vertex 41.2301 4.32491 1.8
    endloop
  endfacet
  facet normal -0 0 1
    outer loop
      vertex 37.4911 3.85257 1.8
      vertex 56.9419 0.0295992 1.8
      vertex 37.6491 3.87253 1.8
    endloop
  endfacet
  facet normal 0 0 1
    outer loop
      vertex 28.9999 3.42974 1.8
      vertex 37.4911 3.85257 1.8
      vertex 33.5089 3.85257 1.8
    endloop
  endfacet
  facet normal 0 0 1
    outer loop
      vertex 29.6981 3.58071 1.8
      vertex 33.5089 3.85257 1.8
      vertex 33.3509 3.87253 1.8
    endloop
  endfacet
  facet normal -0 0 1
    outer loop
      vertex 30.6212 4.11798 1.8
      vertex 33.3509 3.87253 1.8
      vertex 30.7106 4.20608 1.8
    endloop
  endfacet
  facet normal -0 0 1
    outer loop
      vertex 30.3369 3.90059 1.8
      vertex 33.3509 3.87253 1.8
      vertex 30.6212 4.11798 1.8
    endloop
  endfacet
  facet normal 0 0 1
    outer loop
      vertex 30.0276 3.72056 1.8
      vertex 33.3509 3.87253 1.8
      vertex 30.3369 3.90059 1.8
    endloop
  endfacet
  facet normal 0 0 1
    outer loop
      vertex 29.6981 3.58071 1.8
      vertex 33.3509 3.87253 1.8
      vertex 30.0276 3.72056 1.8
    endloop
  endfacet
  facet normal 0 0 1
    outer loop
      vertex 33.5089 3.85257 1.8
      vertex 29.6981 3.58071 1.8
      vertex 29.3537 3.48326 1.8
    endloop
  endfacet
  facet normal 0 0 1
    outer loop
      vertex 33.5089 3.85257 1.8
      vertex 29.3537 3.48326 1.8
      vertex 28.9999 3.42974 1.8
    endloop
  endfacet
  facet normal 0 0 1
    outer loop
      vertex 37.4911 3.85257 1.8
      vertex 28.9999 3.42974 1.8
      vertex 56.9419 0.0295992 1.8
    endloop
  endfacet
  facet normal 0 0 1
    outer loop
      vertex 14.0581 0.0295992 1.8
      vertex 28.9999 3.42974 1.8
      vertex 28.6421 3.421 1.8
    endloop
  endfacet
  facet normal 0 0 1
    outer loop
      vertex 14.0581 0.0295992 1.8
      vertex 28.6421 3.421 1.8
      vertex 28.286 3.45717 1.8
    endloop
  endfacet
  facet normal 0 0 1
    outer loop
      vertex 23.5 9.7 1.8
      vertex 25.9335 5.84272 1.8
      vertex 25.9023 6.19927 1.8
    endloop
  endfacet
  facet normal 0 0 1
    outer loop
      vertex 14.0581 0.0295992 1.8
      vertex 25.9335 5.84272 1.8
      vertex 23.5 9.7 1.8
    endloop
  endfacet
  facet normal 0 0 1
    outer loop
      vertex 25.9335 5.84272 1.8
      vertex 14.0581 0.0295992 1.8
      vertex 26.0091 5.4929 1.8
    endloop
  endfacet
  facet normal 0 0 1
    outer loop
      vertex 26.0091 5.4929 1.8
      vertex 14.0581 0.0295992 1.8
      vertex 26.128 5.15531 1.8
    endloop
  endfacet
  facet normal 0 0 1
    outer loop
      vertex 12.1893 0.265692 1.8
      vertex 23.5 9.7 1.8
      vertex 14.8744 19.0039 1.8
    endloop
  endfacet
  facet normal 0 0 1
    outer loop
      vertex 26.128 5.15531 1.8
      vertex 14.0581 0.0295992 1.8
      vertex 26.2883 4.83529 1.8
    endloop
  endfacet
  facet normal 0 0 1
    outer loop
      vertex 12.1893 0.265692 1.8
      vertex 14.8744 19.0039 1.8
      vertex 14.6252 19.0354 1.8
    endloop
  endfacet
  facet normal 0 0 1
    outer loop
      vertex 12.1893 0.265692 1.8
      vertex 14.6252 19.0354 1.8
      vertex 14.382 19.0979 1.8
    endloop
  endfacet
  facet normal 0 0 1
    outer loop
      vertex 12.1893 0.265692 1.8
      vertex 14.382 19.0979 1.8
      vertex 14.1484 19.1903 1.8
    endloop
  endfacet
  facet normal 0 0 1
    outer loop
      vertex 28.9999 3.42974 1.8
      vertex 14.0581 0.0295992 1.8
      vertex 56.9419 0.0295992 1.8
    endloop
  endfacet
  facet normal 0 0 1
    outer loop
      vertex 27.9373 3.53768 1.8
      vertex 14.0581 0.0295992 1.8
      vertex 28.286 3.45717 1.8
    endloop
  endfacet
  facet normal 0 0 1
    outer loop
      vertex 27.6014 3.66126 1.8
      vertex 14.0581 0.0295992 1.8
      vertex 27.9373 3.53768 1.8
    endloop
  endfacet
  facet normal 0 0 1
    outer loop
      vertex 27.2836 3.82597 1.8
      vertex 14.0581 0.0295992 1.8
      vertex 27.6014 3.66126 1.8
    endloop
  endfacet
  facet normal 0 0 1
    outer loop
      vertex 26.989 4.02921 1.8
      vertex 14.0581 0.0295992 1.8
      vertex 27.2836 3.82597 1.8
    endloop
  endfacet
  facet normal 0 0 1
    outer loop
      vertex 26.7222 4.26776 1.8
      vertex 14.0581 0.0295992 1.8
      vertex 26.989 4.02921 1.8
    endloop
  endfacet
  facet normal 0 0 1
    outer loop
      vertex 26.4874 4.53788 1.8
      vertex 14.0581 0.0295992 1.8
      vertex 26.7222 4.26776 1.8
    endloop
  endfacet
  facet normal 0 0 1
    outer loop
      vertex 26.2883 4.83529 1.8
      vertex 14.0581 0.0295992 1.8
      vertex 26.4874 4.53788 1.8
    endloop
  endfacet
  facet normal 0 0 1
    outer loop
      vertex 12.1893 0.265692 1.8
      vertex 14.1484 19.1903 1.8
      vertex 13.9283 19.3113 1.8
    endloop
  endfacet
  facet normal 0 0 1
    outer loop
      vertex 12.1893 0.265692 1.8
      vertex 13.9283 19.3113 1.8
      vertex 13.7252 19.459 1.8
    endloop
  endfacet
  facet normal 0 0 1
    outer loop
      vertex 12.1893 0.265692 1.8
      vertex 13.7252 19.459 1.8
      vertex 13.5421 19.6309 1.8
    endloop
  endfacet
  facet normal 0 0 1
    outer loop
      vertex 12.1893 0.265692 1.8
      vertex 13.5421 19.6309 1.8
      vertex 13.382 19.8244 1.8
    endloop
  endfacet
  facet normal 0 0 1
    outer loop
      vertex 12.1893 0.265692 1.8
      vertex 13.382 19.8244 1.8
      vertex 13.2474 20.0365 1.8
    endloop
  endfacet
  facet normal 0 0 1
    outer loop
      vertex 12.1893 0.265692 1.8
      vertex 13.2474 20.0365 1.8
      vertex 13.1404 20.2638 1.8
    endloop
  endfacet
  facet normal 0 0 1
    outer loop
      vertex 12.1893 0.265692 1.8
      vertex 13.1404 20.2638 1.8
      vertex 13.0628 20.5026 1.8
    endloop
  endfacet
  facet normal 0 0 1
    outer loop
      vertex 12.1893 0.265692 1.8
      vertex 13.0628 20.5026 1.8
      vertex 13.0158 20.7493 1.8
    endloop
  endfacet
  facet normal 0 0 1
    outer loop
      vertex 12.1893 0.265692 1.8
      vertex 13.0158 20.7493 1.8
      vertex 13 21 1.8
    endloop
  endfacet
  facet normal 0 0 1
    outer loop
      vertex 23.5 9.7 1.8
      vertex 12.1893 0.265692 1.8
      vertex 14.0581 0.0295992 1.8
    endloop
  endfacet
  facet normal -0 0 1
    outer loop
      vertex 67.1275 33.3509 1.8
      vertex 67.4193 29.6981 1.8
      vertex 67.1474 33.5089 1.8
    endloop
  endfacet
  facet normal 0 0 1
    outer loop
      vertex 67.4193 29.6981 1.8
      vertex 67.1275 33.3509 1.8
      vertex 67.2794 30.0276 1.8
    endloop
  endfacet
  facet normal 0 0 1
    outer loop
      vertex 67.1275 33.3509 1.8
      vertex 67.0994 30.3369 1.8
      vertex 67.2794 30.0276 1.8
    endloop
  endfacet
  facet normal 0 0 1
    outer loop
      vertex 67.1275 33.3509 1.8
      vertex 66.882 30.6212 1.8
      vertex 67.0994 30.3369 1.8
    endloop
  endfacet
  facet normal 0 -0 1
    outer loop
      vertex 66.882 30.6212 1.8
      vertex 67.1275 33.3509 1.8
      vertex 66.7939 30.7106 1.8
    endloop
  endfacet
  facet normal 0 0 1
    outer loop
      vertex 62.73 30.7807 1.8
      vertex 63.7342 33.7237 1.8
      vertex 63.7342 37.2763 1.8
    endloop
  endfacet
  facet normal 0 0 1
    outer loop
      vertex 63.7342 33.7237 1.8
      vertex 63.2975 31.2147 1.8
      vertex 63.4253 31.2787 1.8
    endloop
  endfacet
  facet normal 0 0 1
    outer loop
      vertex 62.73 30.7807 1.8
      vertex 63.7342 37.2763 1.8
      vertex 63.2889 40.801 1.8
    endloop
  endfacet
  facet normal 0 0 1
    outer loop
      vertex 63.7342 33.7237 1.8
      vertex 63.0001 31.0156 1.8
      vertex 63.2975 31.2147 1.8
    endloop
  endfacet
  facet normal 0 0 1
    outer loop
      vertex 62.73 30.7807 1.8
      vertex 63.2889 40.801 1.8
      vertex 62.8592 42.4747 1.8
    endloop
  endfacet
  facet normal 0 0 1
    outer loop
      vertex 62.73 30.7807 1.8
      vertex 62.8592 42.4747 1.8
      vertex 62.8061 42.6814 1.8
    endloop
  endfacet
  facet normal 0 0 1
    outer loop
      vertex 62.73 30.7807 1.8
      vertex 62.8061 42.6814 1.8
      vertex 62.7793 42.8933 1.8
    endloop
  endfacet
  facet normal 0 0 1
    outer loop
      vertex 63.7342 33.7237 1.8
      vertex 62.73 30.7807 1.8
      vertex 63.0001 31.0156 1.8
    endloop
  endfacet
  facet normal -0 0 1
    outer loop
      vertex 47.5 57.3 1.8
      vertex 56.1256 51.9961 1.8
      vertex 47.5 61.3 1.8
    endloop
  endfacet
  facet normal 0 0 1
    outer loop
      vertex 47.5 57.3 1.8
      vertex 36.8744 51.9961 1.8
      vertex 56.1256 51.9961 1.8
    endloop
  endfacet
  facet normal -0 0 1
    outer loop
      vertex 36.5 57.3 1.8
      vertex 36.8744 51.9961 1.8
      vertex 47.5 57.3 1.8
    endloop
  endfacet
  facet normal 0 0 1
    outer loop
      vertex 36.8744 51.9961 1.8
      vertex 36.5 57.3 1.8
      vertex 36.6252 51.9646 1.8
    endloop
  endfacet
  facet normal 0 0 1
    outer loop
      vertex 36.6252 51.9646 1.8
      vertex 36.5 57.3 1.8
      vertex 36.5 51.9324 1.8
    endloop
  endfacet
  facet normal -0 0 1
    outer loop
      vertex 45.0839 64.4431 1.8
      vertex 47.5 61.3 1.8
      vertex 45.0977 64.8007 1.8
    endloop
  endfacet
  facet normal -0 0 1
    outer loop
      vertex 45.0255 64.09 1.8
      vertex 47.5 61.3 1.8
      vertex 45.0839 64.4431 1.8
    endloop
  endfacet
  facet normal -0 0 1
    outer loop
      vertex 44.9232 63.747 1.8
      vertex 47.5 61.3 1.8
      vertex 45.0255 64.09 1.8
    endloop
  endfacet
  facet normal -0 0 1
    outer loop
      vertex 44.7788 63.4195 1.8
      vertex 47.5 61.3 1.8
      vertex 44.9232 63.747 1.8
    endloop
  endfacet
  facet normal -0 0 1
    outer loop
      vertex 44.5945 63.1127 1.8
      vertex 47.5 61.3 1.8
      vertex 44.7788 63.4195 1.8
    endloop
  endfacet
  facet normal -0 0 1
    outer loop
      vertex 44.3731 62.8315 1.8
      vertex 47.5 61.3 1.8
      vertex 44.5945 63.1127 1.8
    endloop
  endfacet
  facet normal -0 0 1
    outer loop
      vertex 44.1183 62.5802 1.8
      vertex 47.5 61.3 1.8
      vertex 44.3731 62.8315 1.8
    endloop
  endfacet
  facet normal -0 0 1
    outer loop
      vertex 43.834 62.3628 1.8
      vertex 47.5 61.3 1.8
      vertex 44.1183 62.5802 1.8
    endloop
  endfacet
  facet normal -0 0 1
    outer loop
      vertex 43.5246 62.1828 1.8
      vertex 47.5 61.3 1.8
      vertex 43.834 62.3628 1.8
    endloop
  endfacet
  facet normal -0 0 1
    outer loop
      vertex 43.1952 62.0429 1.8
      vertex 47.5 61.3 1.8
      vertex 43.5246 62.1828 1.8
    endloop
  endfacet
  facet normal -0 0 1
    outer loop
      vertex 42.8508 61.9455 1.8
      vertex 47.5 61.3 1.8
      vertex 43.1952 62.0429 1.8
    endloop
  endfacet
  facet normal -0 0 1
    outer loop
      vertex 42.4969 61.8919 1.8
      vertex 47.5 61.3 1.8
      vertex 42.8508 61.9455 1.8
    endloop
  endfacet
  facet normal -0 0 1
    outer loop
      vertex 42.1391 61.8832 1.8
      vertex 47.5 61.3 1.8
      vertex 42.4969 61.8919 1.8
    endloop
  endfacet
  facet normal 0 0 1
    outer loop
      vertex 23.5 61.3 1.8
      vertex 42.1391 61.8832 1.8
      vertex 41.7831 61.9194 1.8
    endloop
  endfacet
  facet normal 0 0 1
    outer loop
      vertex 37.2763 63.7342 1.8
      vertex 39.7853 63.2975 1.8
      vertex 39.7213 63.4253 1.8
    endloop
  endfacet
  facet normal 0 0 1
    outer loop
      vertex 37.2763 63.7342 1.8
      vertex 39.9845 63.0001 1.8
      vertex 39.7853 63.2975 1.8
    endloop
  endfacet
  facet normal 0 0 1
    outer loop
      vertex 37.2763 63.7342 1.8
      vertex 40.2193 62.73 1.8
      vertex 39.9845 63.0001 1.8
    endloop
  endfacet
  facet normal 0 0 1
    outer loop
      vertex 37.2763 63.7342 1.8
      vertex 40.4861 62.4914 1.8
      vertex 40.2193 62.73 1.8
    endloop
  endfacet
  facet normal 0 0 1
    outer loop
      vertex 37.2763 63.7342 1.8
      vertex 40.7807 62.2882 1.8
      vertex 40.4861 62.4914 1.8
    endloop
  endfacet
  facet normal -0 0 1
    outer loop
      vertex 33.7237 63.7342 1.8
      vertex 40.7807 62.2882 1.8
      vertex 37.2763 63.7342 1.8
    endloop
  endfacet
  facet normal 0 0 1
    outer loop
      vertex 40.7807 62.2882 1.8
      vertex 33.7237 63.7342 1.8
      vertex 41.0984 62.1235 1.8
    endloop
  endfacet
  facet normal -0 0 1
    outer loop
      vertex 30.199 63.2889 1.8
      vertex 41.0984 62.1235 1.8
      vertex 33.7237 63.7342 1.8
    endloop
  endfacet
  facet normal -0 0 1
    outer loop
      vertex 28.5253 62.8592 1.8
      vertex 41.0984 62.1235 1.8
      vertex 30.199 63.2889 1.8
    endloop
  endfacet
  facet normal -0 0 1
    outer loop
      vertex 28.3185 62.8061 1.8
      vertex 41.0984 62.1235 1.8
      vertex 28.5253 62.8592 1.8
    endloop
  endfacet
  facet normal 0 0 1
    outer loop
      vertex 41.0984 62.1235 1.8
      vertex 28.3185 62.8061 1.8
      vertex 41.4343 61.9999 1.8
    endloop
  endfacet
  facet normal 0 0 1
    outer loop
      vertex 23.5 61.3 1.8
      vertex 41.4343 61.9999 1.8
      vertex 28.3185 62.8061 1.8
    endloop
  endfacet
  facet normal 0 0 1
    outer loop
      vertex 41.4343 61.9999 1.8
      vertex 23.5 61.3 1.8
      vertex 41.7831 61.9194 1.8
    endloop
  endfacet
  facet normal 0 0 1
    outer loop
      vertex 23.5 61.3 1.8
      vertex 28.3185 62.8061 1.8
      vertex 28.1067 62.7793 1.8
    endloop
  endfacet
  facet normal 0 0 1
    outer loop
      vertex 23.5 61.3 1.8
      vertex 28.1067 62.7793 1.8
      vertex 27.8933 62.7793 1.8
    endloop
  endfacet
  facet normal 0 0 1
    outer loop
      vertex 42.1391 61.8832 1.8
      vertex 23.5 61.3 1.8
      vertex 47.5 61.3 1.8
    endloop
  endfacet
  facet normal 0 0 1
    outer loop
      vertex 27.6815 62.8061 1.8
      vertex 23.5 61.3 1.8
      vertex 27.8933 62.7793 1.8
    endloop
  endfacet
  facet normal 0 0 1
    outer loop
      vertex 27.4747 62.8592 1.8
      vertex 23.5 61.3 1.8
      vertex 27.6815 62.8061 1.8
    endloop
  endfacet
  facet normal 0 0 1
    outer loop
      vertex 27.2762 62.9378 1.8
      vertex 23.5 61.3 1.8
      vertex 27.4747 62.8592 1.8
    endloop
  endfacet
  facet normal 0 0 1
    outer loop
      vertex 27.0891 63.0406 1.8
      vertex 23.5 61.3 1.8
      vertex 27.2762 62.9378 1.8
    endloop
  endfacet
  facet normal 0 0 1
    outer loop
      vertex 26.9164 63.1661 1.8
      vertex 23.5 61.3 1.8
      vertex 27.0891 63.0406 1.8
    endloop
  endfacet
  facet normal 0 0 1
    outer loop
      vertex 26.7608 63.3122 1.8
      vertex 23.5 61.3 1.8
      vertex 26.9164 63.1661 1.8
    endloop
  endfacet
  facet normal 0 0 1
    outer loop
      vertex 26.6247 63.4767 1.8
      vertex 23.5 61.3 1.8
      vertex 26.7608 63.3122 1.8
    endloop
  endfacet
  facet normal 0 0 1
    outer loop
      vertex 26.5103 63.657 1.8
      vertex 23.5 61.3 1.8
      vertex 26.6247 63.4767 1.8
    endloop
  endfacet
  facet normal 0 0 1
    outer loop
      vertex 26.4194 63.8502 1.8
      vertex 23.5 61.3 1.8
      vertex 26.5103 63.657 1.8
    endloop
  endfacet
  facet normal 0 0 1
    outer loop
      vertex 26.3534 64.0532 1.8
      vertex 23.5 61.3 1.8
      vertex 26.4194 63.8502 1.8
    endloop
  endfacet
  facet normal 0 0 1
    outer loop
      vertex 26.3134 64.2629 1.8
      vertex 23.5 61.3 1.8
      vertex 26.3534 64.0532 1.8
    endloop
  endfacet
  facet normal 0 0 1
    outer loop
      vertex 23.5 61.3 1.8
      vertex 26.3134 64.2629 1.8
      vertex 26.3 64.476 1.8
    endloop
  endfacet
  facet normal -0.125332 0.992115 0
    outer loop
      vertex 41.2301 4.32491 0
      vertex 37.6491 3.87253 1.8
      vertex 41.2301 4.32491 1.8
    endloop
  endfacet
  facet normal -0.125332 0.992115 0
    outer loop
      vertex 37.6491 3.87253 1.8
      vertex 41.2301 4.32491 0
      vertex 37.6491 3.87253 0
    endloop
  endfacet
  facet normal 0.125332 -0.992115 0
    outer loop
      vertex 37.2763 7.26582 0
      vertex 40.801 7.71109 1.8
      vertex 37.2763 7.26582 1.8
    endloop
  endfacet
  facet normal 0.125332 -0.992115 0
    outer loop
      vertex 40.801 7.71109 1.8
      vertex 37.2763 7.26582 0
      vertex 40.801 7.71109 0
    endloop
  endfacet
  facet normal -0.248771 0.968562 0
    outer loop
      vertex 41.6486 4.40476 0
      vertex 41.4419 4.35167 1.8
      vertex 41.6486 4.40476 1.8
    endloop
  endfacet
  facet normal -0.248771 0.968562 0
    outer loop
      vertex 41.4419 4.35167 1.8
      vertex 41.6486 4.40476 0
      vertex 41.4419 4.35167 0
    endloop
  endfacet
  facet normal -0.125349 0.992113 0
    outer loop
      vertex 41.4419 4.35167 0
      vertex 41.2301 4.32491 1.8
      vertex 41.4419 4.35167 1.8
    endloop
  endfacet
  facet normal -0.125349 0.992113 0
    outer loop
      vertex 41.2301 4.32491 1.8
      vertex 41.4419 4.35167 0
      vertex 41.2301 4.32491 0
    endloop
  endfacet
  facet normal -0.248482 0.968637 0
    outer loop
      vertex 41.7252 4.42441 0
      vertex 41.6486 4.40476 1.8
      vertex 41.7252 4.42441 1.8
    endloop
  endfacet
  facet normal -0.248482 0.968637 0
    outer loop
      vertex 41.6486 4.40476 1.8
      vertex 41.7252 4.42441 0
      vertex 41.6486 4.40476 0
    endloop
  endfacet
  facet normal -0.125335 -0.992114 0
    outer loop
      vertex 31.2787 7.5747 0
      vertex 33.7237 7.26582 1.8
      vertex 31.2787 7.5747 1.8
    endloop
  endfacet
  facet normal -0.125335 -0.992114 -0
    outer loop
      vertex 33.7237 7.26582 1.8
      vertex 31.2787 7.5747 0
      vertex 33.7237 7.26582 0
    endloop
  endfacet
  facet normal 0.125334 0.992115 -0
    outer loop
      vertex 33.3509 3.87253 0
      vertex 30.7106 4.20608 1.8
      vertex 33.3509 3.87253 1.8
    endloop
  endfacet
  facet normal 0.125334 0.992115 0
    outer loop
      vertex 30.7106 4.20608 1.8
      vertex 33.3509 3.87253 0
      vertex 30.7106 4.20608 0
    endloop
  endfacet
  facet normal -0.770482 -0.637462 0
    outer loop
      vertex 44.3753 7.52325 0
      vertex 44.2392 7.68775 1.8
      vertex 44.2392 7.68775 0
    endloop
  endfacet
  facet normal -0.770482 -0.637462 0
    outer loop
      vertex 44.2392 7.68775 1.8
      vertex 44.3753 7.52325 0
      vertex 44.3753 7.52325 1.8
    endloop
  endfacet
  facet normal -0.998028 -0.0627661 0
    outer loop
      vertex 44.7 6.52402 0
      vertex 44.6866 6.73709 1.8
      vertex 44.6866 6.73709 0
    endloop
  endfacet
  facet normal -0.998028 -0.0627661 0
    outer loop
      vertex 44.6866 6.73709 1.8
      vertex 44.7 6.52402 0
      vertex 44.7 6.52402 1.8
    endloop
  endfacet
  facet normal -0.368118 0.929779 0
    outer loop
      vertex 43.7238 4.96521 0
      vertex 43.5253 4.88662 1.8
      vertex 43.7238 4.96521 1.8
    endloop
  endfacet
  facet normal -0.368118 0.929779 0
    outer loop
      vertex 43.5253 4.88662 1.8
      vertex 43.7238 4.96521 0
      vertex 43.5253 4.88662 0
    endloop
  endfacet
  facet normal -0.481721 0.876325 0
    outer loop
      vertex 43.9109 5.06806 0
      vertex 43.7238 4.96521 1.8
      vertex 43.9109 5.06806 1.8
    endloop
  endfacet
  facet normal -0.481721 0.876325 0
    outer loop
      vertex 43.7238 4.96521 1.8
      vertex 43.9109 5.06806 0
      vertex 43.7238 4.96521 0
    endloop
  endfacet
  facet normal -0.904825 0.425784 0
    outer loop
      vertex 44.4897 5.68443 0
      vertex 44.5806 5.8776 1.8
      vertex 44.5806 5.8776 0
    endloop
  endfacet
  facet normal -0.904825 0.425784 0
    outer loop
      vertex 44.5806 5.8776 1.8
      vertex 44.4897 5.68443 0
      vertex 44.4897 5.68443 1.8
    endloop
  endfacet
  facet normal -0.982291 0.187362 0
    outer loop
      vertex 44.6466 6.08064 0
      vertex 44.6866 6.29035 1.8
      vertex 44.6866 6.29035 0
    endloop
  endfacet
  facet normal -0.982291 0.187362 0
    outer loop
      vertex 44.6866 6.29035 1.8
      vertex 44.6466 6.08064 0
      vertex 44.6466 6.08064 1.8
    endloop
  endfacet
  facet normal 0.125245 -0.992126 0
    outer loop
      vertex 42.6814 8.19391 0
      vertex 42.8933 8.22066 1.8
      vertex 42.6814 8.19391 1.8
    endloop
  endfacet
  facet normal 0.125245 -0.992126 0
    outer loop
      vertex 42.8933 8.22066 1.8
      vertex 42.6814 8.19391 0
      vertex 42.8933 8.22066 0
    endloop
  endfacet
  facet normal -0.248701 0.96858 0
    outer loop
      vertex 43.5253 4.88662 0
      vertex 41.7252 4.42441 1.8
      vertex 43.5253 4.88662 1.8
    endloop
  endfacet
  facet normal -0.248701 0.96858 0
    outer loop
      vertex 41.7252 4.42441 1.8
      vertex 43.5253 4.88662 0
      vertex 41.7252 4.42441 0
    endloop
  endfacet
  facet normal -0.587804 0.809003 0
    outer loop
      vertex 44.0836 5.19354 0
      vertex 43.9109 5.06806 1.8
      vertex 44.0836 5.19354 1.8
    endloop
  endfacet
  facet normal -0.587804 0.809003 0
    outer loop
      vertex 43.9109 5.06806 1.8
      vertex 44.0836 5.19354 0
      vertex 43.9109 5.06806 0
    endloop
  endfacet
  facet normal -0.951018 0.309137 0
    outer loop
      vertex 44.5806 5.8776 0
      vertex 44.6466 6.08064 1.8
      vertex 44.6466 6.08064 0
    endloop
  endfacet
  facet normal -0.951018 0.309137 0
    outer loop
      vertex 44.6466 6.08064 1.8
      vertex 44.5806 5.8776 0
      vertex 44.5806 5.8776 1.8
    endloop
  endfacet
  facet normal 0.248688 -0.968584 0
    outer loop
      vertex 40.801 7.71109 0
      vertex 42.4747 8.14082 1.8
      vertex 40.801 7.71109 1.8
    endloop
  endfacet
  facet normal 0.248688 -0.968584 0
    outer loop
      vertex 42.4747 8.14082 1.8
      vertex 40.801 7.71109 0
      vertex 42.4747 8.14082 0
    endloop
  endfacet
  facet normal -0.248771 -0.968562 0
    outer loop
      vertex 43.3186 8.19391 0
      vertex 43.5253 8.14082 1.8
      vertex 43.3186 8.19391 1.8
    endloop
  endfacet
  facet normal -0.248771 -0.968562 -0
    outer loop
      vertex 43.5253 8.14082 1.8
      vertex 43.3186 8.19391 0
      vertex 43.5253 8.14082 0
    endloop
  endfacet
  facet normal 0 -1 0
    outer loop
      vertex 42.8933 8.22066 0
      vertex 43.1067 8.22066 1.8
      vertex 42.8933 8.22066 1.8
    endloop
  endfacet
  facet normal 0 -1 -0
    outer loop
      vertex 43.1067 8.22066 1.8
      vertex 42.8933 8.22066 0
      vertex 43.1067 8.22066 0
    endloop
  endfacet
  facet normal -0.904825 -0.425784 0
    outer loop
      vertex 44.5806 7.14983 0
      vertex 44.4897 7.343 1.8
      vertex 44.4897 7.343 0
    endloop
  endfacet
  facet normal -0.904825 -0.425784 0
    outer loop
      vertex 44.4897 7.343 1.8
      vertex 44.5806 7.14983 0
      vertex 44.5806 7.14983 1.8
    endloop
  endfacet
  facet normal -0.951018 -0.309137 0
    outer loop
      vertex 44.6466 6.94679 0
      vertex 44.5806 7.14983 1.8
      vertex 44.5806 7.14983 0
    endloop
  endfacet
  facet normal -0.951018 -0.309137 0
    outer loop
      vertex 44.5806 7.14983 1.8
      vertex 44.6466 6.94679 0
      vertex 44.6466 6.94679 1.8
    endloop
  endfacet
  facet normal -0.844307 -0.53586 0
    outer loop
      vertex 44.4897 7.343 0
      vertex 44.3753 7.52325 1.8
      vertex 44.3753 7.52325 0
    endloop
  endfacet
  facet normal -0.844307 -0.53586 0
    outer loop
      vertex 44.3753 7.52325 1.8
      vertex 44.4897 7.343 0
      vertex 44.4897 7.343 1.8
    endloop
  endfacet
  facet normal -0.684602 0.728917 0
    outer loop
      vertex 44.2392 5.33968 0
      vertex 44.0836 5.19354 1.8
      vertex 44.2392 5.33968 1.8
    endloop
  endfacet
  facet normal -0.684602 0.728917 0
    outer loop
      vertex 44.0836 5.19354 1.8
      vertex 44.2392 5.33968 0
      vertex 44.0836 5.19354 0
    endloop
  endfacet
  facet normal -0.770482 0.637462 0
    outer loop
      vertex 44.2392 5.33968 0
      vertex 44.3753 5.50418 1.8
      vertex 44.3753 5.50418 0
    endloop
  endfacet
  facet normal -0.770482 0.637462 0
    outer loop
      vertex 44.3753 5.50418 1.8
      vertex 44.2392 5.33968 0
      vertex 44.2392 5.33968 1.8
    endloop
  endfacet
  facet normal -0.998028 0.0627691 0
    outer loop
      vertex 44.6866 6.29035 0
      vertex 44.7 6.50341 1.8
      vertex 44.7 6.50341 0
    endloop
  endfacet
  facet normal -0.998028 0.0627691 0
    outer loop
      vertex 44.7 6.50341 1.8
      vertex 44.6866 6.29035 0
      vertex 44.6866 6.29035 1.8
    endloop
  endfacet
  facet normal 0.248771 -0.968562 0
    outer loop
      vertex 42.4747 8.14082 0
      vertex 42.6814 8.19391 1.8
      vertex 42.4747 8.14082 1.8
    endloop
  endfacet
  facet normal 0.248771 -0.968562 0
    outer loop
      vertex 42.6814 8.19391 1.8
      vertex 42.4747 8.14082 0
      vertex 42.6814 8.19391 0
    endloop
  endfacet
  facet normal -0.684602 -0.728917 0
    outer loop
      vertex 44.0836 7.83389 0
      vertex 44.2392 7.68775 1.8
      vertex 44.0836 7.83389 1.8
    endloop
  endfacet
  facet normal -0.684602 -0.728917 -0
    outer loop
      vertex 44.2392 7.68775 1.8
      vertex 44.0836 7.83389 0
      vertex 44.2392 7.68775 0
    endloop
  endfacet
  facet normal -0.368118 -0.929779 0
    outer loop
      vertex 43.5253 8.14082 0
      vertex 43.7238 8.06223 1.8
      vertex 43.5253 8.14082 1.8
    endloop
  endfacet
  facet normal -0.368118 -0.929779 -0
    outer loop
      vertex 43.7238 8.06223 1.8
      vertex 43.5253 8.14082 0
      vertex 43.7238 8.06223 0
    endloop
  endfacet
  facet normal -0.587835 -0.808981 0
    outer loop
      vertex 43.9109 7.95938 0
      vertex 44.0836 7.83389 1.8
      vertex 43.9109 7.95938 1.8
    endloop
  endfacet
  facet normal -0.587835 -0.808981 -0
    outer loop
      vertex 44.0836 7.83389 1.8
      vertex 43.9109 7.95938 0
      vertex 44.0836 7.83389 0
    endloop
  endfacet
  facet normal -0.844307 0.53586 0
    outer loop
      vertex 44.3753 5.50418 0
      vertex 44.4897 5.68443 1.8
      vertex 44.4897 5.68443 0
    endloop
  endfacet
  facet normal -0.844307 0.53586 0
    outer loop
      vertex 44.4897 5.68443 1.8
      vertex 44.3753 5.50418 0
      vertex 44.3753 5.50418 1.8
    endloop
  endfacet
  facet normal -1 0 0
    outer loop
      vertex 44.7 6.50341 0
      vertex 44.7 6.52402 1.8
      vertex 44.7 6.52402 0
    endloop
  endfacet
  facet normal -1 -0 0
    outer loop
      vertex 44.7 6.52402 1.8
      vertex 44.7 6.50341 0
      vertex 44.7 6.50341 1.8
    endloop
  endfacet
  facet normal -0.481721 -0.876325 0
    outer loop
      vertex 43.7238 8.06223 0
      vertex 43.9109 7.95938 1.8
      vertex 43.7238 8.06223 1.8
    endloop
  endfacet
  facet normal -0.481721 -0.876325 -0
    outer loop
      vertex 43.9109 7.95938 1.8
      vertex 43.7238 8.06223 0
      vertex 43.9109 7.95938 0
    endloop
  endfacet
  facet normal -0.982289 -0.18737 0
    outer loop
      vertex 44.6866 6.73709 0
      vertex 44.6466 6.94679 1.8
      vertex 44.6466 6.94679 0
    endloop
  endfacet
  facet normal -0.982289 -0.18737 0
    outer loop
      vertex 44.6466 6.94679 1.8
      vertex 44.6866 6.73709 0
      vertex 44.6866 6.73709 1.8
    endloop
  endfacet
  facet normal -0.125245 -0.992126 0
    outer loop
      vertex 43.1067 8.22066 0
      vertex 43.3186 8.19391 1.8
      vertex 43.1067 8.22066 1.8
    endloop
  endfacet
  facet normal -0.125245 -0.992126 -0
    outer loop
      vertex 43.3186 8.19391 1.8
      vertex 43.1067 8.22066 0
      vertex 43.3186 8.19391 0
    endloop
  endfacet
  facet normal 0.857207 -0.514972 0
    outer loop
      vertex 26.2212 7.58047 1.8
      vertex 26.4055 7.88725 0
      vertex 26.4055 7.88725 1.8
    endloop
  endfacet
  facet normal 0.857207 -0.514972 0
    outer loop
      vertex 26.4055 7.88725 0
      vertex 26.2212 7.58047 1.8
      vertex 26.2212 7.58047 0
    endloop
  endfacet
  facet normal 0.460152 0.88784 -0
    outer loop
      vertex 27.6014 3.66126 0
      vertex 27.2836 3.82597 1.8
      vertex 27.6014 3.66126 1.8
    endloop
  endfacet
  facet normal 0.460152 0.88784 0
    outer loop
      vertex 27.2836 3.82597 1.8
      vertex 27.6014 3.66126 0
      vertex 27.2836 3.82597 0
    endloop
  endfacet
  facet normal -0.666553 -0.745458 0
    outer loop
      vertex 30.5139 8.50859 0
      vertex 30.7807 8.27003 1.8
      vertex 30.5139 8.50859 1.8
    endloop
  endfacet
  facet normal -0.666553 -0.745458 -0
    outer loop
      vertex 30.7807 8.27003 1.8
      vertex 30.5139 8.50859 0
      vertex 30.7807 8.27003 0
    endloop
  endfacet
  facet normal 0.149529 -0.988757 0
    outer loop
      vertex 28.1492 9.05453 0
      vertex 28.5031 9.10805 1.8
      vertex 28.1492 9.05453 1.8
    endloop
  endfacet
  facet normal 0.149529 -0.988757 0
    outer loop
      vertex 28.5031 9.10805 1.8
      vertex 28.1492 9.05453 0
      vertex 28.5031 9.10805 0
    endloop
  endfacet
  facet normal 0.785772 -0.618516 0
    outer loop
      vertex 26.4055 7.88725 1.8
      vertex 26.6269 8.16852 0
      vertex 26.6269 8.16852 1.8
    endloop
  endfacet
  facet normal 0.785772 -0.618516 0
    outer loop
      vertex 26.6269 8.16852 0
      vertex 26.4055 7.88725 1.8
      vertex 26.4055 7.88725 0
    endloop
  endfacet
  facet normal -0.503047 0.864259 0
    outer loop
      vertex 30.3369 3.90059 0
      vertex 30.0276 3.72056 1.8
      vertex 30.3369 3.90059 1.8
    endloop
  endfacet
  facet normal -0.503047 0.864259 0
    outer loop
      vertex 30.0276 3.72056 1.8
      vertex 30.3369 3.90059 0
      vertex 30.0276 3.72056 0
    endloop
  endfacet
  facet normal 0.977435 0.211235 0
    outer loop
      vertex 26.0091 5.4929 1.8
      vertex 25.9335 5.84272 0
      vertex 25.9335 5.84272 1.8
    endloop
  endfacet
  facet normal 0.977435 0.211235 0
    outer loop
      vertex 25.9335 5.84272 0
      vertex 26.0091 5.4929 1.8
      vertex 26.0091 5.4929 0
    endloop
  endfacet
  facet normal -0.894161 -0.447745 0
    outer loop
      vertex 31.2787 7.5747 0
      vertex 31.2147 7.70251 1.8
      vertex 31.2147 7.70251 0
    endloop
  endfacet
  facet normal -0.894161 -0.447745 0
    outer loop
      vertex 31.2147 7.70251 1.8
      vertex 31.2787 7.5747 0
      vertex 31.2787 7.5747 1.8
    endloop
  endfacet
  facet normal -0.567861 -0.823125 0
    outer loop
      vertex 30.2193 8.71183 0
      vertex 30.5139 8.50859 1.8
      vertex 30.2193 8.71183 1.8
    endloop
  endfacet
  facet normal -0.567861 -0.823125 -0
    outer loop
      vertex 30.5139 8.50859 1.8
      vertex 30.2193 8.71183 0
      vertex 30.5139 8.50859 0
    endloop
  endfacet
  facet normal -0.224906 -0.97438 0
    outer loop
      vertex 29.2169 9.08063 0
      vertex 29.5657 9.00012 1.8
      vertex 29.2169 9.08063 1.8
    endloop
  endfacet
  facet normal -0.224906 -0.97438 -0
    outer loop
      vertex 29.5657 9.00012 1.8
      vertex 29.2169 9.08063 0
      vertex 29.5657 9.00012 0
    endloop
  endfacet
  facet normal -0.345305 -0.93849 0
    outer loop
      vertex 29.5657 9.00012 0
      vertex 29.9016 8.87653 1.8
      vertex 29.5657 9.00012 1.8
    endloop
  endfacet
  facet normal -0.345305 -0.93849 -0
    outer loop
      vertex 29.9016 8.87653 1.8
      vertex 29.5657 9.00012 0
      vertex 29.9016 8.87653 0
    endloop
  endfacet
  facet normal 0.607404 -0.794393 0
    outer loop
      vertex 26.8817 8.41982 0
      vertex 27.166 8.6372 1.8
      vertex 26.8817 8.41982 1.8
    endloop
  endfacet
  facet normal 0.607404 -0.794393 0
    outer loop
      vertex 27.166 8.6372 1.8
      vertex 26.8817 8.41982 0
      vertex 27.166 8.6372 0
    endloop
  endfacet
  facet normal 0.502947 -0.864317 0
    outer loop
      vertex 27.166 8.6372 0
      vertex 27.4754 8.81724 1.8
      vertex 27.166 8.6372 1.8
    endloop
  endfacet
  facet normal 0.502947 -0.864317 0
    outer loop
      vertex 27.4754 8.81724 1.8
      vertex 27.166 8.6372 0
      vertex 27.4754 8.81724 0
    endloop
  endfacet
  facet normal -0.14957 0.988751 0
    outer loop
      vertex 29.3537 3.48326 0
      vertex 28.9999 3.42974 1.8
      vertex 29.3537 3.48326 1.8
    endloop
  endfacet
  facet normal -0.14957 0.988751 0
    outer loop
      vertex 28.9999 3.42974 1.8
      vertex 29.3537 3.48326 0
      vertex 28.9999 3.42974 0
    endloop
  endfacet
  facet normal -0.607422 0.794379 0
    outer loop
      vertex 30.6212 4.11798 0
      vertex 30.3369 3.90059 1.8
      vertex 30.6212 4.11798 1.8
    endloop
  endfacet
  facet normal -0.607422 0.794379 0
    outer loop
      vertex 30.3369 3.90059 1.8
      vertex 30.6212 4.11798 0
      vertex 30.3369 3.90059 0
    endloop
  endfacet
  facet normal 0.224968 0.974366 -0
    outer loop
      vertex 28.286 3.45717 0
      vertex 27.9373 3.53768 1.8
      vertex 28.286 3.45717 1.8
    endloop
  endfacet
  facet normal 0.224968 0.974366 0
    outer loop
      vertex 27.9373 3.53768 1.8
      vertex 28.286 3.45717 0
      vertex 27.9373 3.53768 0
    endloop
  endfacet
  facet normal 0.567861 0.823125 -0
    outer loop
      vertex 27.2836 3.82597 0
      vertex 26.989 4.02921 1.8
      vertex 27.2836 3.82597 1.8
    endloop
  endfacet
  facet normal 0.567861 0.823125 0
    outer loop
      vertex 26.989 4.02921 1.8
      vertex 27.2836 3.82597 0
      vertex 26.989 4.02921 0
    endloop
  endfacet
  facet normal 0.986597 -0.163175 0
    outer loop
      vertex 25.9161 6.55691 1.8
      vertex 25.9745 6.91001 0
      vertex 25.9745 6.91001 1.8
    endloop
  endfacet
  facet normal 0.986597 -0.163175 0
    outer loop
      vertex 25.9745 6.91001 0
      vertex 25.9161 6.55691 1.8
      vertex 25.9161 6.55691 0
    endloop
  endfacet
  facet normal -0.830983 -0.556298 0
    outer loop
      vertex 31.2147 7.70251 0
      vertex 31.0156 7.99992 1.8
      vertex 31.0156 7.99992 0
    endloop
  endfacet
  facet normal -0.830983 -0.556298 0
    outer loop
      vertex 31.0156 7.99992 1.8
      vertex 31.2147 7.70251 0
      vertex 31.2147 7.70251 1.8
    endloop
  endfacet
  facet normal -0.460244 -0.887793 0
    outer loop
      vertex 29.9016 8.87653 0
      vertex 30.2193 8.71183 1.8
      vertex 29.9016 8.87653 1.8
    endloop
  endfacet
  facet normal -0.460244 -0.887793 -0
    outer loop
      vertex 30.2193 8.71183 1.8
      vertex 29.9016 8.87653 0
      vertex 30.2193 8.71183 0
    endloop
  endfacet
  facet normal 0.958284 -0.285817 0
    outer loop
      vertex 25.9745 6.91001 1.8
      vertex 26.0768 7.253 0
      vertex 26.0768 7.253 1.8
    endloop
  endfacet
  facet normal 0.958284 -0.285817 0
    outer loop
      vertex 26.0768 7.253 0
      vertex 25.9745 6.91001 1.8
      vertex 25.9745 6.91001 0
    endloop
  endfacet
  facet normal -0.101081 -0.994878 0
    outer loop
      vertex 28.8609 9.1168 0
      vertex 29.2169 9.08063 1.8
      vertex 28.8609 9.1168 1.8
    endloop
  endfacet
  facet normal -0.101081 -0.994878 -0
    outer loop
      vertex 29.2169 9.08063 1.8
      vertex 28.8609 9.1168 0
      vertex 29.2169 9.08063 0
    endloop
  endfacet
  facet normal 0.0244477 -0.999701 0
    outer loop
      vertex 28.5031 9.10805 0
      vertex 28.8609 9.1168 1.8
      vertex 28.5031 9.10805 1.8
    endloop
  endfacet
  facet normal 0.0244477 -0.999701 0
    outer loop
      vertex 28.8609 9.1168 1.8
      vertex 28.5031 9.10805 0
      vertex 28.8609 9.1168 0
    endloop
  endfacet
  facet normal 0.272266 -0.962222 0
    outer loop
      vertex 27.8048 8.95708 0
      vertex 28.1492 9.05453 1.8
      vertex 27.8048 8.95708 1.8
    endloop
  endfacet
  facet normal 0.272266 -0.962222 0
    outer loop
      vertex 28.1492 9.05453 1.8
      vertex 27.8048 8.95708 0
      vertex 28.1492 9.05453 0
    endloop
  endfacet
  facet normal 0.390774 -0.920487 0
    outer loop
      vertex 27.4754 8.81724 0
      vertex 27.8048 8.95708 1.8
      vertex 27.4754 8.81724 1.8
    endloop
  endfacet
  facet normal 0.390774 -0.920487 0
    outer loop
      vertex 27.8048 8.95708 1.8
      vertex 27.4754 8.81724 0
      vertex 27.8048 8.95708 0
    endloop
  endfacet
  facet normal 0.101053 0.994881 -0
    outer loop
      vertex 28.6421 3.421 0
      vertex 28.286 3.45717 1.8
      vertex 28.6421 3.421 1.8
    endloop
  endfacet
  facet normal 0.101053 0.994881 0
    outer loop
      vertex 28.286 3.45717 1.8
      vertex 28.6421 3.421 0
      vertex 28.286 3.45717 0
    endloop
  endfacet
  facet normal -0.0244198 0.999702 0
    outer loop
      vertex 28.9999 3.42974 0
      vertex 28.6421 3.421 1.8
      vertex 28.9999 3.42974 1.8
    endloop
  endfacet
  facet normal -0.0244198 0.999702 0
    outer loop
      vertex 28.6421 3.421 1.8
      vertex 28.9999 3.42974 0
      vertex 28.6421 3.421 0
    endloop
  endfacet
  facet normal -0.272266 0.962222 0
    outer loop
      vertex 29.6981 3.58071 0
      vertex 29.3537 3.48326 1.8
      vertex 29.6981 3.58071 1.8
    endloop
  endfacet
  facet normal -0.272266 0.962222 0
    outer loop
      vertex 29.3537 3.48326 1.8
      vertex 29.6981 3.58071 0
      vertex 29.3537 3.48326 0
    endloop
  endfacet
  facet normal 0.345281 0.938499 -0
    outer loop
      vertex 27.9373 3.53768 0
      vertex 27.6014 3.66126 1.8
      vertex 27.9373 3.53768 1.8
    endloop
  endfacet
  facet normal 0.345281 0.938499 0
    outer loop
      vertex 27.6014 3.66126 1.8
      vertex 27.9373 3.53768 0
      vertex 27.6014 3.66126 0
    endloop
  endfacet
  facet normal 0.754726 0.65604 0
    outer loop
      vertex 26.7222 4.26776 1.8
      vertex 26.4874 4.53788 0
      vertex 26.4874 4.53788 1.8
    endloop
  endfacet
  facet normal 0.754726 0.65604 0
    outer loop
      vertex 26.4874 4.53788 0
      vertex 26.7222 4.26776 1.8
      vertex 26.7222 4.26776 0
    endloop
  endfacet
  facet normal 0.999256 -0.0385576 0
    outer loop
      vertex 25.9023 6.19927 1.8
      vertex 25.9161 6.55691 0
      vertex 25.9161 6.55691 1.8
    endloop
  endfacet
  facet normal 0.999256 -0.0385576 0
    outer loop
      vertex 25.9161 6.55691 0
      vertex 25.9023 6.19927 1.8
      vertex 25.9023 6.19927 0
    endloop
  endfacet
  facet normal 0.894103 0.447862 0
    outer loop
      vertex 26.2883 4.83529 1.8
      vertex 26.128 5.15531 0
      vertex 26.128 5.15531 1.8
    endloop
  endfacet
  facet normal 0.894103 0.447862 0
    outer loop
      vertex 26.128 5.15531 0
      vertex 26.2883 4.83529 1.8
      vertex 26.2883 4.83529 0
    endloop
  endfacet
  facet normal 0.830983 0.556298 0
    outer loop
      vertex 26.4874 4.53788 1.8
      vertex 26.2883 4.83529 0
      vertex 26.2883 4.83529 1.8
    endloop
  endfacet
  facet normal 0.830983 0.556298 0
    outer loop
      vertex 26.2883 4.83529 0
      vertex 26.4874 4.53788 1.8
      vertex 26.4874 4.53788 0
    endloop
  endfacet
  facet normal -0.754575 -0.656213 0
    outer loop
      vertex 31.0156 7.99992 0
      vertex 30.7807 8.27003 1.8
      vertex 30.7807 8.27003 0
    endloop
  endfacet
  facet normal -0.754575 -0.656213 0
    outer loop
      vertex 30.7807 8.27003 1.8
      vertex 31.0156 7.99992 0
      vertex 31.0156 7.99992 1.8
    endloop
  endfacet
  facet normal 0.914992 -0.403472 0
    outer loop
      vertex 26.0768 7.253 1.8
      vertex 26.2212 7.58047 0
      vertex 26.2212 7.58047 1.8
    endloop
  endfacet
  facet normal 0.914992 -0.403472 0
    outer loop
      vertex 26.2212 7.58047 0
      vertex 26.0768 7.253 1.8
      vertex 26.0768 7.253 0
    endloop
  endfacet
  facet normal 0.7022 -0.71198 0
    outer loop
      vertex 26.6269 8.16852 0
      vertex 26.8817 8.41982 1.8
      vertex 26.6269 8.16852 1.8
    endloop
  endfacet
  facet normal 0.7022 -0.71198 0
    outer loop
      vertex 26.8817 8.41982 1.8
      vertex 26.6269 8.16852 0
      vertex 26.8817 8.41982 0
    endloop
  endfacet
  facet normal -0.701909 0.712266 0
    outer loop
      vertex 30.7106 4.20608 0
      vertex 30.6212 4.11798 1.8
      vertex 30.7106 4.20608 1.8
    endloop
  endfacet
  facet normal -0.701909 0.712266 0
    outer loop
      vertex 30.6212 4.11798 1.8
      vertex 30.7106 4.20608 0
      vertex 30.6212 4.11798 0
    endloop
  endfacet
  facet normal -0.390697 0.920519 0
    outer loop
      vertex 30.0276 3.72056 0
      vertex 29.6981 3.58071 1.8
      vertex 30.0276 3.72056 1.8
    endloop
  endfacet
  facet normal -0.390697 0.920519 0
    outer loop
      vertex 29.6981 3.58071 1.8
      vertex 30.0276 3.72056 0
      vertex 29.6981 3.58071 0
    endloop
  endfacet
  facet normal 0.666538 0.745471 -0
    outer loop
      vertex 26.989 4.02921 0
      vertex 26.7222 4.26776 1.8
      vertex 26.989 4.02921 1.8
    endloop
  endfacet
  facet normal 0.666538 0.745471 0
    outer loop
      vertex 26.7222 4.26776 1.8
      vertex 26.989 4.02921 0
      vertex 26.7222 4.26776 0
    endloop
  endfacet
  facet normal 0.996193 0.0871721 0
    outer loop
      vertex 25.9335 5.84272 1.8
      vertex 25.9023 6.19927 0
      vertex 25.9023 6.19927 1.8
    endloop
  endfacet
  facet normal 0.996193 0.0871721 0
    outer loop
      vertex 25.9023 6.19927 0
      vertex 25.9335 5.84272 1.8
      vertex 25.9335 5.84272 0
    endloop
  endfacet
  facet normal 0.943209 0.3322 0
    outer loop
      vertex 26.128 5.15531 1.8
      vertex 26.0091 5.4929 0
      vertex 26.0091 5.4929 1.8
    endloop
  endfacet
  facet normal 0.943209 0.3322 0
    outer loop
      vertex 26.0091 5.4929 0
      vertex 26.128 5.15531 1.8
      vertex 26.128 5.15531 0
    endloop
  endfacet
  facet normal -0.992162 0.124962 0
    outer loop
      vertex 67.1275 33.3509 0
      vertex 67.1474 33.5089 1.8
      vertex 67.1474 33.5089 0
    endloop
  endfacet
  facet normal -0.992162 0.124962 0
    outer loop
      vertex 67.1474 33.5089 1.8
      vertex 67.1275 33.3509 0
      vertex 67.1275 33.3509 1.8
    endloop
  endfacet
  facet normal -1 0 0
    outer loop
      vertex 67.1474 33.5089 0
      vertex 67.1474 37.4911 1.8
      vertex 67.1474 37.4911 0
    endloop
  endfacet
  facet normal -1 -0 0
    outer loop
      vertex 67.1474 37.4911 1.8
      vertex 67.1474 33.5089 0
      vertex 67.1474 33.5089 1.8
    endloop
  endfacet
  facet normal -0.992162 -0.124962 0
    outer loop
      vertex 67.1474 37.4911 0
      vertex 67.1275 37.6491 1.8
      vertex 67.1275 37.6491 0
    endloop
  endfacet
  facet normal -0.992162 -0.124962 0
    outer loop
      vertex 67.1275 37.6491 1.8
      vertex 67.1474 37.4911 0
      vertex 67.1474 37.4911 1.8
    endloop
  endfacet
  facet normal 1 -0 0
    outer loop
      vertex 63.7342 33.7237 1.8
      vertex 63.7342 37.2763 0
      vertex 63.7342 37.2763 1.8
    endloop
  endfacet
  facet normal 1 0 0
    outer loop
      vertex 63.7342 37.2763 0
      vertex 63.7342 33.7237 1.8
      vertex 63.7342 33.7237 0
    endloop
  endfacet
  facet normal -0.992114 -0.125337 0
    outer loop
      vertex 67.1275 37.6491 0
      vertex 66.6751 41.2301 1.8
      vertex 66.6751 41.2301 0
    endloop
  endfacet
  facet normal -0.992114 -0.125337 0
    outer loop
      vertex 66.6751 41.2301 1.8
      vertex 67.1275 37.6491 0
      vertex 67.1275 37.6491 1.8
    endloop
  endfacet
  facet normal 0.992114 0.125341 0
    outer loop
      vertex 63.7342 37.2763 1.8
      vertex 63.2889 40.801 0
      vertex 63.2889 40.801 1.8
    endloop
  endfacet
  facet normal 0.992114 0.125341 0
    outer loop
      vertex 63.2889 40.801 0
      vertex 63.7342 37.2763 1.8
      vertex 63.7342 37.2763 0
    endloop
  endfacet
  facet normal -0.968551 -0.248815 0
    outer loop
      vertex 66.6483 41.4419 0
      vertex 66.5952 41.6486 1.8
      vertex 66.5952 41.6486 0
    endloop
  endfacet
  facet normal -0.968551 -0.248815 0
    outer loop
      vertex 66.5952 41.6486 1.8
      vertex 66.6483 41.4419 0
      vertex 66.6483 41.4419 1.8
    endloop
  endfacet
  facet normal -0.992089 -0.125534 0
    outer loop
      vertex 66.6751 41.2301 0
      vertex 66.6483 41.4419 1.8
      vertex 66.6483 41.4419 0
    endloop
  endfacet
  facet normal -0.992089 -0.125534 0
    outer loop
      vertex 66.6483 41.4419 1.8
      vertex 66.6751 41.2301 0
      vertex 66.6751 41.2301 1.8
    endloop
  endfacet
  facet normal -0.968789 -0.247888 0
    outer loop
      vertex 66.5952 41.6486 0
      vertex 66.5756 41.7252 1.8
      vertex 66.5756 41.7252 0
    endloop
  endfacet
  facet normal -0.968789 -0.247888 0
    outer loop
      vertex 66.5756 41.7252 1.8
      vertex 66.5952 41.6486 0
      vertex 66.5952 41.6486 1.8
    endloop
  endfacet
  facet normal 0.992113 -0.125343 0
    outer loop
      vertex 63.4253 31.2787 1.8
      vertex 63.7342 33.7237 0
      vertex 63.7342 33.7237 1.8
    endloop
  endfacet
  facet normal 0.992113 -0.125343 0
    outer loop
      vertex 63.7342 33.7237 0
      vertex 63.4253 31.2787 1.8
      vertex 63.4253 31.2787 0
    endloop
  endfacet
  facet normal -0.992112 0.125353 0
    outer loop
      vertex 66.7939 30.7106 0
      vertex 67.1275 33.3509 1.8
      vertex 67.1275 33.3509 0
    endloop
  endfacet
  facet normal -0.992112 0.125353 0
    outer loop
      vertex 67.1275 33.3509 1.8
      vertex 66.7939 30.7106 0
      vertex 66.7939 30.7106 1.8
    endloop
  endfacet
  facet normal 0.637462 -0.770482 0
    outer loop
      vertex 63.3122 44.2392 0
      vertex 63.4767 44.3753 1.8
      vertex 63.3122 44.2392 1.8
    endloop
  endfacet
  facet normal 0.637462 -0.770482 0
    outer loop
      vertex 63.4767 44.3753 1.8
      vertex 63.3122 44.2392 0
      vertex 63.4767 44.3753 0
    endloop
  endfacet
  facet normal 0.0627573 -0.998029 0
    outer loop
      vertex 64.2629 44.6866 0
      vertex 64.476 44.7 1.8
      vertex 64.2629 44.6866 1.8
    endloop
  endfacet
  facet normal 0.0627573 -0.998029 0
    outer loop
      vertex 64.476 44.7 1.8
      vertex 64.2629 44.6866 0
      vertex 64.476 44.7 0
    endloop
  endfacet
  facet normal -0.929763 -0.368158 0
    outer loop
      vertex 66.1134 43.5253 0
      vertex 66.0348 43.7238 1.8
      vertex 66.0348 43.7238 0
    endloop
  endfacet
  facet normal -0.929763 -0.368158 0
    outer loop
      vertex 66.0348 43.7238 1.8
      vertex 66.1134 43.5253 0
      vertex 66.1134 43.5253 1.8
    endloop
  endfacet
  facet normal -0.876226 -0.481901 0
    outer loop
      vertex 66.0348 43.7238 0
      vertex 65.9319 43.9109 1.8
      vertex 65.9319 43.9109 0
    endloop
  endfacet
  facet normal -0.876226 -0.481901 0
    outer loop
      vertex 65.9319 43.9109 1.8
      vertex 66.0348 43.7238 0
      vertex 66.0348 43.7238 1.8
    endloop
  endfacet
  facet normal -0.425729 -0.904851 0
    outer loop
      vertex 65.1224 44.5806 0
      vertex 65.3156 44.4897 1.8
      vertex 65.1224 44.5806 1.8
    endloop
  endfacet
  facet normal -0.425729 -0.904851 -0
    outer loop
      vertex 65.3156 44.4897 1.8
      vertex 65.1224 44.5806 0
      vertex 65.3156 44.4897 0
    endloop
  endfacet
  facet normal -0.18737 -0.982289 0
    outer loop
      vertex 64.7097 44.6866 0
      vertex 64.9194 44.6466 1.8
      vertex 64.7097 44.6866 1.8
    endloop
  endfacet
  facet normal -0.18737 -0.982289 -0
    outer loop
      vertex 64.9194 44.6466 1.8
      vertex 64.7097 44.6866 0
      vertex 64.9194 44.6466 0
    endloop
  endfacet
  facet normal 0.992097 0.125475 0
    outer loop
      vertex 62.8061 42.6814 1.8
      vertex 62.7793 42.8933 0
      vertex 62.7793 42.8933 1.8
    endloop
  endfacet
  facet normal 0.992097 0.125475 0
    outer loop
      vertex 62.7793 42.8933 0
      vertex 62.8061 42.6814 1.8
      vertex 62.8061 42.6814 0
    endloop
  endfacet
  facet normal -0.968581 -0.248696 0
    outer loop
      vertex 66.5756 41.7252 0
      vertex 66.1134 43.5253 1.8
      vertex 66.1134 43.5253 0
    endloop
  endfacet
  facet normal -0.968581 -0.248696 0
    outer loop
      vertex 66.1134 43.5253 1.8
      vertex 66.5756 41.7252 0
      vertex 66.5756 41.7252 1.8
    endloop
  endfacet
  facet normal -0.809182 -0.587559 0
    outer loop
      vertex 65.9319 43.9109 0
      vertex 65.8065 44.0836 1.8
      vertex 65.8065 44.0836 0
    endloop
  endfacet
  facet normal -0.809182 -0.587559 0
    outer loop
      vertex 65.8065 44.0836 1.8
      vertex 65.9319 43.9109 0
      vertex 65.9319 43.9109 1.8
    endloop
  endfacet
  facet normal -0.309192 -0.951 0
    outer loop
      vertex 64.9194 44.6466 0
      vertex 65.1224 44.5806 1.8
      vertex 64.9194 44.6466 1.8
    endloop
  endfacet
  facet normal -0.309192 -0.951 -0
    outer loop
      vertex 65.1224 44.5806 1.8
      vertex 64.9194 44.6466 0
      vertex 65.1224 44.5806 0
    endloop
  endfacet
  facet normal 0.968588 0.248672 0
    outer loop
      vertex 63.2889 40.801 1.8
      vertex 62.8592 42.4747 0
      vertex 62.8592 42.4747 1.8
    endloop
  endfacet
  facet normal 0.968588 0.248672 0
    outer loop
      vertex 62.8592 42.4747 0
      vertex 63.2889 40.801 1.8
      vertex 63.2889 40.801 0
    endloop
  endfacet
  facet normal 0.968551 -0.248815 0
    outer loop
      vertex 62.8061 43.3186 1.8
      vertex 62.8592 43.5253 0
      vertex 62.8592 43.5253 1.8
    endloop
  endfacet
  facet normal 0.968551 -0.248815 0
    outer loop
      vertex 62.8592 43.5253 0
      vertex 62.8061 43.3186 1.8
      vertex 62.8061 43.3186 0
    endloop
  endfacet
  facet normal 1 -0 0
    outer loop
      vertex 62.7793 42.8933 1.8
      vertex 62.7793 43.1067 0
      vertex 62.7793 43.1067 1.8
    endloop
  endfacet
  facet normal 1 0 0
    outer loop
      vertex 62.7793 43.1067 0
      vertex 62.7793 42.8933 1.8
      vertex 62.7793 42.8933 0
    endloop
  endfacet
  facet normal 0.425729 -0.904851 0
    outer loop
      vertex 63.657 44.4897 0
      vertex 63.8502 44.5806 1.8
      vertex 63.657 44.4897 1.8
    endloop
  endfacet
  facet normal 0.425729 -0.904851 0
    outer loop
      vertex 63.8502 44.5806 1.8
      vertex 63.657 44.4897 0
      vertex 63.8502 44.5806 0
    endloop
  endfacet
  facet normal 0.309192 -0.951 0
    outer loop
      vertex 63.8502 44.5806 0
      vertex 64.0532 44.6466 1.8
      vertex 63.8502 44.5806 1.8
    endloop
  endfacet
  facet normal 0.309192 -0.951 0
    outer loop
      vertex 64.0532 44.6466 1.8
      vertex 63.8502 44.5806 0
      vertex 64.0532 44.6466 0
    endloop
  endfacet
  facet normal 0.535754 -0.844374 0
    outer loop
      vertex 63.4767 44.3753 0
      vertex 63.657 44.4897 1.8
      vertex 63.4767 44.3753 1.8
    endloop
  endfacet
  facet normal 0.535754 -0.844374 0
    outer loop
      vertex 63.657 44.4897 1.8
      vertex 63.4767 44.3753 0
      vertex 63.657 44.4897 0
    endloop
  endfacet
  facet normal -0.728777 -0.684751 0
    outer loop
      vertex 65.8065 44.0836 0
      vertex 65.6603 44.2392 1.8
      vertex 65.6603 44.2392 0
    endloop
  endfacet
  facet normal -0.728777 -0.684751 0
    outer loop
      vertex 65.6603 44.2392 1.8
      vertex 65.8065 44.0836 0
      vertex 65.8065 44.0836 1.8
    endloop
  endfacet
  facet normal -0.637462 -0.770482 0
    outer loop
      vertex 65.4958 44.3753 0
      vertex 65.6603 44.2392 1.8
      vertex 65.4958 44.3753 1.8
    endloop
  endfacet
  facet normal -0.637462 -0.770482 -0
    outer loop
      vertex 65.6603 44.2392 1.8
      vertex 65.4958 44.3753 0
      vertex 65.6603 44.2392 0
    endloop
  endfacet
  facet normal -0.0627573 -0.998029 0
    outer loop
      vertex 64.4966 44.7 0
      vertex 64.7097 44.6866 1.8
      vertex 64.4966 44.7 1.8
    endloop
  endfacet
  facet normal -0.0627573 -0.998029 -0
    outer loop
      vertex 64.7097 44.6866 1.8
      vertex 64.4966 44.7 0
      vertex 64.7097 44.6866 0
    endloop
  endfacet
  facet normal 0.968551 0.248815 0
    outer loop
      vertex 62.8592 42.4747 1.8
      vertex 62.8061 42.6814 0
      vertex 62.8061 42.6814 1.8
    endloop
  endfacet
  facet normal 0.968551 0.248815 0
    outer loop
      vertex 62.8061 42.6814 0
      vertex 62.8592 42.4747 1.8
      vertex 62.8592 42.4747 0
    endloop
  endfacet
  facet normal 0.729011 -0.684502 0
    outer loop
      vertex 63.1661 44.0836 1.8
      vertex 63.3122 44.2392 0
      vertex 63.3122 44.2392 1.8
    endloop
  endfacet
  facet normal 0.729011 -0.684502 0
    outer loop
      vertex 63.3122 44.2392 0
      vertex 63.1661 44.0836 1.8
      vertex 63.1661 44.0836 0
    endloop
  endfacet
  facet normal 0.929763 -0.368158 0
    outer loop
      vertex 62.8592 43.5253 1.8
      vertex 62.9378 43.7238 0
      vertex 62.9378 43.7238 1.8
    endloop
  endfacet
  facet normal 0.929763 -0.368158 0
    outer loop
      vertex 62.9378 43.7238 0
      vertex 62.8592 43.5253 1.8
      vertex 62.8592 43.5253 0
    endloop
  endfacet
  facet normal 0.808959 -0.587865 0
    outer loop
      vertex 63.0406 43.9109 1.8
      vertex 63.1661 44.0836 0
      vertex 63.1661 44.0836 1.8
    endloop
  endfacet
  facet normal 0.808959 -0.587865 0
    outer loop
      vertex 63.1661 44.0836 0
      vertex 63.0406 43.9109 1.8
      vertex 63.0406 43.9109 0
    endloop
  endfacet
  facet normal -0.535966 -0.84424 0
    outer loop
      vertex 65.3156 44.4897 0
      vertex 65.4958 44.3753 1.8
      vertex 65.3156 44.4897 1.8
    endloop
  endfacet
  facet normal -0.535966 -0.84424 -0
    outer loop
      vertex 65.4958 44.3753 1.8
      vertex 65.3156 44.4897 0
      vertex 65.4958 44.3753 0
    endloop
  endfacet
  facet normal 0 -1 0
    outer loop
      vertex 64.476 44.7 0
      vertex 64.4966 44.7 1.8
      vertex 64.476 44.7 1.8
    endloop
  endfacet
  facet normal 0 -1 -0
    outer loop
      vertex 64.4966 44.7 1.8
      vertex 64.476 44.7 0
      vertex 64.4966 44.7 0
    endloop
  endfacet
  facet normal 0.876424 -0.481541 0
    outer loop
      vertex 62.9378 43.7238 1.8
      vertex 63.0406 43.9109 0
      vertex 63.0406 43.9109 1.8
    endloop
  endfacet
  facet normal 0.876424 -0.481541 0
    outer loop
      vertex 63.0406 43.9109 0
      vertex 62.9378 43.7238 1.8
      vertex 62.9378 43.7238 0
    endloop
  endfacet
  facet normal 0.18737 -0.982289 0
    outer loop
      vertex 64.0532 44.6466 0
      vertex 64.2629 44.6866 1.8
      vertex 64.0532 44.6466 1.8
    endloop
  endfacet
  facet normal 0.18737 -0.982289 0
    outer loop
      vertex 64.2629 44.6866 1.8
      vertex 64.0532 44.6466 0
      vertex 64.2629 44.6866 0
    endloop
  endfacet
  facet normal 0.992097 -0.125475 0
    outer loop
      vertex 62.7793 43.1067 1.8
      vertex 62.8061 43.3186 0
      vertex 62.8061 43.3186 1.8
    endloop
  endfacet
  facet normal 0.992097 -0.125475 0
    outer loop
      vertex 62.8061 43.3186 0
      vertex 62.7793 43.1067 1.8
      vertex 62.7793 43.1067 0
    endloop
  endfacet
  facet normal 0.28581 0.958286 -0
    outer loop
      vertex 64.09 25.9745 0
      vertex 63.747 26.0768 1.8
      vertex 64.09 25.9745 1.8
    endloop
  endfacet
  facet normal 0.28581 0.958286 0
    outer loop
      vertex 63.747 26.0768 1.8
      vertex 64.09 25.9745 0
      vertex 63.747 26.0768 0
    endloop
  endfacet
  facet normal 0.974386 -0.22488 0
    outer loop
      vertex 61.9194 29.2169 1.8
      vertex 61.9999 29.5657 0
      vertex 61.9999 29.5657 1.8
    endloop
  endfacet
  facet normal 0.974386 -0.22488 0
    outer loop
      vertex 61.9999 29.5657 0
      vertex 61.9194 29.2169 1.8
      vertex 61.9194 29.2169 0
    endloop
  endfacet
  facet normal 0.556311 -0.830974 0
    outer loop
      vertex 63.0001 31.0156 0
      vertex 63.2975 31.2147 1.8
      vertex 63.0001 31.0156 1.8
    endloop
  endfacet
  facet normal 0.556311 -0.830974 0
    outer loop
      vertex 63.2975 31.2147 1.8
      vertex 63.0001 31.0156 0
      vertex 63.2975 31.2147 0
    endloop
  endfacet
  facet normal 0.864366 0.502863 0
    outer loop
      vertex 62.3628 27.166 1.8
      vertex 62.1828 27.4754 0
      vertex 62.1828 27.4754 1.8
    endloop
  endfacet
  facet normal 0.864366 0.502863 0
    outer loop
      vertex 62.1828 27.4754 0
      vertex 62.3628 27.166 1.8
      vertex 62.3628 27.166 0
    endloop
  endfacet
  facet normal 0.988724 0.149747 0
    outer loop
      vertex 61.9455 28.1492 1.8
      vertex 61.8919 28.5031 0
      vertex 61.8919 28.5031 1.8
    endloop
  endfacet
  facet normal 0.988724 0.149747 0
    outer loop
      vertex 61.8919 28.5031 0
      vertex 61.9455 28.1492 1.8
      vertex 61.9455 28.1492 0
    endloop
  endfacet
  facet normal -0.447884 0.894092 0
    outer loop
      vertex 66.1647 26.2883 0
      vertex 65.8447 26.128 1.8
      vertex 66.1647 26.2883 1.8
    endloop
  endfacet
  facet normal -0.447884 0.894092 0
    outer loop
      vertex 65.8447 26.128 1.8
      vertex 66.1647 26.2883 0
      vertex 65.8447 26.128 0
    endloop
  endfacet
  facet normal 0.823177 -0.567785 0
    outer loop
      vertex 62.2882 30.2193 1.8
      vertex 62.4914 30.5139 0
      vertex 62.4914 30.5139 1.8
    endloop
  endfacet
  facet normal 0.823177 -0.567785 0
    outer loop
      vertex 62.4914 30.5139 0
      vertex 62.2882 30.2193 1.8
      vertex 62.2882 30.2193 0
    endloop
  endfacet
  facet normal 0.938481 -0.34533 0
    outer loop
      vertex 61.9999 29.5657 1.8
      vertex 62.1235 29.9016 0
      vertex 62.1235 29.9016 1.8
    endloop
  endfacet
  facet normal 0.938481 -0.34533 0
    outer loop
      vertex 62.1235 29.9016 0
      vertex 61.9999 29.5657 1.8
      vertex 61.9999 29.5657 0
    endloop
  endfacet
  facet normal 0.656227 -0.754563 0
    outer loop
      vertex 62.73 30.7807 0
      vertex 63.0001 31.0156 1.8
      vertex 62.73 30.7807 1.8
    endloop
  endfacet
  facet normal 0.656227 -0.754563 0
    outer loop
      vertex 63.0001 31.0156 1.8
      vertex 62.73 30.7807 0
      vertex 63.0001 31.0156 0
    endloop
  endfacet
  facet normal 0.71198 0.7022 0
    outer loop
      vertex 62.8315 26.6269 1.8
      vertex 62.5802 26.8817 0
      vertex 62.5802 26.8817 1.8
    endloop
  endfacet
  facet normal 0.71198 0.7022 0
    outer loop
      vertex 62.5802 26.8817 0
      vertex 62.8315 26.6269 1.8
      vertex 62.8315 26.6269 0
    endloop
  endfacet
  facet normal 0.794366 0.60744 0
    outer loop
      vertex 62.5802 26.8817 1.8
      vertex 62.3628 27.166 0
      vertex 62.3628 27.166 1.8
    endloop
  endfacet
  facet normal 0.794366 0.60744 0
    outer loop
      vertex 62.3628 27.166 0
      vertex 62.5802 26.8817 1.8
      vertex 62.5802 26.8817 0
    endloop
  endfacet
  facet normal 0.514948 0.857222 -0
    outer loop
      vertex 63.4195 26.2212 0
      vertex 63.1127 26.4055 1.8
      vertex 63.4195 26.2212 1.8
    endloop
  endfacet
  facet normal 0.514948 0.857222 0
    outer loop
      vertex 63.1127 26.4055 1.8
      vertex 63.4195 26.2212 0
      vertex 63.1127 26.4055 0
    endloop
  endfacet
  facet normal 0.920426 0.390916 0
    outer loop
      vertex 62.1828 27.4754 1.8
      vertex 62.0429 27.8048 0
      vertex 62.0429 27.8048 1.8
    endloop
  endfacet
  facet normal 0.920426 0.390916 0
    outer loop
      vertex 62.0429 27.8048 0
      vertex 62.1828 27.4754 1.8
      vertex 62.1828 27.4754 0
    endloop
  endfacet
  facet normal 0.99487 -0.101164 0
    outer loop
      vertex 61.8832 28.8609 1.8
      vertex 61.9194 29.2169 0
      vertex 61.9194 29.2169 1.8
    endloop
  endfacet
  facet normal 0.99487 -0.101164 0
    outer loop
      vertex 61.9194 29.2169 0
      vertex 61.8832 28.8609 1.8
      vertex 61.8832 28.8609 0
    endloop
  endfacet
  facet normal -0.887852 0.46013 0
    outer loop
      vertex 67.174 27.2836 0
      vertex 67.3387 27.6014 1.8
      vertex 67.3387 27.6014 0
    endloop
  endfacet
  facet normal -0.887852 0.46013 0
    outer loop
      vertex 67.3387 27.6014 1.8
      vertex 67.174 27.2836 0
      vertex 67.174 27.2836 1.8
    endloop
  endfacet
  facet normal -0.823177 0.567785 0
    outer loop
      vertex 66.9708 26.989 0
      vertex 67.174 27.2836 1.8
      vertex 67.174 27.2836 0
    endloop
  endfacet
  facet normal -0.823177 0.567785 0
    outer loop
      vertex 67.174 27.2836 1.8
      vertex 66.9708 26.989 0
      vertex 66.9708 26.989 1.8
    endloop
  endfacet
  facet normal 0.163175 0.986597 -0
    outer loop
      vertex 64.4431 25.9161 0
      vertex 64.09 25.9745 1.8
      vertex 64.4431 25.9161 1.8
    endloop
  endfacet
  facet normal 0.163175 0.986597 0
    outer loop
      vertex 64.09 25.9745 1.8
      vertex 64.4431 25.9161 0
      vertex 64.09 25.9745 0
    endloop
  endfacet
  facet normal 0.887793 -0.460244 0
    outer loop
      vertex 62.1235 29.9016 1.8
      vertex 62.2882 30.2193 0
      vertex 62.2882 30.2193 1.8
    endloop
  endfacet
  facet normal 0.887793 -0.460244 0
    outer loop
      vertex 62.2882 30.2193 0
      vertex 62.1235 29.9016 1.8
      vertex 62.1235 29.9016 0
    endloop
  endfacet
  facet normal 0.745402 -0.666615 0
    outer loop
      vertex 62.4914 30.5139 1.8
      vertex 62.73 30.7807 0
      vertex 62.73 30.7807 1.8
    endloop
  endfacet
  facet normal 0.745402 -0.666615 0
    outer loop
      vertex 62.73 30.7807 0
      vertex 62.4914 30.5139 1.8
      vertex 62.4914 30.5139 0
    endloop
  endfacet
  facet normal 0.618611 0.785697 -0
    outer loop
      vertex 63.1127 26.4055 0
      vertex 62.8315 26.6269 1.8
      vertex 63.1127 26.4055 1.8
    endloop
  endfacet
  facet normal 0.618611 0.785697 0
    outer loop
      vertex 62.8315 26.6269 1.8
      vertex 63.1127 26.4055 0
      vertex 62.8315 26.6269 0
    endloop
  endfacet
  facet normal 0.403441 0.915006 -0
    outer loop
      vertex 63.747 26.0768 0
      vertex 63.4195 26.2212 1.8
      vertex 63.747 26.0768 1.8
    endloop
  endfacet
  facet normal 0.403441 0.915006 0
    outer loop
      vertex 63.4195 26.2212 1.8
      vertex 63.747 26.0768 0
      vertex 63.4195 26.2212 0
    endloop
  endfacet
  facet normal 0.962259 0.272137 0
    outer loop
      vertex 62.0429 27.8048 1.8
      vertex 61.9455 28.1492 0
      vertex 61.9455 28.1492 1.8
    endloop
  endfacet
  facet normal 0.962259 0.272137 0
    outer loop
      vertex 61.9455 28.1492 0
      vertex 62.0429 27.8048 1.8
      vertex 62.0429 27.8048 0
    endloop
  endfacet
  facet normal 0.999705 0.0243081 0
    outer loop
      vertex 61.8919 28.5031 1.8
      vertex 61.8832 28.8609 0
      vertex 61.8832 28.8609 1.8
    endloop
  endfacet
  facet normal 0.999705 0.0243081 0
    outer loop
      vertex 61.8832 28.8609 0
      vertex 61.8919 28.5031 1.8
      vertex 61.8919 28.5031 0
    endloop
  endfacet
  facet normal -0.988718 -0.149789 0
    outer loop
      vertex 67.5703 28.9999 0
      vertex 67.5167 29.3537 1.8
      vertex 67.5167 29.3537 0
    endloop
  endfacet
  facet normal -0.988718 -0.149789 0
    outer loop
      vertex 67.5167 29.3537 1.8
      vertex 67.5703 28.9999 0
      vertex 67.5703 28.9999 1.8
    endloop
  endfacet
  facet normal -0.994873 0.101136 0
    outer loop
      vertex 67.5428 28.286 0
      vertex 67.579 28.6421 1.8
      vertex 67.579 28.6421 0
    endloop
  endfacet
  facet normal -0.994873 0.101136 0
    outer loop
      vertex 67.579 28.6421 1.8
      vertex 67.5428 28.286 0
      vertex 67.5428 28.286 1.8
    endloop
  endfacet
  facet normal -0.999705 -0.0243081 0
    outer loop
      vertex 67.579 28.6421 0
      vertex 67.5703 28.9999 1.8
      vertex 67.5703 28.9999 0
    endloop
  endfacet
  facet normal -0.999705 -0.0243081 0
    outer loop
      vertex 67.5703 28.9999 1.8
      vertex 67.579 28.6421 0
      vertex 67.579 28.6421 1.8
    endloop
  endfacet
  facet normal -0.962259 -0.272137 0
    outer loop
      vertex 67.5167 29.3537 0
      vertex 67.4193 29.6981 1.8
      vertex 67.4193 29.6981 0
    endloop
  endfacet
  facet normal -0.962259 -0.272137 0
    outer loop
      vertex 67.4193 29.6981 1.8
      vertex 67.5167 29.3537 0
      vertex 67.5167 29.3537 1.8
    endloop
  endfacet
  facet normal -0.864295 -0.502985 0
    outer loop
      vertex 67.2794 30.0276 0
      vertex 67.0994 30.3369 1.8
      vertex 67.0994 30.3369 0
    endloop
  endfacet
  facet normal -0.864295 -0.502985 0
    outer loop
      vertex 67.0994 30.3369 1.8
      vertex 67.2794 30.0276 0
      vertex 67.2794 30.0276 1.8
    endloop
  endfacet
  facet normal -0.920469 -0.390815 0
    outer loop
      vertex 67.4193 29.6981 0
      vertex 67.2794 30.0276 1.8
      vertex 67.2794 30.0276 0
    endloop
  endfacet
  facet normal -0.920469 -0.390815 0
    outer loop
      vertex 67.2794 30.0276 1.8
      vertex 67.4193 29.6981 0
      vertex 67.4193 29.6981 1.8
    endloop
  endfacet
  facet normal -0.794366 -0.60744 0
    outer loop
      vertex 67.0994 30.3369 0
      vertex 66.882 30.6212 1.8
      vertex 66.882 30.6212 0
    endloop
  endfacet
  facet normal -0.794366 -0.60744 0
    outer loop
      vertex 66.882 30.6212 1.8
      vertex 67.0994 30.3369 0
      vertex 67.0994 30.3369 1.8
    endloop
  endfacet
  facet normal -0.712266 -0.701909 0
    outer loop
      vertex 66.882 30.6212 0
      vertex 66.7939 30.7106 1.8
      vertex 66.7939 30.7106 0
    endloop
  endfacet
  facet normal -0.712266 -0.701909 0
    outer loop
      vertex 66.7939 30.7106 1.8
      vertex 66.882 30.6212 0
      vertex 66.882 30.6212 1.8
    endloop
  endfacet
  facet normal -0.938481 0.34533 0
    outer loop
      vertex 67.3387 27.6014 0
      vertex 67.4623 27.9373 1.8
      vertex 67.4623 27.9373 0
    endloop
  endfacet
  facet normal -0.938481 0.34533 0
    outer loop
      vertex 67.4623 27.9373 1.8
      vertex 67.3387 27.6014 0
      vertex 67.3387 27.6014 1.8
    endloop
  endfacet
  facet normal -0.656068 0.754702 0
    outer loop
      vertex 66.7322 26.7222 0
      vertex 66.4621 26.4874 1.8
      vertex 66.7322 26.7222 1.8
    endloop
  endfacet
  facet normal -0.656068 0.754702 0
    outer loop
      vertex 66.4621 26.4874 1.8
      vertex 66.7322 26.7222 0
      vertex 66.4621 26.4874 0
    endloop
  endfacet
  facet normal -0.974372 0.224941 0
    outer loop
      vertex 67.4623 27.9373 0
      vertex 67.5428 28.286 1.8
      vertex 67.5428 28.286 0
    endloop
  endfacet
  facet normal -0.974372 0.224941 0
    outer loop
      vertex 67.5428 28.286 1.8
      vertex 67.4623 27.9373 0
      vertex 67.4623 27.9373 1.8
    endloop
  endfacet
  facet normal -0.745402 0.666615 0
    outer loop
      vertex 66.7322 26.7222 0
      vertex 66.9708 26.989 1.8
      vertex 66.9708 26.989 0
    endloop
  endfacet
  facet normal -0.745402 0.666615 0
    outer loop
      vertex 66.9708 26.989 1.8
      vertex 66.7322 26.7222 0
      vertex 66.7322 26.7222 1.8
    endloop
  endfacet
  facet normal -0.556311 0.830974 0
    outer loop
      vertex 66.4621 26.4874 0
      vertex 66.1647 26.2883 1.8
      vertex 66.4621 26.4874 1.8
    endloop
  endfacet
  facet normal -0.556311 0.830974 0
    outer loop
      vertex 66.1647 26.2883 1.8
      vertex 66.4621 26.4874 0
      vertex 66.1647 26.2883 0
    endloop
  endfacet
  facet normal -0.211246 0.977433 0
    outer loop
      vertex 65.5071 26.0091 0
      vertex 65.1573 25.9335 1.8
      vertex 65.5071 26.0091 1.8
    endloop
  endfacet
  facet normal -0.211246 0.977433 0
    outer loop
      vertex 65.1573 25.9335 1.8
      vertex 65.5071 26.0091 0
      vertex 65.1573 25.9335 0
    endloop
  endfacet
  facet normal 0.0385619 0.999256 -0
    outer loop
      vertex 64.8007 25.9023 0
      vertex 64.4431 25.9161 1.8
      vertex 64.8007 25.9023 1.8
    endloop
  endfacet
  facet normal 0.0385619 0.999256 0
    outer loop
      vertex 64.4431 25.9161 1.8
      vertex 64.8007 25.9023 0
      vertex 64.4431 25.9161 0
    endloop
  endfacet
  facet normal 0.447773 -0.894147 0
    outer loop
      vertex 63.2975 31.2147 0
      vertex 63.4253 31.2787 1.8
      vertex 63.2975 31.2147 1.8
    endloop
  endfacet
  facet normal 0.447773 -0.894147 0
    outer loop
      vertex 63.4253 31.2787 1.8
      vertex 63.2975 31.2147 0
      vertex 63.4253 31.2787 0
    endloop
  endfacet
  facet normal -0.332192 0.943212 0
    outer loop
      vertex 65.8447 26.128 0
      vertex 65.5071 26.0091 1.8
      vertex 65.8447 26.128 1.8
    endloop
  endfacet
  facet normal -0.332192 0.943212 0
    outer loop
      vertex 65.5071 26.0091 1.8
      vertex 65.8447 26.128 0
      vertex 65.5071 26.0091 0
    endloop
  endfacet
  facet normal -0.08716 0.996194 0
    outer loop
      vertex 65.1573 25.9335 0
      vertex 64.8007 25.9023 1.8
      vertex 65.1573 25.9335 1.8
    endloop
  endfacet
  facet normal -0.08716 0.996194 0
    outer loop
      vertex 64.8007 25.9023 1.8
      vertex 65.1573 25.9335 0
      vertex 64.8007 25.9023 0
    endloop
  endfacet
  facet normal -0.124962 -0.992162 0
    outer loop
      vertex 37.4911 67.1474 0
      vertex 37.6491 67.1275 1.8
      vertex 37.4911 67.1474 1.8
    endloop
  endfacet
  facet normal -0.124962 -0.992162 -0
    outer loop
      vertex 37.6491 67.1275 1.8
      vertex 37.4911 67.1474 0
      vertex 37.6491 67.1275 0
    endloop
  endfacet
  facet normal 0 -1 0
    outer loop
      vertex 33.5089 67.1474 0
      vertex 37.4911 67.1474 1.8
      vertex 33.5089 67.1474 1.8
    endloop
  endfacet
  facet normal 0 -1 -0
    outer loop
      vertex 37.4911 67.1474 1.8
      vertex 33.5089 67.1474 0
      vertex 37.4911 67.1474 0
    endloop
  endfacet
  facet normal 0.124962 -0.992162 0
    outer loop
      vertex 33.3509 67.1275 0
      vertex 33.5089 67.1474 1.8
      vertex 33.3509 67.1275 1.8
    endloop
  endfacet
  facet normal 0.124962 -0.992162 0
    outer loop
      vertex 33.5089 67.1474 1.8
      vertex 33.3509 67.1275 0
      vertex 33.5089 67.1474 0
    endloop
  endfacet
  facet normal 0 1 -0
    outer loop
      vertex 37.2763 63.7342 0
      vertex 33.7237 63.7342 1.8
      vertex 37.2763 63.7342 1.8
    endloop
  endfacet
  facet normal 0 1 0
    outer loop
      vertex 33.7237 63.7342 1.8
      vertex 37.2763 63.7342 0
      vertex 33.7237 63.7342 0
    endloop
  endfacet
  facet normal 0.125337 -0.992114 0
    outer loop
      vertex 29.7699 66.6751 0
      vertex 33.3509 67.1275 1.8
      vertex 29.7699 66.6751 1.8
    endloop
  endfacet
  facet normal 0.125337 -0.992114 0
    outer loop
      vertex 33.3509 67.1275 1.8
      vertex 29.7699 66.6751 0
      vertex 33.3509 67.1275 0
    endloop
  endfacet
  facet normal -0.125341 0.992114 0
    outer loop
      vertex 33.7237 63.7342 0
      vertex 30.199 63.2889 1.8
      vertex 33.7237 63.7342 1.8
    endloop
  endfacet
  facet normal -0.125341 0.992114 0
    outer loop
      vertex 30.199 63.2889 1.8
      vertex 33.7237 63.7342 0
      vertex 30.199 63.2889 0
    endloop
  endfacet
  facet normal 0.248815 -0.968551 0
    outer loop
      vertex 29.3514 66.5952 0
      vertex 29.5581 66.6483 1.8
      vertex 29.3514 66.5952 1.8
    endloop
  endfacet
  facet normal 0.248815 -0.968551 0
    outer loop
      vertex 29.5581 66.6483 1.8
      vertex 29.3514 66.5952 0
      vertex 29.5581 66.6483 0
    endloop
  endfacet
  facet normal 0.125534 -0.992089 0
    outer loop
      vertex 29.5581 66.6483 0
      vertex 29.7699 66.6751 1.8
      vertex 29.5581 66.6483 1.8
    endloop
  endfacet
  facet normal 0.125534 -0.992089 0
    outer loop
      vertex 29.7699 66.6751 1.8
      vertex 29.5581 66.6483 0
      vertex 29.7699 66.6751 0
    endloop
  endfacet
  facet normal 0.247888 -0.968789 0
    outer loop
      vertex 29.2748 66.5756 0
      vertex 29.3514 66.5952 1.8
      vertex 29.2748 66.5756 1.8
    endloop
  endfacet
  facet normal 0.247888 -0.968789 0
    outer loop
      vertex 29.3514 66.5952 1.8
      vertex 29.2748 66.5756 0
      vertex 29.3514 66.5952 0
    endloop
  endfacet
  facet normal 0.125343 0.992113 -0
    outer loop
      vertex 39.7213 63.4253 0
      vertex 37.2763 63.7342 1.8
      vertex 39.7213 63.4253 1.8
    endloop
  endfacet
  facet normal 0.125343 0.992113 0
    outer loop
      vertex 37.2763 63.7342 1.8
      vertex 39.7213 63.4253 0
      vertex 37.2763 63.7342 0
    endloop
  endfacet
  facet normal -0.125353 -0.992112 0
    outer loop
      vertex 37.6491 67.1275 0
      vertex 40.2894 66.7939 1.8
      vertex 37.6491 67.1275 1.8
    endloop
  endfacet
  facet normal -0.125353 -0.992112 -0
    outer loop
      vertex 40.2894 66.7939 1.8
      vertex 37.6491 67.1275 0
      vertex 40.2894 66.7939 0
    endloop
  endfacet
  facet normal 0.770482 0.637462 0
    outer loop
      vertex 26.7608 63.3122 1.8
      vertex 26.6247 63.4767 0
      vertex 26.6247 63.4767 1.8
    endloop
  endfacet
  facet normal 0.770482 0.637462 0
    outer loop
      vertex 26.6247 63.4767 0
      vertex 26.7608 63.3122 1.8
      vertex 26.7608 63.3122 0
    endloop
  endfacet
  facet normal 0.998029 0.0627573 0
    outer loop
      vertex 26.3134 64.2629 1.8
      vertex 26.3 64.476 0
      vertex 26.3 64.476 1.8
    endloop
  endfacet
  facet normal 0.998029 0.0627573 0
    outer loop
      vertex 26.3 64.476 0
      vertex 26.3134 64.2629 1.8
      vertex 26.3134 64.2629 0
    endloop
  endfacet
  facet normal 0.368158 -0.929763 0
    outer loop
      vertex 27.2762 66.0348 0
      vertex 27.4747 66.1134 1.8
      vertex 27.2762 66.0348 1.8
    endloop
  endfacet
  facet normal 0.368158 -0.929763 0
    outer loop
      vertex 27.4747 66.1134 1.8
      vertex 27.2762 66.0348 0
      vertex 27.4747 66.1134 0
    endloop
  endfacet
  facet normal 0.481901 -0.876226 0
    outer loop
      vertex 27.0891 65.9319 0
      vertex 27.2762 66.0348 1.8
      vertex 27.0891 65.9319 1.8
    endloop
  endfacet
  facet normal 0.481901 -0.876226 0
    outer loop
      vertex 27.2762 66.0348 1.8
      vertex 27.0891 65.9319 0
      vertex 27.2762 66.0348 0
    endloop
  endfacet
  facet normal 0.904851 -0.425729 0
    outer loop
      vertex 26.4194 65.1224 1.8
      vertex 26.5103 65.3156 0
      vertex 26.5103 65.3156 1.8
    endloop
  endfacet
  facet normal 0.904851 -0.425729 0
    outer loop
      vertex 26.5103 65.3156 0
      vertex 26.4194 65.1224 1.8
      vertex 26.4194 65.1224 0
    endloop
  endfacet
  facet normal 0.982289 -0.18737 0
    outer loop
      vertex 26.3134 64.7097 1.8
      vertex 26.3534 64.9194 0
      vertex 26.3534 64.9194 1.8
    endloop
  endfacet
  facet normal 0.982289 -0.18737 0
    outer loop
      vertex 26.3534 64.9194 0
      vertex 26.3134 64.7097 1.8
      vertex 26.3134 64.7097 0
    endloop
  endfacet
  facet normal -0.125534 0.992089 0
    outer loop
      vertex 28.3185 62.8061 0
      vertex 28.1067 62.7793 1.8
      vertex 28.3185 62.8061 1.8
    endloop
  endfacet
  facet normal -0.125534 0.992089 0
    outer loop
      vertex 28.1067 62.7793 1.8
      vertex 28.3185 62.8061 0
      vertex 28.1067 62.7793 0
    endloop
  endfacet
  facet normal 0.248696 -0.968581 0
    outer loop
      vertex 27.4747 66.1134 0
      vertex 29.2748 66.5756 1.8
      vertex 27.4747 66.1134 1.8
    endloop
  endfacet
  facet normal 0.248696 -0.968581 0
    outer loop
      vertex 29.2748 66.5756 1.8
      vertex 27.4747 66.1134 0
      vertex 29.2748 66.5756 0
    endloop
  endfacet
  facet normal 0.587559 -0.809182 0
    outer loop
      vertex 26.9164 65.8065 0
      vertex 27.0891 65.9319 1.8
      vertex 26.9164 65.8065 1.8
    endloop
  endfacet
  facet normal 0.587559 -0.809182 0
    outer loop
      vertex 27.0891 65.9319 1.8
      vertex 26.9164 65.8065 0
      vertex 27.0891 65.9319 0
    endloop
  endfacet
  facet normal 0.951 -0.309192 0
    outer loop
      vertex 26.3534 64.9194 1.8
      vertex 26.4194 65.1224 0
      vertex 26.4194 65.1224 1.8
    endloop
  endfacet
  facet normal 0.951 -0.309192 0
    outer loop
      vertex 26.4194 65.1224 0
      vertex 26.3534 64.9194 1.8
      vertex 26.3534 64.9194 0
    endloop
  endfacet
  facet normal -0.248672 0.968588 0
    outer loop
      vertex 30.199 63.2889 0
      vertex 28.5253 62.8592 1.8
      vertex 30.199 63.2889 1.8
    endloop
  endfacet
  facet normal -0.248672 0.968588 0
    outer loop
      vertex 28.5253 62.8592 1.8
      vertex 30.199 63.2889 0
      vertex 28.5253 62.8592 0
    endloop
  endfacet
  facet normal 0.248702 0.96858 -0
    outer loop
      vertex 27.6815 62.8061 0
      vertex 27.4747 62.8592 1.8
      vertex 27.6815 62.8061 1.8
    endloop
  endfacet
  facet normal 0.248702 0.96858 0
    outer loop
      vertex 27.4747 62.8592 1.8
      vertex 27.6815 62.8061 0
      vertex 27.4747 62.8592 0
    endloop
  endfacet
  facet normal 0 1 -0
    outer loop
      vertex 28.1067 62.7793 0
      vertex 27.8933 62.7793 1.8
      vertex 28.1067 62.7793 1.8
    endloop
  endfacet
  facet normal 0 1 0
    outer loop
      vertex 27.8933 62.7793 1.8
      vertex 28.1067 62.7793 0
      vertex 27.8933 62.7793 0
    endloop
  endfacet
  facet normal 0.904851 0.425729 0
    outer loop
      vertex 26.5103 63.657 1.8
      vertex 26.4194 63.8502 0
      vertex 26.4194 63.8502 1.8
    endloop
  endfacet
  facet normal 0.904851 0.425729 0
    outer loop
      vertex 26.4194 63.8502 0
      vertex 26.5103 63.657 1.8
      vertex 26.5103 63.657 0
    endloop
  endfacet
  facet normal 0.951 0.309192 0
    outer loop
      vertex 26.4194 63.8502 1.8
      vertex 26.3534 64.0532 0
      vertex 26.3534 64.0532 1.8
    endloop
  endfacet
  facet normal 0.951 0.309192 0
    outer loop
      vertex 26.3534 64.0532 0
      vertex 26.4194 63.8502 1.8
      vertex 26.4194 63.8502 0
    endloop
  endfacet
  facet normal 0.844374 0.535754 0
    outer loop
      vertex 26.6247 63.4767 1.8
      vertex 26.5103 63.657 0
      vertex 26.5103 63.657 1.8
    endloop
  endfacet
  facet normal 0.844374 0.535754 0
    outer loop
      vertex 26.5103 63.657 0
      vertex 26.6247 63.4767 1.8
      vertex 26.6247 63.4767 0
    endloop
  endfacet
  facet normal 0.684751 -0.728777 0
    outer loop
      vertex 26.7608 65.6603 0
      vertex 26.9164 65.8065 1.8
      vertex 26.7608 65.6603 1.8
    endloop
  endfacet
  facet normal 0.684751 -0.728777 0
    outer loop
      vertex 26.9164 65.8065 1.8
      vertex 26.7608 65.6603 0
      vertex 26.9164 65.8065 0
    endloop
  endfacet
  facet normal 0.770482 -0.637462 0
    outer loop
      vertex 26.6247 65.4958 1.8
      vertex 26.7608 65.6603 0
      vertex 26.7608 65.6603 1.8
    endloop
  endfacet
  facet normal 0.770482 -0.637462 0
    outer loop
      vertex 26.7608 65.6603 0
      vertex 26.6247 65.4958 1.8
      vertex 26.6247 65.4958 0
    endloop
  endfacet
  facet normal 0.998029 -0.0627573 0
    outer loop
      vertex 26.3 64.4966 1.8
      vertex 26.3134 64.7097 0
      vertex 26.3134 64.7097 1.8
    endloop
  endfacet
  facet normal 0.998029 -0.0627573 0
    outer loop
      vertex 26.3134 64.7097 0
      vertex 26.3 64.4966 1.8
      vertex 26.3 64.4966 0
    endloop
  endfacet
  facet normal -0.248702 0.96858 0
    outer loop
      vertex 28.5253 62.8592 0
      vertex 28.3185 62.8061 1.8
      vertex 28.5253 62.8592 1.8
    endloop
  endfacet
  facet normal -0.248702 0.96858 0
    outer loop
      vertex 28.3185 62.8061 1.8
      vertex 28.5253 62.8592 0
      vertex 28.3185 62.8061 0
    endloop
  endfacet
  facet normal 0.684502 0.729011 -0
    outer loop
      vertex 26.9164 63.1661 0
      vertex 26.7608 63.3122 1.8
      vertex 26.9164 63.1661 1.8
    endloop
  endfacet
  facet normal 0.684502 0.729011 0
    outer loop
      vertex 26.7608 63.3122 1.8
      vertex 26.9164 63.1661 0
      vertex 26.7608 63.3122 0
    endloop
  endfacet
  facet normal 0.368158 0.929763 -0
    outer loop
      vertex 27.4747 62.8592 0
      vertex 27.2762 62.9378 1.8
      vertex 27.4747 62.8592 1.8
    endloop
  endfacet
  facet normal 0.368158 0.929763 0
    outer loop
      vertex 27.2762 62.9378 1.8
      vertex 27.4747 62.8592 0
      vertex 27.2762 62.9378 0
    endloop
  endfacet
  facet normal 0.587865 0.808959 -0
    outer loop
      vertex 27.0891 63.0406 0
      vertex 26.9164 63.1661 1.8
      vertex 27.0891 63.0406 1.8
    endloop
  endfacet
  facet normal 0.587865 0.808959 0
    outer loop
      vertex 26.9164 63.1661 1.8
      vertex 27.0891 63.0406 0
      vertex 26.9164 63.1661 0
    endloop
  endfacet
  facet normal 0.84424 -0.535966 0
    outer loop
      vertex 26.5103 65.3156 1.8
      vertex 26.6247 65.4958 0
      vertex 26.6247 65.4958 1.8
    endloop
  endfacet
  facet normal 0.84424 -0.535966 0
    outer loop
      vertex 26.6247 65.4958 0
      vertex 26.5103 65.3156 1.8
      vertex 26.5103 65.3156 0
    endloop
  endfacet
  facet normal 1 -0 0
    outer loop
      vertex 26.3 64.476 1.8
      vertex 26.3 64.4966 0
      vertex 26.3 64.4966 1.8
    endloop
  endfacet
  facet normal 1 0 0
    outer loop
      vertex 26.3 64.4966 0
      vertex 26.3 64.476 1.8
      vertex 26.3 64.476 0
    endloop
  endfacet
  facet normal 0.481541 0.876424 -0
    outer loop
      vertex 27.2762 62.9378 0
      vertex 27.0891 63.0406 1.8
      vertex 27.2762 62.9378 1.8
    endloop
  endfacet
  facet normal 0.481541 0.876424 0
    outer loop
      vertex 27.0891 63.0406 1.8
      vertex 27.2762 62.9378 0
      vertex 27.0891 63.0406 0
    endloop
  endfacet
  facet normal 0.982289 0.18737 0
    outer loop
      vertex 26.3534 64.0532 1.8
      vertex 26.3134 64.2629 0
      vertex 26.3134 64.2629 1.8
    endloop
  endfacet
  facet normal 0.982289 0.18737 0
    outer loop
      vertex 26.3134 64.2629 0
      vertex 26.3534 64.0532 1.8
      vertex 26.3534 64.0532 0
    endloop
  endfacet
  facet normal 0.125534 0.992089 -0
    outer loop
      vertex 27.8933 62.7793 0
      vertex 27.6815 62.8061 1.8
      vertex 27.8933 62.7793 1.8
    endloop
  endfacet
  facet normal 0.125534 0.992089 0
    outer loop
      vertex 27.6815 62.8061 1.8
      vertex 27.8933 62.7793 0
      vertex 27.6815 62.8061 0
    endloop
  endfacet
  facet normal -0.958286 0.28581 0
    outer loop
      vertex 44.9232 63.747 0
      vertex 45.0255 64.09 1.8
      vertex 45.0255 64.09 0
    endloop
  endfacet
  facet normal -0.958286 0.28581 0
    outer loop
      vertex 45.0255 64.09 1.8
      vertex 44.9232 63.747 0
      vertex 44.9232 63.747 1.8
    endloop
  endfacet
  facet normal 0.22488 0.974386 -0
    outer loop
      vertex 41.7831 61.9194 0
      vertex 41.4343 61.9999 1.8
      vertex 41.7831 61.9194 1.8
    endloop
  endfacet
  facet normal 0.22488 0.974386 0
    outer loop
      vertex 41.4343 61.9999 1.8
      vertex 41.7831 61.9194 0
      vertex 41.4343 61.9999 0
    endloop
  endfacet
  facet normal 0.830845 0.556504 0
    outer loop
      vertex 39.9845 63.0001 1.8
      vertex 39.7853 63.2975 0
      vertex 39.7853 63.2975 1.8
    endloop
  endfacet
  facet normal 0.830845 0.556504 0
    outer loop
      vertex 39.7853 63.2975 0
      vertex 39.9845 63.0001 1.8
      vertex 39.9845 63.0001 0
    endloop
  endfacet
  facet normal -0.502863 0.864366 0
    outer loop
      vertex 43.834 62.3628 0
      vertex 43.5246 62.1828 1.8
      vertex 43.834 62.3628 1.8
    endloop
  endfacet
  facet normal -0.502863 0.864366 0
    outer loop
      vertex 43.5246 62.1828 1.8
      vertex 43.834 62.3628 0
      vertex 43.5246 62.1828 0
    endloop
  endfacet
  facet normal -0.149747 0.988724 0
    outer loop
      vertex 42.8508 61.9455 0
      vertex 42.4969 61.8919 1.8
      vertex 42.8508 61.9455 1.8
    endloop
  endfacet
  facet normal -0.149747 0.988724 0
    outer loop
      vertex 42.4969 61.8919 1.8
      vertex 42.8508 61.9455 0
      vertex 42.4969 61.8919 0
    endloop
  endfacet
  facet normal -0.894092 -0.447884 0
    outer loop
      vertex 44.872 65.8447 0
      vertex 44.7117 66.1647 1.8
      vertex 44.7117 66.1647 0
    endloop
  endfacet
  facet normal -0.894092 -0.447884 0
    outer loop
      vertex 44.7117 66.1647 1.8
      vertex 44.872 65.8447 0
      vertex 44.872 65.8447 1.8
    endloop
  endfacet
  facet normal 0.567785 0.823177 -0
    outer loop
      vertex 40.7807 62.2882 0
      vertex 40.4861 62.4914 1.8
      vertex 40.7807 62.2882 1.8
    endloop
  endfacet
  facet normal 0.567785 0.823177 0
    outer loop
      vertex 40.4861 62.4914 1.8
      vertex 40.7807 62.2882 0
      vertex 40.4861 62.4914 0
    endloop
  endfacet
  facet normal 0.34533 0.938481 -0
    outer loop
      vertex 41.4343 61.9999 0
      vertex 41.0984 62.1235 1.8
      vertex 41.4343 61.9999 1.8
    endloop
  endfacet
  facet normal 0.34533 0.938481 0
    outer loop
      vertex 41.0984 62.1235 1.8
      vertex 41.4343 61.9999 0
      vertex 41.0984 62.1235 0
    endloop
  endfacet
  facet normal 0.754702 0.656068 0
    outer loop
      vertex 40.2193 62.73 1.8
      vertex 39.9845 63.0001 0
      vertex 39.9845 63.0001 1.8
    endloop
  endfacet
  facet normal 0.754702 0.656068 0
    outer loop
      vertex 39.9845 63.0001 0
      vertex 40.2193 62.73 1.8
      vertex 40.2193 62.73 0
    endloop
  endfacet
  facet normal -0.7022 0.71198 0
    outer loop
      vertex 44.3731 62.8315 0
      vertex 44.1183 62.5802 1.8
      vertex 44.3731 62.8315 1.8
    endloop
  endfacet
  facet normal -0.7022 0.71198 0
    outer loop
      vertex 44.1183 62.5802 1.8
      vertex 44.3731 62.8315 0
      vertex 44.1183 62.5802 0
    endloop
  endfacet
  facet normal -0.60744 0.794366 0
    outer loop
      vertex 44.1183 62.5802 0
      vertex 43.834 62.3628 1.8
      vertex 44.1183 62.5802 1.8
    endloop
  endfacet
  facet normal -0.60744 0.794366 0
    outer loop
      vertex 43.834 62.3628 1.8
      vertex 44.1183 62.5802 0
      vertex 43.834 62.3628 0
    endloop
  endfacet
  facet normal -0.857222 0.514948 0
    outer loop
      vertex 44.5945 63.1127 0
      vertex 44.7788 63.4195 1.8
      vertex 44.7788 63.4195 0
    endloop
  endfacet
  facet normal -0.857222 0.514948 0
    outer loop
      vertex 44.7788 63.4195 1.8
      vertex 44.5945 63.1127 0
      vertex 44.5945 63.1127 1.8
    endloop
  endfacet
  facet normal -0.390916 0.920426 0
    outer loop
      vertex 43.5246 62.1828 0
      vertex 43.1952 62.0429 1.8
      vertex 43.5246 62.1828 1.8
    endloop
  endfacet
  facet normal -0.390916 0.920426 0
    outer loop
      vertex 43.1952 62.0429 1.8
      vertex 43.5246 62.1828 0
      vertex 43.1952 62.0429 0
    endloop
  endfacet
  facet normal 0.101164 0.99487 -0
    outer loop
      vertex 42.1391 61.8832 0
      vertex 41.7831 61.9194 1.8
      vertex 42.1391 61.8832 1.8
    endloop
  endfacet
  facet normal 0.101164 0.99487 0
    outer loop
      vertex 41.7831 61.9194 1.8
      vertex 42.1391 61.8832 0
      vertex 41.7831 61.9194 0
    endloop
  endfacet
  facet normal -0.46013 -0.887852 0
    outer loop
      vertex 43.3986 67.3387 0
      vertex 43.7164 67.174 1.8
      vertex 43.3986 67.3387 1.8
    endloop
  endfacet
  facet normal -0.46013 -0.887852 -0
    outer loop
      vertex 43.7164 67.174 1.8
      vertex 43.3986 67.3387 0
      vertex 43.7164 67.174 0
    endloop
  endfacet
  facet normal -0.567785 -0.823177 0
    outer loop
      vertex 43.7164 67.174 0
      vertex 44.011 66.9708 1.8
      vertex 43.7164 67.174 1.8
    endloop
  endfacet
  facet normal -0.567785 -0.823177 -0
    outer loop
      vertex 44.011 66.9708 1.8
      vertex 43.7164 67.174 0
      vertex 44.011 66.9708 0
    endloop
  endfacet
  facet normal -0.986597 0.163175 0
    outer loop
      vertex 45.0255 64.09 0
      vertex 45.0839 64.4431 1.8
      vertex 45.0839 64.4431 0
    endloop
  endfacet
  facet normal -0.986597 0.163175 0
    outer loop
      vertex 45.0839 64.4431 1.8
      vertex 45.0255 64.09 0
      vertex 45.0255 64.09 1.8
    endloop
  endfacet
  facet normal 0.460244 0.887793 -0
    outer loop
      vertex 41.0984 62.1235 0
      vertex 40.7807 62.2882 1.8
      vertex 41.0984 62.1235 1.8
    endloop
  endfacet
  facet normal 0.460244 0.887793 0
    outer loop
      vertex 40.7807 62.2882 1.8
      vertex 41.0984 62.1235 0
      vertex 40.7807 62.2882 0
    endloop
  endfacet
  facet normal 0.666615 0.745402 -0
    outer loop
      vertex 40.4861 62.4914 0
      vertex 40.2193 62.73 1.8
      vertex 40.4861 62.4914 1.8
    endloop
  endfacet
  facet normal 0.666615 0.745402 0
    outer loop
      vertex 40.2193 62.73 1.8
      vertex 40.4861 62.4914 0
      vertex 40.2193 62.73 0
    endloop
  endfacet
  facet normal -0.785697 0.618611 0
    outer loop
      vertex 44.3731 62.8315 0
      vertex 44.5945 63.1127 1.8
      vertex 44.5945 63.1127 0
    endloop
  endfacet
  facet normal -0.785697 0.618611 0
    outer loop
      vertex 44.5945 63.1127 1.8
      vertex 44.3731 62.8315 0
      vertex 44.3731 62.8315 1.8
    endloop
  endfacet
  facet normal -0.915006 0.403441 0
    outer loop
      vertex 44.7788 63.4195 0
      vertex 44.9232 63.747 1.8
      vertex 44.9232 63.747 0
    endloop
  endfacet
  facet normal -0.915006 0.403441 0
    outer loop
      vertex 44.9232 63.747 1.8
      vertex 44.7788 63.4195 0
      vertex 44.7788 63.4195 1.8
    endloop
  endfacet
  facet normal -0.272137 0.962259 0
    outer loop
      vertex 43.1952 62.0429 0
      vertex 42.8508 61.9455 1.8
      vertex 43.1952 62.0429 1.8
    endloop
  endfacet
  facet normal -0.272137 0.962259 0
    outer loop
      vertex 42.8508 61.9455 1.8
      vertex 43.1952 62.0429 0
      vertex 42.8508 61.9455 0
    endloop
  endfacet
  facet normal -0.0243081 0.999705 0
    outer loop
      vertex 42.4969 61.8919 0
      vertex 42.1391 61.8832 1.8
      vertex 42.4969 61.8919 1.8
    endloop
  endfacet
  facet normal -0.0243081 0.999705 0
    outer loop
      vertex 42.1391 61.8832 1.8
      vertex 42.4969 61.8919 0
      vertex 42.1391 61.8832 0
    endloop
  endfacet
  facet normal 0.149789 -0.988718 0
    outer loop
      vertex 41.6463 67.5167 0
      vertex 42.0001 67.5703 1.8
      vertex 41.6463 67.5167 1.8
    endloop
  endfacet
  facet normal 0.149789 -0.988718 0
    outer loop
      vertex 42.0001 67.5703 1.8
      vertex 41.6463 67.5167 0
      vertex 42.0001 67.5703 0
    endloop
  endfacet
  facet normal -0.101136 -0.994873 0
    outer loop
      vertex 42.3579 67.579 0
      vertex 42.714 67.5428 1.8
      vertex 42.3579 67.579 1.8
    endloop
  endfacet
  facet normal -0.101136 -0.994873 -0
    outer loop
      vertex 42.714 67.5428 1.8
      vertex 42.3579 67.579 0
      vertex 42.714 67.5428 0
    endloop
  endfacet
  facet normal 0.0243081 -0.999705 0
    outer loop
      vertex 42.0001 67.5703 0
      vertex 42.3579 67.579 1.8
      vertex 42.0001 67.5703 1.8
    endloop
  endfacet
  facet normal 0.0243081 -0.999705 0
    outer loop
      vertex 42.3579 67.579 1.8
      vertex 42.0001 67.5703 0
      vertex 42.3579 67.579 0
    endloop
  endfacet
  facet normal 0.272137 -0.962259 0
    outer loop
      vertex 41.3019 67.4193 0
      vertex 41.6463 67.5167 1.8
      vertex 41.3019 67.4193 1.8
    endloop
  endfacet
  facet normal 0.272137 -0.962259 0
    outer loop
      vertex 41.6463 67.5167 1.8
      vertex 41.3019 67.4193 0
      vertex 41.6463 67.5167 0
    endloop
  endfacet
  facet normal 0.502985 -0.864295 0
    outer loop
      vertex 40.6631 67.0994 0
      vertex 40.9724 67.2794 1.8
      vertex 40.6631 67.0994 1.8
    endloop
  endfacet
  facet normal 0.502985 -0.864295 0
    outer loop
      vertex 40.9724 67.2794 1.8
      vertex 40.6631 67.0994 0
      vertex 40.9724 67.2794 0
    endloop
  endfacet
  facet normal 0.390815 -0.920469 0
    outer loop
      vertex 40.9724 67.2794 0
      vertex 41.3019 67.4193 1.8
      vertex 40.9724 67.2794 1.8
    endloop
  endfacet
  facet normal 0.390815 -0.920469 0
    outer loop
      vertex 41.3019 67.4193 1.8
      vertex 40.9724 67.2794 0
      vertex 41.3019 67.4193 0
    endloop
  endfacet
  facet normal 0.60744 -0.794366 0
    outer loop
      vertex 40.3788 66.882 0
      vertex 40.6631 67.0994 1.8
      vertex 40.3788 66.882 1.8
    endloop
  endfacet
  facet normal 0.60744 -0.794366 0
    outer loop
      vertex 40.6631 67.0994 1.8
      vertex 40.3788 66.882 0
      vertex 40.6631 67.0994 0
    endloop
  endfacet
  facet normal 0.701909 -0.712266 0
    outer loop
      vertex 40.2894 66.7939 0
      vertex 40.3788 66.882 1.8
      vertex 40.2894 66.7939 1.8
    endloop
  endfacet
  facet normal 0.701909 -0.712266 0
    outer loop
      vertex 40.3788 66.882 1.8
      vertex 40.2894 66.7939 0
      vertex 40.3788 66.882 0
    endloop
  endfacet
  facet normal -0.34533 -0.938481 0
    outer loop
      vertex 43.0627 67.4623 0
      vertex 43.3986 67.3387 1.8
      vertex 43.0627 67.4623 1.8
    endloop
  endfacet
  facet normal -0.34533 -0.938481 -0
    outer loop
      vertex 43.3986 67.3387 1.8
      vertex 43.0627 67.4623 0
      vertex 43.3986 67.3387 0
    endloop
  endfacet
  facet normal -0.754702 -0.656068 0
    outer loop
      vertex 44.5126 66.4621 0
      vertex 44.2778 66.7322 1.8
      vertex 44.2778 66.7322 0
    endloop
  endfacet
  facet normal -0.754702 -0.656068 0
    outer loop
      vertex 44.2778 66.7322 1.8
      vertex 44.5126 66.4621 0
      vertex 44.5126 66.4621 1.8
    endloop
  endfacet
  facet normal -0.224941 -0.974372 0
    outer loop
      vertex 42.714 67.5428 0
      vertex 43.0627 67.4623 1.8
      vertex 42.714 67.5428 1.8
    endloop
  endfacet
  facet normal -0.224941 -0.974372 -0
    outer loop
      vertex 43.0627 67.4623 1.8
      vertex 42.714 67.5428 0
      vertex 43.0627 67.4623 0
    endloop
  endfacet
  facet normal -0.666615 -0.745402 0
    outer loop
      vertex 44.011 66.9708 0
      vertex 44.2778 66.7322 1.8
      vertex 44.011 66.9708 1.8
    endloop
  endfacet
  facet normal -0.666615 -0.745402 -0
    outer loop
      vertex 44.2778 66.7322 1.8
      vertex 44.011 66.9708 0
      vertex 44.2778 66.7322 0
    endloop
  endfacet
  facet normal -0.830974 -0.556311 0
    outer loop
      vertex 44.7117 66.1647 0
      vertex 44.5126 66.4621 1.8
      vertex 44.5126 66.4621 0
    endloop
  endfacet
  facet normal -0.830974 -0.556311 0
    outer loop
      vertex 44.5126 66.4621 1.8
      vertex 44.7117 66.1647 0
      vertex 44.7117 66.1647 1.8
    endloop
  endfacet
  facet normal -0.977433 -0.211246 0
    outer loop
      vertex 45.0665 65.1573 0
      vertex 44.9909 65.5071 1.8
      vertex 44.9909 65.5071 0
    endloop
  endfacet
  facet normal -0.977433 -0.211246 0
    outer loop
      vertex 44.9909 65.5071 1.8
      vertex 45.0665 65.1573 0
      vertex 45.0665 65.1573 1.8
    endloop
  endfacet
  facet normal -0.999256 0.0385619 0
    outer loop
      vertex 45.0839 64.4431 0
      vertex 45.0977 64.8007 1.8
      vertex 45.0977 64.8007 0
    endloop
  endfacet
  facet normal -0.999256 0.0385619 0
    outer loop
      vertex 45.0977 64.8007 1.8
      vertex 45.0839 64.4431 0
      vertex 45.0839 64.4431 1.8
    endloop
  endfacet
  facet normal 0.894147 0.447773 0
    outer loop
      vertex 39.7853 63.2975 1.8
      vertex 39.7213 63.4253 0
      vertex 39.7213 63.4253 1.8
    endloop
  endfacet
  facet normal 0.894147 0.447773 0
    outer loop
      vertex 39.7213 63.4253 0
      vertex 39.7853 63.2975 1.8
      vertex 39.7853 63.2975 0
    endloop
  endfacet
  facet normal -0.943212 -0.332192 0
    outer loop
      vertex 44.9909 65.5071 0
      vertex 44.872 65.8447 1.8
      vertex 44.872 65.8447 0
    endloop
  endfacet
  facet normal -0.943212 -0.332192 0
    outer loop
      vertex 44.872 65.8447 1.8
      vertex 44.9909 65.5071 0
      vertex 44.9909 65.5071 1.8
    endloop
  endfacet
  facet normal -0.996194 -0.08716 0
    outer loop
      vertex 45.0977 64.8007 0
      vertex 45.0665 65.1573 1.8
      vertex 45.0665 65.1573 0
    endloop
  endfacet
  facet normal -0.996194 -0.08716 0
    outer loop
      vertex 45.0665 65.1573 1.8
      vertex 45.0977 64.8007 0
      vertex 45.0977 64.8007 1.8
    endloop
  endfacet
  facet normal 0.992115 -0.125333 0
    outer loop
      vertex 3.85257 37.4911 1.8
      vertex 3.87253 37.6491 0
      vertex 3.87253 37.6491 1.8
    endloop
  endfacet
  facet normal 0.992115 -0.125333 0
    outer loop
      vertex 3.87253 37.6491 0
      vertex 3.85257 37.4911 1.8
      vertex 3.85257 37.4911 0
    endloop
  endfacet
  facet normal 1 -0 0
    outer loop
      vertex 3.85257 33.5089 1.8
      vertex 3.85257 37.4911 0
      vertex 3.85257 37.4911 1.8
    endloop
  endfacet
  facet normal 1 0 0
    outer loop
      vertex 3.85257 37.4911 0
      vertex 3.85257 33.5089 1.8
      vertex 3.85257 33.5089 0
    endloop
  endfacet
  facet normal 0.992115 0.125333 0
    outer loop
      vertex 3.87253 33.3509 1.8
      vertex 3.85257 33.5089 0
      vertex 3.85257 33.5089 1.8
    endloop
  endfacet
  facet normal 0.992115 0.125333 0
    outer loop
      vertex 3.85257 33.5089 0
      vertex 3.87253 33.3509 1.8
      vertex 3.87253 33.3509 0
    endloop
  endfacet
  facet normal -1 0 0
    outer loop
      vertex 7.26582 33.7237 0
      vertex 7.26582 37.2763 1.8
      vertex 7.26582 37.2763 0
    endloop
  endfacet
  facet normal -1 -0 0
    outer loop
      vertex 7.26582 37.2763 1.8
      vertex 7.26582 33.7237 0
      vertex 7.26582 33.7237 1.8
    endloop
  endfacet
  facet normal 0.992115 0.125332 0
    outer loop
      vertex 4.32491 29.7699 1.8
      vertex 3.87253 33.3509 0
      vertex 3.87253 33.3509 1.8
    endloop
  endfacet
  facet normal 0.992115 0.125332 0
    outer loop
      vertex 3.87253 33.3509 0
      vertex 4.32491 29.7699 1.8
      vertex 4.32491 29.7699 0
    endloop
  endfacet
  facet normal -0.992115 -0.125332 0
    outer loop
      vertex 7.71109 30.199 0
      vertex 7.26582 33.7237 1.8
      vertex 7.26582 33.7237 0
    endloop
  endfacet
  facet normal -0.992115 -0.125332 0
    outer loop
      vertex 7.26582 33.7237 1.8
      vertex 7.71109 30.199 0
      vertex 7.71109 30.199 1.8
    endloop
  endfacet
  facet normal 0.968562 0.248771 0
    outer loop
      vertex 4.40476 29.3514 1.8
      vertex 4.35167 29.5581 0
      vertex 4.35167 29.5581 1.8
    endloop
  endfacet
  facet normal 0.968562 0.248771 0
    outer loop
      vertex 4.35167 29.5581 0
      vertex 4.40476 29.3514 1.8
      vertex 4.40476 29.3514 0
    endloop
  endfacet
  facet normal 0.992113 0.125349 0
    outer loop
      vertex 4.35167 29.5581 1.8
      vertex 4.32491 29.7699 0
      vertex 4.32491 29.7699 1.8
    endloop
  endfacet
  facet normal 0.992113 0.125349 0
    outer loop
      vertex 4.32491 29.7699 0
      vertex 4.35167 29.5581 1.8
      vertex 4.35167 29.5581 0
    endloop
  endfacet
  facet normal 0.968637 0.248482 0
    outer loop
      vertex 4.42441 29.2748 1.8
      vertex 4.40476 29.3514 0
      vertex 4.40476 29.3514 1.8
    endloop
  endfacet
  facet normal 0.968637 0.248482 0
    outer loop
      vertex 4.40476 29.3514 0
      vertex 4.42441 29.2748 1.8
      vertex 4.42441 29.2748 0
    endloop
  endfacet
  facet normal -0.992114 0.125335 0
    outer loop
      vertex 7.26582 37.2763 0
      vertex 7.5747 39.7213 1.8
      vertex 7.5747 39.7213 0
    endloop
  endfacet
  facet normal -0.992114 0.125335 0
    outer loop
      vertex 7.5747 39.7213 1.8
      vertex 7.26582 37.2763 0
      vertex 7.26582 37.2763 1.8
    endloop
  endfacet
  facet normal 0.992115 -0.125334 0
    outer loop
      vertex 3.87253 37.6491 1.8
      vertex 4.20608 40.2894 0
      vertex 4.20608 40.2894 1.8
    endloop
  endfacet
  facet normal 0.992115 -0.125334 0
    outer loop
      vertex 4.20608 40.2894 0
      vertex 3.87253 37.6491 1.8
      vertex 3.87253 37.6491 0
    endloop
  endfacet
  facet normal -0.637462 0.770482 0
    outer loop
      vertex 7.68775 26.7608 0
      vertex 7.52325 26.6247 1.8
      vertex 7.68775 26.7608 1.8
    endloop
  endfacet
  facet normal -0.637462 0.770482 0
    outer loop
      vertex 7.52325 26.6247 1.8
      vertex 7.68775 26.7608 0
      vertex 7.52325 26.6247 0
    endloop
  endfacet
  facet normal -0.0627661 0.998028 0
    outer loop
      vertex 6.73709 26.3134 0
      vertex 6.52402 26.3 1.8
      vertex 6.73709 26.3134 1.8
    endloop
  endfacet
  facet normal -0.0627661 0.998028 0
    outer loop
      vertex 6.52402 26.3 1.8
      vertex 6.73709 26.3134 0
      vertex 6.52402 26.3 0
    endloop
  endfacet
  facet normal 0.929779 0.368118 0
    outer loop
      vertex 4.96521 27.2762 1.8
      vertex 4.88662 27.4747 0
      vertex 4.88662 27.4747 1.8
    endloop
  endfacet
  facet normal 0.929779 0.368118 0
    outer loop
      vertex 4.88662 27.4747 0
      vertex 4.96521 27.2762 1.8
      vertex 4.96521 27.2762 0
    endloop
  endfacet
  facet normal 0.876325 0.481721 0
    outer loop
      vertex 5.06806 27.0891 1.8
      vertex 4.96521 27.2762 0
      vertex 4.96521 27.2762 1.8
    endloop
  endfacet
  facet normal 0.876325 0.481721 0
    outer loop
      vertex 4.96521 27.2762 0
      vertex 5.06806 27.0891 1.8
      vertex 5.06806 27.0891 0
    endloop
  endfacet
  facet normal 0.425784 0.904825 -0
    outer loop
      vertex 5.8776 26.4194 0
      vertex 5.68443 26.5103 1.8
      vertex 5.8776 26.4194 1.8
    endloop
  endfacet
  facet normal 0.425784 0.904825 0
    outer loop
      vertex 5.68443 26.5103 1.8
      vertex 5.8776 26.4194 0
      vertex 5.68443 26.5103 0
    endloop
  endfacet
  facet normal 0.187362 0.982291 -0
    outer loop
      vertex 6.29035 26.3134 0
      vertex 6.08064 26.3534 1.8
      vertex 6.29035 26.3134 1.8
    endloop
  endfacet
  facet normal 0.187362 0.982291 0
    outer loop
      vertex 6.08064 26.3534 1.8
      vertex 6.29035 26.3134 0
      vertex 6.08064 26.3534 0
    endloop
  endfacet
  facet normal -0.992119 -0.125303 0
    outer loop
      vertex 8.22066 28.1067 0
      vertex 8.19391 28.3185 1.8
      vertex 8.19391 28.3185 0
    endloop
  endfacet
  facet normal -0.992119 -0.125303 0
    outer loop
      vertex 8.19391 28.3185 1.8
      vertex 8.22066 28.1067 0
      vertex 8.22066 28.1067 1.8
    endloop
  endfacet
  facet normal 0.96858 0.248701 0
    outer loop
      vertex 4.88662 27.4747 1.8
      vertex 4.42441 29.2748 0
      vertex 4.42441 29.2748 1.8
    endloop
  endfacet
  facet normal 0.96858 0.248701 0
    outer loop
      vertex 4.42441 29.2748 0
      vertex 4.88662 27.4747 1.8
      vertex 4.88662 27.4747 0
    endloop
  endfacet
  facet normal 0.809003 0.587804 0
    outer loop
      vertex 5.19354 26.9164 1.8
      vertex 5.06806 27.0891 0
      vertex 5.06806 27.0891 1.8
    endloop
  endfacet
  facet normal 0.809003 0.587804 0
    outer loop
      vertex 5.06806 27.0891 0
      vertex 5.19354 26.9164 1.8
      vertex 5.19354 26.9164 0
    endloop
  endfacet
  facet normal 0.309137 0.951018 -0
    outer loop
      vertex 6.08064 26.3534 0
      vertex 5.8776 26.4194 1.8
      vertex 6.08064 26.3534 1.8
    endloop
  endfacet
  facet normal 0.309137 0.951018 0
    outer loop
      vertex 5.8776 26.4194 1.8
      vertex 6.08064 26.3534 0
      vertex 5.8776 26.4194 0
    endloop
  endfacet
  facet normal -0.968584 -0.248688 0
    outer loop
      vertex 8.14082 28.5253 0
      vertex 7.71109 30.199 1.8
      vertex 7.71109 30.199 0
    endloop
  endfacet
  facet normal -0.968584 -0.248688 0
    outer loop
      vertex 7.71109 30.199 1.8
      vertex 8.14082 28.5253 0
      vertex 8.14082 28.5253 1.8
    endloop
  endfacet
  facet normal -0.968591 0.248658 0
    outer loop
      vertex 8.14082 27.4747 0
      vertex 8.19391 27.6815 1.8
      vertex 8.19391 27.6815 0
    endloop
  endfacet
  facet normal -0.968591 0.248658 0
    outer loop
      vertex 8.19391 27.6815 1.8
      vertex 8.14082 27.4747 0
      vertex 8.14082 27.4747 1.8
    endloop
  endfacet
  facet normal -1 0 0
    outer loop
      vertex 8.22066 27.8933 0
      vertex 8.22066 28.1067 1.8
      vertex 8.22066 28.1067 0
    endloop
  endfacet
  facet normal -1 -0 0
    outer loop
      vertex 8.22066 28.1067 1.8
      vertex 8.22066 27.8933 0
      vertex 8.22066 27.8933 1.8
    endloop
  endfacet
  facet normal -0.425784 0.904825 0
    outer loop
      vertex 7.343 26.5103 0
      vertex 7.14983 26.4194 1.8
      vertex 7.343 26.5103 1.8
    endloop
  endfacet
  facet normal -0.425784 0.904825 0
    outer loop
      vertex 7.14983 26.4194 1.8
      vertex 7.343 26.5103 0
      vertex 7.14983 26.4194 0
    endloop
  endfacet
  facet normal -0.309137 0.951018 0
    outer loop
      vertex 7.14983 26.4194 0
      vertex 6.94679 26.3534 1.8
      vertex 7.14983 26.4194 1.8
    endloop
  endfacet
  facet normal -0.309137 0.951018 0
    outer loop
      vertex 6.94679 26.3534 1.8
      vertex 7.14983 26.4194 0
      vertex 6.94679 26.3534 0
    endloop
  endfacet
  facet normal -0.53586 0.844307 0
    outer loop
      vertex 7.52325 26.6247 0
      vertex 7.343 26.5103 1.8
      vertex 7.52325 26.6247 1.8
    endloop
  endfacet
  facet normal -0.53586 0.844307 0
    outer loop
      vertex 7.343 26.5103 1.8
      vertex 7.52325 26.6247 0
      vertex 7.343 26.5103 0
    endloop
  endfacet
  facet normal 0.728917 0.684602 0
    outer loop
      vertex 5.33968 26.7608 1.8
      vertex 5.19354 26.9164 0
      vertex 5.19354 26.9164 1.8
    endloop
  endfacet
  facet normal 0.728917 0.684602 0
    outer loop
      vertex 5.19354 26.9164 0
      vertex 5.33968 26.7608 1.8
      vertex 5.33968 26.7608 0
    endloop
  endfacet
  facet normal 0.637462 0.770482 -0
    outer loop
      vertex 5.50418 26.6247 0
      vertex 5.33968 26.7608 1.8
      vertex 5.50418 26.6247 1.8
    endloop
  endfacet
  facet normal 0.637462 0.770482 0
    outer loop
      vertex 5.33968 26.7608 1.8
      vertex 5.50418 26.6247 0
      vertex 5.33968 26.7608 0
    endloop
  endfacet
  facet normal 0.0627691 0.998028 -0
    outer loop
      vertex 6.50341 26.3 0
      vertex 6.29035 26.3134 1.8
      vertex 6.50341 26.3 1.8
    endloop
  endfacet
  facet normal 0.0627691 0.998028 0
    outer loop
      vertex 6.29035 26.3134 1.8
      vertex 6.50341 26.3 0
      vertex 6.29035 26.3134 0
    endloop
  endfacet
  facet normal -0.968591 -0.248658 0
    outer loop
      vertex 8.19391 28.3185 0
      vertex 8.14082 28.5253 1.8
      vertex 8.14082 28.5253 0
    endloop
  endfacet
  facet normal -0.968591 -0.248658 0
    outer loop
      vertex 8.14082 28.5253 1.8
      vertex 8.19391 28.3185 0
      vertex 8.19391 28.3185 1.8
    endloop
  endfacet
  facet normal -0.728917 0.684602 0
    outer loop
      vertex 7.68775 26.7608 0
      vertex 7.83389 26.9164 1.8
      vertex 7.83389 26.9164 0
    endloop
  endfacet
  facet normal -0.728917 0.684602 0
    outer loop
      vertex 7.83389 26.9164 1.8
      vertex 7.68775 26.7608 0
      vertex 7.68775 26.7608 1.8
    endloop
  endfacet
  facet normal -0.929779 0.368118 0
    outer loop
      vertex 8.06223 27.2762 0
      vertex 8.14082 27.4747 1.8
      vertex 8.14082 27.4747 0
    endloop
  endfacet
  facet normal -0.929779 0.368118 0
    outer loop
      vertex 8.14082 27.4747 1.8
      vertex 8.06223 27.2762 0
      vertex 8.06223 27.2762 1.8
    endloop
  endfacet
  facet normal -0.808981 0.587835 0
    outer loop
      vertex 7.83389 26.9164 0
      vertex 7.95938 27.0891 1.8
      vertex 7.95938 27.0891 0
    endloop
  endfacet
  facet normal -0.808981 0.587835 0
    outer loop
      vertex 7.95938 27.0891 1.8
      vertex 7.83389 26.9164 0
      vertex 7.83389 26.9164 1.8
    endloop
  endfacet
  facet normal 0.53586 0.844307 -0
    outer loop
      vertex 5.68443 26.5103 0
      vertex 5.50418 26.6247 1.8
      vertex 5.68443 26.5103 1.8
    endloop
  endfacet
  facet normal 0.53586 0.844307 0
    outer loop
      vertex 5.50418 26.6247 1.8
      vertex 5.68443 26.5103 0
      vertex 5.50418 26.6247 0
    endloop
  endfacet
  facet normal 0 1 -0
    outer loop
      vertex 6.52402 26.3 0
      vertex 6.50341 26.3 1.8
      vertex 6.52402 26.3 1.8
    endloop
  endfacet
  facet normal 0 1 0
    outer loop
      vertex 6.50341 26.3 1.8
      vertex 6.52402 26.3 0
      vertex 6.50341 26.3 0
    endloop
  endfacet
  facet normal -0.876325 0.481721 0
    outer loop
      vertex 7.95938 27.0891 0
      vertex 8.06223 27.2762 1.8
      vertex 8.06223 27.2762 0
    endloop
  endfacet
  facet normal -0.876325 0.481721 0
    outer loop
      vertex 8.06223 27.2762 1.8
      vertex 7.95938 27.0891 0
      vertex 7.95938 27.0891 1.8
    endloop
  endfacet
  facet normal -0.18737 0.982289 0
    outer loop
      vertex 6.94679 26.3534 0
      vertex 6.73709 26.3134 1.8
      vertex 6.94679 26.3534 1.8
    endloop
  endfacet
  facet normal -0.18737 0.982289 0
    outer loop
      vertex 6.73709 26.3134 1.8
      vertex 6.94679 26.3534 0
      vertex 6.73709 26.3134 0
    endloop
  endfacet
  facet normal -0.992119 0.125303 0
    outer loop
      vertex 8.19391 27.6815 0
      vertex 8.22066 27.8933 1.8
      vertex 8.22066 27.8933 0
    endloop
  endfacet
  facet normal -0.992119 0.125303 0
    outer loop
      vertex 8.22066 27.8933 1.8
      vertex 8.19391 27.6815 0
      vertex 8.19391 27.6815 1.8
    endloop
  endfacet
  facet normal -0.285817 -0.958284 0
    outer loop
      vertex 6.91001 45.0255 0
      vertex 7.253 44.9232 1.8
      vertex 6.91001 45.0255 1.8
    endloop
  endfacet
  facet normal -0.285817 -0.958284 -0
    outer loop
      vertex 7.253 44.9232 1.8
      vertex 6.91001 45.0255 0
      vertex 7.253 44.9232 0
    endloop
  endfacet
  facet normal -0.97438 0.224906 0
    outer loop
      vertex 9.00012 41.4343 0
      vertex 9.08063 41.7831 1.8
      vertex 9.08063 41.7831 0
    endloop
  endfacet
  facet normal -0.97438 0.224906 0
    outer loop
      vertex 9.08063 41.7831 1.8
      vertex 9.00012 41.4343 0
      vertex 9.00012 41.4343 1.8
    endloop
  endfacet
  facet normal -0.556491 0.830854 0
    outer loop
      vertex 7.99992 39.9845 0
      vertex 7.70251 39.7853 1.8
      vertex 7.99992 39.9845 1.8
    endloop
  endfacet
  facet normal -0.556491 0.830854 0
    outer loop
      vertex 7.70251 39.7853 1.8
      vertex 7.99992 39.9845 0
      vertex 7.70251 39.7853 0
    endloop
  endfacet
  facet normal -0.864317 -0.502947 0
    outer loop
      vertex 8.81724 43.5246 0
      vertex 8.6372 43.834 1.8
      vertex 8.6372 43.834 0
    endloop
  endfacet
  facet normal -0.864317 -0.502947 0
    outer loop
      vertex 8.6372 43.834 1.8
      vertex 8.81724 43.5246 0
      vertex 8.81724 43.5246 1.8
    endloop
  endfacet
  facet normal -0.988757 -0.149529 0
    outer loop
      vertex 9.10805 42.4969 0
      vertex 9.05453 42.8508 1.8
      vertex 9.05453 42.8508 0
    endloop
  endfacet
  facet normal -0.988757 -0.149529 0
    outer loop
      vertex 9.05453 42.8508 1.8
      vertex 9.10805 42.4969 0
      vertex 9.10805 42.4969 1.8
    endloop
  endfacet
  facet normal 0.447862 -0.894103 0
    outer loop
      vertex 4.83529 44.7117 0
      vertex 5.15531 44.872 1.8
      vertex 4.83529 44.7117 1.8
    endloop
  endfacet
  facet normal 0.447862 -0.894103 0
    outer loop
      vertex 5.15531 44.872 1.8
      vertex 4.83529 44.7117 0
      vertex 5.15531 44.872 0
    endloop
  endfacet
  facet normal -0.823125 0.567861 0
    outer loop
      vertex 8.50859 40.4861 0
      vertex 8.71183 40.7807 1.8
      vertex 8.71183 40.7807 0
    endloop
  endfacet
  facet normal -0.823125 0.567861 0
    outer loop
      vertex 8.71183 40.7807 1.8
      vertex 8.50859 40.4861 0
      vertex 8.50859 40.4861 1.8
    endloop
  endfacet
  facet normal -0.93849 0.345305 0
    outer loop
      vertex 8.87653 41.0984 0
      vertex 9.00012 41.4343 1.8
      vertex 9.00012 41.4343 0
    endloop
  endfacet
  facet normal -0.93849 0.345305 0
    outer loop
      vertex 9.00012 41.4343 1.8
      vertex 8.87653 41.0984 0
      vertex 8.87653 41.0984 1.8
    endloop
  endfacet
  facet normal -0.656054 0.754714 0
    outer loop
      vertex 8.27003 40.2193 0
      vertex 7.99992 39.9845 1.8
      vertex 8.27003 40.2193 1.8
    endloop
  endfacet
  facet normal -0.656054 0.754714 0
    outer loop
      vertex 7.99992 39.9845 1.8
      vertex 8.27003 40.2193 0
      vertex 7.99992 39.9845 0
    endloop
  endfacet
  facet normal -0.71198 -0.7022 0
    outer loop
      vertex 8.41982 44.1183 0
      vertex 8.16852 44.3731 1.8
      vertex 8.16852 44.3731 0
    endloop
  endfacet
  facet normal -0.71198 -0.7022 0
    outer loop
      vertex 8.16852 44.3731 1.8
      vertex 8.41982 44.1183 0
      vertex 8.41982 44.1183 1.8
    endloop
  endfacet
  facet normal -0.794393 -0.607404 0
    outer loop
      vertex 8.6372 43.834 0
      vertex 8.41982 44.1183 1.8
      vertex 8.41982 44.1183 0
    endloop
  endfacet
  facet normal -0.794393 -0.607404 0
    outer loop
      vertex 8.41982 44.1183 1.8
      vertex 8.6372 43.834 0
      vertex 8.6372 43.834 1.8
    endloop
  endfacet
  facet normal -0.514972 -0.857207 0
    outer loop
      vertex 7.58047 44.7788 0
      vertex 7.88725 44.5945 1.8
      vertex 7.58047 44.7788 1.8
    endloop
  endfacet
  facet normal -0.514972 -0.857207 -0
    outer loop
      vertex 7.88725 44.5945 1.8
      vertex 7.58047 44.7788 0
      vertex 7.88725 44.5945 0
    endloop
  endfacet
  facet normal -0.920487 -0.390774 0
    outer loop
      vertex 8.95708 43.1952 0
      vertex 8.81724 43.5246 1.8
      vertex 8.81724 43.5246 0
    endloop
  endfacet
  facet normal -0.920487 -0.390774 0
    outer loop
      vertex 8.81724 43.5246 1.8
      vertex 8.95708 43.1952 0
      vertex 8.95708 43.1952 1.8
    endloop
  endfacet
  facet normal -0.994878 0.101081 0
    outer loop
      vertex 9.08063 41.7831 0
      vertex 9.1168 42.1391 1.8
      vertex 9.1168 42.1391 0
    endloop
  endfacet
  facet normal -0.994878 0.101081 0
    outer loop
      vertex 9.1168 42.1391 1.8
      vertex 9.08063 41.7831 0
      vertex 9.08063 41.7831 1.8
    endloop
  endfacet
  facet normal 0.88784 -0.460152 0
    outer loop
      vertex 3.66126 43.3986 1.8
      vertex 3.82597 43.7164 0
      vertex 3.82597 43.7164 1.8
    endloop
  endfacet
  facet normal 0.88784 -0.460152 0
    outer loop
      vertex 3.82597 43.7164 0
      vertex 3.66126 43.3986 1.8
      vertex 3.66126 43.3986 0
    endloop
  endfacet
  facet normal 0.823125 -0.567861 0
    outer loop
      vertex 3.82597 43.7164 1.8
      vertex 4.02921 44.011 0
      vertex 4.02921 44.011 1.8
    endloop
  endfacet
  facet normal 0.823125 -0.567861 0
    outer loop
      vertex 4.02921 44.011 0
      vertex 3.82597 43.7164 1.8
      vertex 3.82597 43.7164 0
    endloop
  endfacet
  facet normal -0.163175 -0.986597 0
    outer loop
      vertex 6.55691 45.0839 0
      vertex 6.91001 45.0255 1.8
      vertex 6.55691 45.0839 1.8
    endloop
  endfacet
  facet normal -0.163175 -0.986597 -0
    outer loop
      vertex 6.91001 45.0255 1.8
      vertex 6.55691 45.0839 0
      vertex 6.91001 45.0255 0
    endloop
  endfacet
  facet normal -0.887793 0.460244 0
    outer loop
      vertex 8.71183 40.7807 0
      vertex 8.87653 41.0984 1.8
      vertex 8.87653 41.0984 0
    endloop
  endfacet
  facet normal -0.887793 0.460244 0
    outer loop
      vertex 8.87653 41.0984 1.8
      vertex 8.71183 40.7807 0
      vertex 8.71183 40.7807 1.8
    endloop
  endfacet
  facet normal -0.745458 0.666553 0
    outer loop
      vertex 8.27003 40.2193 0
      vertex 8.50859 40.4861 1.8
      vertex 8.50859 40.4861 0
    endloop
  endfacet
  facet normal -0.745458 0.666553 0
    outer loop
      vertex 8.50859 40.4861 1.8
      vertex 8.27003 40.2193 0
      vertex 8.27003 40.2193 1.8
    endloop
  endfacet
  facet normal -0.618516 -0.785772 0
    outer loop
      vertex 7.88725 44.5945 0
      vertex 8.16852 44.3731 1.8
      vertex 7.88725 44.5945 1.8
    endloop
  endfacet
  facet normal -0.618516 -0.785772 -0
    outer loop
      vertex 8.16852 44.3731 1.8
      vertex 7.88725 44.5945 0
      vertex 8.16852 44.3731 0
    endloop
  endfacet
  facet normal -0.403472 -0.914992 0
    outer loop
      vertex 7.253 44.9232 0
      vertex 7.58047 44.7788 1.8
      vertex 7.253 44.9232 1.8
    endloop
  endfacet
  facet normal -0.403472 -0.914992 -0
    outer loop
      vertex 7.58047 44.7788 1.8
      vertex 7.253 44.9232 0
      vertex 7.58047 44.7788 0
    endloop
  endfacet
  facet normal -0.962222 -0.272266 0
    outer loop
      vertex 9.05453 42.8508 0
      vertex 8.95708 43.1952 1.8
      vertex 8.95708 43.1952 0
    endloop
  endfacet
  facet normal -0.962222 -0.272266 0
    outer loop
      vertex 8.95708 43.1952 1.8
      vertex 9.05453 42.8508 0
      vertex 9.05453 42.8508 1.8
    endloop
  endfacet
  facet normal -0.999701 -0.0244477 0
    outer loop
      vertex 9.1168 42.1391 0
      vertex 9.10805 42.4969 1.8
      vertex 9.10805 42.4969 0
    endloop
  endfacet
  facet normal -0.999701 -0.0244477 0
    outer loop
      vertex 9.10805 42.4969 1.8
      vertex 9.1168 42.1391 0
      vertex 9.1168 42.1391 1.8
    endloop
  endfacet
  facet normal 0.988751 0.14957 0
    outer loop
      vertex 3.48326 41.6463 1.8
      vertex 3.42974 42.0001 0
      vertex 3.42974 42.0001 1.8
    endloop
  endfacet
  facet normal 0.988751 0.14957 0
    outer loop
      vertex 3.42974 42.0001 0
      vertex 3.48326 41.6463 1.8
      vertex 3.48326 41.6463 0
    endloop
  endfacet
  facet normal 0.994881 -0.101053 0
    outer loop
      vertex 3.421 42.3579 1.8
      vertex 3.45717 42.714 0
      vertex 3.45717 42.714 1.8
    endloop
  endfacet
  facet normal 0.994881 -0.101053 0
    outer loop
      vertex 3.45717 42.714 0
      vertex 3.421 42.3579 1.8
      vertex 3.421 42.3579 0
    endloop
  endfacet
  facet normal 0.999702 0.0244198 0
    outer loop
      vertex 3.42974 42.0001 1.8
      vertex 3.421 42.3579 0
      vertex 3.421 42.3579 1.8
    endloop
  endfacet
  facet normal 0.999702 0.0244198 0
    outer loop
      vertex 3.421 42.3579 0
      vertex 3.42974 42.0001 1.8
      vertex 3.42974 42.0001 0
    endloop
  endfacet
  facet normal 0.962222 0.272266 0
    outer loop
      vertex 3.58071 41.3019 1.8
      vertex 3.48326 41.6463 0
      vertex 3.48326 41.6463 1.8
    endloop
  endfacet
  facet normal 0.962222 0.272266 0
    outer loop
      vertex 3.48326 41.6463 0
      vertex 3.58071 41.3019 1.8
      vertex 3.58071 41.3019 0
    endloop
  endfacet
  facet normal 0.864259 0.503047 0
    outer loop
      vertex 3.90059 40.6631 1.8
      vertex 3.72056 40.9724 0
      vertex 3.72056 40.9724 1.8
    endloop
  endfacet
  facet normal 0.864259 0.503047 0
    outer loop
      vertex 3.72056 40.9724 0
      vertex 3.90059 40.6631 1.8
      vertex 3.90059 40.6631 0
    endloop
  endfacet
  facet normal 0.920519 0.390697 0
    outer loop
      vertex 3.72056 40.9724 1.8
      vertex 3.58071 41.3019 0
      vertex 3.58071 41.3019 1.8
    endloop
  endfacet
  facet normal 0.920519 0.390697 0
    outer loop
      vertex 3.58071 41.3019 0
      vertex 3.72056 40.9724 1.8
      vertex 3.72056 40.9724 0
    endloop
  endfacet
  facet normal 0.794379 0.607422 0
    outer loop
      vertex 4.11798 40.3788 1.8
      vertex 3.90059 40.6631 0
      vertex 3.90059 40.6631 1.8
    endloop
  endfacet
  facet normal 0.794379 0.607422 0
    outer loop
      vertex 3.90059 40.6631 0
      vertex 4.11798 40.3788 1.8
      vertex 4.11798 40.3788 0
    endloop
  endfacet
  facet normal 0.712266 0.701909 0
    outer loop
      vertex 4.20608 40.2894 1.8
      vertex 4.11798 40.3788 0
      vertex 4.11798 40.3788 1.8
    endloop
  endfacet
  facet normal 0.712266 0.701909 0
    outer loop
      vertex 4.11798 40.3788 0
      vertex 4.20608 40.2894 1.8
      vertex 4.20608 40.2894 0
    endloop
  endfacet
  facet normal 0.938499 -0.345281 0
    outer loop
      vertex 3.53768 43.0627 1.8
      vertex 3.66126 43.3986 0
      vertex 3.66126 43.3986 1.8
    endloop
  endfacet
  facet normal 0.938499 -0.345281 0
    outer loop
      vertex 3.66126 43.3986 0
      vertex 3.53768 43.0627 1.8
      vertex 3.53768 43.0627 0
    endloop
  endfacet
  facet normal 0.65604 -0.754726 0
    outer loop
      vertex 4.26776 44.2778 0
      vertex 4.53788 44.5126 1.8
      vertex 4.26776 44.2778 1.8
    endloop
  endfacet
  facet normal 0.65604 -0.754726 0
    outer loop
      vertex 4.53788 44.5126 1.8
      vertex 4.26776 44.2778 0
      vertex 4.53788 44.5126 0
    endloop
  endfacet
  facet normal 0.974366 -0.224968 0
    outer loop
      vertex 3.45717 42.714 1.8
      vertex 3.53768 43.0627 0
      vertex 3.53768 43.0627 1.8
    endloop
  endfacet
  facet normal 0.974366 -0.224968 0
    outer loop
      vertex 3.53768 43.0627 0
      vertex 3.45717 42.714 1.8
      vertex 3.45717 42.714 0
    endloop
  endfacet
  facet normal 0.745471 -0.666538 0
    outer loop
      vertex 4.02921 44.011 1.8
      vertex 4.26776 44.2778 0
      vertex 4.26776 44.2778 1.8
    endloop
  endfacet
  facet normal 0.745471 -0.666538 0
    outer loop
      vertex 4.26776 44.2778 0
      vertex 4.02921 44.011 1.8
      vertex 4.02921 44.011 0
    endloop
  endfacet
  facet normal 0.556298 -0.830983 0
    outer loop
      vertex 4.53788 44.5126 0
      vertex 4.83529 44.7117 1.8
      vertex 4.53788 44.5126 1.8
    endloop
  endfacet
  facet normal 0.556298 -0.830983 0
    outer loop
      vertex 4.83529 44.7117 1.8
      vertex 4.53788 44.5126 0
      vertex 4.83529 44.7117 0
    endloop
  endfacet
  facet normal 0.211235 -0.977435 0
    outer loop
      vertex 5.4929 44.9909 0
      vertex 5.84272 45.0665 1.8
      vertex 5.4929 44.9909 1.8
    endloop
  endfacet
  facet normal 0.211235 -0.977435 0
    outer loop
      vertex 5.84272 45.0665 1.8
      vertex 5.4929 44.9909 0
      vertex 5.84272 45.0665 0
    endloop
  endfacet
  facet normal -0.0385576 -0.999256 0
    outer loop
      vertex 6.19927 45.0977 0
      vertex 6.55691 45.0839 1.8
      vertex 6.19927 45.0977 1.8
    endloop
  endfacet
  facet normal -0.0385576 -0.999256 -0
    outer loop
      vertex 6.55691 45.0839 1.8
      vertex 6.19927 45.0977 0
      vertex 6.55691 45.0839 0
    endloop
  endfacet
  facet normal -0.447745 0.894161 0
    outer loop
      vertex 7.70251 39.7853 0
      vertex 7.5747 39.7213 1.8
      vertex 7.70251 39.7853 1.8
    endloop
  endfacet
  facet normal -0.447745 0.894161 0
    outer loop
      vertex 7.5747 39.7213 1.8
      vertex 7.70251 39.7853 0
      vertex 7.5747 39.7213 0
    endloop
  endfacet
  facet normal 0.3322 -0.943209 0
    outer loop
      vertex 5.15531 44.872 0
      vertex 5.4929 44.9909 1.8
      vertex 5.15531 44.872 1.8
    endloop
  endfacet
  facet normal 0.3322 -0.943209 0
    outer loop
      vertex 5.4929 44.9909 1.8
      vertex 5.15531 44.872 0
      vertex 5.4929 44.9909 0
    endloop
  endfacet
  facet normal 0.0871721 -0.996193 0
    outer loop
      vertex 5.84272 45.0665 0
      vertex 6.19927 45.0977 1.8
      vertex 5.84272 45.0665 1.8
    endloop
  endfacet
  facet normal 0.0871721 -0.996193 0
    outer loop
      vertex 6.19927 45.0977 1.8
      vertex 5.84272 45.0665 0
      vertex 6.19927 45.0977 0
    endloop
  endfacet
  facet normal 0 1 -0
    outer loop
      vertex 34.1256 19.0039 0
      vertex 14.8744 19.0039 1.8
      vertex 34.1256 19.0039 1.8
    endloop
  endfacet
  facet normal 0 1 0
    outer loop
      vertex 14.8744 19.0039 1.8
      vertex 34.1256 19.0039 0
      vertex 14.8744 19.0039 0
    endloop
  endfacet
  facet normal 0.770468 -0.637478 0
    outer loop
      vertex 13.382 51.1756 1.8
      vertex 13.5421 51.3691 0
      vertex 13.5421 51.3691 1.8
    endloop
  endfacet
  facet normal 0.770468 -0.637478 0
    outer loop
      vertex 13.5421 51.3691 0
      vertex 13.382 51.1756 1.8
      vertex 13.382 51.1756 0
    endloop
  endfacet
  facet normal 0.125407 0.992105 -0
    outer loop
      vertex 14.8744 19.0039 0
      vertex 14.6252 19.0354 1.8
      vertex 14.8744 19.0039 1.8
    endloop
  endfacet
  facet normal 0.125407 0.992105 0
    outer loop
      vertex 14.6252 19.0354 1.8
      vertex 14.8744 19.0039 0
      vertex 14.6252 19.0354 0
    endloop
  endfacet
  facet normal 0.99802 -0.0628987 0
    outer loop
      vertex 13 50 1.8
      vertex 13.0158 50.2507 0
      vertex 13.0158 50.2507 1.8
    endloop
  endfacet
  facet normal 0.99802 -0.0628987 0
    outer loop
      vertex 13.0158 50.2507 0
      vertex 13 50 1.8
      vertex 13 50 0
    endloop
  endfacet
  facet normal 0.951046 -0.30905 0
    outer loop
      vertex 13.0628 50.4974 1.8
      vertex 13.1404 50.7362 0
      vertex 13.1404 50.7362 1.8
    endloop
  endfacet
  facet normal 0.951046 -0.30905 0
    outer loop
      vertex 13.1404 50.7362 0
      vertex 13.0628 50.4974 1.8
      vertex 13.0628 50.4974 0
    endloop
  endfacet
  facet normal 0 -1 0
    outer loop
      vertex 14.8744 51.9961 0
      vertex 34.1256 51.9961 1.8
      vertex 14.8744 51.9961 1.8
    endloop
  endfacet
  facet normal 0 -1 -0
    outer loop
      vertex 34.1256 51.9961 1.8
      vertex 14.8744 51.9961 0
      vertex 34.1256 51.9961 0
    endloop
  endfacet
  facet normal 0.904765 0.425912 0
    outer loop
      vertex 13.2474 20.0365 1.8
      vertex 13.1404 20.2638 0
      vertex 13.1404 20.2638 1.8
    endloop
  endfacet
  facet normal 0.904765 0.425912 0
    outer loop
      vertex 13.1404 20.2638 0
      vertex 13.2474 20.0365 1.8
      vertex 13.2474 20.0365 0
    endloop
  endfacet
  facet normal 0.770468 0.637478 0
    outer loop
      vertex 13.5421 19.6309 1.8
      vertex 13.382 19.8244 0
      vertex 13.382 19.8244 1.8
    endloop
  endfacet
  facet normal 0.770468 0.637478 0
    outer loop
      vertex 13.382 19.8244 0
      vertex 13.5421 19.6309 1.8
      vertex 13.5421 19.6309 0
    endloop
  endfacet
  facet normal 0.367819 0.929897 -0
    outer loop
      vertex 14.382 19.0979 0
      vertex 14.1484 19.1903 1.8
      vertex 14.382 19.0979 1.8
    endloop
  endfacet
  facet normal 0.367819 0.929897 0
    outer loop
      vertex 14.1484 19.1903 1.8
      vertex 14.382 19.0979 0
      vertex 14.1484 19.1903 0
    endloop
  endfacet
  facet normal 0.982332 -0.187149 0
    outer loop
      vertex 13.0158 50.2507 1.8
      vertex 13.0628 50.4974 0
      vertex 13.0628 50.4974 1.8
    endloop
  endfacet
  facet normal 0.982332 -0.187149 0
    outer loop
      vertex 13.0628 50.4974 0
      vertex 13.0158 50.2507 1.8
      vertex 13.0158 50.2507 0
    endloop
  endfacet
  facet normal 0.481751 -0.876308 0
    outer loop
      vertex 13.9283 51.6887 0
      vertex 14.1484 51.8097 1.8
      vertex 13.9283 51.6887 1.8
    endloop
  endfacet
  facet normal 0.481751 -0.876308 0
    outer loop
      vertex 14.1484 51.8097 1.8
      vertex 13.9283 51.6887 0
      vertex 14.1484 51.8097 0
    endloop
  endfacet
  facet normal -0.125407 -0.992105 0
    outer loop
      vertex 34.1256 51.9961 0
      vertex 34.3748 51.9646 1.8
      vertex 34.1256 51.9961 1.8
    endloop
  endfacet
  facet normal -0.125407 -0.992105 -0
    outer loop
      vertex 34.3748 51.9646 1.8
      vertex 34.1256 51.9961 0
      vertex 34.3748 51.9646 0
    endloop
  endfacet
  facet normal -0.249083 0.968482 0
    outer loop
      vertex 34.5 19.0676 0
      vertex 34.3748 19.0354 1.8
      vertex 34.5 19.0676 1.8
    endloop
  endfacet
  facet normal -0.249083 0.968482 0
    outer loop
      vertex 34.3748 19.0354 1.8
      vertex 34.5 19.0676 0
      vertex 34.3748 19.0354 0
    endloop
  endfacet
  facet normal -0.125407 0.992105 0
    outer loop
      vertex 34.3748 19.0354 0
      vertex 34.1256 19.0039 1.8
      vertex 34.3748 19.0354 1.8
    endloop
  endfacet
  facet normal -0.125407 0.992105 0
    outer loop
      vertex 34.1256 19.0039 1.8
      vertex 34.3748 19.0354 0
      vertex 34.1256 19.0039 0
    endloop
  endfacet
  facet normal 0.951046 0.30905 0
    outer loop
      vertex 13.1404 20.2638 1.8
      vertex 13.0628 20.5026 0
      vertex 13.0628 20.5026 1.8
    endloop
  endfacet
  facet normal 0.951046 0.30905 0
    outer loop
      vertex 13.0628 20.5026 0
      vertex 13.1404 20.2638 1.8
      vertex 13.1404 20.2638 0
    endloop
  endfacet
  facet normal 0.844333 0.535819 0
    outer loop
      vertex 13.382 19.8244 1.8
      vertex 13.2474 20.0365 0
      vertex 13.2474 20.0365 1.8
    endloop
  endfacet
  facet normal 0.844333 0.535819 0
    outer loop
      vertex 13.2474 20.0365 0
      vertex 13.382 19.8244 1.8
      vertex 13.382 19.8244 0
    endloop
  endfacet
  facet normal 0.248902 0.968529 -0
    outer loop
      vertex 14.6252 19.0354 0
      vertex 14.382 19.0979 1.8
      vertex 14.6252 19.0354 1.8
    endloop
  endfacet
  facet normal 0.248902 0.968529 0
    outer loop
      vertex 14.382 19.0979 1.8
      vertex 14.6252 19.0354 0
      vertex 14.382 19.0979 0
    endloop
  endfacet
  facet normal 0.481751 0.876308 -0
    outer loop
      vertex 14.1484 19.1903 0
      vertex 13.9283 19.3113 1.8
      vertex 14.1484 19.1903 1.8
    endloop
  endfacet
  facet normal 0.481751 0.876308 0
    outer loop
      vertex 13.9283 19.3113 1.8
      vertex 14.1484 19.1903 0
      vertex 13.9283 19.3113 0
    endloop
  endfacet
  facet normal 0.904765 -0.425912 0
    outer loop
      vertex 13.1404 50.7362 1.8
      vertex 13.2474 50.9635 0
      vertex 13.2474 50.9635 1.8
    endloop
  endfacet
  facet normal 0.904765 -0.425912 0
    outer loop
      vertex 13.2474 50.9635 0
      vertex 13.1404 50.7362 1.8
      vertex 13.1404 50.7362 0
    endloop
  endfacet
  facet normal 0.844333 -0.535819 0
    outer loop
      vertex 13.2474 50.9635 1.8
      vertex 13.382 51.1756 0
      vertex 13.382 51.1756 1.8
    endloop
  endfacet
  facet normal 0.844333 -0.535819 0
    outer loop
      vertex 13.382 51.1756 0
      vertex 13.2474 50.9635 1.8
      vertex 13.2474 50.9635 0
    endloop
  endfacet
  facet normal -0.249083 -0.968482 0
    outer loop
      vertex 34.3748 51.9646 0
      vertex 34.5 51.9324 1.8
      vertex 34.3748 51.9646 1.8
    endloop
  endfacet
  facet normal -0.249083 -0.968482 -0
    outer loop
      vertex 34.5 51.9324 1.8
      vertex 34.3748 51.9646 0
      vertex 34.5 51.9324 0
    endloop
  endfacet
  facet normal 0.248902 -0.968529 0
    outer loop
      vertex 14.382 51.9021 0
      vertex 14.6252 51.9646 1.8
      vertex 14.382 51.9021 1.8
    endloop
  endfacet
  facet normal 0.248902 -0.968529 0
    outer loop
      vertex 14.6252 51.9646 1.8
      vertex 14.382 51.9021 0
      vertex 14.6252 51.9646 0
    endloop
  endfacet
  facet normal 0.125407 -0.992105 0
    outer loop
      vertex 14.6252 51.9646 0
      vertex 14.8744 51.9961 1.8
      vertex 14.6252 51.9646 1.8
    endloop
  endfacet
  facet normal 0.125407 -0.992105 0
    outer loop
      vertex 14.8744 51.9961 1.8
      vertex 14.6252 51.9646 0
      vertex 14.8744 51.9961 0
    endloop
  endfacet
  facet normal 0.367819 -0.929897 0
    outer loop
      vertex 14.1484 51.8097 0
      vertex 14.382 51.9021 1.8
      vertex 14.1484 51.8097 1.8
    endloop
  endfacet
  facet normal 0.367819 -0.929897 0
    outer loop
      vertex 14.382 51.9021 1.8
      vertex 14.1484 51.8097 0
      vertex 14.382 51.9021 0
    endloop
  endfacet
  facet normal 0.588148 -0.808753 0
    outer loop
      vertex 13.7252 51.541 0
      vertex 13.9283 51.6887 1.8
      vertex 13.7252 51.541 1.8
    endloop
  endfacet
  facet normal 0.588148 -0.808753 0
    outer loop
      vertex 13.9283 51.6887 1.8
      vertex 13.7252 51.541 0
      vertex 13.9283 51.6887 0
    endloop
  endfacet
  facet normal 0.684458 -0.729053 0
    outer loop
      vertex 13.5421 51.3691 0
      vertex 13.7252 51.541 1.8
      vertex 13.5421 51.3691 1.8
    endloop
  endfacet
  facet normal 0.684458 -0.729053 0
    outer loop
      vertex 13.7252 51.541 1.8
      vertex 13.5421 51.3691 0
      vertex 13.7252 51.541 0
    endloop
  endfacet
  facet normal 0.982332 0.187149 0
    outer loop
      vertex 13.0628 20.5026 1.8
      vertex 13.0158 20.7493 0
      vertex 13.0158 20.7493 1.8
    endloop
  endfacet
  facet normal 0.982332 0.187149 0
    outer loop
      vertex 13.0158 20.7493 0
      vertex 13.0628 20.5026 1.8
      vertex 13.0628 20.5026 0
    endloop
  endfacet
  facet normal 0.99802 0.0628987 0
    outer loop
      vertex 13.0158 20.7493 1.8
      vertex 13 21 0
      vertex 13 21 1.8
    endloop
  endfacet
  facet normal 0.99802 0.0628987 0
    outer loop
      vertex 13 21 0
      vertex 13.0158 20.7493 1.8
      vertex 13.0158 20.7493 0
    endloop
  endfacet
  facet normal 0.588148 0.808753 -0
    outer loop
      vertex 13.9283 19.3113 0
      vertex 13.7252 19.459 1.8
      vertex 13.9283 19.3113 1.8
    endloop
  endfacet
  facet normal 0.588148 0.808753 0
    outer loop
      vertex 13.7252 19.459 1.8
      vertex 13.9283 19.3113 0
      vertex 13.7252 19.459 0
    endloop
  endfacet
  facet normal 0.684458 0.729053 -0
    outer loop
      vertex 13.7252 19.459 0
      vertex 13.5421 19.6309 1.8
      vertex 13.7252 19.459 1.8
    endloop
  endfacet
  facet normal 0.684458 0.729053 0
    outer loop
      vertex 13.5421 19.6309 1.8
      vertex 13.7252 19.459 0
      vertex 13.5421 19.6309 0
    endloop
  endfacet
  facet normal 0 1 -0
    outer loop
      vertex 56.1256 19.0039 0
      vertex 36.8744 19.0039 1.8
      vertex 56.1256 19.0039 1.8
    endloop
  endfacet
  facet normal 0 1 0
    outer loop
      vertex 36.8744 19.0039 1.8
      vertex 56.1256 19.0039 0
      vertex 36.8744 19.0039 0
    endloop
  endfacet
  facet normal -0.684458 0.729053 0
    outer loop
      vertex 57.4579 19.6309 0
      vertex 57.2748 19.459 1.8
      vertex 57.4579 19.6309 1.8
    endloop
  endfacet
  facet normal -0.684458 0.729053 0
    outer loop
      vertex 57.2748 19.459 1.8
      vertex 57.4579 19.6309 0
      vertex 57.2748 19.459 0
    endloop
  endfacet
  facet normal 0 -1 0
    outer loop
      vertex 36.8744 51.9961 0
      vertex 56.1256 51.9961 1.8
      vertex 36.8744 51.9961 1.8
    endloop
  endfacet
  facet normal 0 -1 -0
    outer loop
      vertex 56.1256 51.9961 1.8
      vertex 36.8744 51.9961 0
      vertex 56.1256 51.9961 0
    endloop
  endfacet
  facet normal -0.951046 0.30905 0
    outer loop
      vertex 57.8596 20.2638 0
      vertex 57.9372 20.5026 1.8
      vertex 57.9372 20.5026 0
    endloop
  endfacet
  facet normal -0.951046 0.30905 0
    outer loop
      vertex 57.9372 20.5026 1.8
      vertex 57.8596 20.2638 0
      vertex 57.8596 20.2638 1.8
    endloop
  endfacet
  facet normal -0.481751 0.876308 0
    outer loop
      vertex 57.0717 19.3113 0
      vertex 56.8516 19.1903 1.8
      vertex 57.0717 19.3113 1.8
    endloop
  endfacet
  facet normal -0.481751 0.876308 0
    outer loop
      vertex 56.8516 19.1903 1.8
      vertex 57.0717 19.3113 0
      vertex 56.8516 19.1903 0
    endloop
  endfacet
  facet normal -0.99802 -0.0628987 0
    outer loop
      vertex 58 50 0
      vertex 57.9842 50.2507 1.8
      vertex 57.9842 50.2507 0
    endloop
  endfacet
  facet normal -0.99802 -0.0628987 0
    outer loop
      vertex 57.9842 50.2507 1.8
      vertex 58 50 0
      vertex 58 50 1.8
    endloop
  endfacet
  facet normal -0.982332 0.187149 0
    outer loop
      vertex 57.9372 20.5026 0
      vertex 57.9842 20.7493 1.8
      vertex 57.9842 20.7493 0
    endloop
  endfacet
  facet normal -0.982332 0.187149 0
    outer loop
      vertex 57.9842 20.7493 1.8
      vertex 57.9372 20.5026 0
      vertex 57.9372 20.5026 1.8
    endloop
  endfacet
  facet normal -0.904765 0.425912 0
    outer loop
      vertex 57.7526 20.0365 0
      vertex 57.8596 20.2638 1.8
      vertex 57.8596 20.2638 0
    endloop
  endfacet
  facet normal -0.904765 0.425912 0
    outer loop
      vertex 57.8596 20.2638 1.8
      vertex 57.7526 20.0365 0
      vertex 57.7526 20.0365 1.8
    endloop
  endfacet
  facet normal -0.770468 0.637478 0
    outer loop
      vertex 57.4579 19.6309 0
      vertex 57.618 19.8244 1.8
      vertex 57.618 19.8244 0
    endloop
  endfacet
  facet normal -0.770468 0.637478 0
    outer loop
      vertex 57.618 19.8244 1.8
      vertex 57.4579 19.6309 0
      vertex 57.4579 19.6309 1.8
    endloop
  endfacet
  facet normal -0.588148 0.808753 0
    outer loop
      vertex 57.2748 19.459 0
      vertex 57.0717 19.3113 1.8
      vertex 57.2748 19.459 1.8
    endloop
  endfacet
  facet normal -0.588148 0.808753 0
    outer loop
      vertex 57.0717 19.3113 1.8
      vertex 57.2748 19.459 0
      vertex 57.0717 19.3113 0
    endloop
  endfacet
  facet normal -0.125407 0.992105 0
    outer loop
      vertex 56.3748 19.0354 0
      vertex 56.1256 19.0039 1.8
      vertex 56.3748 19.0354 1.8
    endloop
  endfacet
  facet normal -0.125407 0.992105 0
    outer loop
      vertex 56.1256 19.0039 1.8
      vertex 56.3748 19.0354 0
      vertex 56.1256 19.0039 0
    endloop
  endfacet
  facet normal -0.367819 0.929897 0
    outer loop
      vertex 56.8516 19.1903 0
      vertex 56.618 19.0979 1.8
      vertex 56.8516 19.1903 1.8
    endloop
  endfacet
  facet normal -0.367819 0.929897 0
    outer loop
      vertex 56.618 19.0979 1.8
      vertex 56.8516 19.1903 0
      vertex 56.618 19.0979 0
    endloop
  endfacet
  facet normal -0.982332 -0.187149 0
    outer loop
      vertex 57.9842 50.2507 0
      vertex 57.9372 50.4974 1.8
      vertex 57.9372 50.4974 0
    endloop
  endfacet
  facet normal -0.982332 -0.187149 0
    outer loop
      vertex 57.9372 50.4974 1.8
      vertex 57.9842 50.2507 0
      vertex 57.9842 50.2507 1.8
    endloop
  endfacet
  facet normal -0.844333 -0.535819 0
    outer loop
      vertex 57.7526 50.9635 0
      vertex 57.618 51.1756 1.8
      vertex 57.618 51.1756 0
    endloop
  endfacet
  facet normal -0.844333 -0.535819 0
    outer loop
      vertex 57.618 51.1756 1.8
      vertex 57.7526 50.9635 0
      vertex 57.7526 50.9635 1.8
    endloop
  endfacet
  facet normal -0.481751 -0.876308 0
    outer loop
      vertex 56.8516 51.8097 0
      vertex 57.0717 51.6887 1.8
      vertex 56.8516 51.8097 1.8
    endloop
  endfacet
  facet normal -0.481751 -0.876308 -0
    outer loop
      vertex 57.0717 51.6887 1.8
      vertex 56.8516 51.8097 0
      vertex 57.0717 51.6887 0
    endloop
  endfacet
  facet normal -0.125407 -0.992105 0
    outer loop
      vertex 56.1256 51.9961 0
      vertex 56.3748 51.9646 1.8
      vertex 56.1256 51.9961 1.8
    endloop
  endfacet
  facet normal -0.125407 -0.992105 -0
    outer loop
      vertex 56.3748 51.9646 1.8
      vertex 56.1256 51.9961 0
      vertex 56.3748 51.9646 0
    endloop
  endfacet
  facet normal -0.99802 0.0628987 0
    outer loop
      vertex 57.9842 20.7493 0
      vertex 58 21 1.8
      vertex 58 21 0
    endloop
  endfacet
  facet normal -0.99802 0.0628987 0
    outer loop
      vertex 58 21 1.8
      vertex 57.9842 20.7493 0
      vertex 57.9842 20.7493 1.8
    endloop
  endfacet
  facet normal -0.844333 0.535819 0
    outer loop
      vertex 57.618 19.8244 0
      vertex 57.7526 20.0365 1.8
      vertex 57.7526 20.0365 0
    endloop
  endfacet
  facet normal -0.844333 0.535819 0
    outer loop
      vertex 57.7526 20.0365 1.8
      vertex 57.618 19.8244 0
      vertex 57.618 19.8244 1.8
    endloop
  endfacet
  facet normal -0.248902 0.968529 0
    outer loop
      vertex 56.618 19.0979 0
      vertex 56.3748 19.0354 1.8
      vertex 56.618 19.0979 1.8
    endloop
  endfacet
  facet normal -0.248902 0.968529 0
    outer loop
      vertex 56.3748 19.0354 1.8
      vertex 56.618 19.0979 0
      vertex 56.3748 19.0354 0
    endloop
  endfacet
  facet normal -0.770468 -0.637478 0
    outer loop
      vertex 57.618 51.1756 0
      vertex 57.4579 51.3691 1.8
      vertex 57.4579 51.3691 0
    endloop
  endfacet
  facet normal -0.770468 -0.637478 0
    outer loop
      vertex 57.4579 51.3691 1.8
      vertex 57.618 51.1756 0
      vertex 57.618 51.1756 1.8
    endloop
  endfacet
  facet normal -0.588148 -0.808753 0
    outer loop
      vertex 57.0717 51.6887 0
      vertex 57.2748 51.541 1.8
      vertex 57.0717 51.6887 1.8
    endloop
  endfacet
  facet normal -0.588148 -0.808753 -0
    outer loop
      vertex 57.2748 51.541 1.8
      vertex 57.0717 51.6887 0
      vertex 57.2748 51.541 0
    endloop
  endfacet
  facet normal -0.367819 -0.929897 0
    outer loop
      vertex 56.618 51.9021 0
      vertex 56.8516 51.8097 1.8
      vertex 56.618 51.9021 1.8
    endloop
  endfacet
  facet normal -0.367819 -0.929897 -0
    outer loop
      vertex 56.8516 51.8097 1.8
      vertex 56.618 51.9021 0
      vertex 56.8516 51.8097 0
    endloop
  endfacet
  facet normal 0.249083 -0.968482 0
    outer loop
      vertex 36.5 51.9324 0
      vertex 36.6252 51.9646 1.8
      vertex 36.5 51.9324 1.8
    endloop
  endfacet
  facet normal 0.249083 -0.968482 0
    outer loop
      vertex 36.6252 51.9646 1.8
      vertex 36.5 51.9324 0
      vertex 36.6252 51.9646 0
    endloop
  endfacet
  facet normal 0.125407 -0.992105 0
    outer loop
      vertex 36.6252 51.9646 0
      vertex 36.8744 51.9961 1.8
      vertex 36.6252 51.9646 1.8
    endloop
  endfacet
  facet normal 0.125407 -0.992105 0
    outer loop
      vertex 36.8744 51.9961 1.8
      vertex 36.6252 51.9646 0
      vertex 36.8744 51.9961 0
    endloop
  endfacet
  facet normal -0.248902 -0.968529 0
    outer loop
      vertex 56.3748 51.9646 0
      vertex 56.618 51.9021 1.8
      vertex 56.3748 51.9646 1.8
    endloop
  endfacet
  facet normal -0.248902 -0.968529 -0
    outer loop
      vertex 56.618 51.9021 1.8
      vertex 56.3748 51.9646 0
      vertex 56.618 51.9021 0
    endloop
  endfacet
  facet normal 0.125407 0.992105 -0
    outer loop
      vertex 36.8744 19.0039 0
      vertex 36.6252 19.0354 1.8
      vertex 36.8744 19.0039 1.8
    endloop
  endfacet
  facet normal 0.125407 0.992105 0
    outer loop
      vertex 36.6252 19.0354 1.8
      vertex 36.8744 19.0039 0
      vertex 36.6252 19.0354 0
    endloop
  endfacet
  facet normal 0.249083 0.968482 -0
    outer loop
      vertex 36.6252 19.0354 0
      vertex 36.5 19.0676 1.8
      vertex 36.6252 19.0354 1.8
    endloop
  endfacet
  facet normal 0.249083 0.968482 0
    outer loop
      vertex 36.5 19.0676 1.8
      vertex 36.6252 19.0354 0
      vertex 36.5 19.0676 0
    endloop
  endfacet
  facet normal -0.904765 -0.425912 0
    outer loop
      vertex 57.8596 50.7362 0
      vertex 57.7526 50.9635 1.8
      vertex 57.7526 50.9635 0
    endloop
  endfacet
  facet normal -0.904765 -0.425912 0
    outer loop
      vertex 57.7526 50.9635 1.8
      vertex 57.8596 50.7362 0
      vertex 57.8596 50.7362 1.8
    endloop
  endfacet
  facet normal -0.951046 -0.30905 0
    outer loop
      vertex 57.9372 50.4974 0
      vertex 57.8596 50.7362 1.8
      vertex 57.8596 50.7362 0
    endloop
  endfacet
  facet normal -0.951046 -0.30905 0
    outer loop
      vertex 57.8596 50.7362 1.8
      vertex 57.9372 50.4974 0
      vertex 57.9372 50.4974 1.8
    endloop
  endfacet
  facet normal -0.684458 -0.729053 0
    outer loop
      vertex 57.2748 51.541 0
      vertex 57.4579 51.3691 1.8
      vertex 57.2748 51.541 1.8
    endloop
  endfacet
  facet normal -0.684458 -0.729053 -0
    outer loop
      vertex 57.4579 51.3691 1.8
      vertex 57.2748 51.541 0
      vertex 57.4579 51.3691 0
    endloop
  endfacet
  facet normal 1 -0 0
    outer loop
      vertex 71 15 1.8
      vertex 71 56 0
      vertex 71 56 1.8
    endloop
  endfacet
  facet normal 1 0 0
    outer loop
      vertex 71 56 0
      vertex 71 15 1.8
      vertex 71 15 0
    endloop
  endfacet
  facet normal 0.998026 -0.0628013 0
    outer loop
      vertex 70.8817 13.12 1.8
      vertex 71 15 0
      vertex 71 15 1.8
    endloop
  endfacet
  facet normal 0.998026 -0.0628013 0
    outer loop
      vertex 71 15 0
      vertex 70.8817 13.12 1.8
      vertex 70.8817 13.12 0
    endloop
  endfacet
  facet normal 0.844338 -0.535811 0
    outer loop
      vertex 68.1353 6.18322 1.8
      vertex 69.1446 7.77369 0
      vertex 69.1446 7.77369 1.8
    endloop
  endfacet
  facet normal 0.844338 -0.535811 0
    outer loop
      vertex 69.1446 7.77369 0
      vertex 68.1353 6.18322 1.8
      vertex 68.1353 6.18322 0
    endloop
  endfacet
  facet normal -1 0 0
    outer loop
      vertex 0 15 0
      vertex 0 56 1.8
      vertex 0 56 0
    endloop
  endfacet
  facet normal -1 -0 0
    outer loop
      vertex 0 56 1.8
      vertex 0 15 0
      vertex 0 15 1.8
    endloop
  endfacet
  facet normal -0.368135 -0.929772 0
    outer loop
      vertex 8.61331 1.4276 0
      vertex 10.3647 0.734153 1.8
      vertex 8.61331 1.4276 1.8
    endloop
  endfacet
  facet normal -0.368135 -0.929772 -0
    outer loop
      vertex 10.3647 0.734153 1.8
      vertex 8.61331 1.4276 0
      vertex 10.3647 0.734153 0
    endloop
  endfacet
  facet normal -0.48176 0.876303 0
    outer loop
      vertex 8.61331 69.5724 0
      vertex 6.9626 68.6649 1.8
      vertex 8.61331 69.5724 1.8
    endloop
  endfacet
  facet normal -0.48176 0.876303 0
    outer loop
      vertex 6.9626 68.6649 1.8
      vertex 8.61331 69.5724 0
      vertex 6.9626 68.6649 0
    endloop
  endfacet
  facet normal 0.125338 -0.992114 0
    outer loop
      vertex 56.9419 0.0295992 0
      vertex 58.8107 0.265692 1.8
      vertex 56.9419 0.0295992 1.8
    endloop
  endfacet
  facet normal 0.125338 -0.992114 0
    outer loop
      vertex 58.8107 0.265692 1.8
      vertex 56.9419 0.0295992 0
      vertex 58.8107 0.265692 0
    endloop
  endfacet
  facet normal 0 -1 0
    outer loop
      vertex 14.0581 0.0295992 0
      vertex 56.9419 0.0295992 1.8
      vertex 14.0581 0.0295992 1.8
    endloop
  endfacet
  facet normal 0 -1 -0
    outer loop
      vertex 56.9419 0.0295992 1.8
      vertex 14.0581 0.0295992 0
      vertex 56.9419 0.0295992 0
    endloop
  endfacet
  facet normal -0.684546 -0.728969 0
    outer loop
      vertex 4.06547 4.73179 0
      vertex 5.43864 3.4423 1.8
      vertex 4.06547 4.73179 1.8
    endloop
  endfacet
  facet normal -0.684546 -0.728969 -0
    outer loop
      vertex 5.43864 3.4423 1.8
      vertex 4.06547 4.73179 0
      vertex 5.43864 3.4423 0
    endloop
  endfacet
  facet normal -0.998027 -0.0627907 0
    outer loop
      vertex 0.11828 13.12 0
      vertex 0 15 1.8
      vertex 0 15 0
    endloop
  endfacet
  facet normal -0.998027 -0.0627907 0
    outer loop
      vertex 0 15 1.8
      vertex 0.11828 13.12 0
      vertex 0.11828 13.12 1.8
    endloop
  endfacet
  facet normal -0.998027 0.0627907 0
    outer loop
      vertex 0 56 0
      vertex 0.11828 57.88 1.8
      vertex 0.11828 57.88 0
    endloop
  endfacet
  facet normal -0.998027 0.0627907 0
    outer loop
      vertex 0.11828 57.88 1.8
      vertex 0 56 0
      vertex 0 56 1.8
    endloop
  endfacet
  facet normal 0.587768 0.80903 -0
    outer loop
      vertex 65.5614 67.5577 0
      vertex 64.0374 68.6649 1.8
      vertex 65.5614 67.5577 1.8
    endloop
  endfacet
  facet normal 0.587768 0.80903 0
    outer loop
      vertex 64.0374 68.6649 1.8
      vertex 65.5614 67.5577 0
      vertex 64.0374 68.6649 0
    endloop
  endfacet
  facet normal 0.998026 0.0628013 0
    outer loop
      vertex 71 56 1.8
      vertex 70.8817 57.88 0
      vertex 70.8817 57.88 1.8
    endloop
  endfacet
  facet normal 0.998026 0.0628013 0
    outer loop
      vertex 70.8817 57.88 0
      vertex 71 56 1.8
      vertex 71 56 0
    endloop
  endfacet
  facet normal 0.951059 -0.309009 0
    outer loop
      vertex 69.9466 9.47813 1.8
      vertex 70.5287 11.2697 0
      vertex 70.5287 11.2697 1.8
    endloop
  endfacet
  facet normal 0.951059 -0.309009 0
    outer loop
      vertex 70.5287 11.2697 0
      vertex 69.9466 9.47813 1.8
      vertex 69.9466 9.47813 0
    endloop
  endfacet
  facet normal 0.684565 -0.728952 0
    outer loop
      vertex 65.5614 3.4423 0
      vertex 66.9345 4.73179 1.8
      vertex 65.5614 3.4423 1.8
    endloop
  endfacet
  facet normal 0.684565 -0.728952 0
    outer loop
      vertex 66.9345 4.73179 1.8
      vertex 65.5614 3.4423 0
      vertex 66.9345 4.73179 0
    endloop
  endfacet
  facet normal 0.248682 -0.968585 0
    outer loop
      vertex 58.8107 0.265692 0
      vertex 60.6353 0.734153 1.8
      vertex 58.8107 0.265692 1.8
    endloop
  endfacet
  facet normal 0.248682 -0.968585 0
    outer loop
      vertex 60.6353 0.734153 1.8
      vertex 58.8107 0.265692 0
      vertex 60.6353 0.734153 0
    endloop
  endfacet
  facet normal -0.904827 -0.42578 0
    outer loop
      vertex 1.8554 7.77369 0
      vertex 1.05335 9.47813 1.8
      vertex 1.05335 9.47813 0
    endloop
  endfacet
  facet normal -0.904827 -0.42578 0
    outer loop
      vertex 1.05335 9.47813 1.8
      vertex 1.8554 7.77369 0
      vertex 1.8554 7.77369 1.8
    endloop
  endfacet
  facet normal -0.770515 -0.637422 0
    outer loop
      vertex 4.06547 4.73179 0
      vertex 2.86475 6.18322 1.8
      vertex 2.86475 6.18322 0
    endloop
  endfacet
  facet normal -0.770515 -0.637422 0
    outer loop
      vertex 2.86475 6.18322 1.8
      vertex 4.06547 4.73179 0
      vertex 4.06547 4.73179 1.8
    endloop
  endfacet
  facet normal 0 1 -0
    outer loop
      vertex 56.9419 70.9704 0
      vertex 14.0581 70.9704 1.8
      vertex 56.9419 70.9704 1.8
    endloop
  endfacet
  facet normal 0 1 0
    outer loop
      vertex 14.0581 70.9704 1.8
      vertex 56.9419 70.9704 0
      vertex 14.0581 70.9704 0
    endloop
  endfacet
  facet normal 0.982284 -0.1874 0
    outer loop
      vertex 70.5287 11.2697 1.8
      vertex 70.8817 13.12 0
      vertex 70.8817 13.12 1.8
    endloop
  endfacet
  facet normal 0.982284 -0.1874 0
    outer loop
      vertex 70.8817 13.12 0
      vertex 70.5287 11.2697 1.8
      vertex 70.5287 11.2697 0
    endloop
  endfacet
  facet normal 0.904837 -0.425758 0
    outer loop
      vertex 69.1446 7.77369 1.8
      vertex 69.9466 9.47813 0
      vertex 69.9466 9.47813 1.8
    endloop
  endfacet
  facet normal 0.904837 -0.425758 0
    outer loop
      vertex 69.9466 9.47813 0
      vertex 69.1446 7.77369 1.8
      vertex 69.1446 7.77369 0
    endloop
  endfacet
  facet normal 0.587775 -0.809025 0
    outer loop
      vertex 64.0374 2.33508 0
      vertex 65.5614 3.4423 1.8
      vertex 64.0374 2.33508 1.8
    endloop
  endfacet
  facet normal 0.587775 -0.809025 0
    outer loop
      vertex 65.5614 3.4423 1.8
      vertex 64.0374 2.33508 0
      vertex 65.5614 3.4423 0
    endloop
  endfacet
  facet normal -0.844326 -0.535829 0
    outer loop
      vertex 2.86475 6.18322 0
      vertex 1.8554 7.77369 1.8
      vertex 1.8554 7.77369 0
    endloop
  endfacet
  facet normal -0.844326 -0.535829 0
    outer loop
      vertex 1.8554 7.77369 1.8
      vertex 2.86475 6.18322 0
      vertex 2.86475 6.18322 1.8
    endloop
  endfacet
  facet normal -0.248682 -0.968585 0
    outer loop
      vertex 10.3647 0.734153 0
      vertex 12.1893 0.265692 1.8
      vertex 10.3647 0.734153 1.8
    endloop
  endfacet
  facet normal -0.248682 -0.968585 -0
    outer loop
      vertex 12.1893 0.265692 1.8
      vertex 10.3647 0.734153 0
      vertex 12.1893 0.265692 0
    endloop
  endfacet
  facet normal 0.248701 0.96858 -0
    outer loop
      vertex 60.6353 70.2658 0
      vertex 58.8107 70.7343 1.8
      vertex 60.6353 70.2658 1.8
    endloop
  endfacet
  facet normal 0.248701 0.96858 0
    outer loop
      vertex 58.8107 70.7343 1.8
      vertex 60.6353 70.2658 0
      vertex 58.8107 70.7343 0
    endloop
  endfacet
  facet normal 0.368112 0.929782 -0
    outer loop
      vertex 62.3867 69.5724 0
      vertex 60.6353 70.2658 1.8
      vertex 62.3867 69.5724 1.8
    endloop
  endfacet
  facet normal 0.368112 0.929782 0
    outer loop
      vertex 60.6353 70.2658 1.8
      vertex 62.3867 69.5724 0
      vertex 60.6353 70.2658 0
    endloop
  endfacet
  facet normal -0.248701 0.96858 0
    outer loop
      vertex 12.1893 70.7343 0
      vertex 10.3647 70.2658 1.8
      vertex 12.1893 70.7343 1.8
    endloop
  endfacet
  facet normal -0.248701 0.96858 0
    outer loop
      vertex 10.3647 70.2658 1.8
      vertex 12.1893 70.7343 0
      vertex 10.3647 70.2658 0
    endloop
  endfacet
  facet normal 0.125341 0.992114 -0
    outer loop
      vertex 58.8107 70.7343 0
      vertex 56.9419 70.9704 1.8
      vertex 58.8107 70.7343 1.8
    endloop
  endfacet
  facet normal 0.125341 0.992114 0
    outer loop
      vertex 56.9419 70.9704 1.8
      vertex 58.8107 70.7343 0
      vertex 56.9419 70.9704 0
    endloop
  endfacet
  facet normal -0.125341 0.992114 0
    outer loop
      vertex 14.0581 70.9704 0
      vertex 12.1893 70.7343 1.8
      vertex 14.0581 70.9704 1.8
    endloop
  endfacet
  facet normal -0.125341 0.992114 0
    outer loop
      vertex 12.1893 70.7343 1.8
      vertex 14.0581 70.9704 0
      vertex 12.1893 70.7343 0
    endloop
  endfacet
  facet normal -0.368113 0.929781 0
    outer loop
      vertex 10.3647 70.2658 0
      vertex 8.61331 69.5724 1.8
      vertex 10.3647 70.2658 1.8
    endloop
  endfacet
  facet normal -0.368113 0.929781 0
    outer loop
      vertex 8.61331 69.5724 1.8
      vertex 10.3647 70.2658 0
      vertex 8.61331 69.5724 0
    endloop
  endfacet
  facet normal 0.904833 0.425766 0
    outer loop
      vertex 69.9466 61.5219 1.8
      vertex 69.1446 63.2263 0
      vertex 69.1446 63.2263 1.8
    endloop
  endfacet
  facet normal 0.904833 0.425766 0
    outer loop
      vertex 69.1446 63.2263 0
      vertex 69.9466 61.5219 1.8
      vertex 69.9466 61.5219 0
    endloop
  endfacet
  facet normal 0.368133 -0.929773 0
    outer loop
      vertex 60.6353 0.734153 0
      vertex 62.3867 1.4276 1.8
      vertex 60.6353 0.734153 1.8
    endloop
  endfacet
  facet normal 0.368133 -0.929773 0
    outer loop
      vertex 62.3867 1.4276 1.8
      vertex 60.6353 0.734153 0
      vertex 62.3867 1.4276 0
    endloop
  endfacet
  facet normal 0.481754 -0.876307 0
    outer loop
      vertex 62.3867 1.4276 0
      vertex 64.0374 2.33508 1.8
      vertex 62.3867 1.4276 1.8
    endloop
  endfacet
  facet normal 0.481754 -0.876307 0
    outer loop
      vertex 64.0374 2.33508 1.8
      vertex 62.3867 1.4276 0
      vertex 64.0374 2.33508 0
    endloop
  endfacet
  facet normal 0.770494 -0.637447 0
    outer loop
      vertex 66.9345 4.73179 1.8
      vertex 68.1353 6.18322 0
      vertex 68.1353 6.18322 1.8
    endloop
  endfacet
  facet normal 0.770494 -0.637447 0
    outer loop
      vertex 68.1353 6.18322 0
      vertex 66.9345 4.73179 1.8
      vertex 66.9345 4.73179 0
    endloop
  endfacet
  facet normal -0.95106 -0.309008 0
    outer loop
      vertex 1.05335 9.47813 0
      vertex 0.471253 11.2697 1.8
      vertex 0.471253 11.2697 0
    endloop
  endfacet
  facet normal -0.95106 -0.309008 0
    outer loop
      vertex 0.471253 11.2697 1.8
      vertex 1.05335 9.47813 0
      vertex 1.05335 9.47813 1.8
    endloop
  endfacet
  facet normal -0.481751 -0.876308 0
    outer loop
      vertex 6.9626 2.33508 0
      vertex 8.61331 1.4276 1.8
      vertex 6.9626 2.33508 1.8
    endloop
  endfacet
  facet normal -0.481751 -0.876308 -0
    outer loop
      vertex 8.61331 1.4276 1.8
      vertex 6.9626 2.33508 0
      vertex 8.61331 1.4276 0
    endloop
  endfacet
  facet normal -0.587785 -0.809017 0
    outer loop
      vertex 5.43864 3.4423 0
      vertex 6.9626 2.33508 1.8
      vertex 5.43864 3.4423 1.8
    endloop
  endfacet
  facet normal -0.587785 -0.809017 -0
    outer loop
      vertex 6.9626 2.33508 1.8
      vertex 5.43864 3.4423 0
      vertex 6.9626 2.33508 0
    endloop
  endfacet
  facet normal -0.125338 -0.992114 0
    outer loop
      vertex 12.1893 0.265692 0
      vertex 14.0581 0.0295992 1.8
      vertex 12.1893 0.265692 1.8
    endloop
  endfacet
  facet normal -0.125338 -0.992114 -0
    outer loop
      vertex 14.0581 0.0295992 1.8
      vertex 12.1893 0.265692 0
      vertex 14.0581 0.0295992 0
    endloop
  endfacet
  facet normal -0.844331 0.535822 0
    outer loop
      vertex 1.8554 63.2263 0
      vertex 2.86475 64.8168 1.8
      vertex 2.86475 64.8168 0
    endloop
  endfacet
  facet normal -0.844331 0.535822 0
    outer loop
      vertex 2.86475 64.8168 1.8
      vertex 1.8554 63.2263 0
      vertex 1.8554 63.2263 1.8
    endloop
  endfacet
  facet normal 0.951061 0.309004 0
    outer loop
      vertex 70.5287 59.7303 1.8
      vertex 69.9466 61.5219 0
      vertex 69.9466 61.5219 1.8
    endloop
  endfacet
  facet normal 0.951061 0.309004 0
    outer loop
      vertex 69.9466 61.5219 0
      vertex 70.5287 59.7303 1.8
      vertex 70.5287 59.7303 0
    endloop
  endfacet
  facet normal 0.982284 0.1874 0
    outer loop
      vertex 70.8817 57.88 1.8
      vertex 70.5287 59.7303 0
      vertex 70.5287 59.7303 1.8
    endloop
  endfacet
  facet normal 0.982284 0.1874 0
    outer loop
      vertex 70.5287 59.7303 0
      vertex 70.8817 57.88 1.8
      vertex 70.8817 57.88 0
    endloop
  endfacet
  facet normal 0.844343 0.535803 0
    outer loop
      vertex 69.1446 63.2263 1.8
      vertex 68.1353 64.8168 0
      vertex 68.1353 64.8168 1.8
    endloop
  endfacet
  facet normal 0.844343 0.535803 0
    outer loop
      vertex 68.1353 64.8168 0
      vertex 69.1446 63.2263 1.8
      vertex 69.1446 63.2263 0
    endloop
  endfacet
  facet normal -0.982286 -0.187386 0
    outer loop
      vertex 0.471253 11.2697 0
      vertex 0.11828 13.12 1.8
      vertex 0.11828 13.12 0
    endloop
  endfacet
  facet normal -0.982286 -0.187386 0
    outer loop
      vertex 0.11828 13.12 1.8
      vertex 0.471253 11.2697 0
      vertex 0.471253 11.2697 1.8
    endloop
  endfacet
  facet normal -0.982286 0.187386 0
    outer loop
      vertex 0.11828 57.88 0
      vertex 0.471253 59.7303 1.8
      vertex 0.471253 59.7303 0
    endloop
  endfacet
  facet normal -0.982286 0.187386 0
    outer loop
      vertex 0.471253 59.7303 1.8
      vertex 0.11828 57.88 0
      vertex 0.11828 57.88 1.8
    endloop
  endfacet
  facet normal -0.904823 0.425788 0
    outer loop
      vertex 1.05335 61.5219 0
      vertex 1.8554 63.2263 1.8
      vertex 1.8554 63.2263 0
    endloop
  endfacet
  facet normal -0.904823 0.425788 0
    outer loop
      vertex 1.8554 63.2263 1.8
      vertex 1.05335 61.5219 0
      vertex 1.05335 61.5219 1.8
    endloop
  endfacet
  facet normal -0.770509 0.63743 0
    outer loop
      vertex 2.86475 64.8168 0
      vertex 4.06547 66.2682 1.8
      vertex 4.06547 66.2682 0
    endloop
  endfacet
  facet normal -0.770509 0.63743 0
    outer loop
      vertex 4.06547 66.2682 1.8
      vertex 2.86475 64.8168 0
      vertex 2.86475 64.8168 1.8
    endloop
  endfacet
  facet normal -0.684549 0.728967 0
    outer loop
      vertex 5.43864 67.5577 0
      vertex 4.06547 66.2682 1.8
      vertex 5.43864 67.5577 1.8
    endloop
  endfacet
  facet normal -0.684549 0.728967 0
    outer loop
      vertex 4.06547 66.2682 1.8
      vertex 5.43864 67.5577 0
      vertex 4.06547 66.2682 0
    endloop
  endfacet
  facet normal -0.587778 0.809022 0
    outer loop
      vertex 6.9626 68.6649 0
      vertex 5.43864 67.5577 1.8
      vertex 6.9626 68.6649 1.8
    endloop
  endfacet
  facet normal -0.587778 0.809022 0
    outer loop
      vertex 5.43864 67.5577 1.8
      vertex 6.9626 68.6649 0
      vertex 5.43864 67.5577 0
    endloop
  endfacet
  facet normal 0.481762 0.876302 -0
    outer loop
      vertex 64.0374 68.6649 0
      vertex 62.3867 69.5724 1.8
      vertex 64.0374 68.6649 1.8
    endloop
  endfacet
  facet normal 0.481762 0.876302 0
    outer loop
      vertex 62.3867 69.5724 1.8
      vertex 64.0374 68.6649 0
      vertex 62.3867 69.5724 0
    endloop
  endfacet
  facet normal -0.951061 0.309003 0
    outer loop
      vertex 0.471253 59.7303 0
      vertex 1.05335 61.5219 1.8
      vertex 1.05335 61.5219 0
    endloop
  endfacet
  facet normal -0.951061 0.309003 0
    outer loop
      vertex 1.05335 61.5219 1.8
      vertex 0.471253 59.7303 0
      vertex 0.471253 59.7303 1.8
    endloop
  endfacet
  facet normal 0.684568 0.728949 -0
    outer loop
      vertex 66.9345 66.2682 0
      vertex 65.5614 67.5577 1.8
      vertex 66.9345 66.2682 1.8
    endloop
  endfacet
  facet normal 0.684568 0.728949 0
    outer loop
      vertex 65.5614 67.5577 1.8
      vertex 66.9345 66.2682 0
      vertex 65.5614 67.5577 0
    endloop
  endfacet
  facet normal 0.770488 0.637455 0
    outer loop
      vertex 68.1353 64.8168 1.8
      vertex 66.9345 66.2682 0
      vertex 66.9345 66.2682 1.8
    endloop
  endfacet
  facet normal 0.770488 0.637455 0
    outer loop
      vertex 66.9345 66.2682 0
      vertex 68.1353 64.8168 1.8
      vertex 68.1353 64.8168 0
    endloop
  endfacet
  facet normal -0.125407 0.992105 0
    outer loop
      vertex 16.1744 50.9961 3.8147e-07
      vertex 15.9252 50.9646 10.3
      vertex 16.1744 50.9961 10.3
    endloop
  endfacet
  facet normal -0.125407 0.992105 0
    outer loop
      vertex 15.9252 50.9646 10.3
      vertex 16.1744 50.9961 3.8147e-07
      vertex 15.9252 50.9646 3.8147e-07
    endloop
  endfacet
  facet normal 0 -1 0
    outer loop
      vertex 16.1744 44.0039 3.8147e-07
      vertex 20.5 44.0039 10.3
      vertex 16.1744 44.0039 10.3
    endloop
  endfacet
  facet normal 0 -1 -0
    outer loop
      vertex 20.5 44.0039 10.3
      vertex 16.1744 44.0039 3.8147e-07
      vertex 20.5 44.0039 3.8147e-07
    endloop
  endfacet
  facet normal 0 1 -0
    outer loop
      vertex 31.6256 50.9961 3.8147e-07
      vertex 28.9125 50.9961 10.3
      vertex 31.6256 50.9961 10.3
    endloop
  endfacet
  facet normal 0 1 0
    outer loop
      vertex 28.9125 50.9961 10.3
      vertex 31.6256 50.9961 3.8147e-07
      vertex 28.9125 50.9961 3.8147e-07
    endloop
  endfacet
  facet normal 0 1 -0
    outer loop
      vertex 26.6256 50.9961 0
      vertex 22.3744 50.9961 3.8147e-07
      vertex 26.6256 50.9961 3.8147e-07
    endloop
  endfacet
  facet normal 0 1 0
    outer loop
      vertex 22.3744 50.9961 3.8147e-07
      vertex 26.6256 50.9961 0
      vertex 22.3744 50.9961 0
    endloop
  endfacet
  facet normal 0 1 0
    outer loop
      vertex 26.6256 50.9961 3.8147e-07
      vertex 26.6256 50.9961 10.3
      vertex 27.0875 50.9961 10.3
    endloop
  endfacet
  facet normal 0 1 0
    outer loop
      vertex 26.6256 50.9961 10.3
      vertex 26.6256 50.9961 3.8147e-07
      vertex 22.3744 50.9961 10.3
    endloop
  endfacet
  facet normal 0 1 0
    outer loop
      vertex 26.6256 50.9961 3.8147e-07
      vertex 27.0875 50.9961 10.3
      vertex 27.0875 50.9961 3.8147e-07
    endloop
  endfacet
  facet normal 0 1 0
    outer loop
      vertex 22.3744 50.9961 10.3
      vertex 26.6256 50.9961 3.8147e-07
      vertex 22.3744 50.9961 3.8147e-07
    endloop
  endfacet
  facet normal 0 1 0
    outer loop
      vertex 22.3744 50.9961 10.3
      vertex 22.3744 50.9961 3.8147e-07
      vertex 16.1744 50.9961 10.3
    endloop
  endfacet
  facet normal 0 1 0
    outer loop
      vertex 16.1744 50.9961 10.3
      vertex 22.3744 50.9961 3.8147e-07
      vertex 16.1744 50.9961 3.8147e-07
    endloop
  endfacet
  facet normal 0 0 1
    outer loop
      vertex 31.6256 50.9961 10.3
      vertex 33.5 49 10.3
      vertex 33.4842 49.2507 10.3
    endloop
  endfacet
  facet normal 0 0 1
    outer loop
      vertex 33.5 49 10.3
      vertex 31.65 44.15 10.3
      vertex 33.5 40 10.3
    endloop
  endfacet
  facet normal 0 0 1
    outer loop
      vertex 31.6256 50.9961 10.3
      vertex 33.4842 49.2507 10.3
      vertex 33.4372 49.4974 10.3
    endloop
  endfacet
  facet normal -0 0 1
    outer loop
      vertex 31.6212 43.6925 10.3
      vertex 33.5 40 10.3
      vertex 31.65 44.15 10.3
    endloop
  endfacet
  facet normal 0 0 1
    outer loop
      vertex 31.6256 50.9961 10.3
      vertex 33.4372 49.4974 10.3
      vertex 33.3596 49.7362 10.3
    endloop
  endfacet
  facet normal -0 0 1
    outer loop
      vertex 31.5353 43.2423 10.3
      vertex 33.5 40 10.3
      vertex 31.6212 43.6925 10.3
    endloop
  endfacet
  facet normal 0 0 1
    outer loop
      vertex 31.6256 50.9961 10.3
      vertex 33.3596 49.7362 10.3
      vertex 33.2526 49.9635 10.3
    endloop
  endfacet
  facet normal -0 0 1
    outer loop
      vertex 31.3937 42.8063 10.3
      vertex 33.5 40 10.3
      vertex 31.5353 43.2423 10.3
    endloop
  endfacet
  facet normal 0 0 1
    outer loop
      vertex 31.6256 50.9961 10.3
      vertex 33.2526 49.9635 10.3
      vertex 33.118 50.1756 10.3
    endloop
  endfacet
  facet normal -0 0 1
    outer loop
      vertex 31.1985 42.3916 10.3
      vertex 33.5 40 10.3
      vertex 31.3937 42.8063 10.3
    endloop
  endfacet
  facet normal 0 0 1
    outer loop
      vertex 31.6256 50.9961 10.3
      vertex 33.118 50.1756 10.3
      vertex 32.9579 50.3691 10.3
    endloop
  endfacet
  facet normal -0 0 1
    outer loop
      vertex 30.9529 42.0046 10.3
      vertex 33.5 40 10.3
      vertex 31.1985 42.3916 10.3
    endloop
  endfacet
  facet normal 0 0 1
    outer loop
      vertex 31.6256 50.9961 10.3
      vertex 32.9579 50.3691 10.3
      vertex 32.7748 50.541 10.3
    endloop
  endfacet
  facet normal -0 0 1
    outer loop
      vertex 30.6607 41.6514 10.3
      vertex 33.5 40 10.3
      vertex 30.9529 42.0046 10.3
    endloop
  endfacet
  facet normal 0 0 1
    outer loop
      vertex 31.6256 50.9961 10.3
      vertex 32.7748 50.541 10.3
      vertex 32.5717 50.6887 10.3
    endloop
  endfacet
  facet normal -0 0 1
    outer loop
      vertex 30.3266 41.3376 10.3
      vertex 33.5 40 10.3
      vertex 30.6607 41.6514 10.3
    endloop
  endfacet
  facet normal 0 0 1
    outer loop
      vertex 31.6256 50.9961 10.3
      vertex 32.5717 50.6887 10.3
      vertex 32.3516 50.8097 10.3
    endloop
  endfacet
  facet normal 0 0 1
    outer loop
      vertex 33.5 40 10.3
      vertex 30.3266 41.3376 10.3
      vertex 33.4842 39.7493 10.3
    endloop
  endfacet
  facet normal 0 0 1
    outer loop
      vertex 31.6256 50.9961 10.3
      vertex 32.3516 50.8097 10.3
      vertex 32.118 50.9021 10.3
    endloop
  endfacet
  facet normal 0 0 1
    outer loop
      vertex 33.4842 39.7493 10.3
      vertex 30.3266 41.3376 10.3
      vertex 33.4372 39.5026 10.3
    endloop
  endfacet
  facet normal 0 0 1
    outer loop
      vertex 31.6256 50.9961 10.3
      vertex 32.118 50.9021 10.3
      vertex 31.8748 50.9646 10.3
    endloop
  endfacet
  facet normal 0 0 1
    outer loop
      vertex 33.4372 39.5026 10.3
      vertex 30.3266 41.3376 10.3
      vertex 33.3596 39.2638 10.3
    endloop
  endfacet
  facet normal 0 0 1
    outer loop
      vertex 33.3596 39.2638 10.3
      vertex 30.3266 41.3376 10.3
      vertex 33.2526 39.0365 10.3
    endloop
  endfacet
  facet normal 0 0 1
    outer loop
      vertex 33.5 49 10.3
      vertex 31.6256 50.9961 10.3
      vertex 29.9558 47.2318 10.3
    endloop
  endfacet
  facet normal 0 0 1
    outer loop
      vertex 33.5 49 10.3
      vertex 31.6212 44.6075 10.3
      vertex 31.65 44.15 10.3
    endloop
  endfacet
  facet normal 0 0 1
    outer loop
      vertex 33.5 49 10.3
      vertex 31.5353 45.0577 10.3
      vertex 31.6212 44.6075 10.3
    endloop
  endfacet
  facet normal 0 0 1
    outer loop
      vertex 33.5 49 10.3
      vertex 31.3937 45.4937 10.3
      vertex 31.5353 45.0577 10.3
    endloop
  endfacet
  facet normal 0 0 1
    outer loop
      vertex 33.5 49 10.3
      vertex 31.1985 45.9084 10.3
      vertex 31.3937 45.4937 10.3
    endloop
  endfacet
  facet normal 0 0 1
    outer loop
      vertex 33.5 49 10.3
      vertex 30.9529 46.2954 10.3
      vertex 31.1985 45.9084 10.3
    endloop
  endfacet
  facet normal 0 0 1
    outer loop
      vertex 33.5 49 10.3
      vertex 30.6607 46.6486 10.3
      vertex 30.9529 46.2954 10.3
    endloop
  endfacet
  facet normal 0 0 1
    outer loop
      vertex 33.5 49 10.3
      vertex 30.3266 46.9624 10.3
      vertex 30.6607 46.6486 10.3
    endloop
  endfacet
  facet normal 0 0 1
    outer loop
      vertex 33.5 49 10.3
      vertex 29.9558 47.2318 10.3
      vertex 30.3266 46.9624 10.3
    endloop
  endfacet
  facet normal 0 0 1
    outer loop
      vertex 31.6256 50.9961 10.3
      vertex 29.5541 47.4526 10.3
      vertex 29.9558 47.2318 10.3
    endloop
  endfacet
  facet normal -0 0 1
    outer loop
      vertex 28.9125 50.9961 10.3
      vertex 29.5541 47.4526 10.3
      vertex 31.6256 50.9961 10.3
    endloop
  endfacet
  facet normal 0 0 1
    outer loop
      vertex 29.5541 47.4526 10.3
      vertex 28.9125 50.9961 10.3
      vertex 29.1279 47.6214 10.3
    endloop
  endfacet
  facet normal 0 0 1
    outer loop
      vertex 29.1279 47.6214 10.3
      vertex 28.9125 50.9961 10.3
      vertex 28.9125 47.6767 10.3
    endloop
  endfacet
  facet normal 0 0 1
    outer loop
      vertex 33.2526 39.0365 10.3
      vertex 30.3266 41.3376 10.3
      vertex 33.118 38.8244 10.3
    endloop
  endfacet
  facet normal 0 0 1
    outer loop
      vertex 33.118 38.8244 10.3
      vertex 30.3266 41.3376 10.3
      vertex 32.9579 38.6309 10.3
    endloop
  endfacet
  facet normal 0 0 1
    outer loop
      vertex 32.9579 38.6309 10.3
      vertex 30.3266 41.3376 10.3
      vertex 32.7748 38.459 10.3
    endloop
  endfacet
  facet normal 0 0 1
    outer loop
      vertex 32.7748 38.459 10.3
      vertex 30.3266 41.3376 10.3
      vertex 32.5717 38.3113 10.3
    endloop
  endfacet
  facet normal 0 0 1
    outer loop
      vertex 32.5717 38.3113 10.3
      vertex 30.3266 41.3376 10.3
      vertex 32.3516 38.1903 10.3
    endloop
  endfacet
  facet normal 0 0 1
    outer loop
      vertex 32.3516 38.1903 10.3
      vertex 30.3266 41.3376 10.3
      vertex 32.118 38.0979 10.3
    endloop
  endfacet
  facet normal 0 0 1
    outer loop
      vertex 32.118 38.0979 10.3
      vertex 30.3266 41.3376 10.3
      vertex 31.8748 38.0354 10.3
    endloop
  endfacet
  facet normal 0 0 1
    outer loop
      vertex 31.8748 38.0354 10.3
      vertex 30.3266 41.3376 10.3
      vertex 31.6256 38.0039 10.3
    endloop
  endfacet
  facet normal -0 0 1
    outer loop
      vertex 29.9558 41.0682 10.3
      vertex 31.6256 38.0039 10.3
      vertex 30.3266 41.3376 10.3
    endloop
  endfacet
  facet normal -0 0 1
    outer loop
      vertex 29.5541 40.8474 10.3
      vertex 31.6256 38.0039 10.3
      vertex 29.9558 41.0682 10.3
    endloop
  endfacet
  facet normal 0 0 1
    outer loop
      vertex 28.5 38.0039 10.3
      vertex 29.5541 40.8474 10.3
      vertex 29.1279 40.6786 10.3
    endloop
  endfacet
  facet normal 0 0 1
    outer loop
      vertex 28.5 38.0039 10.3
      vertex 29.1279 40.6786 10.3
      vertex 28.6839 40.5647 10.3
    endloop
  endfacet
  facet normal 0 0 1
    outer loop
      vertex 28.5 38.0039 10.3
      vertex 28.6839 40.5647 10.3
      vertex 28.5 40.5414 10.3
    endloop
  endfacet
  facet normal 0 0 1
    outer loop
      vertex 29.5541 40.8474 10.3
      vertex 28.5 38.0039 10.3
      vertex 31.6256 38.0039 10.3
    endloop
  endfacet
  facet normal -0 0 1
    outer loop
      vertex 16.1744 50.9961 10.3
      vertex 22.1252 50.9646 10.3
      vertex 22.3744 50.9961 10.3
    endloop
  endfacet
  facet normal 0 0 1
    outer loop
      vertex 16.1744 50.9961 10.3
      vertex 21.882 50.9021 10.3
      vertex 22.1252 50.9646 10.3
    endloop
  endfacet
  facet normal 0 0 1
    outer loop
      vertex 16.1744 50.9961 10.3
      vertex 21.6484 50.8097 10.3
      vertex 21.882 50.9021 10.3
    endloop
  endfacet
  facet normal 0 0 1
    outer loop
      vertex 16.1744 50.9961 10.3
      vertex 21.4283 50.6887 10.3
      vertex 21.6484 50.8097 10.3
    endloop
  endfacet
  facet normal 0 0 1
    outer loop
      vertex 16.1744 50.9961 10.3
      vertex 21.2252 50.541 10.3
      vertex 21.4283 50.6887 10.3
    endloop
  endfacet
  facet normal 0 0 1
    outer loop
      vertex 16.1744 50.9961 10.3
      vertex 21.0421 50.3691 10.3
      vertex 21.2252 50.541 10.3
    endloop
  endfacet
  facet normal 0 0 1
    outer loop
      vertex 16.1744 50.9961 10.3
      vertex 20.882 50.1756 10.3
      vertex 21.0421 50.3691 10.3
    endloop
  endfacet
  facet normal 0 0 1
    outer loop
      vertex 16.1744 50.9961 10.3
      vertex 20.7474 49.9635 10.3
      vertex 20.882 50.1756 10.3
    endloop
  endfacet
  facet normal 0 0 1
    outer loop
      vertex 16.1744 50.9961 10.3
      vertex 20.6404 49.7362 10.3
      vertex 20.7474 49.9635 10.3
    endloop
  endfacet
  facet normal 0 0 1
    outer loop
      vertex 16.1744 50.9961 10.3
      vertex 20.5628 49.4974 10.3
      vertex 20.6404 49.7362 10.3
    endloop
  endfacet
  facet normal 0 0 1
    outer loop
      vertex 16.1744 50.9961 10.3
      vertex 20.5158 49.2507 10.3
      vertex 20.5628 49.4974 10.3
    endloop
  endfacet
  facet normal 0 0 1
    outer loop
      vertex 16.1744 50.9961 10.3
      vertex 20.5 49 10.3
      vertex 20.5158 49.2507 10.3
    endloop
  endfacet
  facet normal 0 0 1
    outer loop
      vertex 14.3 49 10.3
      vertex 20.5 49 10.3
      vertex 16.1744 50.9961 10.3
    endloop
  endfacet
  facet normal 0 0 1
    outer loop
      vertex 20.5 49 10.3
      vertex 16.1744 44.0039 10.3
      vertex 20.5 44.0039 10.3
    endloop
  endfacet
  facet normal 0 0 1
    outer loop
      vertex 14.3 49 10.3
      vertex 16.1744 50.9961 10.3
      vertex 15.9252 50.9646 10.3
    endloop
  endfacet
  facet normal 0 0 1
    outer loop
      vertex 14.3 46 10.3
      vertex 20.5 49 10.3
      vertex 14.3 49 10.3
    endloop
  endfacet
  facet normal 0 0 1
    outer loop
      vertex 14.3 49 10.3
      vertex 15.9252 50.9646 10.3
      vertex 15.682 50.9021 10.3
    endloop
  endfacet
  facet normal 0 0 1
    outer loop
      vertex 20.5 49 10.3
      vertex 14.3 46 10.3
      vertex 16.1744 44.0039 10.3
    endloop
  endfacet
  facet normal 0 0 1
    outer loop
      vertex 14.3 49 10.3
      vertex 15.682 50.9021 10.3
      vertex 15.4484 50.8097 10.3
    endloop
  endfacet
  facet normal 0 0 1
    outer loop
      vertex 16.1744 44.0039 10.3
      vertex 14.3 46 10.3
      vertex 15.9252 44.0354 10.3
    endloop
  endfacet
  facet normal 0 0 1
    outer loop
      vertex 14.3 49 10.3
      vertex 15.4484 50.8097 10.3
      vertex 15.2283 50.6887 10.3
    endloop
  endfacet
  facet normal 0 0 1
    outer loop
      vertex 15.9252 44.0354 10.3
      vertex 14.3 46 10.3
      vertex 15.682 44.0979 10.3
    endloop
  endfacet
  facet normal 0 0 1
    outer loop
      vertex 14.3 49 10.3
      vertex 15.2283 50.6887 10.3
      vertex 15.0252 50.541 10.3
    endloop
  endfacet
  facet normal 0 0 1
    outer loop
      vertex 15.682 44.0979 10.3
      vertex 14.3 46 10.3
      vertex 15.4484 44.1903 10.3
    endloop
  endfacet
  facet normal 0 0 1
    outer loop
      vertex 14.3 49 10.3
      vertex 15.0252 50.541 10.3
      vertex 14.8421 50.3691 10.3
    endloop
  endfacet
  facet normal 0 0 1
    outer loop
      vertex 15.4484 44.1903 10.3
      vertex 14.3 46 10.3
      vertex 15.2283 44.3113 10.3
    endloop
  endfacet
  facet normal 0 0 1
    outer loop
      vertex 14.3 49 10.3
      vertex 14.8421 50.3691 10.3
      vertex 14.682 50.1756 10.3
    endloop
  endfacet
  facet normal 0 0 1
    outer loop
      vertex 15.2283 44.3113 10.3
      vertex 14.3 46 10.3
      vertex 15.0252 44.459 10.3
    endloop
  endfacet
  facet normal 0 0 1
    outer loop
      vertex 14.3 49 10.3
      vertex 14.682 50.1756 10.3
      vertex 14.5474 49.9635 10.3
    endloop
  endfacet
  facet normal 0 0 1
    outer loop
      vertex 15.0252 44.459 10.3
      vertex 14.3 46 10.3
      vertex 14.8421 44.6309 10.3
    endloop
  endfacet
  facet normal 0 0 1
    outer loop
      vertex 14.3 49 10.3
      vertex 14.5474 49.9635 10.3
      vertex 14.4404 49.7362 10.3
    endloop
  endfacet
  facet normal 0 0 1
    outer loop
      vertex 14.8421 44.6309 10.3
      vertex 14.3 46 10.3
      vertex 14.682 44.8244 10.3
    endloop
  endfacet
  facet normal 0 0 1
    outer loop
      vertex 14.3 49 10.3
      vertex 14.4404 49.7362 10.3
      vertex 14.3628 49.4974 10.3
    endloop
  endfacet
  facet normal 0 0 1
    outer loop
      vertex 14.682 44.8244 10.3
      vertex 14.3 46 10.3
      vertex 14.5474 45.0365 10.3
    endloop
  endfacet
  facet normal 0 0 1
    outer loop
      vertex 14.3 49 10.3
      vertex 14.3628 49.4974 10.3
      vertex 14.3158 49.2507 10.3
    endloop
  endfacet
  facet normal 0 0 1
    outer loop
      vertex 14.5474 45.0365 10.3
      vertex 14.3 46 10.3
      vertex 14.4404 45.2638 10.3
    endloop
  endfacet
  facet normal 0 0 1
    outer loop
      vertex 14.4404 45.2638 10.3
      vertex 14.3 46 10.3
      vertex 14.3628 45.5026 10.3
    endloop
  endfacet
  facet normal 0 0 1
    outer loop
      vertex 14.3628 45.5026 10.3
      vertex 14.3 46 10.3
      vertex 14.3158 45.7493 10.3
    endloop
  endfacet
  facet normal 0 0 1
    outer loop
      vertex 27.0875 50.9961 10.3
      vertex 26.8748 50.9646 10.3
      vertex 27.0875 50.91 10.3
    endloop
  endfacet
  facet normal 0 -0 1
    outer loop
      vertex 26.8748 50.9646 10.3
      vertex 27.0875 50.9961 10.3
      vertex 26.6256 50.9961 10.3
    endloop
  endfacet
  facet normal -0.248902 0.968529 0
    outer loop
      vertex 15.9252 50.9646 3.8147e-07
      vertex 15.682 50.9021 10.3
      vertex 15.9252 50.9646 10.3
    endloop
  endfacet
  facet normal -0.248902 0.968529 0
    outer loop
      vertex 15.682 50.9021 10.3
      vertex 15.9252 50.9646 3.8147e-07
      vertex 15.682 50.9021 3.8147e-07
    endloop
  endfacet
  facet normal -1 0 0
    outer loop
      vertex 14.3 46 3.8147e-07
      vertex 14.3 49 10.3
      vertex 14.3 49 3.8147e-07
    endloop
  endfacet
  facet normal -1 -0 0
    outer loop
      vertex 14.3 49 10.3
      vertex 14.3 46 3.8147e-07
      vertex 14.3 46 10.3
    endloop
  endfacet
  facet normal -0.844333 -0.535819 0
    outer loop
      vertex 14.682 44.8244 3.8147e-07
      vertex 14.5474 45.0365 10.3
      vertex 14.5474 45.0365 3.8147e-07
    endloop
  endfacet
  facet normal -0.844333 -0.535819 0
    outer loop
      vertex 14.5474 45.0365 10.3
      vertex 14.682 44.8244 3.8147e-07
      vertex 14.682 44.8244 10.3
    endloop
  endfacet
  facet normal -0.904765 -0.425912 0
    outer loop
      vertex 14.5474 45.0365 3.8147e-07
      vertex 14.4404 45.2638 10.3
      vertex 14.4404 45.2638 3.8147e-07
    endloop
  endfacet
  facet normal -0.904765 -0.425912 0
    outer loop
      vertex 14.4404 45.2638 10.3
      vertex 14.5474 45.0365 3.8147e-07
      vertex 14.5474 45.0365 10.3
    endloop
  endfacet
  facet normal -0.248902 -0.968529 0
    outer loop
      vertex 15.682 44.0979 3.8147e-07
      vertex 15.9252 44.0354 10.3
      vertex 15.682 44.0979 10.3
    endloop
  endfacet
  facet normal -0.248902 -0.968529 -0
    outer loop
      vertex 15.9252 44.0354 10.3
      vertex 15.682 44.0979 3.8147e-07
      vertex 15.9252 44.0354 3.8147e-07
    endloop
  endfacet
  facet normal -0.481751 0.876308 0
    outer loop
      vertex 15.4484 50.8097 3.8147e-07
      vertex 15.2283 50.6887 10.3
      vertex 15.4484 50.8097 10.3
    endloop
  endfacet
  facet normal -0.481751 0.876308 0
    outer loop
      vertex 15.2283 50.6887 10.3
      vertex 15.4484 50.8097 3.8147e-07
      vertex 15.2283 50.6887 3.8147e-07
    endloop
  endfacet
  facet normal -0.904765 0.425912 0
    outer loop
      vertex 14.4404 49.7362 3.8147e-07
      vertex 14.5474 49.9635 10.3
      vertex 14.5474 49.9635 3.8147e-07
    endloop
  endfacet
  facet normal -0.904765 0.425912 0
    outer loop
      vertex 14.5474 49.9635 10.3
      vertex 14.4404 49.7362 3.8147e-07
      vertex 14.4404 49.7362 10.3
    endloop
  endfacet
  facet normal -0.588148 0.808753 0
    outer loop
      vertex 15.2283 50.6887 3.8147e-07
      vertex 15.0252 50.541 10.3
      vertex 15.2283 50.6887 10.3
    endloop
  endfacet
  facet normal -0.588148 0.808753 0
    outer loop
      vertex 15.0252 50.541 10.3
      vertex 15.2283 50.6887 3.8147e-07
      vertex 15.0252 50.541 3.8147e-07
    endloop
  endfacet
  facet normal -0.367819 0.929897 0
    outer loop
      vertex 15.682 50.9021 3.8147e-07
      vertex 15.4484 50.8097 10.3
      vertex 15.682 50.9021 10.3
    endloop
  endfacet
  facet normal -0.367819 0.929897 0
    outer loop
      vertex 15.4484 50.8097 10.3
      vertex 15.682 50.9021 3.8147e-07
      vertex 15.4484 50.8097 3.8147e-07
    endloop
  endfacet
  facet normal -0.844333 0.535819 0
    outer loop
      vertex 14.5474 49.9635 3.8147e-07
      vertex 14.682 50.1756 10.3
      vertex 14.682 50.1756 3.8147e-07
    endloop
  endfacet
  facet normal -0.844333 0.535819 0
    outer loop
      vertex 14.682 50.1756 10.3
      vertex 14.5474 49.9635 3.8147e-07
      vertex 14.5474 49.9635 10.3
    endloop
  endfacet
  facet normal -0.770468 0.637478 0
    outer loop
      vertex 14.682 50.1756 3.8147e-07
      vertex 14.8421 50.3691 10.3
      vertex 14.8421 50.3691 3.8147e-07
    endloop
  endfacet
  facet normal -0.770468 0.637478 0
    outer loop
      vertex 14.8421 50.3691 10.3
      vertex 14.682 50.1756 3.8147e-07
      vertex 14.682 50.1756 10.3
    endloop
  endfacet
  facet normal -0.951046 0.30905 0
    outer loop
      vertex 14.3628 49.4974 3.8147e-07
      vertex 14.4404 49.7362 10.3
      vertex 14.4404 49.7362 3.8147e-07
    endloop
  endfacet
  facet normal -0.951046 0.30905 0
    outer loop
      vertex 14.4404 49.7362 10.3
      vertex 14.3628 49.4974 3.8147e-07
      vertex 14.3628 49.4974 10.3
    endloop
  endfacet
  facet normal -0.982332 0.187149 0
    outer loop
      vertex 14.3158 49.2507 3.8147e-07
      vertex 14.3628 49.4974 10.3
      vertex 14.3628 49.4974 3.8147e-07
    endloop
  endfacet
  facet normal -0.982332 0.187149 0
    outer loop
      vertex 14.3628 49.4974 10.3
      vertex 14.3158 49.2507 3.8147e-07
      vertex 14.3158 49.2507 10.3
    endloop
  endfacet
  facet normal -0.99802 -0.0628987 0
    outer loop
      vertex 14.3158 45.7493 3.8147e-07
      vertex 14.3 46 10.3
      vertex 14.3 46 3.8147e-07
    endloop
  endfacet
  facet normal -0.99802 -0.0628987 0
    outer loop
      vertex 14.3 46 10.3
      vertex 14.3158 45.7493 3.8147e-07
      vertex 14.3158 45.7493 10.3
    endloop
  endfacet
  facet normal -0.951046 -0.30905 0
    outer loop
      vertex 14.4404 45.2638 3.8147e-07
      vertex 14.3628 45.5026 10.3
      vertex 14.3628 45.5026 3.8147e-07
    endloop
  endfacet
  facet normal -0.951046 -0.30905 0
    outer loop
      vertex 14.3628 45.5026 10.3
      vertex 14.4404 45.2638 3.8147e-07
      vertex 14.4404 45.2638 10.3
    endloop
  endfacet
  facet normal -0.684458 -0.729053 0
    outer loop
      vertex 14.8421 44.6309 3.8147e-07
      vertex 15.0252 44.459 10.3
      vertex 14.8421 44.6309 10.3
    endloop
  endfacet
  facet normal -0.684458 -0.729053 -0
    outer loop
      vertex 15.0252 44.459 10.3
      vertex 14.8421 44.6309 3.8147e-07
      vertex 15.0252 44.459 3.8147e-07
    endloop
  endfacet
  facet normal -0.481751 -0.876308 0
    outer loop
      vertex 15.2283 44.3113 3.8147e-07
      vertex 15.4484 44.1903 10.3
      vertex 15.2283 44.3113 10.3
    endloop
  endfacet
  facet normal -0.481751 -0.876308 -0
    outer loop
      vertex 15.4484 44.1903 10.3
      vertex 15.2283 44.3113 3.8147e-07
      vertex 15.4484 44.1903 3.8147e-07
    endloop
  endfacet
  facet normal -0.367819 -0.929897 0
    outer loop
      vertex 15.4484 44.1903 3.8147e-07
      vertex 15.682 44.0979 10.3
      vertex 15.4484 44.1903 10.3
    endloop
  endfacet
  facet normal -0.367819 -0.929897 -0
    outer loop
      vertex 15.682 44.0979 10.3
      vertex 15.4484 44.1903 3.8147e-07
      vertex 15.682 44.0979 3.8147e-07
    endloop
  endfacet
  facet normal -0.684458 0.729053 0
    outer loop
      vertex 15.0252 50.541 3.8147e-07
      vertex 14.8421 50.3691 10.3
      vertex 15.0252 50.541 10.3
    endloop
  endfacet
  facet normal -0.684458 0.729053 0
    outer loop
      vertex 14.8421 50.3691 10.3
      vertex 15.0252 50.541 3.8147e-07
      vertex 14.8421 50.3691 3.8147e-07
    endloop
  endfacet
  facet normal -0.99802 0.0628987 0
    outer loop
      vertex 14.3 49 3.8147e-07
      vertex 14.3158 49.2507 10.3
      vertex 14.3158 49.2507 3.8147e-07
    endloop
  endfacet
  facet normal -0.99802 0.0628987 0
    outer loop
      vertex 14.3158 49.2507 10.3
      vertex 14.3 49 3.8147e-07
      vertex 14.3 49 10.3
    endloop
  endfacet
  facet normal 0 0 -1
    outer loop
      vertex 30.3266 41.3376 3.8147e-07
      vertex 33.5 40 3.8147e-07
      vertex 33.4842 39.7493 3.8147e-07
    endloop
  endfacet
  facet normal 0 0 -1
    outer loop
      vertex 33.5 40 3.8147e-07
      vertex 31.65 44.15 3.8147e-07
      vertex 33.5 49 3.8147e-07
    endloop
  endfacet
  facet normal 0 0 -1
    outer loop
      vertex 30.3266 41.3376 3.8147e-07
      vertex 33.4842 39.7493 3.8147e-07
      vertex 33.4372 39.5026 3.8147e-07
    endloop
  endfacet
  facet normal 0 0 -1
    outer loop
      vertex 31.6212 44.6075 3.8147e-07
      vertex 33.5 49 3.8147e-07
      vertex 31.65 44.15 3.8147e-07
    endloop
  endfacet
  facet normal 0 0 -1
    outer loop
      vertex 30.3266 41.3376 3.8147e-07
      vertex 33.4372 39.5026 3.8147e-07
      vertex 33.3596 39.2638 3.8147e-07
    endloop
  endfacet
  facet normal 0 0 -1
    outer loop
      vertex 31.5353 45.0577 3.8147e-07
      vertex 33.5 49 3.8147e-07
      vertex 31.6212 44.6075 3.8147e-07
    endloop
  endfacet
  facet normal 0 0 -1
    outer loop
      vertex 30.3266 41.3376 3.8147e-07
      vertex 33.3596 39.2638 3.8147e-07
      vertex 33.2526 39.0365 3.8147e-07
    endloop
  endfacet
  facet normal 0 0 -1
    outer loop
      vertex 31.3937 45.4937 3.8147e-07
      vertex 33.5 49 3.8147e-07
      vertex 31.5353 45.0577 3.8147e-07
    endloop
  endfacet
  facet normal 0 0 -1
    outer loop
      vertex 30.3266 41.3376 3.8147e-07
      vertex 33.2526 39.0365 3.8147e-07
      vertex 33.118 38.8244 3.8147e-07
    endloop
  endfacet
  facet normal 0 0 -1
    outer loop
      vertex 31.1985 45.9084 3.8147e-07
      vertex 33.5 49 3.8147e-07
      vertex 31.3937 45.4937 3.8147e-07
    endloop
  endfacet
  facet normal 0 0 -1
    outer loop
      vertex 30.3266 41.3376 3.8147e-07
      vertex 33.118 38.8244 3.8147e-07
      vertex 32.9579 38.6309 3.8147e-07
    endloop
  endfacet
  facet normal 0 0 -1
    outer loop
      vertex 30.9529 46.2954 3.8147e-07
      vertex 33.5 49 3.8147e-07
      vertex 31.1985 45.9084 3.8147e-07
    endloop
  endfacet
  facet normal 0 0 -1
    outer loop
      vertex 30.3266 41.3376 3.8147e-07
      vertex 32.9579 38.6309 3.8147e-07
      vertex 32.7748 38.459 3.8147e-07
    endloop
  endfacet
  facet normal 0 0 -1
    outer loop
      vertex 30.6607 46.6486 3.8147e-07
      vertex 33.5 49 3.8147e-07
      vertex 30.9529 46.2954 3.8147e-07
    endloop
  endfacet
  facet normal 0 0 -1
    outer loop
      vertex 30.3266 41.3376 3.8147e-07
      vertex 32.7748 38.459 3.8147e-07
      vertex 32.5717 38.3113 3.8147e-07
    endloop
  endfacet
  facet normal 0 0 -1
    outer loop
      vertex 30.3266 46.9624 3.8147e-07
      vertex 33.5 49 3.8147e-07
      vertex 30.6607 46.6486 3.8147e-07
    endloop
  endfacet
  facet normal 0 0 -1
    outer loop
      vertex 30.3266 41.3376 3.8147e-07
      vertex 32.5717 38.3113 3.8147e-07
      vertex 32.3516 38.1903 3.8147e-07
    endloop
  endfacet
  facet normal 0 0 -1
    outer loop
      vertex 29.9558 47.2318 3.8147e-07
      vertex 33.5 49 3.8147e-07
      vertex 30.3266 46.9624 3.8147e-07
    endloop
  endfacet
  facet normal 0 0 -1
    outer loop
      vertex 30.3266 41.3376 3.8147e-07
      vertex 32.3516 38.1903 3.8147e-07
      vertex 32.118 38.0979 3.8147e-07
    endloop
  endfacet
  facet normal 0 -0 -1
    outer loop
      vertex 31.6256 50.9961 3.8147e-07
      vertex 33.5 49 3.8147e-07
      vertex 29.9558 47.2318 3.8147e-07
    endloop
  endfacet
  facet normal 0 0 -1
    outer loop
      vertex 30.3266 41.3376 3.8147e-07
      vertex 32.118 38.0979 3.8147e-07
      vertex 31.8748 38.0354 3.8147e-07
    endloop
  endfacet
  facet normal 0 0 -1
    outer loop
      vertex 33.5 49 3.8147e-07
      vertex 31.6256 50.9961 3.8147e-07
      vertex 33.4842 49.2507 3.8147e-07
    endloop
  endfacet
  facet normal 0 0 -1
    outer loop
      vertex 33.4372 49.4974 3.8147e-07
      vertex 31.6256 50.9961 3.8147e-07
      vertex 33.3596 49.7362 3.8147e-07
    endloop
  endfacet
  facet normal 0 0 -1
    outer loop
      vertex 30.3266 41.3376 3.8147e-07
      vertex 31.8748 38.0354 3.8147e-07
      vertex 31.6256 38.0039 3.8147e-07
    endloop
  endfacet
  facet normal 0 0 -1
    outer loop
      vertex 33.5 40 3.8147e-07
      vertex 31.6212 43.6925 3.8147e-07
      vertex 31.65 44.15 3.8147e-07
    endloop
  endfacet
  facet normal 0 0 -1
    outer loop
      vertex 33.5 40 3.8147e-07
      vertex 31.5353 43.2423 3.8147e-07
      vertex 31.6212 43.6925 3.8147e-07
    endloop
  endfacet
  facet normal 0 0 -1
    outer loop
      vertex 33.5 40 3.8147e-07
      vertex 31.3937 42.8063 3.8147e-07
      vertex 31.5353 43.2423 3.8147e-07
    endloop
  endfacet
  facet normal 0 0 -1
    outer loop
      vertex 33.5 40 3.8147e-07
      vertex 31.1985 42.3916 3.8147e-07
      vertex 31.3937 42.8063 3.8147e-07
    endloop
  endfacet
  facet normal 0 0 -1
    outer loop
      vertex 33.5 40 3.8147e-07
      vertex 30.9529 42.0046 3.8147e-07
      vertex 31.1985 42.3916 3.8147e-07
    endloop
  endfacet
  facet normal 0 0 -1
    outer loop
      vertex 33.5 40 3.8147e-07
      vertex 30.6607 41.6514 3.8147e-07
      vertex 30.9529 42.0046 3.8147e-07
    endloop
  endfacet
  facet normal 0 0 -1
    outer loop
      vertex 33.5 40 3.8147e-07
      vertex 30.3266 41.3376 3.8147e-07
      vertex 30.6607 41.6514 3.8147e-07
    endloop
  endfacet
  facet normal 0 0 -1
    outer loop
      vertex 31.6256 38.0039 3.8147e-07
      vertex 29.9558 41.0682 3.8147e-07
      vertex 30.3266 41.3376 3.8147e-07
    endloop
  endfacet
  facet normal 0 0 -1
    outer loop
      vertex 31.6256 38.0039 3.8147e-07
      vertex 29.5541 40.8474 3.8147e-07
      vertex 29.9558 41.0682 3.8147e-07
    endloop
  endfacet
  facet normal 0 0 -1
    outer loop
      vertex 28.5 38.0039 3.8147e-07
      vertex 29.5541 40.8474 3.8147e-07
      vertex 31.6256 38.0039 3.8147e-07
    endloop
  endfacet
  facet normal 0 0 -1
    outer loop
      vertex 29.5541 40.8474 3.8147e-07
      vertex 28.5 38.0039 3.8147e-07
      vertex 29.1279 40.6786 3.8147e-07
    endloop
  endfacet
  facet normal 0 0 -1
    outer loop
      vertex 29.1279 40.6786 3.8147e-07
      vertex 28.5 38.0039 3.8147e-07
      vertex 28.6839 40.5647 3.8147e-07
    endloop
  endfacet
  facet normal 0 0 -1
    outer loop
      vertex 28.6839 40.5647 3.8147e-07
      vertex 28.5 38.0039 3.8147e-07
      vertex 28.5 40.5414 3.8147e-07
    endloop
  endfacet
  facet normal 0 0 -1
    outer loop
      vertex 33.3596 49.7362 3.8147e-07
      vertex 31.6256 50.9961 3.8147e-07
      vertex 33.2526 49.9635 3.8147e-07
    endloop
  endfacet
  facet normal 0 0 -1
    outer loop
      vertex 33.2526 49.9635 3.8147e-07
      vertex 31.6256 50.9961 3.8147e-07
      vertex 33.118 50.1756 3.8147e-07
    endloop
  endfacet
  facet normal 0 0 -1
    outer loop
      vertex 33.118 50.1756 3.8147e-07
      vertex 31.6256 50.9961 3.8147e-07
      vertex 32.9579 50.3691 3.8147e-07
    endloop
  endfacet
  facet normal 0 0 -1
    outer loop
      vertex 32.9579 50.3691 3.8147e-07
      vertex 31.6256 50.9961 3.8147e-07
      vertex 32.7748 50.541 3.8147e-07
    endloop
  endfacet
  facet normal 0 0 -1
    outer loop
      vertex 32.7748 50.541 3.8147e-07
      vertex 31.6256 50.9961 3.8147e-07
      vertex 32.5717 50.6887 3.8147e-07
    endloop
  endfacet
  facet normal 0 0 -1
    outer loop
      vertex 32.5717 50.6887 3.8147e-07
      vertex 31.6256 50.9961 3.8147e-07
      vertex 32.3516 50.8097 3.8147e-07
    endloop
  endfacet
  facet normal 0 0 -1
    outer loop
      vertex 32.3516 50.8097 3.8147e-07
      vertex 31.6256 50.9961 3.8147e-07
      vertex 32.118 50.9021 3.8147e-07
    endloop
  endfacet
  facet normal 0 0 -1
    outer loop
      vertex 32.118 50.9021 3.8147e-07
      vertex 31.6256 50.9961 3.8147e-07
      vertex 31.8748 50.9646 3.8147e-07
    endloop
  endfacet
  facet normal 0 0 -1
    outer loop
      vertex 33.4842 49.2507 3.8147e-07
      vertex 31.6256 50.9961 3.8147e-07
      vertex 33.4372 49.4974 3.8147e-07
    endloop
  endfacet
  facet normal 0 0 -1
    outer loop
      vertex 29.5541 47.4526 3.8147e-07
      vertex 31.6256 50.9961 3.8147e-07
      vertex 29.9558 47.2318 3.8147e-07
    endloop
  endfacet
  facet normal 0 0 -1
    outer loop
      vertex 28.9125 50.9961 3.8147e-07
      vertex 29.5541 47.4526 3.8147e-07
      vertex 29.1279 47.6214 3.8147e-07
    endloop
  endfacet
  facet normal 0 0 -1
    outer loop
      vertex 28.9125 50.9961 3.8147e-07
      vertex 29.1279 47.6214 3.8147e-07
      vertex 28.9125 47.6767 3.8147e-07
    endloop
  endfacet
  facet normal 0 0 -1
    outer loop
      vertex 29.5541 47.4526 3.8147e-07
      vertex 28.9125 50.9961 3.8147e-07
      vertex 31.6256 50.9961 3.8147e-07
    endloop
  endfacet
  facet normal 0 0 -1
    outer loop
      vertex 20.5 44.0039 3.8147e-07
      vertex 16.1744 44.0039 3.8147e-07
      vertex 20.5 49 3.8147e-07
    endloop
  endfacet
  facet normal 0 0 -1
    outer loop
      vertex 14.3 46 3.8147e-07
      vertex 20.5 49 3.8147e-07
      vertex 16.1744 44.0039 3.8147e-07
    endloop
  endfacet
  facet normal 0 0 -1
    outer loop
      vertex 14.3 49 3.8147e-07
      vertex 20.5 49 3.8147e-07
      vertex 14.3 46 3.8147e-07
    endloop
  endfacet
  facet normal 0 -0 -1
    outer loop
      vertex 16.1744 50.9961 3.8147e-07
      vertex 20.5 49 3.8147e-07
      vertex 14.3 49 3.8147e-07
    endloop
  endfacet
  facet normal 0 0 -1
    outer loop
      vertex 20.5 49 3.8147e-07
      vertex 16.1744 50.9961 3.8147e-07
      vertex 20.5158 49.2507 3.8147e-07
    endloop
  endfacet
  facet normal 0 0 -1
    outer loop
      vertex 20.5158 49.2507 3.8147e-07
      vertex 16.1744 50.9961 3.8147e-07
      vertex 20.5628 49.4974 3.8147e-07
    endloop
  endfacet
  facet normal 0 0 -1
    outer loop
      vertex 22.1252 50.9646 3.8147e-07
      vertex 16.1744 50.9961 3.8147e-07
      vertex 22.3744 50.9961 3.8147e-07
    endloop
  endfacet
  facet normal 0 0 -1
    outer loop
      vertex 21.882 50.9021 3.8147e-07
      vertex 16.1744 50.9961 3.8147e-07
      vertex 22.1252 50.9646 3.8147e-07
    endloop
  endfacet
  facet normal 0 0 -1
    outer loop
      vertex 21.6484 50.8097 3.8147e-07
      vertex 16.1744 50.9961 3.8147e-07
      vertex 21.882 50.9021 3.8147e-07
    endloop
  endfacet
  facet normal 0 0 -1
    outer loop
      vertex 21.4283 50.6887 3.8147e-07
      vertex 16.1744 50.9961 3.8147e-07
      vertex 21.6484 50.8097 3.8147e-07
    endloop
  endfacet
  facet normal 0 0 -1
    outer loop
      vertex 21.2252 50.541 3.8147e-07
      vertex 16.1744 50.9961 3.8147e-07
      vertex 21.4283 50.6887 3.8147e-07
    endloop
  endfacet
  facet normal 0 0 -1
    outer loop
      vertex 21.0421 50.3691 3.8147e-07
      vertex 16.1744 50.9961 3.8147e-07
      vertex 21.2252 50.541 3.8147e-07
    endloop
  endfacet
  facet normal 0 0 -1
    outer loop
      vertex 20.882 50.1756 3.8147e-07
      vertex 16.1744 50.9961 3.8147e-07
      vertex 21.0421 50.3691 3.8147e-07
    endloop
  endfacet
  facet normal 0 0 -1
    outer loop
      vertex 20.7474 49.9635 3.8147e-07
      vertex 16.1744 50.9961 3.8147e-07
      vertex 20.882 50.1756 3.8147e-07
    endloop
  endfacet
  facet normal 0 0 -1
    outer loop
      vertex 14.3 46 3.8147e-07
      vertex 16.1744 44.0039 3.8147e-07
      vertex 15.9252 44.0354 3.8147e-07
    endloop
  endfacet
  facet normal 0 0 -1
    outer loop
      vertex 20.5628 49.4974 3.8147e-07
      vertex 16.1744 50.9961 3.8147e-07
      vertex 20.6404 49.7362 3.8147e-07
    endloop
  endfacet
  facet normal 0 0 -1
    outer loop
      vertex 14.3 46 3.8147e-07
      vertex 15.9252 44.0354 3.8147e-07
      vertex 15.682 44.0979 3.8147e-07
    endloop
  endfacet
  facet normal 0 0 -1
    outer loop
      vertex 20.6404 49.7362 3.8147e-07
      vertex 16.1744 50.9961 3.8147e-07
      vertex 20.7474 49.9635 3.8147e-07
    endloop
  endfacet
  facet normal 0 0 -1
    outer loop
      vertex 14.3 46 3.8147e-07
      vertex 15.682 44.0979 3.8147e-07
      vertex 15.4484 44.1903 3.8147e-07
    endloop
  endfacet
  facet normal 0 0 -1
    outer loop
      vertex 16.1744 50.9961 3.8147e-07
      vertex 14.3 49 3.8147e-07
      vertex 15.9252 50.9646 3.8147e-07
    endloop
  endfacet
  facet normal 0 0 -1
    outer loop
      vertex 14.3 46 3.8147e-07
      vertex 15.4484 44.1903 3.8147e-07
      vertex 15.2283 44.3113 3.8147e-07
    endloop
  endfacet
  facet normal 0 0 -1
    outer loop
      vertex 15.9252 50.9646 3.8147e-07
      vertex 14.3 49 3.8147e-07
      vertex 15.682 50.9021 3.8147e-07
    endloop
  endfacet
  facet normal 0 0 -1
    outer loop
      vertex 14.3 46 3.8147e-07
      vertex 15.2283 44.3113 3.8147e-07
      vertex 15.0252 44.459 3.8147e-07
    endloop
  endfacet
  facet normal 0 0 -1
    outer loop
      vertex 15.682 50.9021 3.8147e-07
      vertex 14.3 49 3.8147e-07
      vertex 15.4484 50.8097 3.8147e-07
    endloop
  endfacet
  facet normal 0 0 -1
    outer loop
      vertex 14.3 46 3.8147e-07
      vertex 15.0252 44.459 3.8147e-07
      vertex 14.8421 44.6309 3.8147e-07
    endloop
  endfacet
  facet normal 0 0 -1
    outer loop
      vertex 15.4484 50.8097 3.8147e-07
      vertex 14.3 49 3.8147e-07
      vertex 15.2283 50.6887 3.8147e-07
    endloop
  endfacet
  facet normal 0 0 -1
    outer loop
      vertex 14.3 46 3.8147e-07
      vertex 14.8421 44.6309 3.8147e-07
      vertex 14.682 44.8244 3.8147e-07
    endloop
  endfacet
  facet normal 0 0 -1
    outer loop
      vertex 15.2283 50.6887 3.8147e-07
      vertex 14.3 49 3.8147e-07
      vertex 15.0252 50.541 3.8147e-07
    endloop
  endfacet
  facet normal 0 0 -1
    outer loop
      vertex 14.3 46 3.8147e-07
      vertex 14.682 44.8244 3.8147e-07
      vertex 14.5474 45.0365 3.8147e-07
    endloop
  endfacet
  facet normal 0 0 -1
    outer loop
      vertex 15.0252 50.541 3.8147e-07
      vertex 14.3 49 3.8147e-07
      vertex 14.8421 50.3691 3.8147e-07
    endloop
  endfacet
  facet normal 0 0 -1
    outer loop
      vertex 14.3 46 3.8147e-07
      vertex 14.5474 45.0365 3.8147e-07
      vertex 14.4404 45.2638 3.8147e-07
    endloop
  endfacet
  facet normal 0 0 -1
    outer loop
      vertex 14.8421 50.3691 3.8147e-07
      vertex 14.3 49 3.8147e-07
      vertex 14.682 50.1756 3.8147e-07
    endloop
  endfacet
  facet normal 0 0 -1
    outer loop
      vertex 14.3 46 3.8147e-07
      vertex 14.4404 45.2638 3.8147e-07
      vertex 14.3628 45.5026 3.8147e-07
    endloop
  endfacet
  facet normal 0 0 -1
    outer loop
      vertex 14.682 50.1756 3.8147e-07
      vertex 14.3 49 3.8147e-07
      vertex 14.5474 49.9635 3.8147e-07
    endloop
  endfacet
  facet normal 0 0 -1
    outer loop
      vertex 14.3 46 3.8147e-07
      vertex 14.3628 45.5026 3.8147e-07
      vertex 14.3158 45.7493 3.8147e-07
    endloop
  endfacet
  facet normal 0 0 -1
    outer loop
      vertex 14.5474 49.9635 3.8147e-07
      vertex 14.3 49 3.8147e-07
      vertex 14.4404 49.7362 3.8147e-07
    endloop
  endfacet
  facet normal 0 0 -1
    outer loop
      vertex 14.4404 49.7362 3.8147e-07
      vertex 14.3 49 3.8147e-07
      vertex 14.3628 49.4974 3.8147e-07
    endloop
  endfacet
  facet normal 0 0 -1
    outer loop
      vertex 14.3628 49.4974 3.8147e-07
      vertex 14.3 49 3.8147e-07
      vertex 14.3158 49.2507 3.8147e-07
    endloop
  endfacet
  facet normal 0 0 -1
    outer loop
      vertex 26.8748 50.9646 3.8147e-07
      vertex 27.0875 50.9961 3.8147e-07
      vertex 27.0875 50.91 3.8147e-07
    endloop
  endfacet
  facet normal -0 0 -1
    outer loop
      vertex 27.0875 50.9961 3.8147e-07
      vertex 26.8748 50.9646 3.8147e-07
      vertex 26.6256 50.9961 3.8147e-07
    endloop
  endfacet
  facet normal -0.982332 -0.187149 0
    outer loop
      vertex 14.3628 45.5026 3.8147e-07
      vertex 14.3158 45.7493 10.3
      vertex 14.3158 45.7493 3.8147e-07
    endloop
  endfacet
  facet normal -0.982332 -0.187149 0
    outer loop
      vertex 14.3158 45.7493 10.3
      vertex 14.3628 45.5026 3.8147e-07
      vertex 14.3628 45.5026 10.3
    endloop
  endfacet
  facet normal -0.770468 -0.637478 0
    outer loop
      vertex 14.8421 44.6309 3.8147e-07
      vertex 14.682 44.8244 10.3
      vertex 14.682 44.8244 3.8147e-07
    endloop
  endfacet
  facet normal -0.770468 -0.637478 0
    outer loop
      vertex 14.682 44.8244 10.3
      vertex 14.8421 44.6309 3.8147e-07
      vertex 14.8421 44.6309 10.3
    endloop
  endfacet
  facet normal -0.588148 -0.808753 0
    outer loop
      vertex 15.0252 44.459 3.8147e-07
      vertex 15.2283 44.3113 10.3
      vertex 15.0252 44.459 10.3
    endloop
  endfacet
  facet normal -0.588148 -0.808753 -0
    outer loop
      vertex 15.2283 44.3113 10.3
      vertex 15.0252 44.459 3.8147e-07
      vertex 15.2283 44.3113 3.8147e-07
    endloop
  endfacet
  facet normal -0.125407 -0.992105 0
    outer loop
      vertex 15.9252 44.0354 3.8147e-07
      vertex 16.1744 44.0039 10.3
      vertex 15.9252 44.0354 10.3
    endloop
  endfacet
  facet normal -0.125407 -0.992105 -0
    outer loop
      vertex 16.1744 44.0039 10.3
      vertex 15.9252 44.0354 3.8147e-07
      vertex 16.1744 44.0039 3.8147e-07
    endloop
  endfacet
  facet normal 1 -0 0
    outer loop
      vertex 33.5 40 10.3
      vertex 33.5 49 3.8147e-07
      vertex 33.5 49 10.3
    endloop
  endfacet
  facet normal 1 0 0
    outer loop
      vertex 33.5 49 3.8147e-07
      vertex 33.5 40 10.3
      vertex 33.5 40 3.8147e-07
    endloop
  endfacet
  facet normal 0.99802 0.0628987 0
    outer loop
      vertex 33.5 49 10.3
      vertex 33.4842 49.2507 3.8147e-07
      vertex 33.4842 49.2507 10.3
    endloop
  endfacet
  facet normal 0.99802 0.0628987 0
    outer loop
      vertex 33.4842 49.2507 3.8147e-07
      vertex 33.5 49 10.3
      vertex 33.5 49 3.8147e-07
    endloop
  endfacet
  facet normal 0.684458 -0.729053 0
    outer loop
      vertex 32.7748 38.459 3.8147e-07
      vertex 32.9579 38.6309 10.3
      vertex 32.7748 38.459 10.3
    endloop
  endfacet
  facet normal 0.684458 -0.729053 0
    outer loop
      vertex 32.9579 38.6309 10.3
      vertex 32.7748 38.459 3.8147e-07
      vertex 32.9579 38.6309 3.8147e-07
    endloop
  endfacet
  facet normal 0.125407 -0.992105 0
    outer loop
      vertex 31.6256 38.0039 3.8147e-07
      vertex 31.8748 38.0354 10.3
      vertex 31.6256 38.0039 10.3
    endloop
  endfacet
  facet normal 0.125407 -0.992105 0
    outer loop
      vertex 31.8748 38.0354 10.3
      vertex 31.6256 38.0039 3.8147e-07
      vertex 31.8748 38.0354 3.8147e-07
    endloop
  endfacet
  facet normal 0 -1 0
    outer loop
      vertex 28.5 38.0039 3.8147e-07
      vertex 31.6256 38.0039 10.3
      vertex 28.5 38.0039 10.3
    endloop
  endfacet
  facet normal 0 -1 -0
    outer loop
      vertex 31.6256 38.0039 10.3
      vertex 28.5 38.0039 3.8147e-07
      vertex 31.6256 38.0039 3.8147e-07
    endloop
  endfacet
  facet normal 0.951046 -0.30905 0
    outer loop
      vertex 33.3596 39.2638 10.3
      vertex 33.4372 39.5026 3.8147e-07
      vertex 33.4372 39.5026 10.3
    endloop
  endfacet
  facet normal 0.951046 -0.30905 0
    outer loop
      vertex 33.4372 39.5026 3.8147e-07
      vertex 33.3596 39.2638 10.3
      vertex 33.3596 39.2638 3.8147e-07
    endloop
  endfacet
  facet normal -1 0 0
    outer loop
      vertex 20.5 34.5 0
      vertex 20.5 26.9961 3.8147e-07
      vertex 20.5 34.5 3
    endloop
  endfacet
  facet normal -1 0 0
    outer loop
      vertex 20.5 22 0
      vertex 20.5 26.9961 3.8147e-07
      vertex 20.5 34.5 0
    endloop
  endfacet
  facet normal -1 -0 0
    outer loop
      vertex 20.5 26.9961 3.8147e-07
      vertex 20.5 22 0
      vertex 20.5 22 3.8147e-07
    endloop
  endfacet
  facet normal -1 0 0
    outer loop
      vertex 20.5 49 0
      vertex 20.5 44.0039 3.8147e-07
      vertex 20.5 49 3.8147e-07
    endloop
  endfacet
  facet normal -1 0 0
    outer loop
      vertex 20.5 36.5 3
      vertex 20.5 44.0039 3.8147e-07
      vertex 20.5 36.5 0
    endloop
  endfacet
  facet normal -1 0 0
    outer loop
      vertex 20.5 36.5 0
      vertex 20.5 44.0039 3.8147e-07
      vertex 20.5 49 0
    endloop
  endfacet
  facet normal -1 0 0
    outer loop
      vertex 20.5 44.0039 3.8147e-07
      vertex 20.5 36.5 3
      vertex 20.5 44.0039 10.3
    endloop
  endfacet
  facet normal -1 0 0
    outer loop
      vertex 20.5 34.5 3
      vertex 20.5 44.0039 10.3
      vertex 20.5 36.5 3
    endloop
  endfacet
  facet normal -1 0 0
    outer loop
      vertex 20.5 26.9961 10.3
      vertex 20.5 34.5 3
      vertex 20.5 26.9961 3.8147e-07
    endloop
  endfacet
  facet normal -1 0 0
    outer loop
      vertex 20.5 34.5 3
      vertex 20.5 26.9961 10.3
      vertex 20.5 44.0039 10.3
    endloop
  endfacet
  facet normal 0 0 0
    outer loop
      vertex 20.5 26.9961 10.3
      vertex 20.5 49 10.3
      vertex 20.5 44.0039 10.3
    endloop
  endfacet
  facet normal 0 0 0
    outer loop
      vertex 20.5 26.9961 10.3
      vertex 20.5 22 10.3
      vertex 20.5 49 10.3
    endloop
  endfacet
  facet normal 0.367819 0.929897 -0
    outer loop
      vertex 32.3516 50.8097 3.8147e-07
      vertex 32.118 50.9021 10.3
      vertex 32.3516 50.8097 10.3
    endloop
  endfacet
  facet normal 0.367819 0.929897 0
    outer loop
      vertex 32.118 50.9021 10.3
      vertex 32.3516 50.8097 3.8147e-07
      vertex 32.118 50.9021 3.8147e-07
    endloop
  endfacet
  facet normal 0.125407 0.992105 -0
    outer loop
      vertex 31.8748 50.9646 3.8147e-07
      vertex 31.6256 50.9961 10.3
      vertex 31.8748 50.9646 10.3
    endloop
  endfacet
  facet normal 0.125407 0.992105 0
    outer loop
      vertex 31.6256 50.9961 10.3
      vertex 31.8748 50.9646 3.8147e-07
      vertex 31.6256 50.9961 3.8147e-07
    endloop
  endfacet
  facet normal 0.904765 -0.425912 0
    outer loop
      vertex 33.2526 39.0365 10.3
      vertex 33.3596 39.2638 3.8147e-07
      vertex 33.3596 39.2638 10.3
    endloop
  endfacet
  facet normal 0.904765 -0.425912 0
    outer loop
      vertex 33.3596 39.2638 3.8147e-07
      vertex 33.2526 39.0365 10.3
      vertex 33.2526 39.0365 3.8147e-07
    endloop
  endfacet
  facet normal 0.844333 -0.535819 0
    outer loop
      vertex 33.118 38.8244 10.3
      vertex 33.2526 39.0365 3.8147e-07
      vertex 33.2526 39.0365 10.3
    endloop
  endfacet
  facet normal 0.844333 -0.535819 0
    outer loop
      vertex 33.2526 39.0365 3.8147e-07
      vertex 33.118 38.8244 10.3
      vertex 33.118 38.8244 3.8147e-07
    endloop
  endfacet
  facet normal 0.770468 -0.637478 0
    outer loop
      vertex 32.9579 38.6309 10.3
      vertex 33.118 38.8244 3.8147e-07
      vertex 33.118 38.8244 10.3
    endloop
  endfacet
  facet normal 0.770468 -0.637478 0
    outer loop
      vertex 33.118 38.8244 3.8147e-07
      vertex 32.9579 38.6309 10.3
      vertex 32.9579 38.6309 3.8147e-07
    endloop
  endfacet
  facet normal 0.982332 -0.187149 0
    outer loop
      vertex 33.4372 39.5026 10.3
      vertex 33.4842 39.7493 3.8147e-07
      vertex 33.4842 39.7493 10.3
    endloop
  endfacet
  facet normal 0.982332 -0.187149 0
    outer loop
      vertex 33.4842 39.7493 3.8147e-07
      vertex 33.4372 39.5026 10.3
      vertex 33.4372 39.5026 3.8147e-07
    endloop
  endfacet
  facet normal 0.248902 -0.968529 0
    outer loop
      vertex 31.8748 38.0354 3.8147e-07
      vertex 32.118 38.0979 10.3
      vertex 31.8748 38.0354 10.3
    endloop
  endfacet
  facet normal 0.248902 -0.968529 0
    outer loop
      vertex 32.118 38.0979 10.3
      vertex 31.8748 38.0354 3.8147e-07
      vertex 32.118 38.0979 3.8147e-07
    endloop
  endfacet
  facet normal 0.588148 -0.808753 0
    outer loop
      vertex 32.5717 38.3113 3.8147e-07
      vertex 32.7748 38.459 10.3
      vertex 32.5717 38.3113 10.3
    endloop
  endfacet
  facet normal 0.588148 -0.808753 0
    outer loop
      vertex 32.7748 38.459 10.3
      vertex 32.5717 38.3113 3.8147e-07
      vertex 32.7748 38.459 3.8147e-07
    endloop
  endfacet
  facet normal 0.684458 0.729053 -0
    outer loop
      vertex 32.9579 50.3691 3.8147e-07
      vertex 32.7748 50.541 10.3
      vertex 32.9579 50.3691 10.3
    endloop
  endfacet
  facet normal 0.684458 0.729053 0
    outer loop
      vertex 32.7748 50.541 10.3
      vertex 32.9579 50.3691 3.8147e-07
      vertex 32.7748 50.541 3.8147e-07
    endloop
  endfacet
  facet normal 0.770468 0.637478 0
    outer loop
      vertex 33.118 50.1756 10.3
      vertex 32.9579 50.3691 3.8147e-07
      vertex 32.9579 50.3691 10.3
    endloop
  endfacet
  facet normal 0.770468 0.637478 0
    outer loop
      vertex 32.9579 50.3691 3.8147e-07
      vertex 33.118 50.1756 10.3
      vertex 33.118 50.1756 3.8147e-07
    endloop
  endfacet
  facet normal 0.951046 0.30905 0
    outer loop
      vertex 33.4372 49.4974 10.3
      vertex 33.3596 49.7362 3.8147e-07
      vertex 33.3596 49.7362 10.3
    endloop
  endfacet
  facet normal 0.951046 0.30905 0
    outer loop
      vertex 33.3596 49.7362 3.8147e-07
      vertex 33.4372 49.4974 10.3
      vertex 33.4372 49.4974 3.8147e-07
    endloop
  endfacet
  facet normal 0.99802 -0.0628987 0
    outer loop
      vertex 33.4842 39.7493 10.3
      vertex 33.5 40 3.8147e-07
      vertex 33.5 40 10.3
    endloop
  endfacet
  facet normal 0.99802 -0.0628987 0
    outer loop
      vertex 33.5 40 3.8147e-07
      vertex 33.4842 39.7493 10.3
      vertex 33.4842 39.7493 3.8147e-07
    endloop
  endfacet
  facet normal 0.367819 -0.929897 0
    outer loop
      vertex 32.118 38.0979 3.8147e-07
      vertex 32.3516 38.1903 10.3
      vertex 32.118 38.0979 10.3
    endloop
  endfacet
  facet normal 0.367819 -0.929897 0
    outer loop
      vertex 32.3516 38.1903 10.3
      vertex 32.118 38.0979 3.8147e-07
      vertex 32.3516 38.1903 3.8147e-07
    endloop
  endfacet
  facet normal 0.588148 0.808753 -0
    outer loop
      vertex 32.7748 50.541 3.8147e-07
      vertex 32.5717 50.6887 10.3
      vertex 32.7748 50.541 10.3
    endloop
  endfacet
  facet normal 0.588148 0.808753 0
    outer loop
      vertex 32.5717 50.6887 10.3
      vertex 32.7748 50.541 3.8147e-07
      vertex 32.5717 50.6887 3.8147e-07
    endloop
  endfacet
  facet normal 0.481751 0.876308 -0
    outer loop
      vertex 32.5717 50.6887 3.8147e-07
      vertex 32.3516 50.8097 10.3
      vertex 32.5717 50.6887 10.3
    endloop
  endfacet
  facet normal 0.481751 0.876308 0
    outer loop
      vertex 32.3516 50.8097 10.3
      vertex 32.5717 50.6887 3.8147e-07
      vertex 32.3516 50.8097 3.8147e-07
    endloop
  endfacet
  facet normal 0.248902 0.968529 -0
    outer loop
      vertex 32.118 50.9021 3.8147e-07
      vertex 31.8748 50.9646 10.3
      vertex 32.118 50.9021 10.3
    endloop
  endfacet
  facet normal 0.248902 0.968529 0
    outer loop
      vertex 31.8748 50.9646 10.3
      vertex 32.118 50.9021 3.8147e-07
      vertex 31.8748 50.9646 3.8147e-07
    endloop
  endfacet
  facet normal 0.982332 0.187149 0
    outer loop
      vertex 33.4842 49.2507 10.3
      vertex 33.4372 49.4974 3.8147e-07
      vertex 33.4372 49.4974 10.3
    endloop
  endfacet
  facet normal 0.982332 0.187149 0
    outer loop
      vertex 33.4372 49.4974 3.8147e-07
      vertex 33.4842 49.2507 10.3
      vertex 33.4842 49.2507 3.8147e-07
    endloop
  endfacet
  facet normal 0.904765 0.425912 0
    outer loop
      vertex 33.3596 49.7362 10.3
      vertex 33.2526 49.9635 3.8147e-07
      vertex 33.2526 49.9635 10.3
    endloop
  endfacet
  facet normal 0.904765 0.425912 0
    outer loop
      vertex 33.2526 49.9635 3.8147e-07
      vertex 33.3596 49.7362 10.3
      vertex 33.3596 49.7362 3.8147e-07
    endloop
  endfacet
  facet normal 0.481751 -0.876308 0
    outer loop
      vertex 32.3516 38.1903 3.8147e-07
      vertex 32.5717 38.3113 10.3
      vertex 32.3516 38.1903 10.3
    endloop
  endfacet
  facet normal 0.481751 -0.876308 0
    outer loop
      vertex 32.5717 38.3113 10.3
      vertex 32.3516 38.1903 3.8147e-07
      vertex 32.5717 38.3113 3.8147e-07
    endloop
  endfacet
  facet normal 0.844333 0.535819 0
    outer loop
      vertex 33.2526 49.9635 10.3
      vertex 33.118 50.1756 3.8147e-07
      vertex 33.118 50.1756 10.3
    endloop
  endfacet
  facet normal 0.844333 0.535819 0
    outer loop
      vertex 33.118 50.1756 3.8147e-07
      vertex 33.2526 49.9635 10.3
      vertex 33.2526 49.9635 3.8147e-07
    endloop
  endfacet
  facet normal -0.125407 0.992105 0
    outer loop
      vertex 16.1744 26.9961 3.8147e-07
      vertex 15.9252 26.9646 10.3
      vertex 16.1744 26.9961 10.3
    endloop
  endfacet
  facet normal -0.125407 0.992105 0
    outer loop
      vertex 15.9252 26.9646 10.3
      vertex 16.1744 26.9961 3.8147e-07
      vertex 15.9252 26.9646 3.8147e-07
    endloop
  endfacet
  facet normal -0.99802 -0.0628987 0
    outer loop
      vertex 14.3158 21.7493 3.8147e-07
      vertex 14.3 22 10.3
      vertex 14.3 22 3.8147e-07
    endloop
  endfacet
  facet normal -0.99802 -0.0628987 0
    outer loop
      vertex 14.3 22 10.3
      vertex 14.3158 21.7493 3.8147e-07
      vertex 14.3158 21.7493 10.3
    endloop
  endfacet
  facet normal 0 -1 0
    outer loop
      vertex 28.9125 20.0039 3.8147e-07
      vertex 31.6256 20.0039 10.3
      vertex 28.9125 20.0039 10.3
    endloop
  endfacet
  facet normal 0 -1 -0
    outer loop
      vertex 31.6256 20.0039 10.3
      vertex 28.9125 20.0039 3.8147e-07
      vertex 31.6256 20.0039 3.8147e-07
    endloop
  endfacet
  facet normal 0 -1 0
    outer loop
      vertex 22.3744 20.0039 0
      vertex 26.6256 20.0039 3.8147e-07
      vertex 22.3744 20.0039 3.8147e-07
    endloop
  endfacet
  facet normal 0 -1 -0
    outer loop
      vertex 26.6256 20.0039 3.8147e-07
      vertex 22.3744 20.0039 0
      vertex 26.6256 20.0039 0
    endloop
  endfacet
  facet normal 0 -1 0
    outer loop
      vertex 22.3744 20.0039 3.8147e-07
      vertex 22.3744 20.0039 10.3
      vertex 16.1744 20.0039 10.3
    endloop
  endfacet
  facet normal 0 -1 0
    outer loop
      vertex 22.3744 20.0039 10.3
      vertex 22.3744 20.0039 3.8147e-07
      vertex 26.6256 20.0039 10.3
    endloop
  endfacet
  facet normal 0 -1 0
    outer loop
      vertex 22.3744 20.0039 3.8147e-07
      vertex 16.1744 20.0039 10.3
      vertex 16.1744 20.0039 3.8147e-07
    endloop
  endfacet
  facet normal 0 -1 0
    outer loop
      vertex 26.6256 20.0039 3.8147e-07
      vertex 26.6256 20.0039 10.3
      vertex 22.3744 20.0039 3.8147e-07
    endloop
  endfacet
  facet normal 0 -1 0
    outer loop
      vertex 26.6256 20.0039 10.3
      vertex 26.6256 20.0039 3.8147e-07
      vertex 27.0875 20.0039 10.3
    endloop
  endfacet
  facet normal 0 -1 -0
    outer loop
      vertex 27.0875 20.0039 10.3
      vertex 26.6256 20.0039 3.8147e-07
      vertex 27.0875 20.0039 3.8147e-07
    endloop
  endfacet
  facet normal 0 1 -0
    outer loop
      vertex 20.5 26.9961 3.8147e-07
      vertex 16.1744 26.9961 10.3
      vertex 20.5 26.9961 10.3
    endloop
  endfacet
  facet normal 0 1 0
    outer loop
      vertex 16.1744 26.9961 10.3
      vertex 20.5 26.9961 3.8147e-07
      vertex 16.1744 26.9961 3.8147e-07
    endloop
  endfacet
  facet normal 0 0 1
    outer loop
      vertex 30.3266 29.6624 10.3
      vertex 33.5 31 10.3
      vertex 33.4842 31.2507 10.3
    endloop
  endfacet
  facet normal 0 0 1
    outer loop
      vertex 33.5 31 10.3
      vertex 31.65 26.85 10.3
      vertex 33.5 22 10.3
    endloop
  endfacet
  facet normal 0 0 1
    outer loop
      vertex 30.3266 29.6624 10.3
      vertex 33.4842 31.2507 10.3
      vertex 33.4372 31.4974 10.3
    endloop
  endfacet
  facet normal -0 0 1
    outer loop
      vertex 31.6212 26.3925 10.3
      vertex 33.5 22 10.3
      vertex 31.65 26.85 10.3
    endloop
  endfacet
  facet normal 0 0 1
    outer loop
      vertex 30.3266 29.6624 10.3
      vertex 33.4372 31.4974 10.3
      vertex 33.3596 31.7362 10.3
    endloop
  endfacet
  facet normal -0 0 1
    outer loop
      vertex 31.5353 25.9423 10.3
      vertex 33.5 22 10.3
      vertex 31.6212 26.3925 10.3
    endloop
  endfacet
  facet normal 0 0 1
    outer loop
      vertex 30.3266 29.6624 10.3
      vertex 33.3596 31.7362 10.3
      vertex 33.2526 31.9635 10.3
    endloop
  endfacet
  facet normal -0 0 1
    outer loop
      vertex 31.3937 25.5063 10.3
      vertex 33.5 22 10.3
      vertex 31.5353 25.9423 10.3
    endloop
  endfacet
  facet normal 0 0 1
    outer loop
      vertex 30.3266 29.6624 10.3
      vertex 33.2526 31.9635 10.3
      vertex 33.118 32.1756 10.3
    endloop
  endfacet
  facet normal -0 0 1
    outer loop
      vertex 31.1985 25.0916 10.3
      vertex 33.5 22 10.3
      vertex 31.3937 25.5063 10.3
    endloop
  endfacet
  facet normal 0 0 1
    outer loop
      vertex 30.3266 29.6624 10.3
      vertex 33.118 32.1756 10.3
      vertex 32.9579 32.3691 10.3
    endloop
  endfacet
  facet normal -0 0 1
    outer loop
      vertex 30.9529 24.7046 10.3
      vertex 33.5 22 10.3
      vertex 31.1985 25.0916 10.3
    endloop
  endfacet
  facet normal 0 0 1
    outer loop
      vertex 30.3266 29.6624 10.3
      vertex 32.9579 32.3691 10.3
      vertex 32.7748 32.541 10.3
    endloop
  endfacet
  facet normal -0 0 1
    outer loop
      vertex 30.6607 24.3514 10.3
      vertex 33.5 22 10.3
      vertex 30.9529 24.7046 10.3
    endloop
  endfacet
  facet normal 0 0 1
    outer loop
      vertex 30.3266 29.6624 10.3
      vertex 32.7748 32.541 10.3
      vertex 32.5717 32.6887 10.3
    endloop
  endfacet
  facet normal -0 0 1
    outer loop
      vertex 30.3266 24.0376 10.3
      vertex 33.5 22 10.3
      vertex 30.6607 24.3514 10.3
    endloop
  endfacet
  facet normal 0 0 1
    outer loop
      vertex 30.3266 29.6624 10.3
      vertex 32.5717 32.6887 10.3
      vertex 32.3516 32.8097 10.3
    endloop
  endfacet
  facet normal -0 0 1
    outer loop
      vertex 29.9558 23.7682 10.3
      vertex 33.5 22 10.3
      vertex 30.3266 24.0376 10.3
    endloop
  endfacet
  facet normal 0 0 1
    outer loop
      vertex 30.3266 29.6624 10.3
      vertex 32.3516 32.8097 10.3
      vertex 32.118 32.9021 10.3
    endloop
  endfacet
  facet normal 0 -0 1
    outer loop
      vertex 31.6256 20.0039 10.3
      vertex 33.5 22 10.3
      vertex 29.9558 23.7682 10.3
    endloop
  endfacet
  facet normal 0 0 1
    outer loop
      vertex 30.3266 29.6624 10.3
      vertex 32.118 32.9021 10.3
      vertex 31.8748 32.9646 10.3
    endloop
  endfacet
  facet normal 0 0 1
    outer loop
      vertex 33.5 22 10.3
      vertex 31.6256 20.0039 10.3
      vertex 33.4842 21.7493 10.3
    endloop
  endfacet
  facet normal 0 0 1
    outer loop
      vertex 33.4372 21.5026 10.3
      vertex 31.6256 20.0039 10.3
      vertex 33.3596 21.2638 10.3
    endloop
  endfacet
  facet normal 0 0 1
    outer loop
      vertex 30.3266 29.6624 10.3
      vertex 31.8748 32.9646 10.3
      vertex 31.6256 32.9961 10.3
    endloop
  endfacet
  facet normal 0 0 1
    outer loop
      vertex 33.5 31 10.3
      vertex 31.6212 27.3075 10.3
      vertex 31.65 26.85 10.3
    endloop
  endfacet
  facet normal 0 0 1
    outer loop
      vertex 33.5 31 10.3
      vertex 31.5353 27.7577 10.3
      vertex 31.6212 27.3075 10.3
    endloop
  endfacet
  facet normal 0 0 1
    outer loop
      vertex 33.5 31 10.3
      vertex 31.3937 28.1937 10.3
      vertex 31.5353 27.7577 10.3
    endloop
  endfacet
  facet normal 0 0 1
    outer loop
      vertex 33.5 31 10.3
      vertex 31.1985 28.6084 10.3
      vertex 31.3937 28.1937 10.3
    endloop
  endfacet
  facet normal 0 0 1
    outer loop
      vertex 33.5 31 10.3
      vertex 30.9529 28.9954 10.3
      vertex 31.1985 28.6084 10.3
    endloop
  endfacet
  facet normal 0 0 1
    outer loop
      vertex 33.5 31 10.3
      vertex 30.6607 29.3486 10.3
      vertex 30.9529 28.9954 10.3
    endloop
  endfacet
  facet normal 0 0 1
    outer loop
      vertex 33.5 31 10.3
      vertex 30.3266 29.6624 10.3
      vertex 30.6607 29.3486 10.3
    endloop
  endfacet
  facet normal 0 0 1
    outer loop
      vertex 31.6256 32.9961 10.3
      vertex 29.9558 29.9318 10.3
      vertex 30.3266 29.6624 10.3
    endloop
  endfacet
  facet normal 0 0 1
    outer loop
      vertex 31.6256 32.9961 10.3
      vertex 29.5541 30.1526 10.3
      vertex 29.9558 29.9318 10.3
    endloop
  endfacet
  facet normal -0 0 1
    outer loop
      vertex 28.5 32.9961 10.3
      vertex 29.5541 30.1526 10.3
      vertex 31.6256 32.9961 10.3
    endloop
  endfacet
  facet normal 0 0 1
    outer loop
      vertex 29.5541 30.1526 10.3
      vertex 28.5 32.9961 10.3
      vertex 29.1279 30.3214 10.3
    endloop
  endfacet
  facet normal 0 0 1
    outer loop
      vertex 29.1279 30.3214 10.3
      vertex 28.5 32.9961 10.3
      vertex 28.6839 30.4353 10.3
    endloop
  endfacet
  facet normal 0 0 1
    outer loop
      vertex 28.6839 30.4353 10.3
      vertex 28.5 32.9961 10.3
      vertex 28.5 30.4586 10.3
    endloop
  endfacet
  facet normal 0 0 1
    outer loop
      vertex 33.3596 21.2638 10.3
      vertex 31.6256 20.0039 10.3
      vertex 33.2526 21.0365 10.3
    endloop
  endfacet
  facet normal 0 0 1
    outer loop
      vertex 33.2526 21.0365 10.3
      vertex 31.6256 20.0039 10.3
      vertex 33.118 20.8244 10.3
    endloop
  endfacet
  facet normal 0 0 1
    outer loop
      vertex 33.118 20.8244 10.3
      vertex 31.6256 20.0039 10.3
      vertex 32.9579 20.6309 10.3
    endloop
  endfacet
  facet normal 0 0 1
    outer loop
      vertex 32.9579 20.6309 10.3
      vertex 31.6256 20.0039 10.3
      vertex 32.7748 20.459 10.3
    endloop
  endfacet
  facet normal 0 0 1
    outer loop
      vertex 32.7748 20.459 10.3
      vertex 31.6256 20.0039 10.3
      vertex 32.5717 20.3113 10.3
    endloop
  endfacet
  facet normal 0 0 1
    outer loop
      vertex 32.5717 20.3113 10.3
      vertex 31.6256 20.0039 10.3
      vertex 32.3516 20.1903 10.3
    endloop
  endfacet
  facet normal 0 0 1
    outer loop
      vertex 32.3516 20.1903 10.3
      vertex 31.6256 20.0039 10.3
      vertex 32.118 20.0979 10.3
    endloop
  endfacet
  facet normal 0 0 1
    outer loop
      vertex 32.118 20.0979 10.3
      vertex 31.6256 20.0039 10.3
      vertex 31.8748 20.0354 10.3
    endloop
  endfacet
  facet normal 0 0 1
    outer loop
      vertex 33.4842 21.7493 10.3
      vertex 31.6256 20.0039 10.3
      vertex 33.4372 21.5026 10.3
    endloop
  endfacet
  facet normal -0 0 1
    outer loop
      vertex 29.5541 23.5474 10.3
      vertex 31.6256 20.0039 10.3
      vertex 29.9558 23.7682 10.3
    endloop
  endfacet
  facet normal 0 0 1
    outer loop
      vertex 28.9125 20.0039 10.3
      vertex 29.5541 23.5474 10.3
      vertex 29.1279 23.3786 10.3
    endloop
  endfacet
  facet normal 0 0 1
    outer loop
      vertex 28.9125 20.0039 10.3
      vertex 29.1279 23.3786 10.3
      vertex 28.9125 23.3233 10.3
    endloop
  endfacet
  facet normal 0 0 1
    outer loop
      vertex 29.5541 23.5474 10.3
      vertex 28.9125 20.0039 10.3
      vertex 31.6256 20.0039 10.3
    endloop
  endfacet
  facet normal 0 0 1
    outer loop
      vertex 20.5 26.9961 10.3
      vertex 16.1744 26.9961 10.3
      vertex 20.5 22 10.3
    endloop
  endfacet
  facet normal -0 0 1
    outer loop
      vertex 14.3 25 10.3
      vertex 20.5 22 10.3
      vertex 16.1744 26.9961 10.3
    endloop
  endfacet
  facet normal 0 0 1
    outer loop
      vertex 14.3 22 10.3
      vertex 20.5 22 10.3
      vertex 14.3 25 10.3
    endloop
  endfacet
  facet normal 0 -0 1
    outer loop
      vertex 16.1744 20.0039 10.3
      vertex 20.5 22 10.3
      vertex 14.3 22 10.3
    endloop
  endfacet
  facet normal 0 0 1
    outer loop
      vertex 20.5 22 10.3
      vertex 16.1744 20.0039 10.3
      vertex 20.5158 21.7493 10.3
    endloop
  endfacet
  facet normal 0 0 1
    outer loop
      vertex 20.5158 21.7493 10.3
      vertex 16.1744 20.0039 10.3
      vertex 20.5628 21.5026 10.3
    endloop
  endfacet
  facet normal 0 0 1
    outer loop
      vertex 22.1252 20.0354 10.3
      vertex 16.1744 20.0039 10.3
      vertex 22.3744 20.0039 10.3
    endloop
  endfacet
  facet normal 0 0 1
    outer loop
      vertex 21.882 20.0979 10.3
      vertex 16.1744 20.0039 10.3
      vertex 22.1252 20.0354 10.3
    endloop
  endfacet
  facet normal 0 0 1
    outer loop
      vertex 21.6484 20.1903 10.3
      vertex 16.1744 20.0039 10.3
      vertex 21.882 20.0979 10.3
    endloop
  endfacet
  facet normal 0 0 1
    outer loop
      vertex 21.4283 20.3113 10.3
      vertex 16.1744 20.0039 10.3
      vertex 21.6484 20.1903 10.3
    endloop
  endfacet
  facet normal 0 0 1
    outer loop
      vertex 21.2252 20.459 10.3
      vertex 16.1744 20.0039 10.3
      vertex 21.4283 20.3113 10.3
    endloop
  endfacet
  facet normal 0 0 1
    outer loop
      vertex 21.0421 20.6309 10.3
      vertex 16.1744 20.0039 10.3
      vertex 21.2252 20.459 10.3
    endloop
  endfacet
  facet normal 0 0 1
    outer loop
      vertex 20.882 20.8244 10.3
      vertex 16.1744 20.0039 10.3
      vertex 21.0421 20.6309 10.3
    endloop
  endfacet
  facet normal 0 0 1
    outer loop
      vertex 20.7474 21.0365 10.3
      vertex 16.1744 20.0039 10.3
      vertex 20.882 20.8244 10.3
    endloop
  endfacet
  facet normal 0 0 1
    outer loop
      vertex 14.3 25 10.3
      vertex 16.1744 26.9961 10.3
      vertex 15.9252 26.9646 10.3
    endloop
  endfacet
  facet normal 0 0 1
    outer loop
      vertex 20.5628 21.5026 10.3
      vertex 16.1744 20.0039 10.3
      vertex 20.6404 21.2638 10.3
    endloop
  endfacet
  facet normal 0 0 1
    outer loop
      vertex 14.3 25 10.3
      vertex 15.9252 26.9646 10.3
      vertex 15.682 26.9021 10.3
    endloop
  endfacet
  facet normal 0 0 1
    outer loop
      vertex 20.6404 21.2638 10.3
      vertex 16.1744 20.0039 10.3
      vertex 20.7474 21.0365 10.3
    endloop
  endfacet
  facet normal 0 0 1
    outer loop
      vertex 14.3 25 10.3
      vertex 15.682 26.9021 10.3
      vertex 15.4484 26.8097 10.3
    endloop
  endfacet
  facet normal 0 0 1
    outer loop
      vertex 16.1744 20.0039 10.3
      vertex 14.3 22 10.3
      vertex 15.9252 20.0354 10.3
    endloop
  endfacet
  facet normal 0 0 1
    outer loop
      vertex 14.3 25 10.3
      vertex 15.4484 26.8097 10.3
      vertex 15.2283 26.6887 10.3
    endloop
  endfacet
  facet normal 0 0 1
    outer loop
      vertex 15.9252 20.0354 10.3
      vertex 14.3 22 10.3
      vertex 15.682 20.0979 10.3
    endloop
  endfacet
  facet normal 0 0 1
    outer loop
      vertex 14.3 25 10.3
      vertex 15.2283 26.6887 10.3
      vertex 15.0252 26.541 10.3
    endloop
  endfacet
  facet normal 0 0 1
    outer loop
      vertex 15.682 20.0979 10.3
      vertex 14.3 22 10.3
      vertex 15.4484 20.1903 10.3
    endloop
  endfacet
  facet normal 0 0 1
    outer loop
      vertex 14.3 25 10.3
      vertex 15.0252 26.541 10.3
      vertex 14.8421 26.3691 10.3
    endloop
  endfacet
  facet normal 0 0 1
    outer loop
      vertex 15.4484 20.1903 10.3
      vertex 14.3 22 10.3
      vertex 15.2283 20.3113 10.3
    endloop
  endfacet
  facet normal 0 0 1
    outer loop
      vertex 14.3 25 10.3
      vertex 14.8421 26.3691 10.3
      vertex 14.682 26.1756 10.3
    endloop
  endfacet
  facet normal 0 0 1
    outer loop
      vertex 15.2283 20.3113 10.3
      vertex 14.3 22 10.3
      vertex 15.0252 20.459 10.3
    endloop
  endfacet
  facet normal 0 0 1
    outer loop
      vertex 14.3 25 10.3
      vertex 14.682 26.1756 10.3
      vertex 14.5474 25.9635 10.3
    endloop
  endfacet
  facet normal 0 0 1
    outer loop
      vertex 15.0252 20.459 10.3
      vertex 14.3 22 10.3
      vertex 14.8421 20.6309 10.3
    endloop
  endfacet
  facet normal 0 0 1
    outer loop
      vertex 14.3 25 10.3
      vertex 14.5474 25.9635 10.3
      vertex 14.4404 25.7362 10.3
    endloop
  endfacet
  facet normal 0 0 1
    outer loop
      vertex 14.8421 20.6309 10.3
      vertex 14.3 22 10.3
      vertex 14.682 20.8244 10.3
    endloop
  endfacet
  facet normal 0 0 1
    outer loop
      vertex 14.3 25 10.3
      vertex 14.4404 25.7362 10.3
      vertex 14.3628 25.4974 10.3
    endloop
  endfacet
  facet normal 0 0 1
    outer loop
      vertex 14.682 20.8244 10.3
      vertex 14.3 22 10.3
      vertex 14.5474 21.0365 10.3
    endloop
  endfacet
  facet normal 0 0 1
    outer loop
      vertex 14.3 25 10.3
      vertex 14.3628 25.4974 10.3
      vertex 14.3158 25.2507 10.3
    endloop
  endfacet
  facet normal 0 0 1
    outer loop
      vertex 14.5474 21.0365 10.3
      vertex 14.3 22 10.3
      vertex 14.4404 21.2638 10.3
    endloop
  endfacet
  facet normal 0 0 1
    outer loop
      vertex 14.4404 21.2638 10.3
      vertex 14.3 22 10.3
      vertex 14.3628 21.5026 10.3
    endloop
  endfacet
  facet normal 0 0 1
    outer loop
      vertex 14.3628 21.5026 10.3
      vertex 14.3 22 10.3
      vertex 14.3158 21.7493 10.3
    endloop
  endfacet
  facet normal -0 0 1
    outer loop
      vertex 26.8748 20.0354 10.3
      vertex 27.0875 20.0039 10.3
      vertex 27.0875 20.09 10.3
    endloop
  endfacet
  facet normal 0 0 1
    outer loop
      vertex 27.0875 20.0039 10.3
      vertex 26.8748 20.0354 10.3
      vertex 26.6256 20.0039 10.3
    endloop
  endfacet
  facet normal -1 0 0
    outer loop
      vertex 14.3 22 3.8147e-07
      vertex 14.3 25 10.3
      vertex 14.3 25 3.8147e-07
    endloop
  endfacet
  facet normal -1 -0 0
    outer loop
      vertex 14.3 25 10.3
      vertex 14.3 22 3.8147e-07
      vertex 14.3 22 10.3
    endloop
  endfacet
  facet normal 0 0 -1
    outer loop
      vertex 31.6256 20.0039 3.8147e-07
      vertex 33.5 22 3.8147e-07
      vertex 33.4842 21.7493 3.8147e-07
    endloop
  endfacet
  facet normal 0 0 -1
    outer loop
      vertex 33.5 22 3.8147e-07
      vertex 31.65 26.85 3.8147e-07
      vertex 33.5 31 3.8147e-07
    endloop
  endfacet
  facet normal 0 0 -1
    outer loop
      vertex 31.6256 20.0039 3.8147e-07
      vertex 33.4842 21.7493 3.8147e-07
      vertex 33.4372 21.5026 3.8147e-07
    endloop
  endfacet
  facet normal 0 0 -1
    outer loop
      vertex 31.6212 27.3075 3.8147e-07
      vertex 33.5 31 3.8147e-07
      vertex 31.65 26.85 3.8147e-07
    endloop
  endfacet
  facet normal 0 0 -1
    outer loop
      vertex 31.6256 20.0039 3.8147e-07
      vertex 33.4372 21.5026 3.8147e-07
      vertex 33.3596 21.2638 3.8147e-07
    endloop
  endfacet
  facet normal 0 0 -1
    outer loop
      vertex 31.5353 27.7577 3.8147e-07
      vertex 33.5 31 3.8147e-07
      vertex 31.6212 27.3075 3.8147e-07
    endloop
  endfacet
  facet normal 0 0 -1
    outer loop
      vertex 31.6256 20.0039 3.8147e-07
      vertex 33.3596 21.2638 3.8147e-07
      vertex 33.2526 21.0365 3.8147e-07
    endloop
  endfacet
  facet normal 0 0 -1
    outer loop
      vertex 31.3937 28.1937 3.8147e-07
      vertex 33.5 31 3.8147e-07
      vertex 31.5353 27.7577 3.8147e-07
    endloop
  endfacet
  facet normal 0 0 -1
    outer loop
      vertex 31.6256 20.0039 3.8147e-07
      vertex 33.2526 21.0365 3.8147e-07
      vertex 33.118 20.8244 3.8147e-07
    endloop
  endfacet
  facet normal 0 0 -1
    outer loop
      vertex 31.1985 28.6084 3.8147e-07
      vertex 33.5 31 3.8147e-07
      vertex 31.3937 28.1937 3.8147e-07
    endloop
  endfacet
  facet normal 0 0 -1
    outer loop
      vertex 31.6256 20.0039 3.8147e-07
      vertex 33.118 20.8244 3.8147e-07
      vertex 32.9579 20.6309 3.8147e-07
    endloop
  endfacet
  facet normal 0 0 -1
    outer loop
      vertex 30.9529 28.9954 3.8147e-07
      vertex 33.5 31 3.8147e-07
      vertex 31.1985 28.6084 3.8147e-07
    endloop
  endfacet
  facet normal 0 0 -1
    outer loop
      vertex 31.6256 20.0039 3.8147e-07
      vertex 32.9579 20.6309 3.8147e-07
      vertex 32.7748 20.459 3.8147e-07
    endloop
  endfacet
  facet normal 0 0 -1
    outer loop
      vertex 30.6607 29.3486 3.8147e-07
      vertex 33.5 31 3.8147e-07
      vertex 30.9529 28.9954 3.8147e-07
    endloop
  endfacet
  facet normal 0 0 -1
    outer loop
      vertex 31.6256 20.0039 3.8147e-07
      vertex 32.7748 20.459 3.8147e-07
      vertex 32.5717 20.3113 3.8147e-07
    endloop
  endfacet
  facet normal 0 0 -1
    outer loop
      vertex 30.3266 29.6624 3.8147e-07
      vertex 33.5 31 3.8147e-07
      vertex 30.6607 29.3486 3.8147e-07
    endloop
  endfacet
  facet normal 0 0 -1
    outer loop
      vertex 31.6256 20.0039 3.8147e-07
      vertex 32.5717 20.3113 3.8147e-07
      vertex 32.3516 20.1903 3.8147e-07
    endloop
  endfacet
  facet normal -0 0 -1
    outer loop
      vertex 33.5 31 3.8147e-07
      vertex 30.3266 29.6624 3.8147e-07
      vertex 33.4842 31.2507 3.8147e-07
    endloop
  endfacet
  facet normal 0 0 -1
    outer loop
      vertex 31.6256 20.0039 3.8147e-07
      vertex 32.3516 20.1903 3.8147e-07
      vertex 32.118 20.0979 3.8147e-07
    endloop
  endfacet
  facet normal -0 0 -1
    outer loop
      vertex 33.4842 31.2507 3.8147e-07
      vertex 30.3266 29.6624 3.8147e-07
      vertex 33.4372 31.4974 3.8147e-07
    endloop
  endfacet
  facet normal 0 0 -1
    outer loop
      vertex 31.6256 20.0039 3.8147e-07
      vertex 32.118 20.0979 3.8147e-07
      vertex 31.8748 20.0354 3.8147e-07
    endloop
  endfacet
  facet normal -0 0 -1
    outer loop
      vertex 33.4372 31.4974 3.8147e-07
      vertex 30.3266 29.6624 3.8147e-07
      vertex 33.3596 31.7362 3.8147e-07
    endloop
  endfacet
  facet normal -0 0 -1
    outer loop
      vertex 33.3596 31.7362 3.8147e-07
      vertex 30.3266 29.6624 3.8147e-07
      vertex 33.2526 31.9635 3.8147e-07
    endloop
  endfacet
  facet normal -0 0 -1
    outer loop
      vertex 33.5 22 3.8147e-07
      vertex 31.6256 20.0039 3.8147e-07
      vertex 29.9558 23.7682 3.8147e-07
    endloop
  endfacet
  facet normal 0 0 -1
    outer loop
      vertex 33.5 22 3.8147e-07
      vertex 31.6212 26.3925 3.8147e-07
      vertex 31.65 26.85 3.8147e-07
    endloop
  endfacet
  facet normal 0 0 -1
    outer loop
      vertex 33.5 22 3.8147e-07
      vertex 31.5353 25.9423 3.8147e-07
      vertex 31.6212 26.3925 3.8147e-07
    endloop
  endfacet
  facet normal 0 0 -1
    outer loop
      vertex 33.5 22 3.8147e-07
      vertex 31.3937 25.5063 3.8147e-07
      vertex 31.5353 25.9423 3.8147e-07
    endloop
  endfacet
  facet normal 0 0 -1
    outer loop
      vertex 33.5 22 3.8147e-07
      vertex 31.1985 25.0916 3.8147e-07
      vertex 31.3937 25.5063 3.8147e-07
    endloop
  endfacet
  facet normal 0 0 -1
    outer loop
      vertex 33.5 22 3.8147e-07
      vertex 30.9529 24.7046 3.8147e-07
      vertex 31.1985 25.0916 3.8147e-07
    endloop
  endfacet
  facet normal 0 0 -1
    outer loop
      vertex 33.5 22 3.8147e-07
      vertex 30.6607 24.3514 3.8147e-07
      vertex 30.9529 24.7046 3.8147e-07
    endloop
  endfacet
  facet normal 0 0 -1
    outer loop
      vertex 33.5 22 3.8147e-07
      vertex 30.3266 24.0376 3.8147e-07
      vertex 30.6607 24.3514 3.8147e-07
    endloop
  endfacet
  facet normal 0 0 -1
    outer loop
      vertex 33.5 22 3.8147e-07
      vertex 29.9558 23.7682 3.8147e-07
      vertex 30.3266 24.0376 3.8147e-07
    endloop
  endfacet
  facet normal 0 0 -1
    outer loop
      vertex 31.6256 20.0039 3.8147e-07
      vertex 29.5541 23.5474 3.8147e-07
      vertex 29.9558 23.7682 3.8147e-07
    endloop
  endfacet
  facet normal 0 0 -1
    outer loop
      vertex 28.9125 20.0039 3.8147e-07
      vertex 29.5541 23.5474 3.8147e-07
      vertex 31.6256 20.0039 3.8147e-07
    endloop
  endfacet
  facet normal 0 0 -1
    outer loop
      vertex 29.5541 23.5474 3.8147e-07
      vertex 28.9125 20.0039 3.8147e-07
      vertex 29.1279 23.3786 3.8147e-07
    endloop
  endfacet
  facet normal 0 0 -1
    outer loop
      vertex 29.1279 23.3786 3.8147e-07
      vertex 28.9125 20.0039 3.8147e-07
      vertex 28.9125 23.3233 3.8147e-07
    endloop
  endfacet
  facet normal -0 0 -1
    outer loop
      vertex 33.2526 31.9635 3.8147e-07
      vertex 30.3266 29.6624 3.8147e-07
      vertex 33.118 32.1756 3.8147e-07
    endloop
  endfacet
  facet normal -0 0 -1
    outer loop
      vertex 33.118 32.1756 3.8147e-07
      vertex 30.3266 29.6624 3.8147e-07
      vertex 32.9579 32.3691 3.8147e-07
    endloop
  endfacet
  facet normal -0 0 -1
    outer loop
      vertex 32.9579 32.3691 3.8147e-07
      vertex 30.3266 29.6624 3.8147e-07
      vertex 32.7748 32.541 3.8147e-07
    endloop
  endfacet
  facet normal -0 0 -1
    outer loop
      vertex 32.7748 32.541 3.8147e-07
      vertex 30.3266 29.6624 3.8147e-07
      vertex 32.5717 32.6887 3.8147e-07
    endloop
  endfacet
  facet normal -0 0 -1
    outer loop
      vertex 32.5717 32.6887 3.8147e-07
      vertex 30.3266 29.6624 3.8147e-07
      vertex 32.3516 32.8097 3.8147e-07
    endloop
  endfacet
  facet normal -0 0 -1
    outer loop
      vertex 32.3516 32.8097 3.8147e-07
      vertex 30.3266 29.6624 3.8147e-07
      vertex 32.118 32.9021 3.8147e-07
    endloop
  endfacet
  facet normal -0 0 -1
    outer loop
      vertex 32.118 32.9021 3.8147e-07
      vertex 30.3266 29.6624 3.8147e-07
      vertex 31.8748 32.9646 3.8147e-07
    endloop
  endfacet
  facet normal -0 0 -1
    outer loop
      vertex 31.8748 32.9646 3.8147e-07
      vertex 30.3266 29.6624 3.8147e-07
      vertex 31.6256 32.9961 3.8147e-07
    endloop
  endfacet
  facet normal 0 0 -1
    outer loop
      vertex 29.9558 29.9318 3.8147e-07
      vertex 31.6256 32.9961 3.8147e-07
      vertex 30.3266 29.6624 3.8147e-07
    endloop
  endfacet
  facet normal 0 0 -1
    outer loop
      vertex 29.5541 30.1526 3.8147e-07
      vertex 31.6256 32.9961 3.8147e-07
      vertex 29.9558 29.9318 3.8147e-07
    endloop
  endfacet
  facet normal 0 0 -1
    outer loop
      vertex 28.5 32.9961 3.8147e-07
      vertex 29.5541 30.1526 3.8147e-07
      vertex 29.1279 30.3214 3.8147e-07
    endloop
  endfacet
  facet normal 0 0 -1
    outer loop
      vertex 28.5 32.9961 3.8147e-07
      vertex 29.1279 30.3214 3.8147e-07
      vertex 28.6839 30.4353 3.8147e-07
    endloop
  endfacet
  facet normal 0 0 -1
    outer loop
      vertex 28.5 32.9961 3.8147e-07
      vertex 28.6839 30.4353 3.8147e-07
      vertex 28.5 30.4586 3.8147e-07
    endloop
  endfacet
  facet normal 0 0 -1
    outer loop
      vertex 29.5541 30.1526 3.8147e-07
      vertex 28.5 32.9961 3.8147e-07
      vertex 31.6256 32.9961 3.8147e-07
    endloop
  endfacet
  facet normal 0 0 -1
    outer loop
      vertex 16.1744 20.0039 3.8147e-07
      vertex 22.1252 20.0354 3.8147e-07
      vertex 22.3744 20.0039 3.8147e-07
    endloop
  endfacet
  facet normal 0 0 -1
    outer loop
      vertex 16.1744 20.0039 3.8147e-07
      vertex 21.882 20.0979 3.8147e-07
      vertex 22.1252 20.0354 3.8147e-07
    endloop
  endfacet
  facet normal 0 0 -1
    outer loop
      vertex 16.1744 20.0039 3.8147e-07
      vertex 21.6484 20.1903 3.8147e-07
      vertex 21.882 20.0979 3.8147e-07
    endloop
  endfacet
  facet normal 0 0 -1
    outer loop
      vertex 16.1744 20.0039 3.8147e-07
      vertex 21.4283 20.3113 3.8147e-07
      vertex 21.6484 20.1903 3.8147e-07
    endloop
  endfacet
  facet normal 0 0 -1
    outer loop
      vertex 16.1744 20.0039 3.8147e-07
      vertex 21.2252 20.459 3.8147e-07
      vertex 21.4283 20.3113 3.8147e-07
    endloop
  endfacet
  facet normal 0 0 -1
    outer loop
      vertex 16.1744 20.0039 3.8147e-07
      vertex 21.0421 20.6309 3.8147e-07
      vertex 21.2252 20.459 3.8147e-07
    endloop
  endfacet
  facet normal 0 0 -1
    outer loop
      vertex 16.1744 20.0039 3.8147e-07
      vertex 20.882 20.8244 3.8147e-07
      vertex 21.0421 20.6309 3.8147e-07
    endloop
  endfacet
  facet normal 0 0 -1
    outer loop
      vertex 16.1744 20.0039 3.8147e-07
      vertex 20.7474 21.0365 3.8147e-07
      vertex 20.882 20.8244 3.8147e-07
    endloop
  endfacet
  facet normal 0 0 -1
    outer loop
      vertex 16.1744 20.0039 3.8147e-07
      vertex 20.6404 21.2638 3.8147e-07
      vertex 20.7474 21.0365 3.8147e-07
    endloop
  endfacet
  facet normal 0 0 -1
    outer loop
      vertex 16.1744 20.0039 3.8147e-07
      vertex 20.5628 21.5026 3.8147e-07
      vertex 20.6404 21.2638 3.8147e-07
    endloop
  endfacet
  facet normal 0 0 -1
    outer loop
      vertex 16.1744 20.0039 3.8147e-07
      vertex 20.5158 21.7493 3.8147e-07
      vertex 20.5628 21.5026 3.8147e-07
    endloop
  endfacet
  facet normal 0 0 -1
    outer loop
      vertex 16.1744 20.0039 3.8147e-07
      vertex 20.5 22 3.8147e-07
      vertex 20.5158 21.7493 3.8147e-07
    endloop
  endfacet
  facet normal 0 0 -1
    outer loop
      vertex 14.3 22 3.8147e-07
      vertex 20.5 22 3.8147e-07
      vertex 16.1744 20.0039 3.8147e-07
    endloop
  endfacet
  facet normal 0 0 -1
    outer loop
      vertex 20.5 22 3.8147e-07
      vertex 16.1744 26.9961 3.8147e-07
      vertex 20.5 26.9961 3.8147e-07
    endloop
  endfacet
  facet normal 0 0 -1
    outer loop
      vertex 14.3 22 3.8147e-07
      vertex 16.1744 20.0039 3.8147e-07
      vertex 15.9252 20.0354 3.8147e-07
    endloop
  endfacet
  facet normal 0 0 -1
    outer loop
      vertex 14.3 25 3.8147e-07
      vertex 20.5 22 3.8147e-07
      vertex 14.3 22 3.8147e-07
    endloop
  endfacet
  facet normal 0 0 -1
    outer loop
      vertex 14.3 22 3.8147e-07
      vertex 15.9252 20.0354 3.8147e-07
      vertex 15.682 20.0979 3.8147e-07
    endloop
  endfacet
  facet normal 0 0 -1
    outer loop
      vertex 20.5 22 3.8147e-07
      vertex 14.3 25 3.8147e-07
      vertex 16.1744 26.9961 3.8147e-07
    endloop
  endfacet
  facet normal 0 0 -1
    outer loop
      vertex 14.3 22 3.8147e-07
      vertex 15.682 20.0979 3.8147e-07
      vertex 15.4484 20.1903 3.8147e-07
    endloop
  endfacet
  facet normal 0 0 -1
    outer loop
      vertex 16.1744 26.9961 3.8147e-07
      vertex 14.3 25 3.8147e-07
      vertex 15.9252 26.9646 3.8147e-07
    endloop
  endfacet
  facet normal 0 0 -1
    outer loop
      vertex 14.3 22 3.8147e-07
      vertex 15.4484 20.1903 3.8147e-07
      vertex 15.2283 20.3113 3.8147e-07
    endloop
  endfacet
  facet normal 0 0 -1
    outer loop
      vertex 15.9252 26.9646 3.8147e-07
      vertex 14.3 25 3.8147e-07
      vertex 15.682 26.9021 3.8147e-07
    endloop
  endfacet
  facet normal 0 0 -1
    outer loop
      vertex 14.3 22 3.8147e-07
      vertex 15.2283 20.3113 3.8147e-07
      vertex 15.0252 20.459 3.8147e-07
    endloop
  endfacet
  facet normal 0 0 -1
    outer loop
      vertex 15.682 26.9021 3.8147e-07
      vertex 14.3 25 3.8147e-07
      vertex 15.4484 26.8097 3.8147e-07
    endloop
  endfacet
  facet normal 0 0 -1
    outer loop
      vertex 14.3 22 3.8147e-07
      vertex 15.0252 20.459 3.8147e-07
      vertex 14.8421 20.6309 3.8147e-07
    endloop
  endfacet
  facet normal 0 0 -1
    outer loop
      vertex 15.4484 26.8097 3.8147e-07
      vertex 14.3 25 3.8147e-07
      vertex 15.2283 26.6887 3.8147e-07
    endloop
  endfacet
  facet normal 0 0 -1
    outer loop
      vertex 14.3 22 3.8147e-07
      vertex 14.8421 20.6309 3.8147e-07
      vertex 14.682 20.8244 3.8147e-07
    endloop
  endfacet
  facet normal 0 0 -1
    outer loop
      vertex 15.2283 26.6887 3.8147e-07
      vertex 14.3 25 3.8147e-07
      vertex 15.0252 26.541 3.8147e-07
    endloop
  endfacet
  facet normal 0 0 -1
    outer loop
      vertex 14.3 22 3.8147e-07
      vertex 14.682 20.8244 3.8147e-07
      vertex 14.5474 21.0365 3.8147e-07
    endloop
  endfacet
  facet normal 0 0 -1
    outer loop
      vertex 15.0252 26.541 3.8147e-07
      vertex 14.3 25 3.8147e-07
      vertex 14.8421 26.3691 3.8147e-07
    endloop
  endfacet
  facet normal 0 0 -1
    outer loop
      vertex 14.3 22 3.8147e-07
      vertex 14.5474 21.0365 3.8147e-07
      vertex 14.4404 21.2638 3.8147e-07
    endloop
  endfacet
  facet normal 0 0 -1
    outer loop
      vertex 14.8421 26.3691 3.8147e-07
      vertex 14.3 25 3.8147e-07
      vertex 14.682 26.1756 3.8147e-07
    endloop
  endfacet
  facet normal 0 0 -1
    outer loop
      vertex 14.3 22 3.8147e-07
      vertex 14.4404 21.2638 3.8147e-07
      vertex 14.3628 21.5026 3.8147e-07
    endloop
  endfacet
  facet normal 0 0 -1
    outer loop
      vertex 14.682 26.1756 3.8147e-07
      vertex 14.3 25 3.8147e-07
      vertex 14.5474 25.9635 3.8147e-07
    endloop
  endfacet
  facet normal 0 0 -1
    outer loop
      vertex 14.3 22 3.8147e-07
      vertex 14.3628 21.5026 3.8147e-07
      vertex 14.3158 21.7493 3.8147e-07
    endloop
  endfacet
  facet normal 0 0 -1
    outer loop
      vertex 14.5474 25.9635 3.8147e-07
      vertex 14.3 25 3.8147e-07
      vertex 14.4404 25.7362 3.8147e-07
    endloop
  endfacet
  facet normal 0 0 -1
    outer loop
      vertex 14.4404 25.7362 3.8147e-07
      vertex 14.3 25 3.8147e-07
      vertex 14.3628 25.4974 3.8147e-07
    endloop
  endfacet
  facet normal 0 0 -1
    outer loop
      vertex 14.3628 25.4974 3.8147e-07
      vertex 14.3 25 3.8147e-07
      vertex 14.3158 25.2507 3.8147e-07
    endloop
  endfacet
  facet normal 0 0 -1
    outer loop
      vertex 27.0875 20.0039 3.8147e-07
      vertex 26.8748 20.0354 3.8147e-07
      vertex 27.0875 20.09 3.8147e-07
    endloop
  endfacet
  facet normal 0 -0 -1
    outer loop
      vertex 26.8748 20.0354 3.8147e-07
      vertex 27.0875 20.0039 3.8147e-07
      vertex 26.6256 20.0039 3.8147e-07
    endloop
  endfacet
  facet normal -0.367819 -0.929897 0
    outer loop
      vertex 15.4484 20.1903 3.8147e-07
      vertex 15.682 20.0979 10.3
      vertex 15.4484 20.1903 10.3
    endloop
  endfacet
  facet normal -0.367819 -0.929897 -0
    outer loop
      vertex 15.682 20.0979 10.3
      vertex 15.4484 20.1903 3.8147e-07
      vertex 15.682 20.0979 3.8147e-07
    endloop
  endfacet
  facet normal -0.588148 0.808753 0
    outer loop
      vertex 15.2283 26.6887 3.8147e-07
      vertex 15.0252 26.541 10.3
      vertex 15.2283 26.6887 10.3
    endloop
  endfacet
  facet normal -0.588148 0.808753 0
    outer loop
      vertex 15.0252 26.541 10.3
      vertex 15.2283 26.6887 3.8147e-07
      vertex 15.0252 26.541 3.8147e-07
    endloop
  endfacet
  facet normal -0.248902 0.968529 0
    outer loop
      vertex 15.9252 26.9646 3.8147e-07
      vertex 15.682 26.9021 10.3
      vertex 15.9252 26.9646 10.3
    endloop
  endfacet
  facet normal -0.248902 0.968529 0
    outer loop
      vertex 15.682 26.9021 10.3
      vertex 15.9252 26.9646 3.8147e-07
      vertex 15.682 26.9021 3.8147e-07
    endloop
  endfacet
  facet normal -0.904765 -0.425912 0
    outer loop
      vertex 14.5474 21.0365 3.8147e-07
      vertex 14.4404 21.2638 10.3
      vertex 14.4404 21.2638 3.8147e-07
    endloop
  endfacet
  facet normal -0.904765 -0.425912 0
    outer loop
      vertex 14.4404 21.2638 10.3
      vertex 14.5474 21.0365 3.8147e-07
      vertex 14.5474 21.0365 10.3
    endloop
  endfacet
  facet normal -0.951046 -0.30905 0
    outer loop
      vertex 14.4404 21.2638 3.8147e-07
      vertex 14.3628 21.5026 10.3
      vertex 14.3628 21.5026 3.8147e-07
    endloop
  endfacet
  facet normal -0.951046 -0.30905 0
    outer loop
      vertex 14.3628 21.5026 10.3
      vertex 14.4404 21.2638 3.8147e-07
      vertex 14.4404 21.2638 10.3
    endloop
  endfacet
  facet normal -0.844333 0.535819 0
    outer loop
      vertex 14.5474 25.9635 3.8147e-07
      vertex 14.682 26.1756 10.3
      vertex 14.682 26.1756 3.8147e-07
    endloop
  endfacet
  facet normal -0.844333 0.535819 0
    outer loop
      vertex 14.682 26.1756 10.3
      vertex 14.5474 25.9635 3.8147e-07
      vertex 14.5474 25.9635 10.3
    endloop
  endfacet
  facet normal -0.770468 0.637478 0
    outer loop
      vertex 14.682 26.1756 3.8147e-07
      vertex 14.8421 26.3691 10.3
      vertex 14.8421 26.3691 3.8147e-07
    endloop
  endfacet
  facet normal -0.770468 0.637478 0
    outer loop
      vertex 14.8421 26.3691 10.3
      vertex 14.682 26.1756 3.8147e-07
      vertex 14.682 26.1756 10.3
    endloop
  endfacet
  facet normal -0.951046 0.30905 0
    outer loop
      vertex 14.3628 25.4974 3.8147e-07
      vertex 14.4404 25.7362 10.3
      vertex 14.4404 25.7362 3.8147e-07
    endloop
  endfacet
  facet normal -0.951046 0.30905 0
    outer loop
      vertex 14.4404 25.7362 10.3
      vertex 14.3628 25.4974 3.8147e-07
      vertex 14.3628 25.4974 10.3
    endloop
  endfacet
  facet normal -0.99802 0.0628987 0
    outer loop
      vertex 14.3 25 3.8147e-07
      vertex 14.3158 25.2507 10.3
      vertex 14.3158 25.2507 3.8147e-07
    endloop
  endfacet
  facet normal -0.99802 0.0628987 0
    outer loop
      vertex 14.3158 25.2507 10.3
      vertex 14.3 25 3.8147e-07
      vertex 14.3 25 10.3
    endloop
  endfacet
  facet normal -0.982332 0.187149 0
    outer loop
      vertex 14.3158 25.2507 3.8147e-07
      vertex 14.3628 25.4974 10.3
      vertex 14.3628 25.4974 3.8147e-07
    endloop
  endfacet
  facet normal -0.982332 0.187149 0
    outer loop
      vertex 14.3628 25.4974 10.3
      vertex 14.3158 25.2507 3.8147e-07
      vertex 14.3158 25.2507 10.3
    endloop
  endfacet
  facet normal -0.844333 -0.535819 0
    outer loop
      vertex 14.682 20.8244 3.8147e-07
      vertex 14.5474 21.0365 10.3
      vertex 14.5474 21.0365 3.8147e-07
    endloop
  endfacet
  facet normal -0.844333 -0.535819 0
    outer loop
      vertex 14.5474 21.0365 10.3
      vertex 14.682 20.8244 3.8147e-07
      vertex 14.682 20.8244 10.3
    endloop
  endfacet
  facet normal -0.684458 -0.729053 0
    outer loop
      vertex 14.8421 20.6309 3.8147e-07
      vertex 15.0252 20.459 10.3
      vertex 14.8421 20.6309 10.3
    endloop
  endfacet
  facet normal -0.684458 -0.729053 -0
    outer loop
      vertex 15.0252 20.459 10.3
      vertex 14.8421 20.6309 3.8147e-07
      vertex 15.0252 20.459 3.8147e-07
    endloop
  endfacet
  facet normal -0.481751 -0.876308 0
    outer loop
      vertex 15.2283 20.3113 3.8147e-07
      vertex 15.4484 20.1903 10.3
      vertex 15.2283 20.3113 10.3
    endloop
  endfacet
  facet normal -0.481751 -0.876308 -0
    outer loop
      vertex 15.4484 20.1903 10.3
      vertex 15.2283 20.3113 3.8147e-07
      vertex 15.4484 20.1903 3.8147e-07
    endloop
  endfacet
  facet normal -0.248902 -0.968529 0
    outer loop
      vertex 15.682 20.0979 3.8147e-07
      vertex 15.9252 20.0354 10.3
      vertex 15.682 20.0979 10.3
    endloop
  endfacet
  facet normal -0.248902 -0.968529 -0
    outer loop
      vertex 15.9252 20.0354 10.3
      vertex 15.682 20.0979 3.8147e-07
      vertex 15.9252 20.0354 3.8147e-07
    endloop
  endfacet
  facet normal -0.904765 0.425912 0
    outer loop
      vertex 14.4404 25.7362 3.8147e-07
      vertex 14.5474 25.9635 10.3
      vertex 14.5474 25.9635 3.8147e-07
    endloop
  endfacet
  facet normal -0.904765 0.425912 0
    outer loop
      vertex 14.5474 25.9635 10.3
      vertex 14.4404 25.7362 3.8147e-07
      vertex 14.4404 25.7362 10.3
    endloop
  endfacet
  facet normal -0.684458 0.729053 0
    outer loop
      vertex 15.0252 26.541 3.8147e-07
      vertex 14.8421 26.3691 10.3
      vertex 15.0252 26.541 10.3
    endloop
  endfacet
  facet normal -0.684458 0.729053 0
    outer loop
      vertex 14.8421 26.3691 10.3
      vertex 15.0252 26.541 3.8147e-07
      vertex 14.8421 26.3691 3.8147e-07
    endloop
  endfacet
  facet normal -0.481751 0.876308 0
    outer loop
      vertex 15.4484 26.8097 3.8147e-07
      vertex 15.2283 26.6887 10.3
      vertex 15.4484 26.8097 10.3
    endloop
  endfacet
  facet normal -0.481751 0.876308 0
    outer loop
      vertex 15.2283 26.6887 10.3
      vertex 15.4484 26.8097 3.8147e-07
      vertex 15.2283 26.6887 3.8147e-07
    endloop
  endfacet
  facet normal -0.770468 -0.637478 0
    outer loop
      vertex 14.8421 20.6309 3.8147e-07
      vertex 14.682 20.8244 10.3
      vertex 14.682 20.8244 3.8147e-07
    endloop
  endfacet
  facet normal -0.770468 -0.637478 0
    outer loop
      vertex 14.682 20.8244 10.3
      vertex 14.8421 20.6309 3.8147e-07
      vertex 14.8421 20.6309 10.3
    endloop
  endfacet
  facet normal -0.982332 -0.187149 0
    outer loop
      vertex 14.3628 21.5026 3.8147e-07
      vertex 14.3158 21.7493 10.3
      vertex 14.3158 21.7493 3.8147e-07
    endloop
  endfacet
  facet normal -0.982332 -0.187149 0
    outer loop
      vertex 14.3158 21.7493 10.3
      vertex 14.3628 21.5026 3.8147e-07
      vertex 14.3628 21.5026 10.3
    endloop
  endfacet
  facet normal -0.588148 -0.808753 0
    outer loop
      vertex 15.0252 20.459 3.8147e-07
      vertex 15.2283 20.3113 10.3
      vertex 15.0252 20.459 10.3
    endloop
  endfacet
  facet normal -0.588148 -0.808753 -0
    outer loop
      vertex 15.2283 20.3113 10.3
      vertex 15.0252 20.459 3.8147e-07
      vertex 15.2283 20.3113 3.8147e-07
    endloop
  endfacet
  facet normal -0.125407 -0.992105 0
    outer loop
      vertex 15.9252 20.0354 3.8147e-07
      vertex 16.1744 20.0039 10.3
      vertex 15.9252 20.0354 10.3
    endloop
  endfacet
  facet normal -0.125407 -0.992105 -0
    outer loop
      vertex 16.1744 20.0039 10.3
      vertex 15.9252 20.0354 3.8147e-07
      vertex 16.1744 20.0039 3.8147e-07
    endloop
  endfacet
  facet normal -0.367819 0.929897 0
    outer loop
      vertex 15.682 26.9021 3.8147e-07
      vertex 15.4484 26.8097 10.3
      vertex 15.682 26.9021 10.3
    endloop
  endfacet
  facet normal -0.367819 0.929897 0
    outer loop
      vertex 15.4484 26.8097 10.3
      vertex 15.682 26.9021 3.8147e-07
      vertex 15.4484 26.8097 3.8147e-07
    endloop
  endfacet
  facet normal 1 -0 0
    outer loop
      vertex 33.5 22 10.3
      vertex 33.5 31 3.8147e-07
      vertex 33.5 31 10.3
    endloop
  endfacet
  facet normal 1 0 0
    outer loop
      vertex 33.5 31 3.8147e-07
      vertex 33.5 22 10.3
      vertex 33.5 22 3.8147e-07
    endloop
  endfacet
  facet normal 0.99802 -0.0628987 0
    outer loop
      vertex 33.4842 21.7493 10.3
      vertex 33.5 22 3.8147e-07
      vertex 33.5 22 10.3
    endloop
  endfacet
  facet normal 0.99802 -0.0628987 0
    outer loop
      vertex 33.5 22 3.8147e-07
      vertex 33.4842 21.7493 10.3
      vertex 33.4842 21.7493 3.8147e-07
    endloop
  endfacet
  facet normal 0.770468 -0.637478 0
    outer loop
      vertex 32.9579 20.6309 10.3
      vertex 33.118 20.8244 3.8147e-07
      vertex 33.118 20.8244 10.3
    endloop
  endfacet
  facet normal 0.770468 -0.637478 0
    outer loop
      vertex 33.118 20.8244 3.8147e-07
      vertex 32.9579 20.6309 10.3
      vertex 32.9579 20.6309 3.8147e-07
    endloop
  endfacet
  facet normal 0.248902 -0.968529 0
    outer loop
      vertex 31.8748 20.0354 3.8147e-07
      vertex 32.118 20.0979 10.3
      vertex 31.8748 20.0354 10.3
    endloop
  endfacet
  facet normal 0.248902 -0.968529 0
    outer loop
      vertex 32.118 20.0979 10.3
      vertex 31.8748 20.0354 3.8147e-07
      vertex 32.118 20.0979 3.8147e-07
    endloop
  endfacet
  facet normal 0.125407 -0.992105 0
    outer loop
      vertex 31.6256 20.0039 3.8147e-07
      vertex 31.8748 20.0354 10.3
      vertex 31.6256 20.0039 10.3
    endloop
  endfacet
  facet normal 0.125407 -0.992105 0
    outer loop
      vertex 31.8748 20.0354 10.3
      vertex 31.6256 20.0039 3.8147e-07
      vertex 31.8748 20.0354 3.8147e-07
    endloop
  endfacet
  facet normal 0.125407 0.992105 -0
    outer loop
      vertex 31.8748 32.9646 3.8147e-07
      vertex 31.6256 32.9961 10.3
      vertex 31.8748 32.9646 10.3
    endloop
  endfacet
  facet normal 0.125407 0.992105 0
    outer loop
      vertex 31.6256 32.9961 10.3
      vertex 31.8748 32.9646 3.8147e-07
      vertex 31.6256 32.9961 3.8147e-07
    endloop
  endfacet
  facet normal 0.481751 0.876308 -0
    outer loop
      vertex 32.5717 32.6887 3.8147e-07
      vertex 32.3516 32.8097 10.3
      vertex 32.5717 32.6887 10.3
    endloop
  endfacet
  facet normal 0.481751 0.876308 0
    outer loop
      vertex 32.3516 32.8097 10.3
      vertex 32.5717 32.6887 3.8147e-07
      vertex 32.3516 32.8097 3.8147e-07
    endloop
  endfacet
  facet normal 0.99802 0.0628987 0
    outer loop
      vertex 33.5 31 10.3
      vertex 33.4842 31.2507 3.8147e-07
      vertex 33.4842 31.2507 10.3
    endloop
  endfacet
  facet normal 0.99802 0.0628987 0
    outer loop
      vertex 33.4842 31.2507 3.8147e-07
      vertex 33.5 31 10.3
      vertex 33.5 31 3.8147e-07
    endloop
  endfacet
  facet normal 0.951046 -0.30905 0
    outer loop
      vertex 33.3596 21.2638 10.3
      vertex 33.4372 21.5026 3.8147e-07
      vertex 33.4372 21.5026 10.3
    endloop
  endfacet
  facet normal 0.951046 -0.30905 0
    outer loop
      vertex 33.4372 21.5026 3.8147e-07
      vertex 33.3596 21.2638 10.3
      vertex 33.3596 21.2638 3.8147e-07
    endloop
  endfacet
  facet normal 0.684458 -0.729053 0
    outer loop
      vertex 32.7748 20.459 3.8147e-07
      vertex 32.9579 20.6309 10.3
      vertex 32.7748 20.459 10.3
    endloop
  endfacet
  facet normal 0.684458 -0.729053 0
    outer loop
      vertex 32.9579 20.6309 10.3
      vertex 32.7748 20.459 3.8147e-07
      vertex 32.9579 20.6309 3.8147e-07
    endloop
  endfacet
  facet normal 0 1 -0
    outer loop
      vertex 31.6256 32.9961 3.8147e-07
      vertex 28.5 32.9961 10.3
      vertex 31.6256 32.9961 10.3
    endloop
  endfacet
  facet normal 0 1 0
    outer loop
      vertex 28.5 32.9961 10.3
      vertex 31.6256 32.9961 3.8147e-07
      vertex 28.5 32.9961 3.8147e-07
    endloop
  endfacet
  facet normal 0.982332 -0.187149 0
    outer loop
      vertex 33.4372 21.5026 10.3
      vertex 33.4842 21.7493 3.8147e-07
      vertex 33.4842 21.7493 10.3
    endloop
  endfacet
  facet normal 0.982332 -0.187149 0
    outer loop
      vertex 33.4842 21.7493 3.8147e-07
      vertex 33.4372 21.5026 10.3
      vertex 33.4372 21.5026 3.8147e-07
    endloop
  endfacet
  facet normal 0.904765 -0.425912 0
    outer loop
      vertex 33.2526 21.0365 10.3
      vertex 33.3596 21.2638 3.8147e-07
      vertex 33.3596 21.2638 10.3
    endloop
  endfacet
  facet normal 0.904765 -0.425912 0
    outer loop
      vertex 33.3596 21.2638 3.8147e-07
      vertex 33.2526 21.0365 10.3
      vertex 33.2526 21.0365 3.8147e-07
    endloop
  endfacet
  facet normal 0.588148 -0.808753 0
    outer loop
      vertex 32.5717 20.3113 3.8147e-07
      vertex 32.7748 20.459 10.3
      vertex 32.5717 20.3113 10.3
    endloop
  endfacet
  facet normal 0.588148 -0.808753 0
    outer loop
      vertex 32.7748 20.459 10.3
      vertex 32.5717 20.3113 3.8147e-07
      vertex 32.7748 20.459 3.8147e-07
    endloop
  endfacet
  facet normal 0.982332 0.187149 0
    outer loop
      vertex 33.4842 31.2507 10.3
      vertex 33.4372 31.4974 3.8147e-07
      vertex 33.4372 31.4974 10.3
    endloop
  endfacet
  facet normal 0.982332 0.187149 0
    outer loop
      vertex 33.4372 31.4974 3.8147e-07
      vertex 33.4842 31.2507 10.3
      vertex 33.4842 31.2507 3.8147e-07
    endloop
  endfacet
  facet normal 0.844333 -0.535819 0
    outer loop
      vertex 33.118 20.8244 10.3
      vertex 33.2526 21.0365 3.8147e-07
      vertex 33.2526 21.0365 10.3
    endloop
  endfacet
  facet normal 0.844333 -0.535819 0
    outer loop
      vertex 33.2526 21.0365 3.8147e-07
      vertex 33.118 20.8244 10.3
      vertex 33.118 20.8244 3.8147e-07
    endloop
  endfacet
  facet normal 0.367819 -0.929897 0
    outer loop
      vertex 32.118 20.0979 3.8147e-07
      vertex 32.3516 20.1903 10.3
      vertex 32.118 20.0979 10.3
    endloop
  endfacet
  facet normal 0.367819 -0.929897 0
    outer loop
      vertex 32.3516 20.1903 10.3
      vertex 32.118 20.0979 3.8147e-07
      vertex 32.3516 20.1903 3.8147e-07
    endloop
  endfacet
  facet normal 0.367819 0.929897 -0
    outer loop
      vertex 32.3516 32.8097 3.8147e-07
      vertex 32.118 32.9021 10.3
      vertex 32.3516 32.8097 10.3
    endloop
  endfacet
  facet normal 0.367819 0.929897 0
    outer loop
      vertex 32.118 32.9021 10.3
      vertex 32.3516 32.8097 3.8147e-07
      vertex 32.118 32.9021 3.8147e-07
    endloop
  endfacet
  facet normal 0.248902 0.968529 -0
    outer loop
      vertex 32.118 32.9021 3.8147e-07
      vertex 31.8748 32.9646 10.3
      vertex 32.118 32.9021 10.3
    endloop
  endfacet
  facet normal 0.248902 0.968529 0
    outer loop
      vertex 31.8748 32.9646 10.3
      vertex 32.118 32.9021 3.8147e-07
      vertex 31.8748 32.9646 3.8147e-07
    endloop
  endfacet
  facet normal 0.588148 0.808753 -0
    outer loop
      vertex 32.7748 32.541 3.8147e-07
      vertex 32.5717 32.6887 10.3
      vertex 32.7748 32.541 10.3
    endloop
  endfacet
  facet normal 0.588148 0.808753 0
    outer loop
      vertex 32.5717 32.6887 10.3
      vertex 32.7748 32.541 3.8147e-07
      vertex 32.5717 32.6887 3.8147e-07
    endloop
  endfacet
  facet normal 0.904765 0.425912 0
    outer loop
      vertex 33.3596 31.7362 10.3
      vertex 33.2526 31.9635 3.8147e-07
      vertex 33.2526 31.9635 10.3
    endloop
  endfacet
  facet normal 0.904765 0.425912 0
    outer loop
      vertex 33.2526 31.9635 3.8147e-07
      vertex 33.3596 31.7362 10.3
      vertex 33.3596 31.7362 3.8147e-07
    endloop
  endfacet
  facet normal 0.684458 0.729053 -0
    outer loop
      vertex 32.9579 32.3691 3.8147e-07
      vertex 32.7748 32.541 10.3
      vertex 32.9579 32.3691 10.3
    endloop
  endfacet
  facet normal 0.684458 0.729053 0
    outer loop
      vertex 32.7748 32.541 10.3
      vertex 32.9579 32.3691 3.8147e-07
      vertex 32.7748 32.541 3.8147e-07
    endloop
  endfacet
  facet normal 0.481751 -0.876308 0
    outer loop
      vertex 32.3516 20.1903 3.8147e-07
      vertex 32.5717 20.3113 10.3
      vertex 32.3516 20.1903 10.3
    endloop
  endfacet
  facet normal 0.481751 -0.876308 0
    outer loop
      vertex 32.5717 20.3113 10.3
      vertex 32.3516 20.1903 3.8147e-07
      vertex 32.5717 20.3113 3.8147e-07
    endloop
  endfacet
  facet normal 0.951046 0.30905 0
    outer loop
      vertex 33.4372 31.4974 10.3
      vertex 33.3596 31.7362 3.8147e-07
      vertex 33.3596 31.7362 10.3
    endloop
  endfacet
  facet normal 0.951046 0.30905 0
    outer loop
      vertex 33.3596 31.7362 3.8147e-07
      vertex 33.4372 31.4974 10.3
      vertex 33.4372 31.4974 3.8147e-07
    endloop
  endfacet
  facet normal 0.770468 0.637478 0
    outer loop
      vertex 33.118 32.1756 10.3
      vertex 32.9579 32.3691 3.8147e-07
      vertex 32.9579 32.3691 10.3
    endloop
  endfacet
  facet normal 0.770468 0.637478 0
    outer loop
      vertex 32.9579 32.3691 3.8147e-07
      vertex 33.118 32.1756 10.3
      vertex 33.118 32.1756 3.8147e-07
    endloop
  endfacet
  facet normal 0.844333 0.535819 0
    outer loop
      vertex 33.2526 31.9635 10.3
      vertex 33.118 32.1756 3.8147e-07
      vertex 33.118 32.1756 10.3
    endloop
  endfacet
  facet normal 0.844333 0.535819 0
    outer loop
      vertex 33.118 32.1756 3.8147e-07
      vertex 33.2526 31.9635 10.3
      vertex 33.2526 31.9635 3.8147e-07
    endloop
  endfacet
  facet normal 0 -1 0
    outer loop
      vertex 50.5 44.0039 3.8147e-07
      vertex 54.8256 44.0039 10.3
      vertex 50.5 44.0039 10.3
    endloop
  endfacet
  facet normal 0 -1 -0
    outer loop
      vertex 54.8256 44.0039 10.3
      vertex 50.5 44.0039 3.8147e-07
      vertex 54.8256 44.0039 3.8147e-07
    endloop
  endfacet
  facet normal 0.684458 0.729053 -0
    outer loop
      vertex 56.1579 50.3691 3.8147e-07
      vertex 55.9748 50.541 10.3
      vertex 56.1579 50.3691 10.3
    endloop
  endfacet
  facet normal 0.684458 0.729053 0
    outer loop
      vertex 55.9748 50.541 10.3
      vertex 56.1579 50.3691 3.8147e-07
      vertex 55.9748 50.541 3.8147e-07
    endloop
  endfacet
  facet normal 0 1 -0
    outer loop
      vertex 42.0875 50.9961 3.8147e-07
      vertex 39.3744 50.9961 10.3
      vertex 42.0875 50.9961 10.3
    endloop
  endfacet
  facet normal 0 1 0
    outer loop
      vertex 39.3744 50.9961 10.3
      vertex 42.0875 50.9961 3.8147e-07
      vertex 39.3744 50.9961 3.8147e-07
    endloop
  endfacet
  facet normal 0 1 -0
    outer loop
      vertex 48.6256 50.9961 0
      vertex 44.3744 50.9961 3.8147e-07
      vertex 48.6256 50.9961 3.8147e-07
    endloop
  endfacet
  facet normal 0 1 0
    outer loop
      vertex 44.3744 50.9961 3.8147e-07
      vertex 48.6256 50.9961 0
      vertex 44.3744 50.9961 0
    endloop
  endfacet
  facet normal 0 1 0
    outer loop
      vertex 48.6256 50.9961 3.8147e-07
      vertex 48.6256 50.9961 10.3
      vertex 54.8256 50.9961 10.3
    endloop
  endfacet
  facet normal 0 1 0
    outer loop
      vertex 48.6256 50.9961 10.3
      vertex 48.6256 50.9961 3.8147e-07
      vertex 44.3744 50.9961 10.3
    endloop
  endfacet
  facet normal 0 1 0
    outer loop
      vertex 48.6256 50.9961 3.8147e-07
      vertex 54.8256 50.9961 10.3
      vertex 54.8256 50.9961 3.8147e-07
    endloop
  endfacet
  facet normal 0 1 0
    outer loop
      vertex 44.3744 50.9961 3.8147e-07
      vertex 44.3744 50.9961 10.3
      vertex 48.6256 50.9961 3.8147e-07
    endloop
  endfacet
  facet normal 0 1 0
    outer loop
      vertex 44.3744 50.9961 10.3
      vertex 44.3744 50.9961 3.8147e-07
      vertex 43.9125 50.9961 10.3
    endloop
  endfacet
  facet normal 0 1 0
    outer loop
      vertex 43.9125 50.9961 10.3
      vertex 44.3744 50.9961 3.8147e-07
      vertex 43.9125 50.9961 3.8147e-07
    endloop
  endfacet
  facet normal 0 0 1
    outer loop
      vertex 42.0875 50.9961 10.3
      vertex 41.8721 47.6214 10.3
      vertex 42.0875 47.6767 10.3
    endloop
  endfacet
  facet normal 0 0 1
    outer loop
      vertex 42.0875 50.9961 10.3
      vertex 41.4459 47.4526 10.3
      vertex 41.8721 47.6214 10.3
    endloop
  endfacet
  facet normal -0 0 1
    outer loop
      vertex 39.3744 50.9961 10.3
      vertex 41.4459 47.4526 10.3
      vertex 42.0875 50.9961 10.3
    endloop
  endfacet
  facet normal 0 0 1
    outer loop
      vertex 41.4459 47.4526 10.3
      vertex 39.3744 50.9961 10.3
      vertex 41.0442 47.2318 10.3
    endloop
  endfacet
  facet normal -0 0 1
    outer loop
      vertex 37.5 49 10.3
      vertex 41.0442 47.2318 10.3
      vertex 39.3744 50.9961 10.3
    endloop
  endfacet
  facet normal 0 0 1
    outer loop
      vertex 41.0442 47.2318 10.3
      vertex 37.5 49 10.3
      vertex 40.6734 46.9624 10.3
    endloop
  endfacet
  facet normal 0 0 1
    outer loop
      vertex 40.6734 46.9624 10.3
      vertex 37.5 49 10.3
      vertex 40.3393 46.6486 10.3
    endloop
  endfacet
  facet normal 0 0 1
    outer loop
      vertex 40.3393 46.6486 10.3
      vertex 37.5 49 10.3
      vertex 40.0471 46.2954 10.3
    endloop
  endfacet
  facet normal 0 0 1
    outer loop
      vertex 40.0471 46.2954 10.3
      vertex 37.5 49 10.3
      vertex 39.8015 45.9084 10.3
    endloop
  endfacet
  facet normal 0 0 1
    outer loop
      vertex 39.8015 45.9084 10.3
      vertex 37.5 49 10.3
      vertex 39.6063 45.4937 10.3
    endloop
  endfacet
  facet normal 0 0 1
    outer loop
      vertex 39.6063 45.4937 10.3
      vertex 37.5 49 10.3
      vertex 39.4647 45.0577 10.3
    endloop
  endfacet
  facet normal 0 0 1
    outer loop
      vertex 39.4647 45.0577 10.3
      vertex 37.5 49 10.3
      vertex 39.3788 44.6075 10.3
    endloop
  endfacet
  facet normal 0 0 1
    outer loop
      vertex 37.5 49 10.3
      vertex 39.3744 50.9961 10.3
      vertex 39.1252 50.9646 10.3
    endloop
  endfacet
  facet normal 0 0 1
    outer loop
      vertex 42.3161 40.5647 10.3
      vertex 42.5 38.0039 10.3
      vertex 42.5 40.5414 10.3
    endloop
  endfacet
  facet normal 0 0 1
    outer loop
      vertex 41.8721 40.6786 10.3
      vertex 42.5 38.0039 10.3
      vertex 42.3161 40.5647 10.3
    endloop
  endfacet
  facet normal 0 0 1
    outer loop
      vertex 41.4459 40.8474 10.3
      vertex 42.5 38.0039 10.3
      vertex 41.8721 40.6786 10.3
    endloop
  endfacet
  facet normal 0 0 1
    outer loop
      vertex 39.3744 38.0039 10.3
      vertex 41.4459 40.8474 10.3
      vertex 41.0442 41.0682 10.3
    endloop
  endfacet
  facet normal 0 0 1
    outer loop
      vertex 39.3744 38.0039 10.3
      vertex 41.0442 41.0682 10.3
      vertex 40.6734 41.3376 10.3
    endloop
  endfacet
  facet normal 0 0 1
    outer loop
      vertex 37.5 40 10.3
      vertex 40.6734 41.3376 10.3
      vertex 40.3393 41.6514 10.3
    endloop
  endfacet
  facet normal 0 0 1
    outer loop
      vertex 37.5 40 10.3
      vertex 40.3393 41.6514 10.3
      vertex 40.0471 42.0046 10.3
    endloop
  endfacet
  facet normal 0 0 1
    outer loop
      vertex 37.5 40 10.3
      vertex 40.0471 42.0046 10.3
      vertex 39.8015 42.3916 10.3
    endloop
  endfacet
  facet normal 0 0 1
    outer loop
      vertex 41.4459 40.8474 10.3
      vertex 39.3744 38.0039 10.3
      vertex 42.5 38.0039 10.3
    endloop
  endfacet
  facet normal 0 0 1
    outer loop
      vertex 37.5 40 10.3
      vertex 39.8015 42.3916 10.3
      vertex 39.6063 42.8063 10.3
    endloop
  endfacet
  facet normal 0 0 1
    outer loop
      vertex 37.5 40 10.3
      vertex 39.6063 42.8063 10.3
      vertex 39.4647 43.2423 10.3
    endloop
  endfacet
  facet normal 0 0 1
    outer loop
      vertex 37.5 40 10.3
      vertex 39.4647 43.2423 10.3
      vertex 39.3788 43.6925 10.3
    endloop
  endfacet
  facet normal 0 0 1
    outer loop
      vertex 37.5 40 10.3
      vertex 39.3788 43.6925 10.3
      vertex 39.35 44.15 10.3
    endloop
  endfacet
  facet normal 0 0 1
    outer loop
      vertex 39.3788 44.6075 10.3
      vertex 37.5 49 10.3
      vertex 39.35 44.15 10.3
    endloop
  endfacet
  facet normal 0 0 1
    outer loop
      vertex 37.5 40 10.3
      vertex 39.35 44.15 10.3
      vertex 37.5 49 10.3
    endloop
  endfacet
  facet normal 0 0 1
    outer loop
      vertex 37.5 49 10.3
      vertex 39.1252 50.9646 10.3
      vertex 38.882 50.9021 10.3
    endloop
  endfacet
  facet normal 0 -0 1
    outer loop
      vertex 37.5628 39.5026 10.3
      vertex 40.6734 41.3376 10.3
      vertex 37.5 40 10.3
    endloop
  endfacet
  facet normal 0 0 1
    outer loop
      vertex 37.5 49 10.3
      vertex 38.882 50.9021 10.3
      vertex 38.6484 50.8097 10.3
    endloop
  endfacet
  facet normal 0 0 1
    outer loop
      vertex 40.6734 41.3376 10.3
      vertex 39.1252 38.0354 10.3
      vertex 39.3744 38.0039 10.3
    endloop
  endfacet
  facet normal 0 0 1
    outer loop
      vertex 37.5 49 10.3
      vertex 38.6484 50.8097 10.3
      vertex 38.4283 50.6887 10.3
    endloop
  endfacet
  facet normal 0 0 1
    outer loop
      vertex 40.6734 41.3376 10.3
      vertex 38.882 38.0979 10.3
      vertex 39.1252 38.0354 10.3
    endloop
  endfacet
  facet normal 0 0 1
    outer loop
      vertex 37.5 49 10.3
      vertex 38.4283 50.6887 10.3
      vertex 38.2252 50.541 10.3
    endloop
  endfacet
  facet normal 0 0 1
    outer loop
      vertex 40.6734 41.3376 10.3
      vertex 38.6484 38.1903 10.3
      vertex 38.882 38.0979 10.3
    endloop
  endfacet
  facet normal 0 0 1
    outer loop
      vertex 37.5 49 10.3
      vertex 38.2252 50.541 10.3
      vertex 38.0421 50.3691 10.3
    endloop
  endfacet
  facet normal 0 0 1
    outer loop
      vertex 40.6734 41.3376 10.3
      vertex 38.4283 38.3113 10.3
      vertex 38.6484 38.1903 10.3
    endloop
  endfacet
  facet normal 0 0 1
    outer loop
      vertex 37.5 49 10.3
      vertex 38.0421 50.3691 10.3
      vertex 37.882 50.1756 10.3
    endloop
  endfacet
  facet normal 0 0 1
    outer loop
      vertex 40.6734 41.3376 10.3
      vertex 38.2252 38.459 10.3
      vertex 38.4283 38.3113 10.3
    endloop
  endfacet
  facet normal 0 0 1
    outer loop
      vertex 37.5 49 10.3
      vertex 37.882 50.1756 10.3
      vertex 37.7474 49.9635 10.3
    endloop
  endfacet
  facet normal 0 0 1
    outer loop
      vertex 40.6734 41.3376 10.3
      vertex 38.0421 38.6309 10.3
      vertex 38.2252 38.459 10.3
    endloop
  endfacet
  facet normal 0 0 1
    outer loop
      vertex 37.5 49 10.3
      vertex 37.7474 49.9635 10.3
      vertex 37.6404 49.7362 10.3
    endloop
  endfacet
  facet normal 0 0 1
    outer loop
      vertex 40.6734 41.3376 10.3
      vertex 37.882 38.8244 10.3
      vertex 38.0421 38.6309 10.3
    endloop
  endfacet
  facet normal 0 0 1
    outer loop
      vertex 37.5 49 10.3
      vertex 37.6404 49.7362 10.3
      vertex 37.5628 49.4974 10.3
    endloop
  endfacet
  facet normal 0 0 1
    outer loop
      vertex 40.6734 41.3376 10.3
      vertex 37.7474 39.0365 10.3
      vertex 37.882 38.8244 10.3
    endloop
  endfacet
  facet normal 0 0 1
    outer loop
      vertex 37.5 49 10.3
      vertex 37.5628 49.4974 10.3
      vertex 37.5158 49.2507 10.3
    endloop
  endfacet
  facet normal 0 0 1
    outer loop
      vertex 40.6734 41.3376 10.3
      vertex 37.6404 39.2638 10.3
      vertex 37.7474 39.0365 10.3
    endloop
  endfacet
  facet normal 0 0 1
    outer loop
      vertex 40.6734 41.3376 10.3
      vertex 37.5628 39.5026 10.3
      vertex 37.6404 39.2638 10.3
    endloop
  endfacet
  facet normal 0 0 1
    outer loop
      vertex 37.5628 39.5026 10.3
      vertex 37.5 40 10.3
      vertex 37.5158 39.7493 10.3
    endloop
  endfacet
  facet normal 0 0 1
    outer loop
      vertex 54.8256 50.9961 10.3
      vertex 56.7 49 10.3
      vertex 56.6842 49.2507 10.3
    endloop
  endfacet
  facet normal 0 0 1
    outer loop
      vertex 56.7 49 10.3
      vertex 50.5 49 10.3
      vertex 56.7 46 10.3
    endloop
  endfacet
  facet normal 0 0 1
    outer loop
      vertex 54.8256 50.9961 10.3
      vertex 56.6842 49.2507 10.3
      vertex 56.6372 49.4974 10.3
    endloop
  endfacet
  facet normal 0 -0 1
    outer loop
      vertex 54.8256 44.0039 10.3
      vertex 56.7 46 10.3
      vertex 50.5 49 10.3
    endloop
  endfacet
  facet normal 0 0 1
    outer loop
      vertex 54.8256 50.9961 10.3
      vertex 56.6372 49.4974 10.3
      vertex 56.5596 49.7362 10.3
    endloop
  endfacet
  facet normal 0 0 1
    outer loop
      vertex 56.7 46 10.3
      vertex 54.8256 44.0039 10.3
      vertex 56.6842 45.7493 10.3
    endloop
  endfacet
  facet normal 0 0 1
    outer loop
      vertex 54.8256 50.9961 10.3
      vertex 56.5596 49.7362 10.3
      vertex 56.4526 49.9635 10.3
    endloop
  endfacet
  facet normal 0 0 1
    outer loop
      vertex 56.6842 45.7493 10.3
      vertex 54.8256 44.0039 10.3
      vertex 56.6372 45.5026 10.3
    endloop
  endfacet
  facet normal 0 0 1
    outer loop
      vertex 54.8256 50.9961 10.3
      vertex 56.4526 49.9635 10.3
      vertex 56.318 50.1756 10.3
    endloop
  endfacet
  facet normal 0 0 1
    outer loop
      vertex 56.7 49 10.3
      vertex 54.8256 50.9961 10.3
      vertex 50.5 49 10.3
    endloop
  endfacet
  facet normal 0 0 1
    outer loop
      vertex 54.8256 50.9961 10.3
      vertex 56.318 50.1756 10.3
      vertex 56.1579 50.3691 10.3
    endloop
  endfacet
  facet normal 0 0 1
    outer loop
      vertex 56.6372 45.5026 10.3
      vertex 54.8256 44.0039 10.3
      vertex 56.5596 45.2638 10.3
    endloop
  endfacet
  facet normal 0 0 1
    outer loop
      vertex 54.8256 50.9961 10.3
      vertex 56.1579 50.3691 10.3
      vertex 55.9748 50.541 10.3
    endloop
  endfacet
  facet normal 0 0 1
    outer loop
      vertex 56.4526 45.0365 10.3
      vertex 54.8256 44.0039 10.3
      vertex 56.318 44.8244 10.3
    endloop
  endfacet
  facet normal 0 0 1
    outer loop
      vertex 54.8256 50.9961 10.3
      vertex 55.9748 50.541 10.3
      vertex 55.7717 50.6887 10.3
    endloop
  endfacet
  facet normal 0 0 1
    outer loop
      vertex 56.318 44.8244 10.3
      vertex 54.8256 44.0039 10.3
      vertex 56.1579 44.6309 10.3
    endloop
  endfacet
  facet normal 0 0 1
    outer loop
      vertex 54.8256 50.9961 10.3
      vertex 55.7717 50.6887 10.3
      vertex 55.5516 50.8097 10.3
    endloop
  endfacet
  facet normal 0 0 1
    outer loop
      vertex 56.1579 44.6309 10.3
      vertex 54.8256 44.0039 10.3
      vertex 55.9748 44.459 10.3
    endloop
  endfacet
  facet normal 0 0 1
    outer loop
      vertex 54.8256 50.9961 10.3
      vertex 55.5516 50.8097 10.3
      vertex 55.318 50.9021 10.3
    endloop
  endfacet
  facet normal 0 0 1
    outer loop
      vertex 55.9748 44.459 10.3
      vertex 54.8256 44.0039 10.3
      vertex 55.7717 44.3113 10.3
    endloop
  endfacet
  facet normal 0 0 1
    outer loop
      vertex 54.8256 50.9961 10.3
      vertex 55.318 50.9021 10.3
      vertex 55.0748 50.9646 10.3
    endloop
  endfacet
  facet normal 0 0 1
    outer loop
      vertex 55.7717 44.3113 10.3
      vertex 54.8256 44.0039 10.3
      vertex 55.5516 44.1903 10.3
    endloop
  endfacet
  facet normal 0 0 1
    outer loop
      vertex 55.5516 44.1903 10.3
      vertex 54.8256 44.0039 10.3
      vertex 55.318 44.0979 10.3
    endloop
  endfacet
  facet normal 0 0 1
    outer loop
      vertex 55.318 44.0979 10.3
      vertex 54.8256 44.0039 10.3
      vertex 55.0748 44.0354 10.3
    endloop
  endfacet
  facet normal 0 0 1
    outer loop
      vertex 56.5596 45.2638 10.3
      vertex 54.8256 44.0039 10.3
      vertex 56.4526 45.0365 10.3
    endloop
  endfacet
  facet normal 0 0 1
    outer loop
      vertex 54.8256 50.9961 10.3
      vertex 50.4842 49.2507 10.3
      vertex 50.5 49 10.3
    endloop
  endfacet
  facet normal 0 0 1
    outer loop
      vertex 54.8256 50.9961 10.3
      vertex 50.4372 49.4974 10.3
      vertex 50.4842 49.2507 10.3
    endloop
  endfacet
  facet normal 0 0 1
    outer loop
      vertex 54.8256 50.9961 10.3
      vertex 50.3596 49.7362 10.3
      vertex 50.4372 49.4974 10.3
    endloop
  endfacet
  facet normal 0 0 1
    outer loop
      vertex 54.8256 50.9961 10.3
      vertex 50.2526 49.9635 10.3
      vertex 50.3596 49.7362 10.3
    endloop
  endfacet
  facet normal 0 0 1
    outer loop
      vertex 54.8256 50.9961 10.3
      vertex 50.118 50.1756 10.3
      vertex 50.2526 49.9635 10.3
    endloop
  endfacet
  facet normal 0 0 1
    outer loop
      vertex 54.8256 50.9961 10.3
      vertex 49.9579 50.3691 10.3
      vertex 50.118 50.1756 10.3
    endloop
  endfacet
  facet normal 0 0 1
    outer loop
      vertex 54.8256 50.9961 10.3
      vertex 49.7748 50.541 10.3
      vertex 49.9579 50.3691 10.3
    endloop
  endfacet
  facet normal 0 0 1
    outer loop
      vertex 54.8256 50.9961 10.3
      vertex 49.5717 50.6887 10.3
      vertex 49.7748 50.541 10.3
    endloop
  endfacet
  facet normal 0 0 1
    outer loop
      vertex 54.8256 50.9961 10.3
      vertex 49.3516 50.8097 10.3
      vertex 49.5717 50.6887 10.3
    endloop
  endfacet
  facet normal 0 0 1
    outer loop
      vertex 54.8256 50.9961 10.3
      vertex 49.118 50.9021 10.3
      vertex 49.3516 50.8097 10.3
    endloop
  endfacet
  facet normal 0 0 1
    outer loop
      vertex 54.8256 50.9961 10.3
      vertex 48.8748 50.9646 10.3
      vertex 49.118 50.9021 10.3
    endloop
  endfacet
  facet normal 0 -0 1
    outer loop
      vertex 48.8748 50.9646 10.3
      vertex 54.8256 50.9961 10.3
      vertex 48.6256 50.9961 10.3
    endloop
  endfacet
  facet normal 0 0 1
    outer loop
      vertex 54.8256 44.0039 10.3
      vertex 50.5 49 10.3
      vertex 50.5 44.0039 10.3
    endloop
  endfacet
  facet normal -0 0 1
    outer loop
      vertex 43.9125 50.9961 10.3
      vertex 44.1252 50.9646 10.3
      vertex 44.3744 50.9961 10.3
    endloop
  endfacet
  facet normal 0 0 1
    outer loop
      vertex 44.1252 50.9646 10.3
      vertex 43.9125 50.9961 10.3
      vertex 43.9125 50.91 10.3
    endloop
  endfacet
  facet normal 0.125407 -0.992105 0
    outer loop
      vertex 54.8256 44.0039 3.8147e-07
      vertex 55.0748 44.0354 10.3
      vertex 54.8256 44.0039 10.3
    endloop
  endfacet
  facet normal 0.125407 -0.992105 0
    outer loop
      vertex 55.0748 44.0354 10.3
      vertex 54.8256 44.0039 3.8147e-07
      vertex 55.0748 44.0354 3.8147e-07
    endloop
  endfacet
  facet normal 0.982332 -0.187149 0
    outer loop
      vertex 56.6372 45.5026 10.3
      vertex 56.6842 45.7493 3.8147e-07
      vertex 56.6842 45.7493 10.3
    endloop
  endfacet
  facet normal 0.982332 -0.187149 0
    outer loop
      vertex 56.6842 45.7493 3.8147e-07
      vertex 56.6372 45.5026 10.3
      vertex 56.6372 45.5026 3.8147e-07
    endloop
  endfacet
  facet normal 1 -0 0
    outer loop
      vertex 56.7 46 10.3
      vertex 56.7 49 3.8147e-07
      vertex 56.7 49 10.3
    endloop
  endfacet
  facet normal 1 0 0
    outer loop
      vertex 56.7 49 3.8147e-07
      vertex 56.7 46 10.3
      vertex 56.7 46 3.8147e-07
    endloop
  endfacet
  facet normal 0.481751 0.876308 -0
    outer loop
      vertex 55.7717 50.6887 3.8147e-07
      vertex 55.5516 50.8097 10.3
      vertex 55.7717 50.6887 10.3
    endloop
  endfacet
  facet normal 0.481751 0.876308 0
    outer loop
      vertex 55.5516 50.8097 10.3
      vertex 55.7717 50.6887 3.8147e-07
      vertex 55.5516 50.8097 3.8147e-07
    endloop
  endfacet
  facet normal 0.99802 -0.0628987 0
    outer loop
      vertex 56.6842 45.7493 10.3
      vertex 56.7 46 3.8147e-07
      vertex 56.7 46 10.3
    endloop
  endfacet
  facet normal 0.99802 -0.0628987 0
    outer loop
      vertex 56.7 46 3.8147e-07
      vertex 56.6842 45.7493 10.3
      vertex 56.6842 45.7493 3.8147e-07
    endloop
  endfacet
  facet normal 0.99802 0.0628987 0
    outer loop
      vertex 56.7 49 10.3
      vertex 56.6842 49.2507 3.8147e-07
      vertex 56.6842 49.2507 10.3
    endloop
  endfacet
  facet normal 0.99802 0.0628987 0
    outer loop
      vertex 56.6842 49.2507 3.8147e-07
      vertex 56.7 49 10.3
      vertex 56.7 49 3.8147e-07
    endloop
  endfacet
  facet normal 0.904765 0.425912 0
    outer loop
      vertex 56.5596 49.7362 10.3
      vertex 56.4526 49.9635 3.8147e-07
      vertex 56.4526 49.9635 10.3
    endloop
  endfacet
  facet normal 0.904765 0.425912 0
    outer loop
      vertex 56.4526 49.9635 3.8147e-07
      vertex 56.5596 49.7362 10.3
      vertex 56.5596 49.7362 3.8147e-07
    endloop
  endfacet
  facet normal 0.982332 0.187149 0
    outer loop
      vertex 56.6842 49.2507 10.3
      vertex 56.6372 49.4974 3.8147e-07
      vertex 56.6372 49.4974 10.3
    endloop
  endfacet
  facet normal 0.982332 0.187149 0
    outer loop
      vertex 56.6372 49.4974 3.8147e-07
      vertex 56.6842 49.2507 10.3
      vertex 56.6842 49.2507 3.8147e-07
    endloop
  endfacet
  facet normal 0.588148 0.808753 -0
    outer loop
      vertex 55.9748 50.541 3.8147e-07
      vertex 55.7717 50.6887 10.3
      vertex 55.9748 50.541 10.3
    endloop
  endfacet
  facet normal 0.588148 0.808753 0
    outer loop
      vertex 55.7717 50.6887 10.3
      vertex 55.9748 50.541 3.8147e-07
      vertex 55.7717 50.6887 3.8147e-07
    endloop
  endfacet
  facet normal 0.125407 0.992105 -0
    outer loop
      vertex 55.0748 50.9646 3.8147e-07
      vertex 54.8256 50.9961 10.3
      vertex 55.0748 50.9646 10.3
    endloop
  endfacet
  facet normal 0.125407 0.992105 0
    outer loop
      vertex 54.8256 50.9961 10.3
      vertex 55.0748 50.9646 3.8147e-07
      vertex 54.8256 50.9961 3.8147e-07
    endloop
  endfacet
  facet normal 0.367819 0.929897 -0
    outer loop
      vertex 55.5516 50.8097 3.8147e-07
      vertex 55.318 50.9021 10.3
      vertex 55.5516 50.8097 10.3
    endloop
  endfacet
  facet normal 0.367819 0.929897 0
    outer loop
      vertex 55.318 50.9021 10.3
      vertex 55.5516 50.8097 3.8147e-07
      vertex 55.318 50.9021 3.8147e-07
    endloop
  endfacet
  facet normal 0.367819 -0.929897 0
    outer loop
      vertex 55.318 44.0979 3.8147e-07
      vertex 55.5516 44.1903 10.3
      vertex 55.318 44.0979 10.3
    endloop
  endfacet
  facet normal 0.367819 -0.929897 0
    outer loop
      vertex 55.5516 44.1903 10.3
      vertex 55.318 44.0979 3.8147e-07
      vertex 55.5516 44.1903 3.8147e-07
    endloop
  endfacet
  facet normal 0.588148 -0.808753 0
    outer loop
      vertex 55.7717 44.3113 3.8147e-07
      vertex 55.9748 44.459 10.3
      vertex 55.7717 44.3113 10.3
    endloop
  endfacet
  facet normal 0.588148 -0.808753 0
    outer loop
      vertex 55.9748 44.459 10.3
      vertex 55.7717 44.3113 3.8147e-07
      vertex 55.9748 44.459 3.8147e-07
    endloop
  endfacet
  facet normal 0.904765 -0.425912 0
    outer loop
      vertex 56.4526 45.0365 10.3
      vertex 56.5596 45.2638 3.8147e-07
      vertex 56.5596 45.2638 10.3
    endloop
  endfacet
  facet normal 0.904765 -0.425912 0
    outer loop
      vertex 56.5596 45.2638 3.8147e-07
      vertex 56.4526 45.0365 10.3
      vertex 56.4526 45.0365 3.8147e-07
    endloop
  endfacet
  facet normal 0.770468 0.637478 0
    outer loop
      vertex 56.318 50.1756 10.3
      vertex 56.1579 50.3691 3.8147e-07
      vertex 56.1579 50.3691 10.3
    endloop
  endfacet
  facet normal 0.770468 0.637478 0
    outer loop
      vertex 56.1579 50.3691 3.8147e-07
      vertex 56.318 50.1756 10.3
      vertex 56.318 50.1756 3.8147e-07
    endloop
  endfacet
  facet normal 0.844333 0.535819 0
    outer loop
      vertex 56.4526 49.9635 10.3
      vertex 56.318 50.1756 3.8147e-07
      vertex 56.318 50.1756 10.3
    endloop
  endfacet
  facet normal 0.844333 0.535819 0
    outer loop
      vertex 56.318 50.1756 3.8147e-07
      vertex 56.4526 49.9635 10.3
      vertex 56.4526 49.9635 3.8147e-07
    endloop
  endfacet
  facet normal 0.951046 0.30905 0
    outer loop
      vertex 56.6372 49.4974 10.3
      vertex 56.5596 49.7362 3.8147e-07
      vertex 56.5596 49.7362 10.3
    endloop
  endfacet
  facet normal 0.951046 0.30905 0
    outer loop
      vertex 56.5596 49.7362 3.8147e-07
      vertex 56.6372 49.4974 10.3
      vertex 56.6372 49.4974 3.8147e-07
    endloop
  endfacet
  facet normal 0.248902 0.968529 -0
    outer loop
      vertex 55.318 50.9021 3.8147e-07
      vertex 55.0748 50.9646 10.3
      vertex 55.318 50.9021 10.3
    endloop
  endfacet
  facet normal 0.248902 0.968529 0
    outer loop
      vertex 55.0748 50.9646 10.3
      vertex 55.318 50.9021 3.8147e-07
      vertex 55.0748 50.9646 3.8147e-07
    endloop
  endfacet
  facet normal 0 0 -1
    outer loop
      vertex 42.5 38.0039 3.8147e-07
      vertex 42.3161 40.5647 3.8147e-07
      vertex 42.5 40.5414 3.8147e-07
    endloop
  endfacet
  facet normal 0 0 -1
    outer loop
      vertex 42.5 38.0039 3.8147e-07
      vertex 41.8721 40.6786 3.8147e-07
      vertex 42.3161 40.5647 3.8147e-07
    endloop
  endfacet
  facet normal 0 0 -1
    outer loop
      vertex 42.5 38.0039 3.8147e-07
      vertex 41.4459 40.8474 3.8147e-07
      vertex 41.8721 40.6786 3.8147e-07
    endloop
  endfacet
  facet normal 0 0 -1
    outer loop
      vertex 39.3744 38.0039 3.8147e-07
      vertex 41.4459 40.8474 3.8147e-07
      vertex 42.5 38.0039 3.8147e-07
    endloop
  endfacet
  facet normal -0 0 -1
    outer loop
      vertex 41.4459 40.8474 3.8147e-07
      vertex 39.3744 38.0039 3.8147e-07
      vertex 41.0442 41.0682 3.8147e-07
    endloop
  endfacet
  facet normal -0 0 -1
    outer loop
      vertex 41.0442 41.0682 3.8147e-07
      vertex 39.3744 38.0039 3.8147e-07
      vertex 40.6734 41.3376 3.8147e-07
    endloop
  endfacet
  facet normal 0 0 -1
    outer loop
      vertex 39.1252 38.0354 3.8147e-07
      vertex 40.6734 41.3376 3.8147e-07
      vertex 39.3744 38.0039 3.8147e-07
    endloop
  endfacet
  facet normal 0 0 -1
    outer loop
      vertex 38.882 38.0979 3.8147e-07
      vertex 40.6734 41.3376 3.8147e-07
      vertex 39.1252 38.0354 3.8147e-07
    endloop
  endfacet
  facet normal -0 0 -1
    outer loop
      vertex 40.3393 41.6514 3.8147e-07
      vertex 37.5 40 3.8147e-07
      vertex 40.0471 42.0046 3.8147e-07
    endloop
  endfacet
  facet normal -0 0 -1
    outer loop
      vertex 40.0471 42.0046 3.8147e-07
      vertex 37.5 40 3.8147e-07
      vertex 39.8015 42.3916 3.8147e-07
    endloop
  endfacet
  facet normal -0 0 -1
    outer loop
      vertex 39.8015 42.3916 3.8147e-07
      vertex 37.5 40 3.8147e-07
      vertex 39.6063 42.8063 3.8147e-07
    endloop
  endfacet
  facet normal -0 0 -1
    outer loop
      vertex 39.6063 42.8063 3.8147e-07
      vertex 37.5 40 3.8147e-07
      vertex 39.4647 43.2423 3.8147e-07
    endloop
  endfacet
  facet normal -0 0 -1
    outer loop
      vertex 39.4647 43.2423 3.8147e-07
      vertex 37.5 40 3.8147e-07
      vertex 39.3788 43.6925 3.8147e-07
    endloop
  endfacet
  facet normal 0 0 -1
    outer loop
      vertex 38.6484 38.1903 3.8147e-07
      vertex 40.6734 41.3376 3.8147e-07
      vertex 38.882 38.0979 3.8147e-07
    endloop
  endfacet
  facet normal 0 0 -1
    outer loop
      vertex 41.8721 47.6214 3.8147e-07
      vertex 42.0875 50.9961 3.8147e-07
      vertex 42.0875 47.6767 3.8147e-07
    endloop
  endfacet
  facet normal 0 0 -1
    outer loop
      vertex 41.4459 47.4526 3.8147e-07
      vertex 42.0875 50.9961 3.8147e-07
      vertex 41.8721 47.6214 3.8147e-07
    endloop
  endfacet
  facet normal 0 0 -1
    outer loop
      vertex 39.3744 50.9961 3.8147e-07
      vertex 41.4459 47.4526 3.8147e-07
      vertex 41.0442 47.2318 3.8147e-07
    endloop
  endfacet
  facet normal 0 0 -1
    outer loop
      vertex 37.5 49 3.8147e-07
      vertex 41.0442 47.2318 3.8147e-07
      vertex 40.6734 46.9624 3.8147e-07
    endloop
  endfacet
  facet normal 0 0 -1
    outer loop
      vertex 37.5 49 3.8147e-07
      vertex 40.6734 46.9624 3.8147e-07
      vertex 40.3393 46.6486 3.8147e-07
    endloop
  endfacet
  facet normal 0 0 -1
    outer loop
      vertex 37.5 49 3.8147e-07
      vertex 40.3393 46.6486 3.8147e-07
      vertex 40.0471 46.2954 3.8147e-07
    endloop
  endfacet
  facet normal 0 0 -1
    outer loop
      vertex 37.5 49 3.8147e-07
      vertex 40.0471 46.2954 3.8147e-07
      vertex 39.8015 45.9084 3.8147e-07
    endloop
  endfacet
  facet normal 0 0 -1
    outer loop
      vertex 37.5 49 3.8147e-07
      vertex 39.8015 45.9084 3.8147e-07
      vertex 39.6063 45.4937 3.8147e-07
    endloop
  endfacet
  facet normal 0 0 -1
    outer loop
      vertex 41.4459 47.4526 3.8147e-07
      vertex 39.3744 50.9961 3.8147e-07
      vertex 42.0875 50.9961 3.8147e-07
    endloop
  endfacet
  facet normal 0 0 -1
    outer loop
      vertex 37.5 49 3.8147e-07
      vertex 39.6063 45.4937 3.8147e-07
      vertex 39.4647 45.0577 3.8147e-07
    endloop
  endfacet
  facet normal 0 0 -1
    outer loop
      vertex 37.5 49 3.8147e-07
      vertex 39.4647 45.0577 3.8147e-07
      vertex 39.3788 44.6075 3.8147e-07
    endloop
  endfacet
  facet normal 0 0 -1
    outer loop
      vertex 37.5 49 3.8147e-07
      vertex 39.3788 44.6075 3.8147e-07
      vertex 39.35 44.15 3.8147e-07
    endloop
  endfacet
  facet normal -0 0 -1
    outer loop
      vertex 39.3788 43.6925 3.8147e-07
      vertex 37.5 40 3.8147e-07
      vertex 39.35 44.15 3.8147e-07
    endloop
  endfacet
  facet normal 0 0 -1
    outer loop
      vertex 37.5 49 3.8147e-07
      vertex 39.35 44.15 3.8147e-07
      vertex 37.5 40 3.8147e-07
    endloop
  endfacet
  facet normal 0 0 -1
    outer loop
      vertex 38.4283 38.3113 3.8147e-07
      vertex 40.6734 41.3376 3.8147e-07
      vertex 38.6484 38.1903 3.8147e-07
    endloop
  endfacet
  facet normal 0 0 -1
    outer loop
      vertex 41.0442 47.2318 3.8147e-07
      vertex 37.5 49 3.8147e-07
      vertex 39.3744 50.9961 3.8147e-07
    endloop
  endfacet
  facet normal 0 0 -1
    outer loop
      vertex 38.2252 38.459 3.8147e-07
      vertex 40.6734 41.3376 3.8147e-07
      vertex 38.4283 38.3113 3.8147e-07
    endloop
  endfacet
  facet normal 0 0 -1
    outer loop
      vertex 39.3744 50.9961 3.8147e-07
      vertex 37.5 49 3.8147e-07
      vertex 39.1252 50.9646 3.8147e-07
    endloop
  endfacet
  facet normal 0 0 -1
    outer loop
      vertex 38.0421 38.6309 3.8147e-07
      vertex 40.6734 41.3376 3.8147e-07
      vertex 38.2252 38.459 3.8147e-07
    endloop
  endfacet
  facet normal 0 0 -1
    outer loop
      vertex 39.1252 50.9646 3.8147e-07
      vertex 37.5 49 3.8147e-07
      vertex 38.882 50.9021 3.8147e-07
    endloop
  endfacet
  facet normal 0 0 -1
    outer loop
      vertex 37.882 38.8244 3.8147e-07
      vertex 40.6734 41.3376 3.8147e-07
      vertex 38.0421 38.6309 3.8147e-07
    endloop
  endfacet
  facet normal 0 0 -1
    outer loop
      vertex 38.882 50.9021 3.8147e-07
      vertex 37.5 49 3.8147e-07
      vertex 38.6484 50.8097 3.8147e-07
    endloop
  endfacet
  facet normal 0 0 -1
    outer loop
      vertex 37.7474 39.0365 3.8147e-07
      vertex 40.6734 41.3376 3.8147e-07
      vertex 37.882 38.8244 3.8147e-07
    endloop
  endfacet
  facet normal 0 0 -1
    outer loop
      vertex 38.6484 50.8097 3.8147e-07
      vertex 37.5 49 3.8147e-07
      vertex 38.4283 50.6887 3.8147e-07
    endloop
  endfacet
  facet normal 0 0 -1
    outer loop
      vertex 37.6404 39.2638 3.8147e-07
      vertex 40.6734 41.3376 3.8147e-07
      vertex 37.7474 39.0365 3.8147e-07
    endloop
  endfacet
  facet normal 0 0 -1
    outer loop
      vertex 38.4283 50.6887 3.8147e-07
      vertex 37.5 49 3.8147e-07
      vertex 38.2252 50.541 3.8147e-07
    endloop
  endfacet
  facet normal 0 0 -1
    outer loop
      vertex 37.5628 39.5026 3.8147e-07
      vertex 40.6734 41.3376 3.8147e-07
      vertex 37.6404 39.2638 3.8147e-07
    endloop
  endfacet
  facet normal 0 0 -1
    outer loop
      vertex 38.2252 50.541 3.8147e-07
      vertex 37.5 49 3.8147e-07
      vertex 38.0421 50.3691 3.8147e-07
    endloop
  endfacet
  facet normal -0 0 -1
    outer loop
      vertex 40.6734 41.3376 3.8147e-07
      vertex 37.5 40 3.8147e-07
      vertex 40.3393 41.6514 3.8147e-07
    endloop
  endfacet
  facet normal 0 0 -1
    outer loop
      vertex 38.0421 50.3691 3.8147e-07
      vertex 37.5 49 3.8147e-07
      vertex 37.882 50.1756 3.8147e-07
    endloop
  endfacet
  facet normal 0 0 -1
    outer loop
      vertex 40.6734 41.3376 3.8147e-07
      vertex 37.5628 39.5026 3.8147e-07
      vertex 37.5 40 3.8147e-07
    endloop
  endfacet
  facet normal 0 0 -1
    outer loop
      vertex 37.882 50.1756 3.8147e-07
      vertex 37.5 49 3.8147e-07
      vertex 37.7474 49.9635 3.8147e-07
    endloop
  endfacet
  facet normal 0 0 -1
    outer loop
      vertex 37.5 40 3.8147e-07
      vertex 37.5628 39.5026 3.8147e-07
      vertex 37.5158 39.7493 3.8147e-07
    endloop
  endfacet
  facet normal 0 0 -1
    outer loop
      vertex 37.7474 49.9635 3.8147e-07
      vertex 37.5 49 3.8147e-07
      vertex 37.6404 49.7362 3.8147e-07
    endloop
  endfacet
  facet normal 0 0 -1
    outer loop
      vertex 37.6404 49.7362 3.8147e-07
      vertex 37.5 49 3.8147e-07
      vertex 37.5628 49.4974 3.8147e-07
    endloop
  endfacet
  facet normal 0 0 -1
    outer loop
      vertex 37.5628 49.4974 3.8147e-07
      vertex 37.5 49 3.8147e-07
      vertex 37.5158 49.2507 3.8147e-07
    endloop
  endfacet
  facet normal 0 0 -1
    outer loop
      vertex 54.8256 44.0039 3.8147e-07
      vertex 56.7 46 3.8147e-07
      vertex 56.6842 45.7493 3.8147e-07
    endloop
  endfacet
  facet normal 0 0 -1
    outer loop
      vertex 56.7 46 3.8147e-07
      vertex 50.5 49 3.8147e-07
      vertex 56.7 49 3.8147e-07
    endloop
  endfacet
  facet normal 0 0 -1
    outer loop
      vertex 54.8256 44.0039 3.8147e-07
      vertex 56.6842 45.7493 3.8147e-07
      vertex 56.6372 45.5026 3.8147e-07
    endloop
  endfacet
  facet normal 0 -0 -1
    outer loop
      vertex 54.8256 50.9961 3.8147e-07
      vertex 56.7 49 3.8147e-07
      vertex 50.5 49 3.8147e-07
    endloop
  endfacet
  facet normal 0 0 -1
    outer loop
      vertex 54.8256 44.0039 3.8147e-07
      vertex 56.6372 45.5026 3.8147e-07
      vertex 56.5596 45.2638 3.8147e-07
    endloop
  endfacet
  facet normal 0 0 -1
    outer loop
      vertex 56.7 49 3.8147e-07
      vertex 54.8256 50.9961 3.8147e-07
      vertex 56.6842 49.2507 3.8147e-07
    endloop
  endfacet
  facet normal 0 0 -1
    outer loop
      vertex 54.8256 44.0039 3.8147e-07
      vertex 56.5596 45.2638 3.8147e-07
      vertex 56.4526 45.0365 3.8147e-07
    endloop
  endfacet
  facet normal 0 0 -1
    outer loop
      vertex 56.6842 49.2507 3.8147e-07
      vertex 54.8256 50.9961 3.8147e-07
      vertex 56.6372 49.4974 3.8147e-07
    endloop
  endfacet
  facet normal 0 0 -1
    outer loop
      vertex 54.8256 44.0039 3.8147e-07
      vertex 56.4526 45.0365 3.8147e-07
      vertex 56.318 44.8244 3.8147e-07
    endloop
  endfacet
  facet normal -0 0 -1
    outer loop
      vertex 56.7 46 3.8147e-07
      vertex 54.8256 44.0039 3.8147e-07
      vertex 50.5 49 3.8147e-07
    endloop
  endfacet
  facet normal 0 0 -1
    outer loop
      vertex 54.8256 44.0039 3.8147e-07
      vertex 56.318 44.8244 3.8147e-07
      vertex 56.1579 44.6309 3.8147e-07
    endloop
  endfacet
  facet normal 0 0 -1
    outer loop
      vertex 56.6372 49.4974 3.8147e-07
      vertex 54.8256 50.9961 3.8147e-07
      vertex 56.5596 49.7362 3.8147e-07
    endloop
  endfacet
  facet normal 0 0 -1
    outer loop
      vertex 54.8256 44.0039 3.8147e-07
      vertex 56.1579 44.6309 3.8147e-07
      vertex 55.9748 44.459 3.8147e-07
    endloop
  endfacet
  facet normal 0 0 -1
    outer loop
      vertex 56.4526 49.9635 3.8147e-07
      vertex 54.8256 50.9961 3.8147e-07
      vertex 56.318 50.1756 3.8147e-07
    endloop
  endfacet
  facet normal 0 0 -1
    outer loop
      vertex 54.8256 44.0039 3.8147e-07
      vertex 55.9748 44.459 3.8147e-07
      vertex 55.7717 44.3113 3.8147e-07
    endloop
  endfacet
  facet normal 0 0 -1
    outer loop
      vertex 56.318 50.1756 3.8147e-07
      vertex 54.8256 50.9961 3.8147e-07
      vertex 56.1579 50.3691 3.8147e-07
    endloop
  endfacet
  facet normal 0 0 -1
    outer loop
      vertex 54.8256 44.0039 3.8147e-07
      vertex 55.7717 44.3113 3.8147e-07
      vertex 55.5516 44.1903 3.8147e-07
    endloop
  endfacet
  facet normal 0 0 -1
    outer loop
      vertex 56.1579 50.3691 3.8147e-07
      vertex 54.8256 50.9961 3.8147e-07
      vertex 55.9748 50.541 3.8147e-07
    endloop
  endfacet
  facet normal 0 0 -1
    outer loop
      vertex 54.8256 44.0039 3.8147e-07
      vertex 55.5516 44.1903 3.8147e-07
      vertex 55.318 44.0979 3.8147e-07
    endloop
  endfacet
  facet normal 0 0 -1
    outer loop
      vertex 55.9748 50.541 3.8147e-07
      vertex 54.8256 50.9961 3.8147e-07
      vertex 55.7717 50.6887 3.8147e-07
    endloop
  endfacet
  facet normal 0 0 -1
    outer loop
      vertex 54.8256 44.0039 3.8147e-07
      vertex 55.318 44.0979 3.8147e-07
      vertex 55.0748 44.0354 3.8147e-07
    endloop
  endfacet
  facet normal 0 0 -1
    outer loop
      vertex 55.7717 50.6887 3.8147e-07
      vertex 54.8256 50.9961 3.8147e-07
      vertex 55.5516 50.8097 3.8147e-07
    endloop
  endfacet
  facet normal 0 0 -1
    outer loop
      vertex 55.5516 50.8097 3.8147e-07
      vertex 54.8256 50.9961 3.8147e-07
      vertex 55.318 50.9021 3.8147e-07
    endloop
  endfacet
  facet normal 0 0 -1
    outer loop
      vertex 55.318 50.9021 3.8147e-07
      vertex 54.8256 50.9961 3.8147e-07
      vertex 55.0748 50.9646 3.8147e-07
    endloop
  endfacet
  facet normal 0 0 -1
    outer loop
      vertex 50.5 49 3.8147e-07
      vertex 54.8256 44.0039 3.8147e-07
      vertex 50.5 44.0039 3.8147e-07
    endloop
  endfacet
  facet normal 0 0 -1
    outer loop
      vertex 56.5596 49.7362 3.8147e-07
      vertex 54.8256 50.9961 3.8147e-07
      vertex 56.4526 49.9635 3.8147e-07
    endloop
  endfacet
  facet normal 0 0 -1
    outer loop
      vertex 50.4842 49.2507 3.8147e-07
      vertex 54.8256 50.9961 3.8147e-07
      vertex 50.5 49 3.8147e-07
    endloop
  endfacet
  facet normal 0 0 -1
    outer loop
      vertex 50.4372 49.4974 3.8147e-07
      vertex 54.8256 50.9961 3.8147e-07
      vertex 50.4842 49.2507 3.8147e-07
    endloop
  endfacet
  facet normal 0 0 -1
    outer loop
      vertex 50.3596 49.7362 3.8147e-07
      vertex 54.8256 50.9961 3.8147e-07
      vertex 50.4372 49.4974 3.8147e-07
    endloop
  endfacet
  facet normal 0 0 -1
    outer loop
      vertex 50.2526 49.9635 3.8147e-07
      vertex 54.8256 50.9961 3.8147e-07
      vertex 50.3596 49.7362 3.8147e-07
    endloop
  endfacet
  facet normal 0 0 -1
    outer loop
      vertex 50.118 50.1756 3.8147e-07
      vertex 54.8256 50.9961 3.8147e-07
      vertex 50.2526 49.9635 3.8147e-07
    endloop
  endfacet
  facet normal 0 0 -1
    outer loop
      vertex 49.9579 50.3691 3.8147e-07
      vertex 54.8256 50.9961 3.8147e-07
      vertex 50.118 50.1756 3.8147e-07
    endloop
  endfacet
  facet normal 0 0 -1
    outer loop
      vertex 49.7748 50.541 3.8147e-07
      vertex 54.8256 50.9961 3.8147e-07
      vertex 49.9579 50.3691 3.8147e-07
    endloop
  endfacet
  facet normal 0 0 -1
    outer loop
      vertex 49.5717 50.6887 3.8147e-07
      vertex 54.8256 50.9961 3.8147e-07
      vertex 49.7748 50.541 3.8147e-07
    endloop
  endfacet
  facet normal 0 0 -1
    outer loop
      vertex 49.3516 50.8097 3.8147e-07
      vertex 54.8256 50.9961 3.8147e-07
      vertex 49.5717 50.6887 3.8147e-07
    endloop
  endfacet
  facet normal 0 0 -1
    outer loop
      vertex 49.118 50.9021 3.8147e-07
      vertex 54.8256 50.9961 3.8147e-07
      vertex 49.3516 50.8097 3.8147e-07
    endloop
  endfacet
  facet normal 0 0 -1
    outer loop
      vertex 48.8748 50.9646 3.8147e-07
      vertex 54.8256 50.9961 3.8147e-07
      vertex 49.118 50.9021 3.8147e-07
    endloop
  endfacet
  facet normal -0 0 -1
    outer loop
      vertex 54.8256 50.9961 3.8147e-07
      vertex 48.8748 50.9646 3.8147e-07
      vertex 48.6256 50.9961 3.8147e-07
    endloop
  endfacet
  facet normal 0 0 -1
    outer loop
      vertex 44.1252 50.9646 3.8147e-07
      vertex 43.9125 50.9961 3.8147e-07
      vertex 44.3744 50.9961 3.8147e-07
    endloop
  endfacet
  facet normal 0 0 -1
    outer loop
      vertex 43.9125 50.9961 3.8147e-07
      vertex 44.1252 50.9646 3.8147e-07
      vertex 43.9125 50.91 3.8147e-07
    endloop
  endfacet
  facet normal 0.248902 -0.968529 0
    outer loop
      vertex 55.0748 44.0354 3.8147e-07
      vertex 55.318 44.0979 10.3
      vertex 55.0748 44.0354 10.3
    endloop
  endfacet
  facet normal 0.248902 -0.968529 0
    outer loop
      vertex 55.318 44.0979 10.3
      vertex 55.0748 44.0354 3.8147e-07
      vertex 55.318 44.0979 3.8147e-07
    endloop
  endfacet
  facet normal 0.481751 -0.876308 0
    outer loop
      vertex 55.5516 44.1903 3.8147e-07
      vertex 55.7717 44.3113 10.3
      vertex 55.5516 44.1903 10.3
    endloop
  endfacet
  facet normal 0.481751 -0.876308 0
    outer loop
      vertex 55.7717 44.3113 10.3
      vertex 55.5516 44.1903 3.8147e-07
      vertex 55.7717 44.3113 3.8147e-07
    endloop
  endfacet
  facet normal 0.770468 -0.637478 0
    outer loop
      vertex 56.1579 44.6309 10.3
      vertex 56.318 44.8244 3.8147e-07
      vertex 56.318 44.8244 10.3
    endloop
  endfacet
  facet normal 0.770468 -0.637478 0
    outer loop
      vertex 56.318 44.8244 3.8147e-07
      vertex 56.1579 44.6309 10.3
      vertex 56.1579 44.6309 3.8147e-07
    endloop
  endfacet
  facet normal 0.844333 -0.535819 0
    outer loop
      vertex 56.318 44.8244 10.3
      vertex 56.4526 45.0365 3.8147e-07
      vertex 56.4526 45.0365 10.3
    endloop
  endfacet
  facet normal 0.844333 -0.535819 0
    outer loop
      vertex 56.4526 45.0365 3.8147e-07
      vertex 56.318 44.8244 10.3
      vertex 56.318 44.8244 3.8147e-07
    endloop
  endfacet
  facet normal 0.684458 -0.729053 0
    outer loop
      vertex 55.9748 44.459 3.8147e-07
      vertex 56.1579 44.6309 10.3
      vertex 55.9748 44.459 10.3
    endloop
  endfacet
  facet normal 0.684458 -0.729053 0
    outer loop
      vertex 56.1579 44.6309 10.3
      vertex 55.9748 44.459 3.8147e-07
      vertex 56.1579 44.6309 3.8147e-07
    endloop
  endfacet
  facet normal 0.951046 -0.30905 0
    outer loop
      vertex 56.5596 45.2638 10.3
      vertex 56.6372 45.5026 3.8147e-07
      vertex 56.6372 45.5026 10.3
    endloop
  endfacet
  facet normal 0.951046 -0.30905 0
    outer loop
      vertex 56.6372 45.5026 3.8147e-07
      vertex 56.5596 45.2638 10.3
      vertex 56.5596 45.2638 3.8147e-07
    endloop
  endfacet
  facet normal 1 0 0
    outer loop
      vertex 50.5 44.0039 10.3
      vertex 50.5 36.5 3
      vertex 50.5 44.0039 3.8147e-07
    endloop
  endfacet
  facet normal 1 0 0
    outer loop
      vertex 50.5 44.0039 10.3
      vertex 50.5 34.5 3
      vertex 50.5 36.5 3
    endloop
  endfacet
  facet normal 1 0 0
    outer loop
      vertex 50.5 26.9961 3.8147e-07
      vertex 50.5 34.5 3
      vertex 50.5 26.9961 10.3
    endloop
  endfacet
  facet normal 1 0 0
    outer loop
      vertex 50.5 44.0039 10.3
      vertex 50.5 26.9961 10.3
      vertex 50.5 34.5 3
    endloop
  endfacet
  facet normal 0 0 0
    outer loop
      vertex 50.5 49 10.3
      vertex 50.5 26.9961 10.3
      vertex 50.5 44.0039 10.3
    endloop
  endfacet
  facet normal 0 0 0
    outer loop
      vertex 50.5 22 10.3
      vertex 50.5 26.9961 10.3
      vertex 50.5 49 10.3
    endloop
  endfacet
  facet normal 1 -0 0
    outer loop
      vertex 50.5 44.0039 3.8147e-07
      vertex 50.5 49 0
      vertex 50.5 49 3.8147e-07
    endloop
  endfacet
  facet normal 1 0 0
    outer loop
      vertex 50.5 44.0039 3.8147e-07
      vertex 50.5 36.5 0
      vertex 50.5 49 0
    endloop
  endfacet
  facet normal 1 0 0
    outer loop
      vertex 50.5 36.5 0
      vertex 50.5 44.0039 3.8147e-07
      vertex 50.5 36.5 3
    endloop
  endfacet
  facet normal 1 0 0
    outer loop
      vertex 50.5 34.5 3
      vertex 50.5 26.9961 3.8147e-07
      vertex 50.5 34.5 0
    endloop
  endfacet
  facet normal 1 0 0
    outer loop
      vertex 50.5 22 0
      vertex 50.5 26.9961 3.8147e-07
      vertex 50.5 22 3.8147e-07
    endloop
  endfacet
  facet normal 1 0 0
    outer loop
      vertex 50.5 26.9961 3.8147e-07
      vertex 50.5 22 0
      vertex 50.5 34.5 0
    endloop
  endfacet
  facet normal 0 -1 0
    outer loop
      vertex 39.3744 38.0039 3.8147e-07
      vertex 42.5 38.0039 10.3
      vertex 39.3744 38.0039 10.3
    endloop
  endfacet
  facet normal 0 -1 -0
    outer loop
      vertex 42.5 38.0039 10.3
      vertex 39.3744 38.0039 3.8147e-07
      vertex 42.5 38.0039 3.8147e-07
    endloop
  endfacet
  facet normal -1 0 0
    outer loop
      vertex 37.5 40 3.8147e-07
      vertex 37.5 49 10.3
      vertex 37.5 49 3.8147e-07
    endloop
  endfacet
  facet normal -1 -0 0
    outer loop
      vertex 37.5 49 10.3
      vertex 37.5 40 3.8147e-07
      vertex 37.5 40 10.3
    endloop
  endfacet
  facet normal -0.684458 -0.729053 0
    outer loop
      vertex 38.0421 38.6309 3.8147e-07
      vertex 38.2252 38.459 10.3
      vertex 38.0421 38.6309 10.3
    endloop
  endfacet
  facet normal -0.684458 -0.729053 -0
    outer loop
      vertex 38.2252 38.459 10.3
      vertex 38.0421 38.6309 3.8147e-07
      vertex 38.2252 38.459 3.8147e-07
    endloop
  endfacet
  facet normal -0.248902 -0.968529 0
    outer loop
      vertex 38.882 38.0979 3.8147e-07
      vertex 39.1252 38.0354 10.3
      vertex 38.882 38.0979 10.3
    endloop
  endfacet
  facet normal -0.248902 -0.968529 -0
    outer loop
      vertex 39.1252 38.0354 10.3
      vertex 38.882 38.0979 3.8147e-07
      vertex 39.1252 38.0354 3.8147e-07
    endloop
  endfacet
  facet normal -0.367819 -0.929897 0
    outer loop
      vertex 38.6484 38.1903 3.8147e-07
      vertex 38.882 38.0979 10.3
      vertex 38.6484 38.1903 10.3
    endloop
  endfacet
  facet normal -0.367819 -0.929897 -0
    outer loop
      vertex 38.882 38.0979 10.3
      vertex 38.6484 38.1903 3.8147e-07
      vertex 38.882 38.0979 3.8147e-07
    endloop
  endfacet
  facet normal -0.684458 0.729053 0
    outer loop
      vertex 38.2252 50.541 3.8147e-07
      vertex 38.0421 50.3691 10.3
      vertex 38.2252 50.541 10.3
    endloop
  endfacet
  facet normal -0.684458 0.729053 0
    outer loop
      vertex 38.0421 50.3691 10.3
      vertex 38.2252 50.541 3.8147e-07
      vertex 38.0421 50.3691 3.8147e-07
    endloop
  endfacet
  facet normal -0.588148 -0.808753 0
    outer loop
      vertex 38.2252 38.459 3.8147e-07
      vertex 38.4283 38.3113 10.3
      vertex 38.2252 38.459 10.3
    endloop
  endfacet
  facet normal -0.588148 -0.808753 -0
    outer loop
      vertex 38.4283 38.3113 10.3
      vertex 38.2252 38.459 3.8147e-07
      vertex 38.4283 38.3113 3.8147e-07
    endloop
  endfacet
  facet normal -0.588148 0.808753 0
    outer loop
      vertex 38.4283 50.6887 3.8147e-07
      vertex 38.2252 50.541 10.3
      vertex 38.4283 50.6887 10.3
    endloop
  endfacet
  facet normal -0.588148 0.808753 0
    outer loop
      vertex 38.2252 50.541 10.3
      vertex 38.4283 50.6887 3.8147e-07
      vertex 38.2252 50.541 3.8147e-07
    endloop
  endfacet
  facet normal -0.481751 0.876308 0
    outer loop
      vertex 38.6484 50.8097 3.8147e-07
      vertex 38.4283 50.6887 10.3
      vertex 38.6484 50.8097 10.3
    endloop
  endfacet
  facet normal -0.481751 0.876308 0
    outer loop
      vertex 38.4283 50.6887 10.3
      vertex 38.6484 50.8097 3.8147e-07
      vertex 38.4283 50.6887 3.8147e-07
    endloop
  endfacet
  facet normal -0.248902 0.968529 0
    outer loop
      vertex 39.1252 50.9646 3.8147e-07
      vertex 38.882 50.9021 10.3
      vertex 39.1252 50.9646 10.3
    endloop
  endfacet
  facet normal -0.248902 0.968529 0
    outer loop
      vertex 38.882 50.9021 10.3
      vertex 39.1252 50.9646 3.8147e-07
      vertex 38.882 50.9021 3.8147e-07
    endloop
  endfacet
  facet normal -0.770468 -0.637478 0
    outer loop
      vertex 38.0421 38.6309 3.8147e-07
      vertex 37.882 38.8244 10.3
      vertex 37.882 38.8244 3.8147e-07
    endloop
  endfacet
  facet normal -0.770468 -0.637478 0
    outer loop
      vertex 37.882 38.8244 10.3
      vertex 38.0421 38.6309 3.8147e-07
      vertex 38.0421 38.6309 10.3
    endloop
  endfacet
  facet normal -0.844333 -0.535819 0
    outer loop
      vertex 37.882 38.8244 3.8147e-07
      vertex 37.7474 39.0365 10.3
      vertex 37.7474 39.0365 3.8147e-07
    endloop
  endfacet
  facet normal -0.844333 -0.535819 0
    outer loop
      vertex 37.7474 39.0365 10.3
      vertex 37.882 38.8244 3.8147e-07
      vertex 37.882 38.8244 10.3
    endloop
  endfacet
  facet normal -0.99802 -0.0628987 0
    outer loop
      vertex 37.5158 39.7493 3.8147e-07
      vertex 37.5 40 10.3
      vertex 37.5 40 3.8147e-07
    endloop
  endfacet
  facet normal -0.99802 -0.0628987 0
    outer loop
      vertex 37.5 40 10.3
      vertex 37.5158 39.7493 3.8147e-07
      vertex 37.5158 39.7493 10.3
    endloop
  endfacet
  facet normal -0.481751 -0.876308 0
    outer loop
      vertex 38.4283 38.3113 3.8147e-07
      vertex 38.6484 38.1903 10.3
      vertex 38.4283 38.3113 10.3
    endloop
  endfacet
  facet normal -0.481751 -0.876308 -0
    outer loop
      vertex 38.6484 38.1903 10.3
      vertex 38.4283 38.3113 3.8147e-07
      vertex 38.6484 38.1903 3.8147e-07
    endloop
  endfacet
  facet normal -0.125407 -0.992105 0
    outer loop
      vertex 39.1252 38.0354 3.8147e-07
      vertex 39.3744 38.0039 10.3
      vertex 39.1252 38.0354 10.3
    endloop
  endfacet
  facet normal -0.125407 -0.992105 -0
    outer loop
      vertex 39.3744 38.0039 10.3
      vertex 39.1252 38.0354 3.8147e-07
      vertex 39.3744 38.0039 3.8147e-07
    endloop
  endfacet
  facet normal -0.844333 0.535819 0
    outer loop
      vertex 37.7474 49.9635 3.8147e-07
      vertex 37.882 50.1756 10.3
      vertex 37.882 50.1756 3.8147e-07
    endloop
  endfacet
  facet normal -0.844333 0.535819 0
    outer loop
      vertex 37.882 50.1756 10.3
      vertex 37.7474 49.9635 3.8147e-07
      vertex 37.7474 49.9635 10.3
    endloop
  endfacet
  facet normal -0.904765 0.425912 0
    outer loop
      vertex 37.6404 49.7362 3.8147e-07
      vertex 37.7474 49.9635 10.3
      vertex 37.7474 49.9635 3.8147e-07
    endloop
  endfacet
  facet normal -0.904765 0.425912 0
    outer loop
      vertex 37.7474 49.9635 10.3
      vertex 37.6404 49.7362 3.8147e-07
      vertex 37.6404 49.7362 10.3
    endloop
  endfacet
  facet normal -0.367819 0.929897 0
    outer loop
      vertex 38.882 50.9021 3.8147e-07
      vertex 38.6484 50.8097 10.3
      vertex 38.882 50.9021 10.3
    endloop
  endfacet
  facet normal -0.367819 0.929897 0
    outer loop
      vertex 38.6484 50.8097 10.3
      vertex 38.882 50.9021 3.8147e-07
      vertex 38.6484 50.8097 3.8147e-07
    endloop
  endfacet
  facet normal -0.125407 0.992105 0
    outer loop
      vertex 39.3744 50.9961 3.8147e-07
      vertex 39.1252 50.9646 10.3
      vertex 39.3744 50.9961 10.3
    endloop
  endfacet
  facet normal -0.125407 0.992105 0
    outer loop
      vertex 39.1252 50.9646 10.3
      vertex 39.3744 50.9961 3.8147e-07
      vertex 39.1252 50.9646 3.8147e-07
    endloop
  endfacet
  facet normal -0.904765 -0.425912 0
    outer loop
      vertex 37.7474 39.0365 3.8147e-07
      vertex 37.6404 39.2638 10.3
      vertex 37.6404 39.2638 3.8147e-07
    endloop
  endfacet
  facet normal -0.904765 -0.425912 0
    outer loop
      vertex 37.6404 39.2638 10.3
      vertex 37.7474 39.0365 3.8147e-07
      vertex 37.7474 39.0365 10.3
    endloop
  endfacet
  facet normal -0.951046 -0.30905 0
    outer loop
      vertex 37.6404 39.2638 3.8147e-07
      vertex 37.5628 39.5026 10.3
      vertex 37.5628 39.5026 3.8147e-07
    endloop
  endfacet
  facet normal -0.951046 -0.30905 0
    outer loop
      vertex 37.5628 39.5026 10.3
      vertex 37.6404 39.2638 3.8147e-07
      vertex 37.6404 39.2638 10.3
    endloop
  endfacet
  facet normal -0.770468 0.637478 0
    outer loop
      vertex 37.882 50.1756 3.8147e-07
      vertex 38.0421 50.3691 10.3
      vertex 38.0421 50.3691 3.8147e-07
    endloop
  endfacet
  facet normal -0.770468 0.637478 0
    outer loop
      vertex 38.0421 50.3691 10.3
      vertex 37.882 50.1756 3.8147e-07
      vertex 37.882 50.1756 10.3
    endloop
  endfacet
  facet normal -0.99802 0.0628987 0
    outer loop
      vertex 37.5 49 3.8147e-07
      vertex 37.5158 49.2507 10.3
      vertex 37.5158 49.2507 3.8147e-07
    endloop
  endfacet
  facet normal -0.99802 0.0628987 0
    outer loop
      vertex 37.5158 49.2507 10.3
      vertex 37.5 49 3.8147e-07
      vertex 37.5 49 10.3
    endloop
  endfacet
  facet normal -0.982332 0.187149 0
    outer loop
      vertex 37.5158 49.2507 3.8147e-07
      vertex 37.5628 49.4974 10.3
      vertex 37.5628 49.4974 3.8147e-07
    endloop
  endfacet
  facet normal -0.982332 0.187149 0
    outer loop
      vertex 37.5628 49.4974 10.3
      vertex 37.5158 49.2507 3.8147e-07
      vertex 37.5158 49.2507 10.3
    endloop
  endfacet
  facet normal -0.982332 -0.187149 0
    outer loop
      vertex 37.5628 39.5026 3.8147e-07
      vertex 37.5158 39.7493 10.3
      vertex 37.5158 39.7493 3.8147e-07
    endloop
  endfacet
  facet normal -0.982332 -0.187149 0
    outer loop
      vertex 37.5158 39.7493 10.3
      vertex 37.5628 39.5026 3.8147e-07
      vertex 37.5628 39.5026 10.3
    endloop
  endfacet
  facet normal -0.951046 0.30905 0
    outer loop
      vertex 37.5628 49.4974 3.8147e-07
      vertex 37.6404 49.7362 10.3
      vertex 37.6404 49.7362 3.8147e-07
    endloop
  endfacet
  facet normal -0.951046 0.30905 0
    outer loop
      vertex 37.6404 49.7362 10.3
      vertex 37.5628 49.4974 3.8147e-07
      vertex 37.5628 49.4974 10.3
    endloop
  endfacet
  facet normal 0 -1 0
    outer loop
      vertex 39.3744 20.0039 3.8147e-07
      vertex 42.0875 20.0039 10.3
      vertex 39.3744 20.0039 10.3
    endloop
  endfacet
  facet normal 0 -1 -0
    outer loop
      vertex 42.0875 20.0039 10.3
      vertex 39.3744 20.0039 3.8147e-07
      vertex 42.0875 20.0039 3.8147e-07
    endloop
  endfacet
  facet normal 0 -1 0
    outer loop
      vertex 44.3744 20.0039 0
      vertex 48.6256 20.0039 3.8147e-07
      vertex 44.3744 20.0039 3.8147e-07
    endloop
  endfacet
  facet normal 0 -1 -0
    outer loop
      vertex 48.6256 20.0039 3.8147e-07
      vertex 44.3744 20.0039 0
      vertex 48.6256 20.0039 0
    endloop
  endfacet
  facet normal 0 -1 0
    outer loop
      vertex 44.3744 20.0039 3.8147e-07
      vertex 44.3744 20.0039 10.3
      vertex 43.9125 20.0039 10.3
    endloop
  endfacet
  facet normal 0 -1 0
    outer loop
      vertex 44.3744 20.0039 10.3
      vertex 44.3744 20.0039 3.8147e-07
      vertex 48.6256 20.0039 10.3
    endloop
  endfacet
  facet normal 0 -1 0
    outer loop
      vertex 44.3744 20.0039 3.8147e-07
      vertex 43.9125 20.0039 10.3
      vertex 43.9125 20.0039 3.8147e-07
    endloop
  endfacet
  facet normal 0 -1 -0
    outer loop
      vertex 48.6256 20.0039 10.3
      vertex 44.3744 20.0039 3.8147e-07
      vertex 48.6256 20.0039 3.8147e-07
    endloop
  endfacet
  facet normal 0 -1 0
    outer loop
      vertex 48.6256 20.0039 10.3
      vertex 48.6256 20.0039 3.8147e-07
      vertex 54.8256 20.0039 10.3
    endloop
  endfacet
  facet normal 0 -1 -0
    outer loop
      vertex 54.8256 20.0039 10.3
      vertex 48.6256 20.0039 3.8147e-07
      vertex 54.8256 20.0039 3.8147e-07
    endloop
  endfacet
  facet normal 0.684458 0.729053 -0
    outer loop
      vertex 56.1579 26.3691 3.8147e-07
      vertex 55.9748 26.541 10.3
      vertex 56.1579 26.3691 10.3
    endloop
  endfacet
  facet normal 0.684458 0.729053 0
    outer loop
      vertex 55.9748 26.541 10.3
      vertex 56.1579 26.3691 3.8147e-07
      vertex 55.9748 26.541 3.8147e-07
    endloop
  endfacet
  facet normal 0 1 -0
    outer loop
      vertex 54.8256 26.9961 3.8147e-07
      vertex 50.5 26.9961 10.3
      vertex 54.8256 26.9961 10.3
    endloop
  endfacet
  facet normal 0 1 0
    outer loop
      vertex 50.5 26.9961 10.3
      vertex 54.8256 26.9961 3.8147e-07
      vertex 50.5 26.9961 3.8147e-07
    endloop
  endfacet
  facet normal 0.588148 0.808753 -0
    outer loop
      vertex 55.9748 26.541 3.8147e-07
      vertex 55.7717 26.6887 10.3
      vertex 55.9748 26.541 10.3
    endloop
  endfacet
  facet normal 0.588148 0.808753 0
    outer loop
      vertex 55.7717 26.6887 10.3
      vertex 55.9748 26.541 3.8147e-07
      vertex 55.7717 26.6887 3.8147e-07
    endloop
  endfacet
  facet normal 0 0 1
    outer loop
      vertex 42.5 32.9961 10.3
      vertex 42.3161 30.4353 10.3
      vertex 42.5 30.4586 10.3
    endloop
  endfacet
  facet normal 0 0 1
    outer loop
      vertex 42.5 32.9961 10.3
      vertex 41.8721 30.3214 10.3
      vertex 42.3161 30.4353 10.3
    endloop
  endfacet
  facet normal 0 0 1
    outer loop
      vertex 42.5 32.9961 10.3
      vertex 41.4459 30.1526 10.3
      vertex 41.8721 30.3214 10.3
    endloop
  endfacet
  facet normal -0 0 1
    outer loop
      vertex 39.3744 32.9961 10.3
      vertex 41.4459 30.1526 10.3
      vertex 42.5 32.9961 10.3
    endloop
  endfacet
  facet normal 0 0 1
    outer loop
      vertex 41.4459 30.1526 10.3
      vertex 39.3744 32.9961 10.3
      vertex 41.0442 29.9318 10.3
    endloop
  endfacet
  facet normal 0 0 1
    outer loop
      vertex 41.0442 29.9318 10.3
      vertex 39.3744 32.9961 10.3
      vertex 40.6734 29.6624 10.3
    endloop
  endfacet
  facet normal -0 0 1
    outer loop
      vertex 39.1252 32.9646 10.3
      vertex 40.6734 29.6624 10.3
      vertex 39.3744 32.9961 10.3
    endloop
  endfacet
  facet normal -0 0 1
    outer loop
      vertex 38.882 32.9021 10.3
      vertex 40.6734 29.6624 10.3
      vertex 39.1252 32.9646 10.3
    endloop
  endfacet
  facet normal 0 0 1
    outer loop
      vertex 40.3393 29.3486 10.3
      vertex 37.5 31 10.3
      vertex 40.0471 28.9954 10.3
    endloop
  endfacet
  facet normal 0 0 1
    outer loop
      vertex 40.0471 28.9954 10.3
      vertex 37.5 31 10.3
      vertex 39.8015 28.6084 10.3
    endloop
  endfacet
  facet normal 0 0 1
    outer loop
      vertex 39.8015 28.6084 10.3
      vertex 37.5 31 10.3
      vertex 39.6063 28.1937 10.3
    endloop
  endfacet
  facet normal 0 0 1
    outer loop
      vertex 39.6063 28.1937 10.3
      vertex 37.5 31 10.3
      vertex 39.4647 27.7577 10.3
    endloop
  endfacet
  facet normal 0 0 1
    outer loop
      vertex 39.4647 27.7577 10.3
      vertex 37.5 31 10.3
      vertex 39.3788 27.3075 10.3
    endloop
  endfacet
  facet normal -0 0 1
    outer loop
      vertex 38.6484 32.8097 10.3
      vertex 40.6734 29.6624 10.3
      vertex 38.882 32.9021 10.3
    endloop
  endfacet
  facet normal 0 0 1
    outer loop
      vertex 41.8721 23.3786 10.3
      vertex 42.0875 20.0039 10.3
      vertex 42.0875 23.3233 10.3
    endloop
  endfacet
  facet normal 0 0 1
    outer loop
      vertex 41.4459 23.5474 10.3
      vertex 42.0875 20.0039 10.3
      vertex 41.8721 23.3786 10.3
    endloop
  endfacet
  facet normal 0 0 1
    outer loop
      vertex 39.3744 20.0039 10.3
      vertex 41.4459 23.5474 10.3
      vertex 41.0442 23.7682 10.3
    endloop
  endfacet
  facet normal 0 0 1
    outer loop
      vertex 37.5 22 10.3
      vertex 41.0442 23.7682 10.3
      vertex 40.6734 24.0376 10.3
    endloop
  endfacet
  facet normal 0 0 1
    outer loop
      vertex 37.5 22 10.3
      vertex 40.6734 24.0376 10.3
      vertex 40.3393 24.3514 10.3
    endloop
  endfacet
  facet normal 0 0 1
    outer loop
      vertex 37.5 22 10.3
      vertex 40.3393 24.3514 10.3
      vertex 40.0471 24.7046 10.3
    endloop
  endfacet
  facet normal 0 0 1
    outer loop
      vertex 37.5 22 10.3
      vertex 40.0471 24.7046 10.3
      vertex 39.8015 25.0916 10.3
    endloop
  endfacet
  facet normal 0 0 1
    outer loop
      vertex 37.5 22 10.3
      vertex 39.8015 25.0916 10.3
      vertex 39.6063 25.5063 10.3
    endloop
  endfacet
  facet normal 0 0 1
    outer loop
      vertex 41.4459 23.5474 10.3
      vertex 39.3744 20.0039 10.3
      vertex 42.0875 20.0039 10.3
    endloop
  endfacet
  facet normal 0 0 1
    outer loop
      vertex 37.5 22 10.3
      vertex 39.6063 25.5063 10.3
      vertex 39.4647 25.9423 10.3
    endloop
  endfacet
  facet normal 0 0 1
    outer loop
      vertex 37.5 22 10.3
      vertex 39.4647 25.9423 10.3
      vertex 39.3788 26.3925 10.3
    endloop
  endfacet
  facet normal 0 0 1
    outer loop
      vertex 37.5 22 10.3
      vertex 39.3788 26.3925 10.3
      vertex 39.35 26.85 10.3
    endloop
  endfacet
  facet normal 0 0 1
    outer loop
      vertex 39.3788 27.3075 10.3
      vertex 37.5 31 10.3
      vertex 39.35 26.85 10.3
    endloop
  endfacet
  facet normal 0 0 1
    outer loop
      vertex 37.5 22 10.3
      vertex 39.35 26.85 10.3
      vertex 37.5 31 10.3
    endloop
  endfacet
  facet normal -0 0 1
    outer loop
      vertex 38.4283 32.6887 10.3
      vertex 40.6734 29.6624 10.3
      vertex 38.6484 32.8097 10.3
    endloop
  endfacet
  facet normal 0 0 1
    outer loop
      vertex 41.0442 23.7682 10.3
      vertex 37.5 22 10.3
      vertex 39.3744 20.0039 10.3
    endloop
  endfacet
  facet normal -0 0 1
    outer loop
      vertex 38.2252 32.541 10.3
      vertex 40.6734 29.6624 10.3
      vertex 38.4283 32.6887 10.3
    endloop
  endfacet
  facet normal 0 0 1
    outer loop
      vertex 39.3744 20.0039 10.3
      vertex 37.5 22 10.3
      vertex 39.1252 20.0354 10.3
    endloop
  endfacet
  facet normal -0 0 1
    outer loop
      vertex 38.0421 32.3691 10.3
      vertex 40.6734 29.6624 10.3
      vertex 38.2252 32.541 10.3
    endloop
  endfacet
  facet normal 0 0 1
    outer loop
      vertex 39.1252 20.0354 10.3
      vertex 37.5 22 10.3
      vertex 38.882 20.0979 10.3
    endloop
  endfacet
  facet normal -0 0 1
    outer loop
      vertex 37.882 32.1756 10.3
      vertex 40.6734 29.6624 10.3
      vertex 38.0421 32.3691 10.3
    endloop
  endfacet
  facet normal 0 0 1
    outer loop
      vertex 38.882 20.0979 10.3
      vertex 37.5 22 10.3
      vertex 38.6484 20.1903 10.3
    endloop
  endfacet
  facet normal -0 0 1
    outer loop
      vertex 37.7474 31.9635 10.3
      vertex 40.6734 29.6624 10.3
      vertex 37.882 32.1756 10.3
    endloop
  endfacet
  facet normal 0 0 1
    outer loop
      vertex 38.6484 20.1903 10.3
      vertex 37.5 22 10.3
      vertex 38.4283 20.3113 10.3
    endloop
  endfacet
  facet normal -0 0 1
    outer loop
      vertex 37.6404 31.7362 10.3
      vertex 40.6734 29.6624 10.3
      vertex 37.7474 31.9635 10.3
    endloop
  endfacet
  facet normal 0 0 1
    outer loop
      vertex 38.4283 20.3113 10.3
      vertex 37.5 22 10.3
      vertex 38.2252 20.459 10.3
    endloop
  endfacet
  facet normal -0 0 1
    outer loop
      vertex 37.5628 31.4974 10.3
      vertex 40.6734 29.6624 10.3
      vertex 37.6404 31.7362 10.3
    endloop
  endfacet
  facet normal 0 0 1
    outer loop
      vertex 38.2252 20.459 10.3
      vertex 37.5 22 10.3
      vertex 38.0421 20.6309 10.3
    endloop
  endfacet
  facet normal 0 0 1
    outer loop
      vertex 40.6734 29.6624 10.3
      vertex 37.5 31 10.3
      vertex 40.3393 29.3486 10.3
    endloop
  endfacet
  facet normal 0 0 1
    outer loop
      vertex 38.0421 20.6309 10.3
      vertex 37.5 22 10.3
      vertex 37.882 20.8244 10.3
    endloop
  endfacet
  facet normal 0 0 1
    outer loop
      vertex 40.6734 29.6624 10.3
      vertex 37.5628 31.4974 10.3
      vertex 37.5 31 10.3
    endloop
  endfacet
  facet normal 0 0 1
    outer loop
      vertex 37.882 20.8244 10.3
      vertex 37.5 22 10.3
      vertex 37.7474 21.0365 10.3
    endloop
  endfacet
  facet normal 0 0 1
    outer loop
      vertex 37.5 31 10.3
      vertex 37.5628 31.4974 10.3
      vertex 37.5158 31.2507 10.3
    endloop
  endfacet
  facet normal 0 0 1
    outer loop
      vertex 37.7474 21.0365 10.3
      vertex 37.5 22 10.3
      vertex 37.6404 21.2638 10.3
    endloop
  endfacet
  facet normal 0 0 1
    outer loop
      vertex 37.6404 21.2638 10.3
      vertex 37.5 22 10.3
      vertex 37.5628 21.5026 10.3
    endloop
  endfacet
  facet normal 0 0 1
    outer loop
      vertex 37.5628 21.5026 10.3
      vertex 37.5 22 10.3
      vertex 37.5158 21.7493 10.3
    endloop
  endfacet
  facet normal 0 0 1
    outer loop
      vertex 54.8256 26.9961 10.3
      vertex 56.7 25 10.3
      vertex 56.6842 25.2507 10.3
    endloop
  endfacet
  facet normal 0 0 1
    outer loop
      vertex 56.7 25 10.3
      vertex 50.5 22 10.3
      vertex 56.7 22 10.3
    endloop
  endfacet
  facet normal 0 0 1
    outer loop
      vertex 54.8256 26.9961 10.3
      vertex 56.6842 25.2507 10.3
      vertex 56.6372 25.4974 10.3
    endloop
  endfacet
  facet normal 0 -0 1
    outer loop
      vertex 54.8256 20.0039 10.3
      vertex 56.7 22 10.3
      vertex 50.5 22 10.3
    endloop
  endfacet
  facet normal 0 0 1
    outer loop
      vertex 54.8256 26.9961 10.3
      vertex 56.6372 25.4974 10.3
      vertex 56.5596 25.7362 10.3
    endloop
  endfacet
  facet normal 0 0 1
    outer loop
      vertex 56.7 22 10.3
      vertex 54.8256 20.0039 10.3
      vertex 56.6842 21.7493 10.3
    endloop
  endfacet
  facet normal 0 0 1
    outer loop
      vertex 54.8256 26.9961 10.3
      vertex 56.5596 25.7362 10.3
      vertex 56.4526 25.9635 10.3
    endloop
  endfacet
  facet normal 0 0 1
    outer loop
      vertex 56.6842 21.7493 10.3
      vertex 54.8256 20.0039 10.3
      vertex 56.6372 21.5026 10.3
    endloop
  endfacet
  facet normal 0 0 1
    outer loop
      vertex 54.8256 26.9961 10.3
      vertex 56.4526 25.9635 10.3
      vertex 56.318 26.1756 10.3
    endloop
  endfacet
  facet normal 0 0 1
    outer loop
      vertex 56.7 25 10.3
      vertex 54.8256 26.9961 10.3
      vertex 50.5 22 10.3
    endloop
  endfacet
  facet normal 0 0 1
    outer loop
      vertex 54.8256 26.9961 10.3
      vertex 56.318 26.1756 10.3
      vertex 56.1579 26.3691 10.3
    endloop
  endfacet
  facet normal 0 0 1
    outer loop
      vertex 56.6372 21.5026 10.3
      vertex 54.8256 20.0039 10.3
      vertex 56.5596 21.2638 10.3
    endloop
  endfacet
  facet normal 0 0 1
    outer loop
      vertex 54.8256 26.9961 10.3
      vertex 56.1579 26.3691 10.3
      vertex 55.9748 26.541 10.3
    endloop
  endfacet
  facet normal 0 0 1
    outer loop
      vertex 56.4526 21.0365 10.3
      vertex 54.8256 20.0039 10.3
      vertex 56.318 20.8244 10.3
    endloop
  endfacet
  facet normal 0 0 1
    outer loop
      vertex 54.8256 26.9961 10.3
      vertex 55.9748 26.541 10.3
      vertex 55.7717 26.6887 10.3
    endloop
  endfacet
  facet normal 0 0 1
    outer loop
      vertex 56.318 20.8244 10.3
      vertex 54.8256 20.0039 10.3
      vertex 56.1579 20.6309 10.3
    endloop
  endfacet
  facet normal 0 0 1
    outer loop
      vertex 54.8256 26.9961 10.3
      vertex 55.7717 26.6887 10.3
      vertex 55.5516 26.8097 10.3
    endloop
  endfacet
  facet normal 0 0 1
    outer loop
      vertex 56.1579 20.6309 10.3
      vertex 54.8256 20.0039 10.3
      vertex 55.9748 20.459 10.3
    endloop
  endfacet
  facet normal 0 0 1
    outer loop
      vertex 54.8256 26.9961 10.3
      vertex 55.5516 26.8097 10.3
      vertex 55.318 26.9021 10.3
    endloop
  endfacet
  facet normal 0 0 1
    outer loop
      vertex 55.9748 20.459 10.3
      vertex 54.8256 20.0039 10.3
      vertex 55.7717 20.3113 10.3
    endloop
  endfacet
  facet normal 0 0 1
    outer loop
      vertex 54.8256 26.9961 10.3
      vertex 55.318 26.9021 10.3
      vertex 55.0748 26.9646 10.3
    endloop
  endfacet
  facet normal 0 0 1
    outer loop
      vertex 55.7717 20.3113 10.3
      vertex 54.8256 20.0039 10.3
      vertex 55.5516 20.1903 10.3
    endloop
  endfacet
  facet normal 0 0 1
    outer loop
      vertex 55.5516 20.1903 10.3
      vertex 54.8256 20.0039 10.3
      vertex 55.318 20.0979 10.3
    endloop
  endfacet
  facet normal 0 0 1
    outer loop
      vertex 55.318 20.0979 10.3
      vertex 54.8256 20.0039 10.3
      vertex 55.0748 20.0354 10.3
    endloop
  endfacet
  facet normal 0 0 1
    outer loop
      vertex 50.5 22 10.3
      vertex 54.8256 26.9961 10.3
      vertex 50.5 26.9961 10.3
    endloop
  endfacet
  facet normal 0 0 1
    outer loop
      vertex 56.5596 21.2638 10.3
      vertex 54.8256 20.0039 10.3
      vertex 56.4526 21.0365 10.3
    endloop
  endfacet
  facet normal -0 0 1
    outer loop
      vertex 50.4842 21.7493 10.3
      vertex 54.8256 20.0039 10.3
      vertex 50.5 22 10.3
    endloop
  endfacet
  facet normal -0 0 1
    outer loop
      vertex 50.4372 21.5026 10.3
      vertex 54.8256 20.0039 10.3
      vertex 50.4842 21.7493 10.3
    endloop
  endfacet
  facet normal -0 0 1
    outer loop
      vertex 50.3596 21.2638 10.3
      vertex 54.8256 20.0039 10.3
      vertex 50.4372 21.5026 10.3
    endloop
  endfacet
  facet normal -0 0 1
    outer loop
      vertex 50.2526 21.0365 10.3
      vertex 54.8256 20.0039 10.3
      vertex 50.3596 21.2638 10.3
    endloop
  endfacet
  facet normal -0 0 1
    outer loop
      vertex 50.118 20.8244 10.3
      vertex 54.8256 20.0039 10.3
      vertex 50.2526 21.0365 10.3
    endloop
  endfacet
  facet normal -0 0 1
    outer loop
      vertex 49.9579 20.6309 10.3
      vertex 54.8256 20.0039 10.3
      vertex 50.118 20.8244 10.3
    endloop
  endfacet
  facet normal -0 0 1
    outer loop
      vertex 49.7748 20.459 10.3
      vertex 54.8256 20.0039 10.3
      vertex 49.9579 20.6309 10.3
    endloop
  endfacet
  facet normal -0 0 1
    outer loop
      vertex 49.5717 20.3113 10.3
      vertex 54.8256 20.0039 10.3
      vertex 49.7748 20.459 10.3
    endloop
  endfacet
  facet normal -0 0 1
    outer loop
      vertex 49.3516 20.1903 10.3
      vertex 54.8256 20.0039 10.3
      vertex 49.5717 20.3113 10.3
    endloop
  endfacet
  facet normal -0 0 1
    outer loop
      vertex 49.118 20.0979 10.3
      vertex 54.8256 20.0039 10.3
      vertex 49.3516 20.1903 10.3
    endloop
  endfacet
  facet normal -0 0 1
    outer loop
      vertex 48.8748 20.0354 10.3
      vertex 54.8256 20.0039 10.3
      vertex 49.118 20.0979 10.3
    endloop
  endfacet
  facet normal 0 0 1
    outer loop
      vertex 54.8256 20.0039 10.3
      vertex 48.8748 20.0354 10.3
      vertex 48.6256 20.0039 10.3
    endloop
  endfacet
  facet normal 0 0 1
    outer loop
      vertex 44.1252 20.0354 10.3
      vertex 43.9125 20.0039 10.3
      vertex 44.3744 20.0039 10.3
    endloop
  endfacet
  facet normal 0 0 1
    outer loop
      vertex 43.9125 20.0039 10.3
      vertex 44.1252 20.0354 10.3
      vertex 43.9125 20.09 10.3
    endloop
  endfacet
  facet normal 0.125407 -0.992105 0
    outer loop
      vertex 54.8256 20.0039 3.8147e-07
      vertex 55.0748 20.0354 10.3
      vertex 54.8256 20.0039 10.3
    endloop
  endfacet
  facet normal 0.125407 -0.992105 0
    outer loop
      vertex 55.0748 20.0354 10.3
      vertex 54.8256 20.0039 3.8147e-07
      vertex 55.0748 20.0354 3.8147e-07
    endloop
  endfacet
  facet normal 1 -0 0
    outer loop
      vertex 56.7 22 10.3
      vertex 56.7 25 3.8147e-07
      vertex 56.7 25 10.3
    endloop
  endfacet
  facet normal 1 0 0
    outer loop
      vertex 56.7 25 3.8147e-07
      vertex 56.7 22 10.3
      vertex 56.7 22 3.8147e-07
    endloop
  endfacet
  facet normal 0.982332 0.187149 0
    outer loop
      vertex 56.6842 25.2507 10.3
      vertex 56.6372 25.4974 3.8147e-07
      vertex 56.6372 25.4974 10.3
    endloop
  endfacet
  facet normal 0.982332 0.187149 0
    outer loop
      vertex 56.6372 25.4974 3.8147e-07
      vertex 56.6842 25.2507 10.3
      vertex 56.6842 25.2507 3.8147e-07
    endloop
  endfacet
  facet normal 0.951046 0.30905 0
    outer loop
      vertex 56.6372 25.4974 10.3
      vertex 56.5596 25.7362 3.8147e-07
      vertex 56.5596 25.7362 10.3
    endloop
  endfacet
  facet normal 0.951046 0.30905 0
    outer loop
      vertex 56.5596 25.7362 3.8147e-07
      vertex 56.6372 25.4974 10.3
      vertex 56.6372 25.4974 3.8147e-07
    endloop
  endfacet
  facet normal 0.481751 0.876308 -0
    outer loop
      vertex 55.7717 26.6887 3.8147e-07
      vertex 55.5516 26.8097 10.3
      vertex 55.7717 26.6887 10.3
    endloop
  endfacet
  facet normal 0.481751 0.876308 0
    outer loop
      vertex 55.5516 26.8097 10.3
      vertex 55.7717 26.6887 3.8147e-07
      vertex 55.5516 26.8097 3.8147e-07
    endloop
  endfacet
  facet normal 0.367819 0.929897 -0
    outer loop
      vertex 55.5516 26.8097 3.8147e-07
      vertex 55.318 26.9021 10.3
      vertex 55.5516 26.8097 10.3
    endloop
  endfacet
  facet normal 0.367819 0.929897 0
    outer loop
      vertex 55.318 26.9021 10.3
      vertex 55.5516 26.8097 3.8147e-07
      vertex 55.318 26.9021 3.8147e-07
    endloop
  endfacet
  facet normal 0.367819 -0.929897 0
    outer loop
      vertex 55.318 20.0979 3.8147e-07
      vertex 55.5516 20.1903 10.3
      vertex 55.318 20.0979 10.3
    endloop
  endfacet
  facet normal 0.367819 -0.929897 0
    outer loop
      vertex 55.5516 20.1903 10.3
      vertex 55.318 20.0979 3.8147e-07
      vertex 55.5516 20.1903 3.8147e-07
    endloop
  endfacet
  facet normal 0.904765 -0.425912 0
    outer loop
      vertex 56.4526 21.0365 10.3
      vertex 56.5596 21.2638 3.8147e-07
      vertex 56.5596 21.2638 10.3
    endloop
  endfacet
  facet normal 0.904765 -0.425912 0
    outer loop
      vertex 56.5596 21.2638 3.8147e-07
      vertex 56.4526 21.0365 10.3
      vertex 56.4526 21.0365 3.8147e-07
    endloop
  endfacet
  facet normal 0.982332 -0.187149 0
    outer loop
      vertex 56.6372 21.5026 10.3
      vertex 56.6842 21.7493 3.8147e-07
      vertex 56.6842 21.7493 10.3
    endloop
  endfacet
  facet normal 0.982332 -0.187149 0
    outer loop
      vertex 56.6842 21.7493 3.8147e-07
      vertex 56.6372 21.5026 10.3
      vertex 56.6372 21.5026 3.8147e-07
    endloop
  endfacet
  facet normal 0.99802 0.0628987 0
    outer loop
      vertex 56.7 25 10.3
      vertex 56.6842 25.2507 3.8147e-07
      vertex 56.6842 25.2507 10.3
    endloop
  endfacet
  facet normal 0.99802 0.0628987 0
    outer loop
      vertex 56.6842 25.2507 3.8147e-07
      vertex 56.7 25 10.3
      vertex 56.7 25 3.8147e-07
    endloop
  endfacet
  facet normal 0.904765 0.425912 0
    outer loop
      vertex 56.5596 25.7362 10.3
      vertex 56.4526 25.9635 3.8147e-07
      vertex 56.4526 25.9635 10.3
    endloop
  endfacet
  facet normal 0.904765 0.425912 0
    outer loop
      vertex 56.4526 25.9635 3.8147e-07
      vertex 56.5596 25.7362 10.3
      vertex 56.5596 25.7362 3.8147e-07
    endloop
  endfacet
  facet normal 0.125407 0.992105 -0
    outer loop
      vertex 55.0748 26.9646 3.8147e-07
      vertex 54.8256 26.9961 10.3
      vertex 55.0748 26.9646 10.3
    endloop
  endfacet
  facet normal 0.125407 0.992105 0
    outer loop
      vertex 54.8256 26.9961 10.3
      vertex 55.0748 26.9646 3.8147e-07
      vertex 54.8256 26.9961 3.8147e-07
    endloop
  endfacet
  facet normal 0.248902 0.968529 -0
    outer loop
      vertex 55.318 26.9021 3.8147e-07
      vertex 55.0748 26.9646 10.3
      vertex 55.318 26.9021 10.3
    endloop
  endfacet
  facet normal 0.248902 0.968529 0
    outer loop
      vertex 55.0748 26.9646 10.3
      vertex 55.318 26.9021 3.8147e-07
      vertex 55.0748 26.9646 3.8147e-07
    endloop
  endfacet
  facet normal 0.248902 -0.968529 0
    outer loop
      vertex 55.0748 20.0354 3.8147e-07
      vertex 55.318 20.0979 10.3
      vertex 55.0748 20.0354 10.3
    endloop
  endfacet
  facet normal 0.248902 -0.968529 0
    outer loop
      vertex 55.318 20.0979 10.3
      vertex 55.0748 20.0354 3.8147e-07
      vertex 55.318 20.0979 3.8147e-07
    endloop
  endfacet
  facet normal 0.99802 -0.0628987 0
    outer loop
      vertex 56.6842 21.7493 10.3
      vertex 56.7 22 3.8147e-07
      vertex 56.7 22 10.3
    endloop
  endfacet
  facet normal 0.99802 -0.0628987 0
    outer loop
      vertex 56.7 22 3.8147e-07
      vertex 56.6842 21.7493 10.3
      vertex 56.6842 21.7493 3.8147e-07
    endloop
  endfacet
  facet normal 0.770468 0.637478 0
    outer loop
      vertex 56.318 26.1756 10.3
      vertex 56.1579 26.3691 3.8147e-07
      vertex 56.1579 26.3691 10.3
    endloop
  endfacet
  facet normal 0.770468 0.637478 0
    outer loop
      vertex 56.1579 26.3691 3.8147e-07
      vertex 56.318 26.1756 10.3
      vertex 56.318 26.1756 3.8147e-07
    endloop
  endfacet
  facet normal 0.844333 0.535819 0
    outer loop
      vertex 56.4526 25.9635 10.3
      vertex 56.318 26.1756 3.8147e-07
      vertex 56.318 26.1756 10.3
    endloop
  endfacet
  facet normal 0.844333 0.535819 0
    outer loop
      vertex 56.318 26.1756 3.8147e-07
      vertex 56.4526 25.9635 10.3
      vertex 56.4526 25.9635 3.8147e-07
    endloop
  endfacet
  facet normal 0 0 -1
    outer loop
      vertex 42.0875 20.0039 3.8147e-07
      vertex 41.8721 23.3786 3.8147e-07
      vertex 42.0875 23.3233 3.8147e-07
    endloop
  endfacet
  facet normal 0 0 -1
    outer loop
      vertex 42.0875 20.0039 3.8147e-07
      vertex 41.4459 23.5474 3.8147e-07
      vertex 41.8721 23.3786 3.8147e-07
    endloop
  endfacet
  facet normal 0 0 -1
    outer loop
      vertex 39.3744 20.0039 3.8147e-07
      vertex 41.4459 23.5474 3.8147e-07
      vertex 42.0875 20.0039 3.8147e-07
    endloop
  endfacet
  facet normal -0 0 -1
    outer loop
      vertex 41.4459 23.5474 3.8147e-07
      vertex 39.3744 20.0039 3.8147e-07
      vertex 41.0442 23.7682 3.8147e-07
    endloop
  endfacet
  facet normal 0 0 -1
    outer loop
      vertex 37.5 22 3.8147e-07
      vertex 41.0442 23.7682 3.8147e-07
      vertex 39.3744 20.0039 3.8147e-07
    endloop
  endfacet
  facet normal -0 0 -1
    outer loop
      vertex 41.0442 23.7682 3.8147e-07
      vertex 37.5 22 3.8147e-07
      vertex 40.6734 24.0376 3.8147e-07
    endloop
  endfacet
  facet normal -0 0 -1
    outer loop
      vertex 40.6734 24.0376 3.8147e-07
      vertex 37.5 22 3.8147e-07
      vertex 40.3393 24.3514 3.8147e-07
    endloop
  endfacet
  facet normal -0 0 -1
    outer loop
      vertex 40.3393 24.3514 3.8147e-07
      vertex 37.5 22 3.8147e-07
      vertex 40.0471 24.7046 3.8147e-07
    endloop
  endfacet
  facet normal -0 0 -1
    outer loop
      vertex 40.0471 24.7046 3.8147e-07
      vertex 37.5 22 3.8147e-07
      vertex 39.8015 25.0916 3.8147e-07
    endloop
  endfacet
  facet normal -0 0 -1
    outer loop
      vertex 39.8015 25.0916 3.8147e-07
      vertex 37.5 22 3.8147e-07
      vertex 39.6063 25.5063 3.8147e-07
    endloop
  endfacet
  facet normal -0 0 -1
    outer loop
      vertex 39.6063 25.5063 3.8147e-07
      vertex 37.5 22 3.8147e-07
      vertex 39.4647 25.9423 3.8147e-07
    endloop
  endfacet
  facet normal -0 0 -1
    outer loop
      vertex 39.4647 25.9423 3.8147e-07
      vertex 37.5 22 3.8147e-07
      vertex 39.3788 26.3925 3.8147e-07
    endloop
  endfacet
  facet normal 0 0 -1
    outer loop
      vertex 37.5 22 3.8147e-07
      vertex 39.3744 20.0039 3.8147e-07
      vertex 39.1252 20.0354 3.8147e-07
    endloop
  endfacet
  facet normal 0 0 -1
    outer loop
      vertex 42.3161 30.4353 3.8147e-07
      vertex 42.5 32.9961 3.8147e-07
      vertex 42.5 30.4586 3.8147e-07
    endloop
  endfacet
  facet normal 0 0 -1
    outer loop
      vertex 41.8721 30.3214 3.8147e-07
      vertex 42.5 32.9961 3.8147e-07
      vertex 42.3161 30.4353 3.8147e-07
    endloop
  endfacet
  facet normal 0 0 -1
    outer loop
      vertex 41.4459 30.1526 3.8147e-07
      vertex 42.5 32.9961 3.8147e-07
      vertex 41.8721 30.3214 3.8147e-07
    endloop
  endfacet
  facet normal 0 0 -1
    outer loop
      vertex 39.3744 32.9961 3.8147e-07
      vertex 41.4459 30.1526 3.8147e-07
      vertex 41.0442 29.9318 3.8147e-07
    endloop
  endfacet
  facet normal 0 0 -1
    outer loop
      vertex 39.3744 32.9961 3.8147e-07
      vertex 41.0442 29.9318 3.8147e-07
      vertex 40.6734 29.6624 3.8147e-07
    endloop
  endfacet
  facet normal 0 0 -1
    outer loop
      vertex 37.5 31 3.8147e-07
      vertex 40.6734 29.6624 3.8147e-07
      vertex 40.3393 29.3486 3.8147e-07
    endloop
  endfacet
  facet normal 0 0 -1
    outer loop
      vertex 37.5 31 3.8147e-07
      vertex 40.3393 29.3486 3.8147e-07
      vertex 40.0471 28.9954 3.8147e-07
    endloop
  endfacet
  facet normal 0 0 -1
    outer loop
      vertex 37.5 31 3.8147e-07
      vertex 40.0471 28.9954 3.8147e-07
      vertex 39.8015 28.6084 3.8147e-07
    endloop
  endfacet
  facet normal 0 0 -1
    outer loop
      vertex 41.4459 30.1526 3.8147e-07
      vertex 39.3744 32.9961 3.8147e-07
      vertex 42.5 32.9961 3.8147e-07
    endloop
  endfacet
  facet normal 0 0 -1
    outer loop
      vertex 37.5 31 3.8147e-07
      vertex 39.8015 28.6084 3.8147e-07
      vertex 39.6063 28.1937 3.8147e-07
    endloop
  endfacet
  facet normal 0 0 -1
    outer loop
      vertex 37.5 31 3.8147e-07
      vertex 39.6063 28.1937 3.8147e-07
      vertex 39.4647 27.7577 3.8147e-07
    endloop
  endfacet
  facet normal 0 0 -1
    outer loop
      vertex 37.5 31 3.8147e-07
      vertex 39.4647 27.7577 3.8147e-07
      vertex 39.3788 27.3075 3.8147e-07
    endloop
  endfacet
  facet normal 0 0 -1
    outer loop
      vertex 37.5 31 3.8147e-07
      vertex 39.3788 27.3075 3.8147e-07
      vertex 39.35 26.85 3.8147e-07
    endloop
  endfacet
  facet normal -0 0 -1
    outer loop
      vertex 39.3788 26.3925 3.8147e-07
      vertex 37.5 22 3.8147e-07
      vertex 39.35 26.85 3.8147e-07
    endloop
  endfacet
  facet normal 0 0 -1
    outer loop
      vertex 37.5 31 3.8147e-07
      vertex 39.35 26.85 3.8147e-07
      vertex 37.5 22 3.8147e-07
    endloop
  endfacet
  facet normal 0 0 -1
    outer loop
      vertex 37.5 22 3.8147e-07
      vertex 39.1252 20.0354 3.8147e-07
      vertex 38.882 20.0979 3.8147e-07
    endloop
  endfacet
  facet normal 0 -0 -1
    outer loop
      vertex 37.5628 31.4974 3.8147e-07
      vertex 40.6734 29.6624 3.8147e-07
      vertex 37.5 31 3.8147e-07
    endloop
  endfacet
  facet normal 0 0 -1
    outer loop
      vertex 37.5 22 3.8147e-07
      vertex 38.882 20.0979 3.8147e-07
      vertex 38.6484 20.1903 3.8147e-07
    endloop
  endfacet
  facet normal 0 0 -1
    outer loop
      vertex 40.6734 29.6624 3.8147e-07
      vertex 39.1252 32.9646 3.8147e-07
      vertex 39.3744 32.9961 3.8147e-07
    endloop
  endfacet
  facet normal 0 0 -1
    outer loop
      vertex 37.5 22 3.8147e-07
      vertex 38.6484 20.1903 3.8147e-07
      vertex 38.4283 20.3113 3.8147e-07
    endloop
  endfacet
  facet normal 0 0 -1
    outer loop
      vertex 40.6734 29.6624 3.8147e-07
      vertex 38.882 32.9021 3.8147e-07
      vertex 39.1252 32.9646 3.8147e-07
    endloop
  endfacet
  facet normal 0 0 -1
    outer loop
      vertex 37.5 22 3.8147e-07
      vertex 38.4283 20.3113 3.8147e-07
      vertex 38.2252 20.459 3.8147e-07
    endloop
  endfacet
  facet normal 0 0 -1
    outer loop
      vertex 40.6734 29.6624 3.8147e-07
      vertex 38.6484 32.8097 3.8147e-07
      vertex 38.882 32.9021 3.8147e-07
    endloop
  endfacet
  facet normal 0 0 -1
    outer loop
      vertex 37.5 22 3.8147e-07
      vertex 38.2252 20.459 3.8147e-07
      vertex 38.0421 20.6309 3.8147e-07
    endloop
  endfacet
  facet normal 0 0 -1
    outer loop
      vertex 40.6734 29.6624 3.8147e-07
      vertex 38.4283 32.6887 3.8147e-07
      vertex 38.6484 32.8097 3.8147e-07
    endloop
  endfacet
  facet normal 0 0 -1
    outer loop
      vertex 37.5 22 3.8147e-07
      vertex 38.0421 20.6309 3.8147e-07
      vertex 37.882 20.8244 3.8147e-07
    endloop
  endfacet
  facet normal 0 0 -1
    outer loop
      vertex 40.6734 29.6624 3.8147e-07
      vertex 38.2252 32.541 3.8147e-07
      vertex 38.4283 32.6887 3.8147e-07
    endloop
  endfacet
  facet normal 0 0 -1
    outer loop
      vertex 37.5 22 3.8147e-07
      vertex 37.882 20.8244 3.8147e-07
      vertex 37.7474 21.0365 3.8147e-07
    endloop
  endfacet
  facet normal 0 0 -1
    outer loop
      vertex 40.6734 29.6624 3.8147e-07
      vertex 38.0421 32.3691 3.8147e-07
      vertex 38.2252 32.541 3.8147e-07
    endloop
  endfacet
  facet normal 0 0 -1
    outer loop
      vertex 37.5 22 3.8147e-07
      vertex 37.7474 21.0365 3.8147e-07
      vertex 37.6404 21.2638 3.8147e-07
    endloop
  endfacet
  facet normal 0 0 -1
    outer loop
      vertex 40.6734 29.6624 3.8147e-07
      vertex 37.882 32.1756 3.8147e-07
      vertex 38.0421 32.3691 3.8147e-07
    endloop
  endfacet
  facet normal 0 0 -1
    outer loop
      vertex 37.5 22 3.8147e-07
      vertex 37.6404 21.2638 3.8147e-07
      vertex 37.5628 21.5026 3.8147e-07
    endloop
  endfacet
  facet normal 0 0 -1
    outer loop
      vertex 40.6734 29.6624 3.8147e-07
      vertex 37.7474 31.9635 3.8147e-07
      vertex 37.882 32.1756 3.8147e-07
    endloop
  endfacet
  facet normal 0 0 -1
    outer loop
      vertex 37.5 22 3.8147e-07
      vertex 37.5628 21.5026 3.8147e-07
      vertex 37.5158 21.7493 3.8147e-07
    endloop
  endfacet
  facet normal 0 0 -1
    outer loop
      vertex 40.6734 29.6624 3.8147e-07
      vertex 37.6404 31.7362 3.8147e-07
      vertex 37.7474 31.9635 3.8147e-07
    endloop
  endfacet
  facet normal 0 0 -1
    outer loop
      vertex 40.6734 29.6624 3.8147e-07
      vertex 37.5628 31.4974 3.8147e-07
      vertex 37.6404 31.7362 3.8147e-07
    endloop
  endfacet
  facet normal 0 0 -1
    outer loop
      vertex 37.5628 31.4974 3.8147e-07
      vertex 37.5 31 3.8147e-07
      vertex 37.5158 31.2507 3.8147e-07
    endloop
  endfacet
  facet normal 0 0 -1
    outer loop
      vertex 54.8256 20.0039 3.8147e-07
      vertex 56.7 22 3.8147e-07
      vertex 56.6842 21.7493 3.8147e-07
    endloop
  endfacet
  facet normal 0 0 -1
    outer loop
      vertex 56.7 22 3.8147e-07
      vertex 50.5 22 3.8147e-07
      vertex 56.7 25 3.8147e-07
    endloop
  endfacet
  facet normal 0 0 -1
    outer loop
      vertex 54.8256 20.0039 3.8147e-07
      vertex 56.6842 21.7493 3.8147e-07
      vertex 56.6372 21.5026 3.8147e-07
    endloop
  endfacet
  facet normal 0 -0 -1
    outer loop
      vertex 54.8256 26.9961 3.8147e-07
      vertex 56.7 25 3.8147e-07
      vertex 50.5 22 3.8147e-07
    endloop
  endfacet
  facet normal 0 0 -1
    outer loop
      vertex 54.8256 20.0039 3.8147e-07
      vertex 56.6372 21.5026 3.8147e-07
      vertex 56.5596 21.2638 3.8147e-07
    endloop
  endfacet
  facet normal 0 0 -1
    outer loop
      vertex 56.7 25 3.8147e-07
      vertex 54.8256 26.9961 3.8147e-07
      vertex 56.6842 25.2507 3.8147e-07
    endloop
  endfacet
  facet normal 0 0 -1
    outer loop
      vertex 54.8256 20.0039 3.8147e-07
      vertex 56.5596 21.2638 3.8147e-07
      vertex 56.4526 21.0365 3.8147e-07
    endloop
  endfacet
  facet normal 0 0 -1
    outer loop
      vertex 56.6842 25.2507 3.8147e-07
      vertex 54.8256 26.9961 3.8147e-07
      vertex 56.6372 25.4974 3.8147e-07
    endloop
  endfacet
  facet normal 0 0 -1
    outer loop
      vertex 54.8256 20.0039 3.8147e-07
      vertex 56.4526 21.0365 3.8147e-07
      vertex 56.318 20.8244 3.8147e-07
    endloop
  endfacet
  facet normal -0 0 -1
    outer loop
      vertex 56.7 22 3.8147e-07
      vertex 54.8256 20.0039 3.8147e-07
      vertex 50.5 22 3.8147e-07
    endloop
  endfacet
  facet normal 0 0 -1
    outer loop
      vertex 54.8256 20.0039 3.8147e-07
      vertex 56.318 20.8244 3.8147e-07
      vertex 56.1579 20.6309 3.8147e-07
    endloop
  endfacet
  facet normal 0 0 -1
    outer loop
      vertex 56.6372 25.4974 3.8147e-07
      vertex 54.8256 26.9961 3.8147e-07
      vertex 56.5596 25.7362 3.8147e-07
    endloop
  endfacet
  facet normal 0 0 -1
    outer loop
      vertex 54.8256 20.0039 3.8147e-07
      vertex 56.1579 20.6309 3.8147e-07
      vertex 55.9748 20.459 3.8147e-07
    endloop
  endfacet
  facet normal 0 0 -1
    outer loop
      vertex 56.4526 25.9635 3.8147e-07
      vertex 54.8256 26.9961 3.8147e-07
      vertex 56.318 26.1756 3.8147e-07
    endloop
  endfacet
  facet normal 0 0 -1
    outer loop
      vertex 54.8256 20.0039 3.8147e-07
      vertex 55.9748 20.459 3.8147e-07
      vertex 55.7717 20.3113 3.8147e-07
    endloop
  endfacet
  facet normal 0 0 -1
    outer loop
      vertex 56.318 26.1756 3.8147e-07
      vertex 54.8256 26.9961 3.8147e-07
      vertex 56.1579 26.3691 3.8147e-07
    endloop
  endfacet
  facet normal 0 0 -1
    outer loop
      vertex 54.8256 20.0039 3.8147e-07
      vertex 55.7717 20.3113 3.8147e-07
      vertex 55.5516 20.1903 3.8147e-07
    endloop
  endfacet
  facet normal 0 0 -1
    outer loop
      vertex 56.1579 26.3691 3.8147e-07
      vertex 54.8256 26.9961 3.8147e-07
      vertex 55.9748 26.541 3.8147e-07
    endloop
  endfacet
  facet normal 0 0 -1
    outer loop
      vertex 54.8256 20.0039 3.8147e-07
      vertex 55.5516 20.1903 3.8147e-07
      vertex 55.318 20.0979 3.8147e-07
    endloop
  endfacet
  facet normal 0 0 -1
    outer loop
      vertex 55.9748 26.541 3.8147e-07
      vertex 54.8256 26.9961 3.8147e-07
      vertex 55.7717 26.6887 3.8147e-07
    endloop
  endfacet
  facet normal 0 0 -1
    outer loop
      vertex 54.8256 20.0039 3.8147e-07
      vertex 55.318 20.0979 3.8147e-07
      vertex 55.0748 20.0354 3.8147e-07
    endloop
  endfacet
  facet normal 0 0 -1
    outer loop
      vertex 55.7717 26.6887 3.8147e-07
      vertex 54.8256 26.9961 3.8147e-07
      vertex 55.5516 26.8097 3.8147e-07
    endloop
  endfacet
  facet normal 0 0 -1
    outer loop
      vertex 55.5516 26.8097 3.8147e-07
      vertex 54.8256 26.9961 3.8147e-07
      vertex 55.318 26.9021 3.8147e-07
    endloop
  endfacet
  facet normal 0 0 -1
    outer loop
      vertex 55.318 26.9021 3.8147e-07
      vertex 54.8256 26.9961 3.8147e-07
      vertex 55.0748 26.9646 3.8147e-07
    endloop
  endfacet
  facet normal 0 0 -1
    outer loop
      vertex 56.5596 25.7362 3.8147e-07
      vertex 54.8256 26.9961 3.8147e-07
      vertex 56.4526 25.9635 3.8147e-07
    endloop
  endfacet
  facet normal 0 0 -1
    outer loop
      vertex 54.8256 20.0039 3.8147e-07
      vertex 50.4842 21.7493 3.8147e-07
      vertex 50.5 22 3.8147e-07
    endloop
  endfacet
  facet normal 0 0 -1
    outer loop
      vertex 54.8256 20.0039 3.8147e-07
      vertex 50.4372 21.5026 3.8147e-07
      vertex 50.4842 21.7493 3.8147e-07
    endloop
  endfacet
  facet normal 0 0 -1
    outer loop
      vertex 54.8256 20.0039 3.8147e-07
      vertex 50.3596 21.2638 3.8147e-07
      vertex 50.4372 21.5026 3.8147e-07
    endloop
  endfacet
  facet normal 0 0 -1
    outer loop
      vertex 54.8256 20.0039 3.8147e-07
      vertex 50.2526 21.0365 3.8147e-07
      vertex 50.3596 21.2638 3.8147e-07
    endloop
  endfacet
  facet normal 0 0 -1
    outer loop
      vertex 54.8256 20.0039 3.8147e-07
      vertex 50.118 20.8244 3.8147e-07
      vertex 50.2526 21.0365 3.8147e-07
    endloop
  endfacet
  facet normal 0 0 -1
    outer loop
      vertex 54.8256 20.0039 3.8147e-07
      vertex 49.9579 20.6309 3.8147e-07
      vertex 50.118 20.8244 3.8147e-07
    endloop
  endfacet
  facet normal 0 0 -1
    outer loop
      vertex 54.8256 20.0039 3.8147e-07
      vertex 49.7748 20.459 3.8147e-07
      vertex 49.9579 20.6309 3.8147e-07
    endloop
  endfacet
  facet normal 0 0 -1
    outer loop
      vertex 54.8256 20.0039 3.8147e-07
      vertex 49.5717 20.3113 3.8147e-07
      vertex 49.7748 20.459 3.8147e-07
    endloop
  endfacet
  facet normal 0 0 -1
    outer loop
      vertex 54.8256 20.0039 3.8147e-07
      vertex 49.3516 20.1903 3.8147e-07
      vertex 49.5717 20.3113 3.8147e-07
    endloop
  endfacet
  facet normal 0 0 -1
    outer loop
      vertex 54.8256 20.0039 3.8147e-07
      vertex 49.118 20.0979 3.8147e-07
      vertex 49.3516 20.1903 3.8147e-07
    endloop
  endfacet
  facet normal 0 0 -1
    outer loop
      vertex 54.8256 20.0039 3.8147e-07
      vertex 48.8748 20.0354 3.8147e-07
      vertex 49.118 20.0979 3.8147e-07
    endloop
  endfacet
  facet normal 0 -0 -1
    outer loop
      vertex 48.8748 20.0354 3.8147e-07
      vertex 54.8256 20.0039 3.8147e-07
      vertex 48.6256 20.0039 3.8147e-07
    endloop
  endfacet
  facet normal -0 0 -1
    outer loop
      vertex 54.8256 26.9961 3.8147e-07
      vertex 50.5 22 3.8147e-07
      vertex 50.5 26.9961 3.8147e-07
    endloop
  endfacet
  facet normal 0 0 -1
    outer loop
      vertex 43.9125 20.0039 3.8147e-07
      vertex 44.1252 20.0354 3.8147e-07
      vertex 44.3744 20.0039 3.8147e-07
    endloop
  endfacet
  facet normal -0 0 -1
    outer loop
      vertex 44.1252 20.0354 3.8147e-07
      vertex 43.9125 20.0039 3.8147e-07
      vertex 43.9125 20.09 3.8147e-07
    endloop
  endfacet
  facet normal 0.481751 -0.876308 0
    outer loop
      vertex 55.5516 20.1903 3.8147e-07
      vertex 55.7717 20.3113 10.3
      vertex 55.5516 20.1903 10.3
    endloop
  endfacet
  facet normal 0.481751 -0.876308 0
    outer loop
      vertex 55.7717 20.3113 10.3
      vertex 55.5516 20.1903 3.8147e-07
      vertex 55.7717 20.3113 3.8147e-07
    endloop
  endfacet
  facet normal 0.588148 -0.808753 0
    outer loop
      vertex 55.7717 20.3113 3.8147e-07
      vertex 55.9748 20.459 10.3
      vertex 55.7717 20.3113 10.3
    endloop
  endfacet
  facet normal 0.588148 -0.808753 0
    outer loop
      vertex 55.9748 20.459 10.3
      vertex 55.7717 20.3113 3.8147e-07
      vertex 55.9748 20.459 3.8147e-07
    endloop
  endfacet
  facet normal 0.684458 -0.729053 0
    outer loop
      vertex 55.9748 20.459 3.8147e-07
      vertex 56.1579 20.6309 10.3
      vertex 55.9748 20.459 10.3
    endloop
  endfacet
  facet normal 0.684458 -0.729053 0
    outer loop
      vertex 56.1579 20.6309 10.3
      vertex 55.9748 20.459 3.8147e-07
      vertex 56.1579 20.6309 3.8147e-07
    endloop
  endfacet
  facet normal 0.951046 -0.30905 0
    outer loop
      vertex 56.5596 21.2638 10.3
      vertex 56.6372 21.5026 3.8147e-07
      vertex 56.6372 21.5026 10.3
    endloop
  endfacet
  facet normal 0.951046 -0.30905 0
    outer loop
      vertex 56.6372 21.5026 3.8147e-07
      vertex 56.5596 21.2638 10.3
      vertex 56.5596 21.2638 3.8147e-07
    endloop
  endfacet
  facet normal 0.844333 -0.535819 0
    outer loop
      vertex 56.318 20.8244 10.3
      vertex 56.4526 21.0365 3.8147e-07
      vertex 56.4526 21.0365 10.3
    endloop
  endfacet
  facet normal 0.844333 -0.535819 0
    outer loop
      vertex 56.4526 21.0365 3.8147e-07
      vertex 56.318 20.8244 10.3
      vertex 56.318 20.8244 3.8147e-07
    endloop
  endfacet
  facet normal 0.770468 -0.637478 0
    outer loop
      vertex 56.1579 20.6309 10.3
      vertex 56.318 20.8244 3.8147e-07
      vertex 56.318 20.8244 10.3
    endloop
  endfacet
  facet normal 0.770468 -0.637478 0
    outer loop
      vertex 56.318 20.8244 3.8147e-07
      vertex 56.1579 20.6309 10.3
      vertex 56.1579 20.6309 3.8147e-07
    endloop
  endfacet
  facet normal -0.770468 -0.637478 0
    outer loop
      vertex 38.0421 20.6309 3.8147e-07
      vertex 37.882 20.8244 10.3
      vertex 37.882 20.8244 3.8147e-07
    endloop
  endfacet
  facet normal -0.770468 -0.637478 0
    outer loop
      vertex 37.882 20.8244 10.3
      vertex 38.0421 20.6309 3.8147e-07
      vertex 38.0421 20.6309 10.3
    endloop
  endfacet
  facet normal 0 1 -0
    outer loop
      vertex 42.5 32.9961 3.8147e-07
      vertex 39.3744 32.9961 10.3
      vertex 42.5 32.9961 10.3
    endloop
  endfacet
  facet normal 0 1 0
    outer loop
      vertex 39.3744 32.9961 10.3
      vertex 42.5 32.9961 3.8147e-07
      vertex 39.3744 32.9961 3.8147e-07
    endloop
  endfacet
  facet normal -1 0 0
    outer loop
      vertex 37.5 22 3.8147e-07
      vertex 37.5 31 10.3
      vertex 37.5 31 3.8147e-07
    endloop
  endfacet
  facet normal -1 -0 0
    outer loop
      vertex 37.5 31 10.3
      vertex 37.5 22 3.8147e-07
      vertex 37.5 22 10.3
    endloop
  endfacet
  facet normal -0.684458 -0.729053 0
    outer loop
      vertex 38.0421 20.6309 3.8147e-07
      vertex 38.2252 20.459 10.3
      vertex 38.0421 20.6309 10.3
    endloop
  endfacet
  facet normal -0.684458 -0.729053 -0
    outer loop
      vertex 38.2252 20.459 10.3
      vertex 38.0421 20.6309 3.8147e-07
      vertex 38.2252 20.459 3.8147e-07
    endloop
  endfacet
  facet normal -0.125407 -0.992105 0
    outer loop
      vertex 39.1252 20.0354 3.8147e-07
      vertex 39.3744 20.0039 10.3
      vertex 39.1252 20.0354 10.3
    endloop
  endfacet
  facet normal -0.125407 -0.992105 -0
    outer loop
      vertex 39.3744 20.0039 10.3
      vertex 39.1252 20.0354 3.8147e-07
      vertex 39.3744 20.0039 3.8147e-07
    endloop
  endfacet
  facet normal -0.248902 -0.968529 0
    outer loop
      vertex 38.882 20.0979 3.8147e-07
      vertex 39.1252 20.0354 10.3
      vertex 38.882 20.0979 10.3
    endloop
  endfacet
  facet normal -0.248902 -0.968529 -0
    outer loop
      vertex 39.1252 20.0354 10.3
      vertex 38.882 20.0979 3.8147e-07
      vertex 39.1252 20.0354 3.8147e-07
    endloop
  endfacet
  facet normal -0.367819 0.929897 0
    outer loop
      vertex 38.882 32.9021 3.8147e-07
      vertex 38.6484 32.8097 10.3
      vertex 38.882 32.9021 10.3
    endloop
  endfacet
  facet normal -0.367819 0.929897 0
    outer loop
      vertex 38.6484 32.8097 10.3
      vertex 38.882 32.9021 3.8147e-07
      vertex 38.6484 32.8097 3.8147e-07
    endloop
  endfacet
  facet normal -0.844333 -0.535819 0
    outer loop
      vertex 37.882 20.8244 3.8147e-07
      vertex 37.7474 21.0365 10.3
      vertex 37.7474 21.0365 3.8147e-07
    endloop
  endfacet
  facet normal -0.844333 -0.535819 0
    outer loop
      vertex 37.7474 21.0365 10.3
      vertex 37.882 20.8244 3.8147e-07
      vertex 37.882 20.8244 10.3
    endloop
  endfacet
  facet normal -0.951046 -0.30905 0
    outer loop
      vertex 37.6404 21.2638 3.8147e-07
      vertex 37.5628 21.5026 10.3
      vertex 37.5628 21.5026 3.8147e-07
    endloop
  endfacet
  facet normal -0.951046 -0.30905 0
    outer loop
      vertex 37.5628 21.5026 10.3
      vertex 37.6404 21.2638 3.8147e-07
      vertex 37.6404 21.2638 10.3
    endloop
  endfacet
  facet normal -0.588148 -0.808753 0
    outer loop
      vertex 38.2252 20.459 3.8147e-07
      vertex 38.4283 20.3113 10.3
      vertex 38.2252 20.459 10.3
    endloop
  endfacet
  facet normal -0.588148 -0.808753 -0
    outer loop
      vertex 38.4283 20.3113 10.3
      vertex 38.2252 20.459 3.8147e-07
      vertex 38.4283 20.3113 3.8147e-07
    endloop
  endfacet
  facet normal -0.481751 0.876308 0
    outer loop
      vertex 38.6484 32.8097 3.8147e-07
      vertex 38.4283 32.6887 10.3
      vertex 38.6484 32.8097 10.3
    endloop
  endfacet
  facet normal -0.481751 0.876308 0
    outer loop
      vertex 38.4283 32.6887 10.3
      vertex 38.6484 32.8097 3.8147e-07
      vertex 38.4283 32.6887 3.8147e-07
    endloop
  endfacet
  facet normal -0.125407 0.992105 0
    outer loop
      vertex 39.3744 32.9961 3.8147e-07
      vertex 39.1252 32.9646 10.3
      vertex 39.3744 32.9961 10.3
    endloop
  endfacet
  facet normal -0.125407 0.992105 0
    outer loop
      vertex 39.1252 32.9646 10.3
      vertex 39.3744 32.9961 3.8147e-07
      vertex 39.1252 32.9646 3.8147e-07
    endloop
  endfacet
  facet normal -0.248902 0.968529 0
    outer loop
      vertex 39.1252 32.9646 3.8147e-07
      vertex 38.882 32.9021 10.3
      vertex 39.1252 32.9646 10.3
    endloop
  endfacet
  facet normal -0.248902 0.968529 0
    outer loop
      vertex 38.882 32.9021 10.3
      vertex 39.1252 32.9646 3.8147e-07
      vertex 38.882 32.9021 3.8147e-07
    endloop
  endfacet
  facet normal -0.99802 -0.0628987 0
    outer loop
      vertex 37.5158 21.7493 3.8147e-07
      vertex 37.5 22 10.3
      vertex 37.5 22 3.8147e-07
    endloop
  endfacet
  facet normal -0.99802 -0.0628987 0
    outer loop
      vertex 37.5 22 10.3
      vertex 37.5158 21.7493 3.8147e-07
      vertex 37.5158 21.7493 10.3
    endloop
  endfacet
  facet normal -0.367819 -0.929897 0
    outer loop
      vertex 38.6484 20.1903 3.8147e-07
      vertex 38.882 20.0979 10.3
      vertex 38.6484 20.1903 10.3
    endloop
  endfacet
  facet normal -0.367819 -0.929897 -0
    outer loop
      vertex 38.882 20.0979 10.3
      vertex 38.6484 20.1903 3.8147e-07
      vertex 38.882 20.0979 3.8147e-07
    endloop
  endfacet
  facet normal -0.951046 0.30905 0
    outer loop
      vertex 37.5628 31.4974 3.8147e-07
      vertex 37.6404 31.7362 10.3
      vertex 37.6404 31.7362 3.8147e-07
    endloop
  endfacet
  facet normal -0.951046 0.30905 0
    outer loop
      vertex 37.6404 31.7362 10.3
      vertex 37.5628 31.4974 3.8147e-07
      vertex 37.5628 31.4974 10.3
    endloop
  endfacet
  facet normal -0.844333 0.535819 0
    outer loop
      vertex 37.7474 31.9635 3.8147e-07
      vertex 37.882 32.1756 10.3
      vertex 37.882 32.1756 3.8147e-07
    endloop
  endfacet
  facet normal -0.844333 0.535819 0
    outer loop
      vertex 37.882 32.1756 10.3
      vertex 37.7474 31.9635 3.8147e-07
      vertex 37.7474 31.9635 10.3
    endloop
  endfacet
  facet normal -0.481751 -0.876308 0
    outer loop
      vertex 38.4283 20.3113 3.8147e-07
      vertex 38.6484 20.1903 10.3
      vertex 38.4283 20.3113 10.3
    endloop
  endfacet
  facet normal -0.481751 -0.876308 -0
    outer loop
      vertex 38.6484 20.1903 10.3
      vertex 38.4283 20.3113 3.8147e-07
      vertex 38.6484 20.1903 3.8147e-07
    endloop
  endfacet
  facet normal -0.588148 0.808753 0
    outer loop
      vertex 38.4283 32.6887 3.8147e-07
      vertex 38.2252 32.541 10.3
      vertex 38.4283 32.6887 10.3
    endloop
  endfacet
  facet normal -0.588148 0.808753 0
    outer loop
      vertex 38.2252 32.541 10.3
      vertex 38.4283 32.6887 3.8147e-07
      vertex 38.2252 32.541 3.8147e-07
    endloop
  endfacet
  facet normal -0.904765 -0.425912 0
    outer loop
      vertex 37.7474 21.0365 3.8147e-07
      vertex 37.6404 21.2638 10.3
      vertex 37.6404 21.2638 3.8147e-07
    endloop
  endfacet
  facet normal -0.904765 -0.425912 0
    outer loop
      vertex 37.6404 21.2638 10.3
      vertex 37.7474 21.0365 3.8147e-07
      vertex 37.7474 21.0365 10.3
    endloop
  endfacet
  facet normal -0.982332 -0.187149 0
    outer loop
      vertex 37.5628 21.5026 3.8147e-07
      vertex 37.5158 21.7493 10.3
      vertex 37.5158 21.7493 3.8147e-07
    endloop
  endfacet
  facet normal -0.982332 -0.187149 0
    outer loop
      vertex 37.5158 21.7493 10.3
      vertex 37.5628 21.5026 3.8147e-07
      vertex 37.5628 21.5026 10.3
    endloop
  endfacet
  facet normal -0.770468 0.637478 0
    outer loop
      vertex 37.882 32.1756 3.8147e-07
      vertex 38.0421 32.3691 10.3
      vertex 38.0421 32.3691 3.8147e-07
    endloop
  endfacet
  facet normal -0.770468 0.637478 0
    outer loop
      vertex 38.0421 32.3691 10.3
      vertex 37.882 32.1756 3.8147e-07
      vertex 37.882 32.1756 10.3
    endloop
  endfacet
  facet normal -0.684458 0.729053 0
    outer loop
      vertex 38.2252 32.541 3.8147e-07
      vertex 38.0421 32.3691 10.3
      vertex 38.2252 32.541 10.3
    endloop
  endfacet
  facet normal -0.684458 0.729053 0
    outer loop
      vertex 38.0421 32.3691 10.3
      vertex 38.2252 32.541 3.8147e-07
      vertex 38.0421 32.3691 3.8147e-07
    endloop
  endfacet
  facet normal -0.904765 0.425912 0
    outer loop
      vertex 37.6404 31.7362 3.8147e-07
      vertex 37.7474 31.9635 10.3
      vertex 37.7474 31.9635 3.8147e-07
    endloop
  endfacet
  facet normal -0.904765 0.425912 0
    outer loop
      vertex 37.7474 31.9635 10.3
      vertex 37.6404 31.7362 3.8147e-07
      vertex 37.6404 31.7362 10.3
    endloop
  endfacet
  facet normal -0.99802 0.0628987 0
    outer loop
      vertex 37.5 31 3.8147e-07
      vertex 37.5158 31.2507 10.3
      vertex 37.5158 31.2507 3.8147e-07
    endloop
  endfacet
  facet normal -0.99802 0.0628987 0
    outer loop
      vertex 37.5158 31.2507 10.3
      vertex 37.5 31 3.8147e-07
      vertex 37.5 31 10.3
    endloop
  endfacet
  facet normal -0.982332 0.187149 0
    outer loop
      vertex 37.5158 31.2507 3.8147e-07
      vertex 37.5628 31.4974 10.3
      vertex 37.5628 31.4974 3.8147e-07
    endloop
  endfacet
  facet normal -0.982332 0.187149 0
    outer loop
      vertex 37.5628 31.4974 10.3
      vertex 37.5158 31.2507 3.8147e-07
      vertex 37.5158 31.2507 10.3
    endloop
  endfacet
  facet normal 1 0 0
    outer loop
      vertex 28.5 38.0039 10.3
      vertex 28.5 36.5 3
      vertex 28.5 38.0039 3.8147e-07
    endloop
  endfacet
  facet normal 1 0 0
    outer loop
      vertex 28.5 38.0039 10.3
      vertex 28.5 34.5 3
      vertex 28.5 36.5 3
    endloop
  endfacet
  facet normal 1 0 0
    outer loop
      vertex 28.5 32.9961 3.8147e-07
      vertex 28.5 34.5 3
      vertex 28.5 32.9961 10.3
    endloop
  endfacet
  facet normal 1 0 0
    outer loop
      vertex 28.5 38.0039 10.3
      vertex 28.5 32.9961 10.3
      vertex 28.5 34.5 3
    endloop
  endfacet
  facet normal 0 0 0
    outer loop
      vertex 28.5 40.5414 10.3
      vertex 28.5 32.9961 10.3
      vertex 28.5 38.0039 10.3
    endloop
  endfacet
  facet normal 0 0 0
    outer loop
      vertex 28.5 30.4586 10.3
      vertex 28.5 32.9961 10.3
      vertex 28.5 40.5414 10.3
    endloop
  endfacet
  facet normal 1 -0 0
    outer loop
      vertex 28.5 38.0039 3.8147e-07
      vertex 28.5 40.5414 0
      vertex 28.5 40.5414 3.8147e-07
    endloop
  endfacet
  facet normal 1 0 0
    outer loop
      vertex 28.5 38.0039 3.8147e-07
      vertex 28.5 36.5 0
      vertex 28.5 40.5414 0
    endloop
  endfacet
  facet normal 1 0 0
    outer loop
      vertex 28.5 36.5 0
      vertex 28.5 38.0039 3.8147e-07
      vertex 28.5 36.5 3
    endloop
  endfacet
  facet normal 1 0 0
    outer loop
      vertex 28.5 34.5 3
      vertex 28.5 32.9961 3.8147e-07
      vertex 28.5 34.5 0
    endloop
  endfacet
  facet normal 1 0 0
    outer loop
      vertex 28.5 30.4586 0
      vertex 28.5 32.9961 3.8147e-07
      vertex 28.5 30.4586 3.8147e-07
    endloop
  endfacet
  facet normal 1 0 0
    outer loop
      vertex 28.5 32.9961 3.8147e-07
      vertex 28.5 30.4586 0
      vertex 28.5 34.5 0
    endloop
  endfacet
  facet normal -0.99802 -0.0628987 0
    outer loop
      vertex 20.5158 21.7493 0
      vertex 20.5 22 3.8147e-07
      vertex 20.5 22 0
    endloop
  endfacet
  facet normal -0.99802 -0.0628987 0
    outer loop
      vertex 20.5 22 3.8147e-07
      vertex 20.5158 21.7493 0
      vertex 20.5158 21.7493 3.8147e-07
    endloop
  endfacet
  facet normal -0.904765 -0.425912 0
    outer loop
      vertex 20.7474 21.0365 0
      vertex 20.6404 21.2638 3.8147e-07
      vertex 20.6404 21.2638 0
    endloop
  endfacet
  facet normal -0.904765 -0.425912 0
    outer loop
      vertex 20.6404 21.2638 3.8147e-07
      vertex 20.7474 21.0365 0
      vertex 20.7474 21.0365 3.8147e-07
    endloop
  endfacet
  facet normal -0.844333 -0.535819 0
    outer loop
      vertex 20.882 20.8244 0
      vertex 20.7474 21.0365 3.8147e-07
      vertex 20.7474 21.0365 0
    endloop
  endfacet
  facet normal -0.844333 -0.535819 0
    outer loop
      vertex 20.7474 21.0365 3.8147e-07
      vertex 20.882 20.8244 0
      vertex 20.882 20.8244 3.8147e-07
    endloop
  endfacet
  facet normal 0.125407 -0.992105 0
    outer loop
      vertex 26.6256 20.0039 0
      vertex 26.8748 20.0354 3.8147e-07
      vertex 26.6256 20.0039 3.8147e-07
    endloop
  endfacet
  facet normal 0.125407 -0.992105 0
    outer loop
      vertex 26.8748 20.0354 3.8147e-07
      vertex 26.6256 20.0039 0
      vertex 26.8748 20.0354 0
    endloop
  endfacet
  facet normal -0.248902 -0.968529 0
    outer loop
      vertex 21.882 20.0979 0
      vertex 22.1252 20.0354 3.8147e-07
      vertex 21.882 20.0979 3.8147e-07
    endloop
  endfacet
  facet normal -0.248902 -0.968529 -0
    outer loop
      vertex 22.1252 20.0354 3.8147e-07
      vertex 21.882 20.0979 0
      vertex 22.1252 20.0354 0
    endloop
  endfacet
  facet normal -0.99802 0.0628987 0
    outer loop
      vertex 20.5 49 0
      vertex 20.5158 49.2507 3.8147e-07
      vertex 20.5158 49.2507 0
    endloop
  endfacet
  facet normal -0.99802 0.0628987 0
    outer loop
      vertex 20.5158 49.2507 3.8147e-07
      vertex 20.5 49 0
      vertex 20.5 49 3.8147e-07
    endloop
  endfacet
  facet normal -0.982332 0.187149 0
    outer loop
      vertex 20.5158 49.2507 0
      vertex 20.5628 49.4974 3.8147e-07
      vertex 20.5628 49.4974 0
    endloop
  endfacet
  facet normal -0.982332 0.187149 0
    outer loop
      vertex 20.5628 49.4974 3.8147e-07
      vertex 20.5158 49.2507 0
      vertex 20.5158 49.2507 3.8147e-07
    endloop
  endfacet
  facet normal -0.904765 0.425912 0
    outer loop
      vertex 20.6404 49.7362 0
      vertex 20.7474 49.9635 3.8147e-07
      vertex 20.7474 49.9635 0
    endloop
  endfacet
  facet normal -0.904765 0.425912 0
    outer loop
      vertex 20.7474 49.9635 3.8147e-07
      vertex 20.6404 49.7362 0
      vertex 20.6404 49.7362 3.8147e-07
    endloop
  endfacet
  facet normal -0.951046 -0.30905 0
    outer loop
      vertex 20.6404 21.2638 0
      vertex 20.5628 21.5026 3.8147e-07
      vertex 20.5628 21.5026 0
    endloop
  endfacet
  facet normal -0.951046 -0.30905 0
    outer loop
      vertex 20.5628 21.5026 3.8147e-07
      vertex 20.6404 21.2638 0
      vertex 20.6404 21.2638 3.8147e-07
    endloop
  endfacet
  facet normal -0.982332 -0.187149 0
    outer loop
      vertex 20.5628 21.5026 0
      vertex 20.5158 21.7493 3.8147e-07
      vertex 20.5158 21.7493 0
    endloop
  endfacet
  facet normal -0.982332 -0.187149 0
    outer loop
      vertex 20.5158 21.7493 3.8147e-07
      vertex 20.5628 21.5026 0
      vertex 20.5628 21.5026 3.8147e-07
    endloop
  endfacet
  facet normal -0.684458 -0.729053 0
    outer loop
      vertex 21.0421 20.6309 0
      vertex 21.2252 20.459 3.8147e-07
      vertex 21.0421 20.6309 3.8147e-07
    endloop
  endfacet
  facet normal -0.684458 -0.729053 -0
    outer loop
      vertex 21.2252 20.459 3.8147e-07
      vertex 21.0421 20.6309 0
      vertex 21.2252 20.459 0
    endloop
  endfacet
  facet normal 0.248638 -0.968596 0
    outer loop
      vertex 26.8748 20.0354 0
      vertex 27.0875 20.09 3.8147e-07
      vertex 26.8748 20.0354 3.8147e-07
    endloop
  endfacet
  facet normal 0.248638 -0.968596 0
    outer loop
      vertex 27.0875 20.09 3.8147e-07
      vertex 26.8748 20.0354 0
      vertex 27.0875 20.09 0
    endloop
  endfacet
  facet normal -0.684458 0.729053 0
    outer loop
      vertex 21.2252 50.541 0
      vertex 21.0421 50.3691 3.8147e-07
      vertex 21.2252 50.541 3.8147e-07
    endloop
  endfacet
  facet normal -0.684458 0.729053 0
    outer loop
      vertex 21.0421 50.3691 3.8147e-07
      vertex 21.2252 50.541 0
      vertex 21.0421 50.3691 0
    endloop
  endfacet
  facet normal -0.125407 0.992105 0
    outer loop
      vertex 22.3744 50.9961 0
      vertex 22.1252 50.9646 3.8147e-07
      vertex 22.3744 50.9961 3.8147e-07
    endloop
  endfacet
  facet normal -0.125407 0.992105 0
    outer loop
      vertex 22.1252 50.9646 3.8147e-07
      vertex 22.3744 50.9961 0
      vertex 22.1252 50.9646 0
    endloop
  endfacet
  facet normal -0.844333 0.535819 0
    outer loop
      vertex 20.7474 49.9635 0
      vertex 20.882 50.1756 3.8147e-07
      vertex 20.882 50.1756 0
    endloop
  endfacet
  facet normal -0.844333 0.535819 0
    outer loop
      vertex 20.882 50.1756 3.8147e-07
      vertex 20.7474 49.9635 0
      vertex 20.7474 49.9635 3.8147e-07
    endloop
  endfacet
  facet normal -0.770468 -0.637478 0
    outer loop
      vertex 21.0421 20.6309 0
      vertex 20.882 20.8244 3.8147e-07
      vertex 20.882 20.8244 0
    endloop
  endfacet
  facet normal -0.770468 -0.637478 0
    outer loop
      vertex 20.882 20.8244 3.8147e-07
      vertex 21.0421 20.6309 0
      vertex 21.0421 20.6309 3.8147e-07
    endloop
  endfacet
  facet normal -0.588148 -0.808753 0
    outer loop
      vertex 21.2252 20.459 0
      vertex 21.4283 20.3113 3.8147e-07
      vertex 21.2252 20.459 3.8147e-07
    endloop
  endfacet
  facet normal -0.588148 -0.808753 -0
    outer loop
      vertex 21.4283 20.3113 3.8147e-07
      vertex 21.2252 20.459 0
      vertex 21.4283 20.3113 0
    endloop
  endfacet
  facet normal -0.367819 -0.929897 0
    outer loop
      vertex 21.6484 20.1903 0
      vertex 21.882 20.0979 3.8147e-07
      vertex 21.6484 20.1903 3.8147e-07
    endloop
  endfacet
  facet normal -0.367819 -0.929897 -0
    outer loop
      vertex 21.882 20.0979 3.8147e-07
      vertex 21.6484 20.1903 0
      vertex 21.882 20.0979 0
    endloop
  endfacet
  facet normal -0.481751 -0.876308 0
    outer loop
      vertex 21.4283 20.3113 0
      vertex 21.6484 20.1903 3.8147e-07
      vertex 21.4283 20.3113 3.8147e-07
    endloop
  endfacet
  facet normal -0.481751 -0.876308 -0
    outer loop
      vertex 21.6484 20.1903 3.8147e-07
      vertex 21.4283 20.3113 0
      vertex 21.6484 20.1903 0
    endloop
  endfacet
  facet normal -0.125407 -0.992105 0
    outer loop
      vertex 22.1252 20.0354 0
      vertex 22.3744 20.0039 3.8147e-07
      vertex 22.1252 20.0354 3.8147e-07
    endloop
  endfacet
  facet normal -0.125407 -0.992105 -0
    outer loop
      vertex 22.3744 20.0039 3.8147e-07
      vertex 22.1252 20.0354 0
      vertex 22.3744 20.0039 0
    endloop
  endfacet
  facet normal -0.951046 0.30905 0
    outer loop
      vertex 20.5628 49.4974 0
      vertex 20.6404 49.7362 3.8147e-07
      vertex 20.6404 49.7362 0
    endloop
  endfacet
  facet normal -0.951046 0.30905 0
    outer loop
      vertex 20.6404 49.7362 3.8147e-07
      vertex 20.5628 49.4974 0
      vertex 20.5628 49.4974 3.8147e-07
    endloop
  endfacet
  facet normal -0.248902 0.968529 0
    outer loop
      vertex 22.1252 50.9646 0
      vertex 21.882 50.9021 3.8147e-07
      vertex 22.1252 50.9646 3.8147e-07
    endloop
  endfacet
  facet normal -0.248902 0.968529 0
    outer loop
      vertex 21.882 50.9021 3.8147e-07
      vertex 22.1252 50.9646 0
      vertex 21.882 50.9021 0
    endloop
  endfacet
  facet normal -0.367819 0.929897 0
    outer loop
      vertex 21.882 50.9021 0
      vertex 21.6484 50.8097 3.8147e-07
      vertex 21.882 50.9021 3.8147e-07
    endloop
  endfacet
  facet normal -0.367819 0.929897 0
    outer loop
      vertex 21.6484 50.8097 3.8147e-07
      vertex 21.882 50.9021 0
      vertex 21.6484 50.8097 0
    endloop
  endfacet
  facet normal -0.588148 0.808753 0
    outer loop
      vertex 21.4283 50.6887 0
      vertex 21.2252 50.541 3.8147e-07
      vertex 21.4283 50.6887 3.8147e-07
    endloop
  endfacet
  facet normal -0.588148 0.808753 0
    outer loop
      vertex 21.2252 50.541 3.8147e-07
      vertex 21.4283 50.6887 0
      vertex 21.2252 50.541 0
    endloop
  endfacet
  facet normal -0.770468 0.637478 0
    outer loop
      vertex 20.882 50.1756 0
      vertex 21.0421 50.3691 3.8147e-07
      vertex 21.0421 50.3691 0
    endloop
  endfacet
  facet normal -0.770468 0.637478 0
    outer loop
      vertex 21.0421 50.3691 3.8147e-07
      vertex 20.882 50.1756 0
      vertex 20.882 50.1756 3.8147e-07
    endloop
  endfacet
  facet normal 0.125407 0.992105 -0
    outer loop
      vertex 26.8748 50.9646 0
      vertex 26.6256 50.9961 3.8147e-07
      vertex 26.8748 50.9646 3.8147e-07
    endloop
  endfacet
  facet normal 0.125407 0.992105 0
    outer loop
      vertex 26.6256 50.9961 3.8147e-07
      vertex 26.8748 50.9646 0
      vertex 26.6256 50.9961 0
    endloop
  endfacet
  facet normal 0.248638 0.968596 -0
    outer loop
      vertex 27.0875 50.91 0
      vertex 26.8748 50.9646 3.8147e-07
      vertex 27.0875 50.91 3.8147e-07
    endloop
  endfacet
  facet normal 0.248638 0.968596 0
    outer loop
      vertex 26.8748 50.9646 3.8147e-07
      vertex 27.0875 50.91 0
      vertex 26.8748 50.9646 0
    endloop
  endfacet
  facet normal -0.481751 0.876308 0
    outer loop
      vertex 21.6484 50.8097 0
      vertex 21.4283 50.6887 3.8147e-07
      vertex 21.6484 50.8097 3.8147e-07
    endloop
  endfacet
  facet normal -0.481751 0.876308 0
    outer loop
      vertex 21.4283 50.6887 3.8147e-07
      vertex 21.6484 50.8097 0
      vertex 21.4283 50.6887 0
    endloop
  endfacet
  facet normal 0.844333 -0.535819 0
    outer loop
      vertex 50.118 20.8244 3.8147e-07
      vertex 50.2526 21.0365 0
      vertex 50.2526 21.0365 3.8147e-07
    endloop
  endfacet
  facet normal 0.844333 -0.535819 0
    outer loop
      vertex 50.2526 21.0365 0
      vertex 50.118 20.8244 3.8147e-07
      vertex 50.118 20.8244 0
    endloop
  endfacet
  facet normal -1 0 0
    outer loop
      vertex 42.5 34.5 0
      vertex 42.5 32.9961 3.8147e-07
      vertex 42.5 34.5 3
    endloop
  endfacet
  facet normal -1 0 0
    outer loop
      vertex 42.5 30.4586 0
      vertex 42.5 32.9961 3.8147e-07
      vertex 42.5 34.5 0
    endloop
  endfacet
  facet normal -1 -0 0
    outer loop
      vertex 42.5 32.9961 3.8147e-07
      vertex 42.5 30.4586 0
      vertex 42.5 30.4586 3.8147e-07
    endloop
  endfacet
  facet normal -1 0 0
    outer loop
      vertex 42.5 40.5414 0
      vertex 42.5 38.0039 3.8147e-07
      vertex 42.5 40.5414 3.8147e-07
    endloop
  endfacet
  facet normal -1 0 0
    outer loop
      vertex 42.5 36.5 3
      vertex 42.5 38.0039 3.8147e-07
      vertex 42.5 36.5 0
    endloop
  endfacet
  facet normal -1 0 0
    outer loop
      vertex 42.5 36.5 0
      vertex 42.5 38.0039 3.8147e-07
      vertex 42.5 40.5414 0
    endloop
  endfacet
  facet normal -1 0 0
    outer loop
      vertex 42.5 38.0039 3.8147e-07
      vertex 42.5 36.5 3
      vertex 42.5 38.0039 10.3
    endloop
  endfacet
  facet normal -1 0 0
    outer loop
      vertex 42.5 34.5 3
      vertex 42.5 38.0039 10.3
      vertex 42.5 36.5 3
    endloop
  endfacet
  facet normal -1 0 0
    outer loop
      vertex 42.5 32.9961 10.3
      vertex 42.5 34.5 3
      vertex 42.5 32.9961 3.8147e-07
    endloop
  endfacet
  facet normal -1 0 0
    outer loop
      vertex 42.5 34.5 3
      vertex 42.5 32.9961 10.3
      vertex 42.5 38.0039 10.3
    endloop
  endfacet
  facet normal 0 0 0
    outer loop
      vertex 42.5 32.9961 10.3
      vertex 42.5 40.5414 10.3
      vertex 42.5 38.0039 10.3
    endloop
  endfacet
  facet normal 0 0 0
    outer loop
      vertex 42.5 32.9961 10.3
      vertex 42.5 30.4586 10.3
      vertex 42.5 40.5414 10.3
    endloop
  endfacet
  facet normal 0.125407 -0.992105 0
    outer loop
      vertex 48.6256 20.0039 0
      vertex 48.8748 20.0354 3.8147e-07
      vertex 48.6256 20.0039 3.8147e-07
    endloop
  endfacet
  facet normal 0.125407 -0.992105 0
    outer loop
      vertex 48.8748 20.0354 3.8147e-07
      vertex 48.6256 20.0039 0
      vertex 48.8748 20.0354 0
    endloop
  endfacet
  facet normal 0.982332 0.187149 0
    outer loop
      vertex 50.4842 49.2507 3.8147e-07
      vertex 50.4372 49.4974 0
      vertex 50.4372 49.4974 3.8147e-07
    endloop
  endfacet
  facet normal 0.982332 0.187149 0
    outer loop
      vertex 50.4372 49.4974 0
      vertex 50.4842 49.2507 3.8147e-07
      vertex 50.4842 49.2507 0
    endloop
  endfacet
  facet normal -0.248638 -0.968596 0
    outer loop
      vertex 43.9125 20.09 0
      vertex 44.1252 20.0354 3.8147e-07
      vertex 43.9125 20.09 3.8147e-07
    endloop
  endfacet
  facet normal -0.248638 -0.968596 -0
    outer loop
      vertex 44.1252 20.0354 3.8147e-07
      vertex 43.9125 20.09 0
      vertex 44.1252 20.0354 0
    endloop
  endfacet
  facet normal -0.125407 -0.992105 0
    outer loop
      vertex 44.1252 20.0354 0
      vertex 44.3744 20.0039 3.8147e-07
      vertex 44.1252 20.0354 3.8147e-07
    endloop
  endfacet
  facet normal -0.125407 -0.992105 -0
    outer loop
      vertex 44.3744 20.0039 3.8147e-07
      vertex 44.1252 20.0354 0
      vertex 44.3744 20.0039 0
    endloop
  endfacet
  facet normal 0.982332 -0.187149 0
    outer loop
      vertex 50.4372 21.5026 3.8147e-07
      vertex 50.4842 21.7493 0
      vertex 50.4842 21.7493 3.8147e-07
    endloop
  endfacet
  facet normal 0.982332 -0.187149 0
    outer loop
      vertex 50.4842 21.7493 0
      vertex 50.4372 21.5026 3.8147e-07
      vertex 50.4372 21.5026 0
    endloop
  endfacet
  facet normal 0.904765 -0.425912 0
    outer loop
      vertex 50.2526 21.0365 3.8147e-07
      vertex 50.3596 21.2638 0
      vertex 50.3596 21.2638 3.8147e-07
    endloop
  endfacet
  facet normal 0.904765 -0.425912 0
    outer loop
      vertex 50.3596 21.2638 0
      vertex 50.2526 21.0365 3.8147e-07
      vertex 50.2526 21.0365 0
    endloop
  endfacet
  facet normal 0.684458 -0.729053 0
    outer loop
      vertex 49.7748 20.459 0
      vertex 49.9579 20.6309 3.8147e-07
      vertex 49.7748 20.459 3.8147e-07
    endloop
  endfacet
  facet normal 0.684458 -0.729053 0
    outer loop
      vertex 49.9579 20.6309 3.8147e-07
      vertex 49.7748 20.459 0
      vertex 49.9579 20.6309 0
    endloop
  endfacet
  facet normal 0.588148 -0.808753 0
    outer loop
      vertex 49.5717 20.3113 0
      vertex 49.7748 20.459 3.8147e-07
      vertex 49.5717 20.3113 3.8147e-07
    endloop
  endfacet
  facet normal 0.588148 -0.808753 0
    outer loop
      vertex 49.7748 20.459 3.8147e-07
      vertex 49.5717 20.3113 0
      vertex 49.7748 20.459 0
    endloop
  endfacet
  facet normal 0.248902 -0.968529 0
    outer loop
      vertex 48.8748 20.0354 0
      vertex 49.118 20.0979 3.8147e-07
      vertex 48.8748 20.0354 3.8147e-07
    endloop
  endfacet
  facet normal 0.248902 -0.968529 0
    outer loop
      vertex 49.118 20.0979 3.8147e-07
      vertex 48.8748 20.0354 0
      vertex 49.118 20.0979 0
    endloop
  endfacet
  facet normal 0.588148 0.808753 -0
    outer loop
      vertex 49.7748 50.541 0
      vertex 49.5717 50.6887 3.8147e-07
      vertex 49.7748 50.541 3.8147e-07
    endloop
  endfacet
  facet normal 0.588148 0.808753 0
    outer loop
      vertex 49.5717 50.6887 3.8147e-07
      vertex 49.7748 50.541 0
      vertex 49.5717 50.6887 0
    endloop
  endfacet
  facet normal 0.684458 0.729053 -0
    outer loop
      vertex 49.9579 50.3691 0
      vertex 49.7748 50.541 3.8147e-07
      vertex 49.9579 50.3691 3.8147e-07
    endloop
  endfacet
  facet normal 0.684458 0.729053 0
    outer loop
      vertex 49.7748 50.541 3.8147e-07
      vertex 49.9579 50.3691 0
      vertex 49.7748 50.541 0
    endloop
  endfacet
  facet normal 0.99802 -0.0628987 0
    outer loop
      vertex 50.4842 21.7493 3.8147e-07
      vertex 50.5 22 0
      vertex 50.5 22 3.8147e-07
    endloop
  endfacet
  facet normal 0.99802 -0.0628987 0
    outer loop
      vertex 50.5 22 0
      vertex 50.4842 21.7493 3.8147e-07
      vertex 50.4842 21.7493 0
    endloop
  endfacet
  facet normal 0.770468 -0.637478 0
    outer loop
      vertex 49.9579 20.6309 3.8147e-07
      vertex 50.118 20.8244 0
      vertex 50.118 20.8244 3.8147e-07
    endloop
  endfacet
  facet normal 0.770468 -0.637478 0
    outer loop
      vertex 50.118 20.8244 0
      vertex 49.9579 20.6309 3.8147e-07
      vertex 49.9579 20.6309 0
    endloop
  endfacet
  facet normal 0.367819 -0.929897 0
    outer loop
      vertex 49.118 20.0979 0
      vertex 49.3516 20.1903 3.8147e-07
      vertex 49.118 20.0979 3.8147e-07
    endloop
  endfacet
  facet normal 0.367819 -0.929897 0
    outer loop
      vertex 49.3516 20.1903 3.8147e-07
      vertex 49.118 20.0979 0
      vertex 49.3516 20.1903 0
    endloop
  endfacet
  facet normal 0.99802 0.0628987 0
    outer loop
      vertex 50.5 49 3.8147e-07
      vertex 50.4842 49.2507 0
      vertex 50.4842 49.2507 3.8147e-07
    endloop
  endfacet
  facet normal 0.99802 0.0628987 0
    outer loop
      vertex 50.4842 49.2507 0
      vertex 50.5 49 3.8147e-07
      vertex 50.5 49 0
    endloop
  endfacet
  facet normal 0.248902 0.968529 -0
    outer loop
      vertex 49.118 50.9021 0
      vertex 48.8748 50.9646 3.8147e-07
      vertex 49.118 50.9021 3.8147e-07
    endloop
  endfacet
  facet normal 0.248902 0.968529 0
    outer loop
      vertex 48.8748 50.9646 3.8147e-07
      vertex 49.118 50.9021 0
      vertex 48.8748 50.9646 0
    endloop
  endfacet
  facet normal 0.844333 0.535819 0
    outer loop
      vertex 50.2526 49.9635 3.8147e-07
      vertex 50.118 50.1756 0
      vertex 50.118 50.1756 3.8147e-07
    endloop
  endfacet
  facet normal 0.844333 0.535819 0
    outer loop
      vertex 50.118 50.1756 0
      vertex 50.2526 49.9635 3.8147e-07
      vertex 50.2526 49.9635 0
    endloop
  endfacet
  facet normal -0.125407 0.992105 0
    outer loop
      vertex 44.3744 50.9961 0
      vertex 44.1252 50.9646 3.8147e-07
      vertex 44.3744 50.9961 3.8147e-07
    endloop
  endfacet
  facet normal -0.125407 0.992105 0
    outer loop
      vertex 44.1252 50.9646 3.8147e-07
      vertex 44.3744 50.9961 0
      vertex 44.1252 50.9646 0
    endloop
  endfacet
  facet normal 0.125407 0.992105 -0
    outer loop
      vertex 48.8748 50.9646 0
      vertex 48.6256 50.9961 3.8147e-07
      vertex 48.8748 50.9646 3.8147e-07
    endloop
  endfacet
  facet normal 0.125407 0.992105 0
    outer loop
      vertex 48.6256 50.9961 3.8147e-07
      vertex 48.8748 50.9646 0
      vertex 48.6256 50.9961 0
    endloop
  endfacet
  facet normal -0.248638 0.968596 0
    outer loop
      vertex 44.1252 50.9646 0
      vertex 43.9125 50.91 3.8147e-07
      vertex 44.1252 50.9646 3.8147e-07
    endloop
  endfacet
  facet normal -0.248638 0.968596 0
    outer loop
      vertex 43.9125 50.91 3.8147e-07
      vertex 44.1252 50.9646 0
      vertex 43.9125 50.91 0
    endloop
  endfacet
  facet normal 0.951046 -0.30905 0
    outer loop
      vertex 50.3596 21.2638 3.8147e-07
      vertex 50.4372 21.5026 0
      vertex 50.4372 21.5026 3.8147e-07
    endloop
  endfacet
  facet normal 0.951046 -0.30905 0
    outer loop
      vertex 50.4372 21.5026 0
      vertex 50.3596 21.2638 3.8147e-07
      vertex 50.3596 21.2638 0
    endloop
  endfacet
  facet normal 0.481751 -0.876308 0
    outer loop
      vertex 49.3516 20.1903 0
      vertex 49.5717 20.3113 3.8147e-07
      vertex 49.3516 20.1903 3.8147e-07
    endloop
  endfacet
  facet normal 0.481751 -0.876308 0
    outer loop
      vertex 49.5717 20.3113 3.8147e-07
      vertex 49.3516 20.1903 0
      vertex 49.5717 20.3113 0
    endloop
  endfacet
  facet normal 0.367819 0.929897 -0
    outer loop
      vertex 49.3516 50.8097 0
      vertex 49.118 50.9021 3.8147e-07
      vertex 49.3516 50.8097 3.8147e-07
    endloop
  endfacet
  facet normal 0.367819 0.929897 0
    outer loop
      vertex 49.118 50.9021 3.8147e-07
      vertex 49.3516 50.8097 0
      vertex 49.118 50.9021 0
    endloop
  endfacet
  facet normal 0.904765 0.425912 0
    outer loop
      vertex 50.3596 49.7362 3.8147e-07
      vertex 50.2526 49.9635 0
      vertex 50.2526 49.9635 3.8147e-07
    endloop
  endfacet
  facet normal 0.904765 0.425912 0
    outer loop
      vertex 50.2526 49.9635 0
      vertex 50.3596 49.7362 3.8147e-07
      vertex 50.3596 49.7362 0
    endloop
  endfacet
  facet normal 0.951046 0.30905 0
    outer loop
      vertex 50.4372 49.4974 3.8147e-07
      vertex 50.3596 49.7362 0
      vertex 50.3596 49.7362 3.8147e-07
    endloop
  endfacet
  facet normal 0.951046 0.30905 0
    outer loop
      vertex 50.3596 49.7362 0
      vertex 50.4372 49.4974 3.8147e-07
      vertex 50.4372 49.4974 0
    endloop
  endfacet
  facet normal 0.770468 0.637478 0
    outer loop
      vertex 50.118 50.1756 3.8147e-07
      vertex 49.9579 50.3691 0
      vertex 49.9579 50.3691 3.8147e-07
    endloop
  endfacet
  facet normal 0.770468 0.637478 0
    outer loop
      vertex 49.9579 50.3691 0
      vertex 50.118 50.1756 3.8147e-07
      vertex 50.118 50.1756 0
    endloop
  endfacet
  facet normal 0.481751 0.876308 -0
    outer loop
      vertex 49.5717 50.6887 0
      vertex 49.3516 50.8097 3.8147e-07
      vertex 49.5717 50.6887 3.8147e-07
    endloop
  endfacet
  facet normal 0.481751 0.876308 0
    outer loop
      vertex 49.3516 50.8097 3.8147e-07
      vertex 49.5717 50.6887 0
      vertex 49.3516 50.8097 0
    endloop
  endfacet
endsolid OpenSCAD_Model
