; generated by PrusaSlicer 2.4.2 on 2022-11-02 at 10:44:40 UTC

; 

; external perimeters extrusion width = 0.68mm
; perimeters extrusion width = 0.68mm
; infill extrusion width = 0.68mm
; solid infill extrusion width = 0.68mm
; top infill extrusion width = 0.60mm
; support material extrusion width = 0.60mm
; first layer extrusion width = 0.50mm

M201 X9000 Y9000 Z500 E10000 ; sets maximum accelerations, mm/sec^2
M203 X500 Y500 Z12 E120 ; sets maximum feedrates, mm / sec
M204 P1500 R1500 T1500 ; sets acceleration (P, T) and retract acceleration (R), mm/sec^2
M205 X10.00 Y10.00 Z0.20 E2.50 ; sets the jerk limits, mm/sec
M205 S0 T0 ; sets the minimum extruding and travel feed rate, mm/sec
M107
M190 S60 ; set bed temperature and wait for it to be reached
M104 S200 ; set temperature
;TYPE:Custom
G28 ; home all axes
G1 Z5 F5000 ; lift nozzle
M109 S200 ; set temperature and wait for it to be reached
G21 ; set units to millimeters
G90 ; use absolute coordinates
M82 ; use absolute distances for extrusion
G92 E0
; Filament gcode
M107
;LAYER_CHANGE
;Z:0.25
;HEIGHT:0.25
G1 Z.25 F7800
G1 E-3 F2400
G92 E0
G1 X48.412 Y60.615 F7800
G1 E3 F2400
;TYPE:Skirt/Brim
;WIDTH:0.5
G1 F1800
G1 X50.587 Y59.754 E3.10854
G1 X52 Y59.607 E3.17443
G1 X158 Y59.607 E8.09205
G1 X160.306 Y60.004 E8.2006
G1 X162.346 Y61.15 E8.30914
G1 X163.885 Y62.912 E8.41769
G1 X164.746 Y65.087 E8.52623
G1 X164.893 Y66.5 E8.59212
G1 X164.893 Y125.5 E11.32928
G1 X164.496 Y127.806 E11.43783
G1 X163.35 Y129.846 E11.54637
G1 X162.365 Y130.835 E11.61113
G1 X140.365 Y148.835 E12.92986
G1 X138.329 Y149.987 E13.03841
G1 X136 Y150.393 E13.14806
G1 X52 Y150.393 E17.04505
G1 X49.694 Y149.996 E17.15359
G1 X47.654 Y148.85 E17.26214
G1 X46.115 Y147.088 E17.37068
G1 X45.254 Y144.913 E17.47922
G1 X45.107 Y143.5 E17.54511
G1 X45.107 Y66.5 E21.11735
G1 X45.504 Y64.194 E21.22589
G1 X46.65 Y62.154 E21.33443
G1 X48.344 Y60.674 E21.4388
G1 X48.646 Y61.041 F7800
G1 F1800
G1 X48.839 Y60.882 E21.45037
G1 X52 Y60.054 E21.60199
G1 X158 Y60.054 E26.51961
G1 X160.227 Y60.451 E26.62456
G1 X162.18 Y61.592 E26.7295
G1 X163.618 Y63.339 E26.83445
G1 X164.446 Y66.5 E26.98607
G1 X164.446 Y125.5 E29.72323
G1 X164.049 Y127.727 E29.82818
G1 X162.908 Y129.68 E29.93312
G1 X162.082 Y130.489 E29.98676
G1 X140.082 Y148.489 E31.30549
G1 X138.107 Y149.592 E31.41043
G1 X136 Y149.946 E31.50956
G1 X52 Y149.946 E35.40654
G1 X49.773 Y149.549 E35.51149
G1 X47.82 Y148.408 E35.61643
G1 X46.382 Y146.661 E35.72138
G1 X45.554 Y143.5 E35.873
G1 X45.554 Y66.5 E39.44523
G1 X45.951 Y64.273 E39.55018
G1 X47.092 Y62.32 E39.65512
G1 X48.577 Y61.098 E39.74432
G1 E36.74432 F2400
G92 E0
G1 X115.104 Y112.104 F7800
G1 E3 F2400
;TYPE:Perimeter
G1 F1800
G1 X145.896 Y112.104 E4.42855
G1 X145.896 Y118.896 E4.74369
G1 X115.104 Y118.896 E6.17224
G1 X115.104 Y112.194 E6.4832
G1 X115.55 Y112.55 F7800
;TYPE:External perimeter
G1 F1800
G1 X145.45 Y112.55 E7.87034
G1 X145.45 Y118.45 E8.14405
G1 X115.55 Y118.45 E9.53119
G1 X115.55 Y112.64 E9.80073
G1 X115.284 Y112.012 F7800
G1 E6.80073 F2400
G92 E0
G1 X148.604 Y115.542 F7800
G1 E3 F2400
;TYPE:Perimeter
G1 F1800
G1 X148.652 Y114.957 E3.02724
G1 X148.804 Y114.433 E3.05256
G1 X149.052 Y113.946 E3.07788
G1 X149.386 Y113.515 E3.1032
G1 X149.796 Y113.154 E3.12852
G1 X150.265 Y112.876 E3.15383
G1 X150.769 Y112.695 E3.17864
G1 X151.136 Y112.625 E3.19602
G1 X151.501 Y112.602 E3.21296
G1 X152.042 Y112.652 E3.23819
G1 X152.567 Y112.804 E3.26355
G1 X153.054 Y113.052 E3.28887
G1 X153.485 Y113.386 E3.31419
G1 X153.839 Y113.787 E3.339
G1 X154.039 Y114.104 E3.35639
G1 X154.199 Y114.443 E3.37378
G1 X154.348 Y114.957 E3.39859
G1 X154.4 Y115.5 E3.42391
G1 X154.349 Y116.032 E3.44872
G1 X154.256 Y116.395 E3.46611
G1 X154.118 Y116.744 E3.4835
G1 X153.846 Y117.204 E3.50831
G1 X153.485 Y117.614 E3.53363
G1 X153.054 Y117.948 E3.55894
G1 X152.567 Y118.196 E3.58426
G1 X152.043 Y118.348 E3.60958
G1 X151.5 Y118.4 E3.6349
G1 X150.968 Y118.349 E3.65971
G1 X150.605 Y118.256 E3.6771
G1 X150.256 Y118.118 E3.69449
G1 X149.796 Y117.846 E3.7193
G1 X149.386 Y117.485 E3.74462
G1 X149.052 Y117.054 E3.76994
G1 X148.804 Y116.567 E3.79525
G1 X148.652 Y116.043 E3.82057
G1 X148.613 Y115.632 E3.83976
G1 X149.049 Y115.5 F7800
;TYPE:External perimeter
G1 F1800
G1 X149.092 Y115.041 E3.86116
G1 X149.221 Y114.598 E3.88257
G1 X149.43 Y114.187 E3.90397
G1 X149.713 Y113.822 E3.92538
G1 X150.059 Y113.517 E3.94678
G1 X150.456 Y113.282 E3.96818
G1 X150.887 Y113.127 E3.9894
G1 X151.193 Y113.069 E4.00386
G1 X151.495 Y113.049 E4.01789
G1 X151.959 Y113.092 E4.03953
G1 X152.402 Y113.221 E4.06094
G1 X152.813 Y113.43 E4.08235
G1 X153.178 Y113.713 E4.10375
G1 X153.48 Y114.056 E4.12497
G1 X153.647 Y114.319 E4.13943
G1 X153.78 Y114.601 E4.15389
G1 X153.908 Y115.041 E4.17511
G1 X153.951 Y115.5 E4.19652
G1 X153.908 Y115.955 E4.21774
G1 X153.831 Y116.257 E4.2322
G1 X153.716 Y116.547 E4.24666
G1 X153.483 Y116.941 E4.26788
G1 X153.178 Y117.287 E4.28928
G1 X152.813 Y117.57 E4.31068
G1 X152.402 Y117.779 E4.33209
G1 X151.959 Y117.908 E4.35349
G1 X151.5 Y117.951 E4.37489
G1 X151.045 Y117.908 E4.39611
G1 X150.743 Y117.831 E4.41058
G1 X150.453 Y117.716 E4.42504
G1 X150.059 Y117.483 E4.44626
G1 X149.713 Y117.178 E4.46766
G1 X149.43 Y116.813 E4.48906
G1 X149.221 Y116.402 E4.51047
G1 X149.092 Y115.959 E4.53187
G1 X149.057 Y115.59 E4.5491
G1 X148.649 Y115.269 F7800
G1 E1.5491 F2400
G92 E0
G1 X151.5 Y76.398 F7800
G1 E3 F2400
;TYPE:Perimeter
G1 F1800
G1 X151.137 Y76.375 E3.01688
G1 X150.769 Y76.305 E3.03428
G1 X150.265 Y76.124 E3.05908
G1 X149.796 Y75.846 E3.0844
G1 X149.386 Y75.485 E3.10972
G1 X149.052 Y75.054 E3.13504
G1 X148.804 Y74.567 E3.16036
G1 X148.652 Y74.043 E3.18568
G1 X148.6 Y73.5 E3.211
G1 X148.652 Y72.957 E3.23631
G1 X148.804 Y72.433 E3.26163
G1 X149.052 Y71.946 E3.28695
G1 X149.386 Y71.515 E3.31227
G1 X149.796 Y71.154 E3.33759
G1 X150.265 Y70.876 E3.3629
G1 X150.769 Y70.695 E3.38771
G1 X151.136 Y70.625 E3.40509
G1 X151.501 Y70.602 E3.42203
G1 X152.042 Y70.652 E3.44726
G1 X152.567 Y70.804 E3.47262
G1 X153.054 Y71.052 E3.49794
G1 X153.485 Y71.386 E3.52326
G1 X153.839 Y71.787 E3.54807
G1 X154.039 Y72.104 E3.56546
G1 X154.199 Y72.443 E3.58285
G1 X154.348 Y72.957 E3.60766
G1 X154.4 Y73.5 E3.63298
G1 X154.348 Y74.043 E3.6583
G1 X154.196 Y74.567 E3.68361
G1 X153.948 Y75.054 E3.70893
G1 X153.614 Y75.485 E3.73425
G1 X153.204 Y75.846 E3.75957
G1 X152.735 Y76.124 E3.78489
G1 X152.231 Y76.305 E3.8097
G1 X151.863 Y76.375 E3.82709
G1 X151.59 Y76.392 E3.8398
G1 X151.5 Y75.951 F7800
;TYPE:External perimeter
G1 F1800
G1 X151.193 Y75.931 E3.85407
G1 X150.887 Y75.873 E3.86853
G1 X150.456 Y75.718 E3.88975
G1 X150.059 Y75.483 E3.91116
G1 X149.713 Y75.178 E3.93256
G1 X149.43 Y74.813 E3.95396
G1 X149.221 Y74.402 E3.97537
G1 X149.092 Y73.959 E3.99677
G1 X149.049 Y73.5 E4.01818
G1 X149.092 Y73.041 E4.03958
G1 X149.221 Y72.598 E4.06098
G1 X149.43 Y72.187 E4.08239
G1 X149.713 Y71.822 E4.10379
G1 X150.059 Y71.517 E4.12519
G1 X150.456 Y71.282 E4.1466
G1 X150.887 Y71.127 E4.16782
G1 X151.193 Y71.069 E4.18227
G1 X151.495 Y71.049 E4.1963
G1 X151.959 Y71.092 E4.21794
G1 X152.402 Y71.221 E4.23936
G1 X152.813 Y71.43 E4.26076
G1 X153.178 Y71.713 E4.28217
G1 X153.48 Y72.056 E4.30339
G1 X153.647 Y72.319 E4.31785
G1 X153.78 Y72.601 E4.33231
G1 X153.908 Y73.041 E4.35353
G1 X153.951 Y73.5 E4.37493
G1 X153.908 Y73.959 E4.39634
G1 X153.779 Y74.402 E4.41774
G1 X153.57 Y74.813 E4.43914
G1 X153.287 Y75.178 E4.46055
G1 X152.941 Y75.483 E4.48195
G1 X152.544 Y75.718 E4.50335
G1 X152.113 Y75.873 E4.52457
G1 X151.807 Y75.931 E4.53903
G1 X151.59 Y75.945 E4.54914
G1 X151.346 Y76.217 F7800
G1 E1.54914 F2400
G92 E0
G1 X112.396 Y73.458 F7800
G1 E3 F2400
;TYPE:Perimeter
G1 F1800
G1 X112.348 Y74.043 E3.02724
G1 X112.196 Y74.567 E3.05256
G1 X111.948 Y75.054 E3.07788
G1 X111.62 Y75.476 E3.10269
G1 X111.347 Y75.733 E3.12006
G1 X111.052 Y75.948 E3.13701
G1 X110.568 Y76.196 E3.16224
G1 X110.043 Y76.348 E3.1876
G1 X109.5 Y76.4 E3.21291
G1 X108.968 Y76.349 E3.23772
G1 X108.605 Y76.256 E3.2551
G1 X108.265 Y76.122 E3.27204
G1 X107.796 Y75.846 E3.29727
G1 X107.386 Y75.485 E3.32263
G1 X107.052 Y75.054 E3.34795
G1 X106.804 Y74.567 E3.37327
G1 X106.652 Y74.043 E3.39859
G1 X106.6 Y73.5 E3.42391
G1 X106.652 Y72.957 E3.44922
G1 X106.804 Y72.433 E3.47454
G1 X107.052 Y71.946 E3.49986
G1 X107.386 Y71.515 E3.52518
G1 X107.796 Y71.154 E3.5505
G1 X108.265 Y70.876 E3.57582
G1 X108.769 Y70.695 E3.60062
G1 X109.136 Y70.625 E3.618
G1 X109.501 Y70.602 E3.63494
G1 X110.042 Y70.652 E3.66017
G1 X110.567 Y70.804 E3.68553
G1 X111.054 Y71.052 E3.71085
G1 X111.485 Y71.386 E3.73617
G1 X111.839 Y71.787 E3.76098
G1 X112.039 Y72.104 E3.77837
G1 X112.199 Y72.443 E3.79576
G1 X112.348 Y72.957 E3.82057
G1 X112.387 Y73.368 E3.83976
G1 X111.951 Y73.5 F7800
;TYPE:External perimeter
G1 F1800
G1 X111.908 Y73.959 E3.86116
G1 X111.779 Y74.402 E3.88256
G1 X111.57 Y74.813 E3.90397
G1 X111.289 Y75.175 E3.92519
G1 X111.062 Y75.388 E3.93964
G1 X110.818 Y75.566 E3.95368
G1 X110.403 Y75.779 E3.97531
G1 X109.959 Y75.908 E3.99673
G1 X109.5 Y75.951 E4.01813
G1 X109.045 Y75.908 E4.03935
G1 X108.743 Y75.831 E4.05381
G1 X108.461 Y75.72 E4.06784
G1 X108.059 Y75.483 E4.08947
G1 X107.713 Y75.178 E4.11089
G1 X107.43 Y74.813 E4.1323
G1 X107.221 Y74.402 E4.1537
G1 X107.092 Y73.959 E4.1751
G1 X107.049 Y73.5 E4.19651
G1 X107.092 Y73.041 E4.21791
G1 X107.221 Y72.598 E4.23932
G1 X107.43 Y72.187 E4.26072
G1 X107.713 Y71.822 E4.28212
G1 X108.059 Y71.517 E4.30353
G1 X108.456 Y71.282 E4.32493
G1 X108.887 Y71.127 E4.34615
G1 X109.193 Y71.069 E4.36061
G1 X109.495 Y71.049 E4.37464
G1 X109.959 Y71.092 E4.39627
G1 X110.402 Y71.221 E4.41769
G1 X110.813 Y71.43 E4.4391
G1 X111.178 Y71.713 E4.4605
G1 X111.48 Y72.056 E4.48172
G1 X111.647 Y72.319 E4.49618
G1 X111.78 Y72.601 E4.51064
G1 X111.908 Y73.041 E4.53186
G1 X111.943 Y73.41 E4.54909
G1 X112.351 Y73.731 F7800
G1 E1.54909 F2400
G92 E0
G1 X104.896 Y112.104 F7800
G1 E3 F2400
;TYPE:Perimeter
G1 F1800
G1 X104.896 Y118.896 E3.31513
G1 X72.104 Y118.896 E4.83647
G1 X72.104 Y112.104 E5.1516
G1 X104.806 Y112.104 E6.66877
G1 X104.45 Y112.55 F7800
;TYPE:External perimeter
G1 F1800
G1 X104.45 Y118.45 E6.94248
G1 X72.55 Y118.45 E8.42241
G1 X72.55 Y112.55 E8.69613
G1 X104.36 Y112.55 E10.17188
G1 X105.049 Y112.513 F7800
G1 E7.17188 F2400
G92 E0
G1 X91.896 Y131.104 F7800
G1 E3 F2400
;TYPE:Perimeter
G1 F1800
G1 X91.896 Y140.396 E3.43111
G1 X80.104 Y140.396 E3.97821
G1 X80.104 Y131.104 E4.40932
G1 X91.806 Y131.104 E4.95224
G1 X91.45 Y131.55 F7800
;TYPE:External perimeter
G1 F1800
G1 X91.45 Y139.95 E5.34194
G1 X80.55 Y139.95 E5.84762
G1 X80.55 Y131.55 E6.23732
G1 X91.36 Y131.55 E6.73882
G1 X92.036 Y131.42 F7800
G1 E3.73882 F2400
G92 E0
G1 X60.396 Y133.542 F7800
G1 E3 F2400
;TYPE:Perimeter
G1 F1800
G1 X60.348 Y134.043 E3.02336
G1 X60.196 Y134.567 E3.04868
G1 X59.953 Y135.044 E3.07349
G1 X59.733 Y135.347 E3.09088
G1 X59.476 Y135.62 E3.10827
G1 X59.054 Y135.948 E3.13308
G1 X58.567 Y136.196 E3.1584
G1 X58.043 Y136.348 E3.18372
G1 X57.5 Y136.4 E3.20903
G1 X56.957 Y136.348 E3.23435
G1 X56.433 Y136.196 E3.25967
G1 X55.946 Y135.948 E3.28499
G1 X55.515 Y135.614 E3.31031
G1 X55.162 Y135.213 E3.33512
G1 X54.961 Y134.896 E3.35251
G1 X54.801 Y134.557 E3.3699
G1 X54.652 Y134.043 E3.39471
G1 X54.6 Y133.5 E3.42003
G1 X54.652 Y132.957 E3.44535
G1 X54.804 Y132.433 E3.47067
G1 X55.052 Y131.946 E3.49598
G1 X55.386 Y131.515 E3.5213
G1 X55.796 Y131.154 E3.54662
G1 X56.265 Y130.876 E3.57194
G1 X56.769 Y130.695 E3.59675
G1 X57.136 Y130.625 E3.61412
G1 X57.501 Y130.602 E3.63106
G1 X58.042 Y130.652 E3.65629
G1 X58.567 Y130.804 E3.68166
G1 X59.054 Y131.052 E3.70697
G1 X59.485 Y131.386 E3.73229
G1 X59.846 Y131.796 E3.75765
G1 X60.122 Y132.265 E3.78289
G1 X60.256 Y132.605 E3.79983
G1 X60.349 Y132.968 E3.8172
G1 X60.395 Y133.452 E3.83979
G1 X59.951 Y133.5 F7800
;TYPE:External perimeter
G1 F1800
G1 X59.908 Y133.959 E3.86119
G1 X59.779 Y134.402 E3.8826
G1 X59.571 Y134.81 E3.90382
G1 X59.388 Y135.062 E3.91828
G1 X59.175 Y135.289 E3.93274
G1 X58.813 Y135.57 E3.95396
G1 X58.402 Y135.779 E3.97536
G1 X57.959 Y135.908 E3.99677
G1 X57.5 Y135.951 E4.01817
G1 X57.041 Y135.908 E4.03957
G1 X56.598 Y135.779 E4.06098
G1 X56.187 Y135.57 E4.08238
G1 X55.822 Y135.287 E4.10378
G1 X55.52 Y134.944 E4.125
G1 X55.353 Y134.681 E4.13946
G1 X55.22 Y134.399 E4.15392
G1 X55.092 Y133.959 E4.17514
G1 X55.049 Y133.5 E4.19655
G1 X55.092 Y133.041 E4.21795
G1 X55.221 Y132.598 E4.23936
G1 X55.43 Y132.187 E4.26076
G1 X55.713 Y131.822 E4.28216
G1 X56.059 Y131.517 E4.30357
G1 X56.456 Y131.282 E4.32497
G1 X56.887 Y131.127 E4.34619
G1 X57.193 Y131.069 E4.36065
G1 X57.495 Y131.049 E4.37468
G1 X57.959 Y131.092 E4.39631
G1 X58.402 Y131.221 E4.41773
G1 X58.813 Y131.43 E4.43914
G1 X59.178 Y131.713 E4.46054
G1 X59.483 Y132.059 E4.48196
G1 X59.72 Y132.461 E4.50359
G1 X59.831 Y132.743 E4.51763
G1 X59.908 Y133.045 E4.53208
G1 X59.943 Y133.41 E4.54913
G1 X60.348 Y133.735 F7800
G1 E1.54913 F2400
G92 E0
G1 X64.896 Y84.396 F7800
G1 E3 F2400
;TYPE:Perimeter
G1 F1800
G1 X105.896 Y84.396 E4.9021
G1 X105.896 Y67.396 E5.69077
G1 X113.104 Y67.396 E6.02514
G1 X113.104 Y84.396 E6.81381
G1 X147.896 Y84.396 E8.42794
G1 X147.896 Y67.396 E9.21661
G1 X157.104 Y67.396 E9.64377
G1 X157.104 Y124.604 E12.29776
G1 X135.104 Y124.604 E13.3184
G1 X135.104 Y142.604 E14.15347
G1 X52.896 Y142.604 E17.96728
G1 X52.896 Y113.396 E19.32229
G1 X64.896 Y113.396 E19.879
G1 X64.896 Y84.486 E21.22021
G1 E18.22021 F2400
G92 E0
G1 X56.957 Y76.348 F7800
G1 E3 F2400
G1 F1800
G1 X57.489 Y76.399 E3.02481
G1 X57.863 Y76.375 E3.0422
G1 X58.231 Y76.305 E3.05959
G1 X58.735 Y76.124 E3.0844
G1 X59.204 Y75.846 E3.10972
G1 X59.614 Y75.485 E3.13504
G1 X59.923 Y75.087 E3.15842
G1 X60.104 Y75.149 E3.1673
G1 X60.104 Y84.604 E3.60594
G1 X52.896 Y84.604 E3.94031
G1 X52.896 Y67.396 E4.7386
G1 X60.104 Y67.396 E5.07296
G1 X60.104 Y71.844 E5.27932
G1 X59.906 Y71.898 E5.28881
G1 X59.846 Y71.796 E5.29428
G1 X59.485 Y71.386 E5.31964
G1 X59.054 Y71.052 E5.34496
G1 X58.567 Y70.804 E5.37028
G1 X58.042 Y70.652 E5.39564
G1 X57.501 Y70.602 E5.42088
G1 X57.136 Y70.625 E5.43781
G1 X56.769 Y70.695 E5.45519
G1 X56.265 Y70.876 E5.48
G1 X55.796 Y71.154 E5.50531
G1 X55.386 Y71.515 E5.53063
G1 X55.052 Y71.946 E5.55595
G1 X54.804 Y72.433 E5.58127
G1 X54.652 Y72.957 E5.60659
G1 X54.6 Y73.5 E5.63191
G1 X54.652 Y74.043 E5.65723
G1 X54.804 Y74.567 E5.68255
G1 X55.052 Y75.054 E5.70786
G1 X55.38 Y75.476 E5.73267
G1 X55.653 Y75.733 E5.75006
G1 X55.956 Y75.953 E5.76746
G1 X56.433 Y76.196 E5.79226
G1 X56.87 Y76.323 E5.81341
G1 X57.496 Y75.951 F7800
;TYPE:External perimeter
G1 F1800
G1 X57.041 Y75.908 E5.83463
G1 X56.598 Y75.779 E5.85603
G1 X56.19 Y75.571 E5.87725
G1 X55.938 Y75.388 E5.89171
G1 X55.711 Y75.175 E5.90617
G1 X55.43 Y74.813 E5.92739
G1 X55.221 Y74.402 E5.9488
G1 X55.092 Y73.959 E5.9702
G1 X55.049 Y73.5 E5.9916
G1 X55.092 Y73.041 E6.01301
G1 X55.221 Y72.598 E6.03441
G1 X55.43 Y72.187 E6.05581
G1 X55.713 Y71.822 E6.07722
G1 X56.059 Y71.517 E6.09862
G1 X56.456 Y71.282 E6.12002
G1 X56.887 Y71.127 E6.14125
G1 X57.193 Y71.069 E6.1557
G1 X57.495 Y71.049 E6.16973
G1 X57.959 Y71.092 E6.19137
G1 X58.402 Y71.221 E6.21279
G1 X58.813 Y71.43 E6.23419
G1 X59.178 Y71.713 E6.25559
G1 X59.483 Y72.059 E6.27701
G1 X59.72 Y72.461 E6.29865
G1 X59.831 Y72.743 E6.31268
G1 X59.908 Y73.045 E6.32714
G1 X59.951 Y73.5 E6.34836
G1 X59.908 Y73.959 E6.36976
G1 X59.779 Y74.402 E6.39116
G1 X59.57 Y74.813 E6.41257
G1 X59.287 Y75.178 E6.43397
G1 X58.941 Y75.483 E6.45538
G1 X58.544 Y75.718 E6.47678
G1 X58.113 Y75.873 E6.498
G1 X57.807 Y75.931 E6.51246
G1 X57.586 Y75.945 E6.52274
G1 X57.259 Y76.342 F7800
G1 E3.52274 F2400
G92 E0
G1 X53.55 Y85.05 F7800
G1 E3 F2400
G1 F1800
G1 X64.45 Y85.05 E3.50568
G1 X64.45 Y112.95 E4.80003
G1 X53.55 Y112.95 E5.30571
G1 X53.55 Y85.14 E6.59589
G1 X53.476 Y84.455 F7800
G1 E3.59589 F2400
G92 E0
G1 X60.55 Y83.95 F7800
G1 E3 F2400
G1 F1800
G1 X105.45 Y83.95 E5.08303
G1 X105.45 Y66.95 E5.8717
G1 X113.55 Y66.95 E6.24749
G1 X113.55 Y83.95 E7.03616
G1 X147.45 Y83.95 E8.60887
G1 X147.45 Y66.95 E9.39755
G1 X157.55 Y66.95 E9.86611
G1 X157.55 Y125.05 E12.56152
G1 X135.55 Y125.05 E13.58216
G1 X135.55 Y143.05 E14.41723
G1 X52.45 Y143.05 E18.27246
G1 X52.45 Y66.95 E21.80294
G1 X60.55 Y66.95 E22.17872
G1 X60.55 Y83.86 E22.96322
G1 X60.639 Y84.543 F7800
G1 X60.327 Y84.5
;TYPE:Gap fill
;WIDTH:0.707302
G1 F1800
G1 X64.673 Y84.5 E23.2585
G1 E20.2585 F2400
G92 E0
G1 X59.97 Y80.118 F7800
G1 E3 F2400
;TYPE:Solid infill
;WIDTH:0.511708
G1 F1800
G1 X56.382 Y76.53 E3.24157
G1 X56.894 Y76.678 E3.26694
G1 X57.208 Y76.708 E3.28198
G1 X59.769 Y79.269 E3.45439
G1 X59.769 Y78.621 E3.48523
G1 X57.858 Y76.711 E3.61387
G1 X58.397 Y76.601 E3.64002
G1 X59.769 Y77.973 E3.73241
G1 X59.769 Y77.326 E3.76325
G1 X58.873 Y76.43 E3.82358
G1 X59.281 Y76.19 E3.84611
G1 X59.97 Y76.879 E3.89251
G1 X59.57 Y75.857 F7800
;TYPE:Gap fill
;WIDTH:0.139219
G1 F1800
G1 X59.692 Y75.769 E3.89385
;WIDTH:0.164788
G1 X59.814 Y75.68 E3.89559
;WIDTH:0.167811
G1 X59.822 Y75.673 E3.89572
;WIDTH:0.168292
G1 X59.88 Y75.622 E3.89665
G1 X60.083 Y74.906 F7800
;WIDTH:0.412526
G1 F1800
G1 X60.154 Y74.533 E3.91079
;WIDTH:0.399844
G1 X60.178 Y74.365 E3.91689
;WIDTH:0.352068
G1 X60.202 Y74.197 E3.92214
;WIDTH:0.304291
G1 X60.225 Y74.03 E3.92656
;WIDTH:0.256516
G1 X60.227 Y74.011 E3.92696
;WIDTH:0.252929
G1 X60.251 Y73.507 E3.9374
;WIDTH:0.205428
G1 X60.251 Y73.493 E3.93763
;WIDTH:0.252208
G1 X60.228 Y72.997 E3.94788
;WIDTH:0.25493
G1 X60.226 Y72.981 E3.94821
;WIDTH:0.298265
G1 X60.205 Y72.81 E3.9526
;WIDTH:0.3416
G1 X60.183 Y72.638 E3.95778
;WIDTH:0.347332
G1 X60.18 Y72.62 E3.95834
;WIDTH:0.389266
G1 X60.159 Y72.51 E3.96225
;WIDTH:0.431197
G1 X60.138 Y72.4 E3.96665
;WIDTH:0.473128
G1 X60.117 Y72.289 E3.97154
;WIDTH:0.473128
G1 X60.113 Y72.287 E3.97173
;WIDTH:0.467441
G1 X59.966 Y72.22 E3.9787
;WIDTH:0.442437
G1 X59.818 Y72.153 E3.98524
G1 E.98524 F2400
G92 E0
G1 X59.97 Y68.457 F7800
G1 E3 F2400
;TYPE:Solid infill
;WIDTH:0.511708
G1 F1800
G1 X59.243 Y67.731 E3.0489
G1 X58.596 Y67.731 E3.07974
G1 X59.769 Y68.904 E3.15873
G1 X59.769 Y69.552 E3.18957
G1 X57.948 Y67.731 E3.31218
G1 X57.3 Y67.731 E3.34302
G1 X59.769 Y70.2 E3.50925
G1 X59.769 Y70.848 E3.54009
G1 X56.652 Y67.731 E3.74993
G1 X56.005 Y67.731 E3.78077
G1 X58.841 Y70.568 E3.97178
G1 X58.691 Y70.491 E3.97981
G1 X58.105 Y70.321 E4.00887
G1 X57.931 Y70.305 E4.0172
G1 X55.357 Y67.731 E4.19051
G1 X54.709 Y67.731 E4.22135
G1 X57.26 Y70.282 E4.39309
G1 X57.094 Y70.292 E4.40098
G1 X56.698 Y70.368 E4.42019
G1 X54.061 Y67.731 E4.59773
G1 X53.413 Y67.731 E4.62857
G1 X56.219 Y70.537 E4.8175
G1 X56.122 Y70.572 E4.82242
G1 X55.798 Y70.764 E4.84034
G1 X53.231 Y68.197 E5.01319
G1 X53.231 Y68.844 E5.04403
G1 X55.423 Y71.036 E5.19162
G1 X55.141 Y71.285 E5.20952
G1 X55.09 Y71.351 E5.2135
G1 X53.231 Y69.492 E5.33865
G1 X53.231 Y70.14 E5.3695
G1 X54.807 Y71.716 E5.4756
G1 X54.579 Y72.136 E5.49835
G1 X53.231 Y70.788 E5.58914
G1 X53.231 Y71.436 E5.61998
G1 X54.404 Y72.609 E5.69897
G1 X54.322 Y72.894 E5.7131
G1 X54.297 Y73.15 E5.72534
G1 X53.231 Y72.083 E5.79713
G1 X53.231 Y72.731 E5.82797
G1 X54.292 Y73.792 E5.89939
G1 X54.322 Y74.106 E5.91442
G1 X54.47 Y74.618 E5.93979
G1 X53.231 Y73.379 E6.02322
G1 X53.231 Y74.027 E6.05407
G1 X59.769 Y80.565 E6.49426
G1 X59.769 Y81.212 E6.5251
G1 X53.231 Y74.675 E6.96529
G1 X53.231 Y75.322 E6.99613
G1 X59.769 Y81.86 E7.43632
G1 X59.769 Y82.508 E7.46717
G1 X53.231 Y75.97 E7.90736
G1 X53.231 Y76.618 E7.9382
G1 X59.769 Y83.156 E8.37839
G1 X59.769 Y83.804 E8.40923
G1 X53.231 Y77.266 E8.84943
G1 X53.231 Y77.913 E8.88027
G1 X59.587 Y84.269 E9.30818
G1 X58.939 Y84.269 E9.33902
G1 X53.231 Y78.561 E9.72332
G1 X53.231 Y79.209 E9.75416
G1 X58.291 Y84.269 E10.09484
G1 X57.643 Y84.269 E10.12568
G1 X53.231 Y79.857 E10.42274
G1 X53.231 Y80.505 E10.45358
G1 X56.995 Y84.269 E10.70703
G1 X56.348 Y84.269 E10.73787
G1 X53.231 Y81.152 E10.94771
G1 X53.231 Y81.8 E10.97855
G1 X55.7 Y84.269 E11.14476
G1 X55.052 Y84.269 E11.17561
G1 X53.231 Y82.448 E11.29821
G1 X53.231 Y83.096 E11.32905
G1 X54.404 Y84.269 E11.40803
G1 X53.756 Y84.269 E11.43887
G1 X53.03 Y83.543 E11.48777
G1 X53 Y84.827 F7800
;TYPE:Gap fill
;WIDTH:0.707302
G1 F1800
G1 X53 Y113.173 E13.41359
G1 E10.41359 F2400
G92 E0
G1 X65.03 Y113.092 F7800
G1 E3 F2400
;TYPE:Solid infill
;WIDTH:0.500822
G1 F1800
G1 X82.707 Y130.769 E4.16188
G1 X82.074 Y130.769 E4.19127
G1 X65.037 Y113.731 E5.31116
G1 X64.404 Y113.731 E5.34056
G1 X81.442 Y130.769 E6.46045
G1 X80.81 Y130.769 E6.48985
G1 X63.772 Y113.731 E7.60974
G1 X63.139 Y113.731 E7.63913
G1 X80.177 Y130.769 E8.75903
G1 X79.769 Y130.769 E8.778
G1 X79.769 Y130.993 E8.78842
G1 X62.507 Y113.731 E9.92305
G1 X61.875 Y113.731 E9.95244
G1 X79.769 Y131.625 E11.12864
G1 X79.769 Y132.258 E11.15803
G1 X61.242 Y113.731 E12.3758
G1 X60.61 Y113.731 E12.40519
G1 X79.769 Y132.89 E13.66452
G1 X79.769 Y133.523 E13.69392
G1 X59.977 Y113.731 E14.99482
G1 X59.345 Y113.731 E15.02421
G1 X79.769 Y134.155 E16.36668
G1 X79.769 Y134.787 E16.39607
G1 X58.713 Y113.731 E17.7801
G1 X58.08 Y113.731 E17.80949
G1 X79.769 Y135.42 E19.2351
G1 X79.769 Y136.052 E19.26449
G1 X57.448 Y113.731 E20.73166
G1 X56.815 Y113.731 E20.76105
G1 X79.769 Y136.685 E22.26979
G1 X79.769 Y137.317 E22.29918
G1 X56.183 Y113.731 E23.84948
G1 X55.551 Y113.731 E23.87888
G1 X79.769 Y137.949 E25.47075
G1 X79.769 Y138.582 E25.50014
G1 X54.918 Y113.731 E27.13358
G1 X54.286 Y113.731 E27.16297
G1 X79.769 Y139.214 E28.83798
G1 X79.769 Y139.847 E28.86737
G1 X53.653 Y113.731 E30.58394
G1 X53.231 Y113.731 E30.60357
G1 X53.231 Y113.941 E30.61334
G1 X81.559 Y142.269 E32.47532
G1 X82.191 Y142.269 E32.50471
G1 X80.653 Y140.731 E32.60579
G1 X81.286 Y140.731 E32.63518
G1 X82.824 Y142.269 E32.73626
G1 X83.456 Y142.269 E32.76566
G1 X81.918 Y140.731 E32.86674
G1 X82.551 Y140.731 E32.89613
G1 X84.088 Y142.269 E32.99721
G1 X84.721 Y142.269 E33.0266
G1 X83.183 Y140.731 E33.12769
G1 X83.815 Y140.731 E33.15708
G1 X85.353 Y142.269 E33.25816
G1 X85.986 Y142.269 E33.28755
G1 X84.448 Y140.731 E33.38863
G1 X85.08 Y140.731 E33.41802
G1 X86.618 Y142.269 E33.51911
G1 X87.25 Y142.269 E33.5485
G1 X85.713 Y140.731 E33.64958
G1 X86.345 Y140.731 E33.67897
G1 X87.883 Y142.269 E33.78005
G1 X88.515 Y142.269 E33.80945
G1 X86.977 Y140.731 E33.91053
G1 X87.61 Y140.731 E33.93992
G1 X89.148 Y142.269 E34.041
G1 X89.78 Y142.269 E34.07039
G1 X88.242 Y140.731 E34.17147
G1 X88.875 Y140.731 E34.20087
G1 X90.412 Y142.269 E34.30195
G1 X91.045 Y142.269 E34.33134
G1 X89.507 Y140.731 E34.43242
G1 X90.139 Y140.731 E34.46181
G1 X91.677 Y142.269 E34.56289
G1 X92.31 Y142.269 E34.59229
G1 X90.772 Y140.731 E34.69337
G1 X91.404 Y140.731 E34.72276
G1 X92.942 Y142.269 E34.82384
G1 X93.574 Y142.269 E34.85323
G1 X92.037 Y140.731 E34.95431
G1 X92.231 Y140.731 E34.96336
G1 X92.231 Y140.293 E34.98371
G1 X94.207 Y142.269 E35.11357
G1 X94.839 Y142.269 E35.14296
G1 X92.231 Y139.661 E35.31438
G1 X92.231 Y139.028 E35.34378
G1 X95.472 Y142.269 E35.55677
G1 X96.104 Y142.269 E35.58616
G1 X92.231 Y138.396 E35.84073
G1 X92.231 Y137.764 E35.87012
G1 X96.736 Y142.269 E36.16625
G1 X97.369 Y142.269 E36.19564
G1 X92.231 Y137.131 E36.53334
G1 X92.231 Y136.499 E36.56273
G1 X98.001 Y142.269 E36.94199
G1 X98.634 Y142.269 E36.97138
G1 X92.231 Y135.866 E37.39222
G1 X92.231 Y135.234 E37.42161
G1 X99.266 Y142.269 E37.88401
G1 X99.898 Y142.269 E37.9134
G1 X92.231 Y134.602 E38.41737
G1 X92.231 Y133.969 E38.44676
G1 X100.531 Y142.269 E38.99229
G1 X101.163 Y142.269 E39.02168
G1 X92.231 Y133.337 E39.60879
G1 X92.231 Y132.705 E39.63818
G1 X101.795 Y142.269 E40.26685
G1 X102.428 Y142.269 E40.29624
G1 X92.231 Y132.072 E40.96647
G1 X92.231 Y131.44 E40.99587
G1 X103.261 Y142.47 E41.72087
G1 E38.72087 F2400
G92 E0
G1 X81.127 Y142.47 F7800
G1 E3 F2400
G1 F1800
G1 X53.231 Y114.574 E4.83362
G1 X53.231 Y115.206 E4.86301
G1 X80.294 Y142.269 E6.64185
G1 X79.662 Y142.269 E6.67125
G1 X53.231 Y115.838 E8.40852
G1 X53.231 Y116.471 E8.43792
G1 X79.029 Y142.269 E10.13363
G1 X78.397 Y142.269 E10.16302
G1 X53.231 Y117.103 E11.81716
G1 X53.231 Y117.736 E11.84656
G1 X77.764 Y142.269 E13.45913
G1 X77.132 Y142.269 E13.48852
G1 X53.231 Y118.368 E15.05953
G1 X53.231 Y119 E15.08892
G1 X76.5 Y142.269 E16.61836
G1 X75.867 Y142.269 E16.64776
G1 X53.231 Y119.633 E18.13563
G1 X53.231 Y120.265 E18.16502
G1 X75.235 Y142.269 E19.61133
G1 X74.602 Y142.269 E19.64072
G1 X53.231 Y120.898 E21.04546
G1 X53.231 Y121.53 E21.07485
G1 X73.97 Y142.269 E22.43802
G1 X73.338 Y142.269 E22.46742
G1 X53.231 Y122.162 E23.78902
G1 X53.231 Y122.795 E23.81841
G1 X72.705 Y142.269 E25.09845
G1 X72.073 Y142.269 E25.12784
G1 X53.231 Y123.427 E26.36631
G1 X53.231 Y124.06 E26.3957
G1 X71.44 Y142.269 E27.5926
G1 X70.808 Y142.269 E27.622
G1 X53.231 Y124.692 E28.77733
G1 X53.231 Y125.324 E28.80672
G1 X58.278 Y130.371 E29.13847
G1 X58.105 Y130.321 E29.14685
G1 X57.544 Y130.27 E29.17304
G1 X53.231 Y125.957 E29.45653
G1 X53.231 Y126.589 E29.48592
G1 X56.96 Y130.318 E29.73102
G1 X56.68 Y130.371 E29.74426
G1 X56.46 Y130.451 E29.75512
G1 X53.231 Y127.222 E29.96737
G1 X53.231 Y127.854 E29.99676
G1 X56.014 Y130.636 E30.17965
G1 X55.616 Y130.871 E30.20111
G1 X53.231 Y128.486 E30.35789
G1 X53.231 Y129.119 E30.38728
G1 X55.277 Y131.165 E30.52178
G1 X55.141 Y131.285 E30.53021
G1 X54.977 Y131.497 E30.54268
G1 X53.231 Y129.751 E30.65742
G1 X53.231 Y130.384 E30.68682
G1 X54.716 Y131.868 E30.78441
G1 X54.502 Y132.287 E30.80627
G1 X53.231 Y131.016 E30.88983
G1 X53.231 Y131.648 E30.91922
G1 X54.356 Y132.774 E30.99319
G1 X54.322 Y132.894 E30.999
G1 X54.28 Y133.33 E31.01937
G1 X53.231 Y132.281 E31.08833
G1 X53.231 Y132.913 E31.11772
G1 X54.574 Y134.256 E31.20601
G1 E28.20601 F2400
G92 E0
G1 X56.744 Y136.426 F7800
G1 E3 F2400
G1 F1800
G1 X62.587 Y142.269 E3.38407
G1 X63.219 Y142.269 E3.41346
G1 X57.67 Y136.72 E3.77821
G1 X58.106 Y136.678 E3.79858
G1 X58.226 Y136.644 E3.80439
G1 X63.852 Y142.269 E4.17414
G1 X64.484 Y142.269 E4.20353
G1 X58.713 Y136.498 E4.58288
G1 X59.132 Y136.284 E4.60474
G1 X65.116 Y142.269 E4.99812
G1 X65.749 Y142.269 E5.02751
G1 X59.503 Y136.023 E5.43804
G1 X59.702 Y135.869 E5.44975
G1 X59.837 Y135.725 E5.45893
G1 X66.381 Y142.269 E5.88906
G1 X67.014 Y142.269 E5.91846
G1 X60.124 Y135.379 E6.37134
G1 X60.239 Y135.219 E6.38051
G1 X60.36 Y134.983 E6.39284
G1 X67.646 Y142.269 E6.87176
G1 X68.278 Y142.269 E6.90115
G1 X60.552 Y134.542 E7.40902
G1 X60.684 Y134.043 E7.43305
G1 X68.911 Y142.269 E7.97377
G1 X69.543 Y142.269 E8.00317
G1 X60.732 Y133.457 E8.58234
G1 X60.68 Y132.91 E8.6079
G1 X60.633 Y132.726 E8.61673
G1 X70.377 Y142.47 E9.25718
G1 E6.25718 F2400
G92 E0
G1 X62.155 Y142.47 F7800
G1 E3 F2400
G1 F1800
G1 X53.231 Y133.546 E3.58659
G1 X53.231 Y134.178 E3.61598
G1 X61.322 Y142.269 E4.14781
G1 X60.69 Y142.269 E4.1772
G1 X53.231 Y134.81 E4.66745
G1 X53.231 Y135.443 E4.69685
G1 X60.057 Y142.269 E5.14553
G1 X59.425 Y142.269 E5.17493
G1 X53.231 Y136.075 E5.58205
G1 X53.231 Y136.707 E5.61144
G1 X58.793 Y142.269 E5.97699
G1 X58.16 Y142.269 E6.00639
G1 X53.231 Y137.34 E6.33037
G1 X53.231 Y137.972 E6.35976
G1 X57.528 Y142.269 E6.64218
G1 X56.895 Y142.269 E6.67157
G1 X53.231 Y138.605 E6.91242
G1 X53.231 Y139.237 E6.94182
G1 X56.263 Y142.269 E7.1411
G1 X55.631 Y142.269 E7.17049
G1 X53.231 Y139.869 E7.32821
G1 X53.231 Y140.502 E7.3576
G1 X54.998 Y142.269 E7.47375
G1 X54.366 Y142.269 E7.50314
G1 X53.231 Y141.134 E7.57772
G1 X53.231 Y141.767 E7.60711
G1 X53.934 Y142.47 E7.65333
G1 E4.65333 F2400
G92 E0
G1 X134.97 Y141.926 F7800
G1 E3 F2400
G1 F1800
G1 X105.231 Y112.187 E4.95472
G1 X105.231 Y112.82 E4.98412
G1 X134.68 Y142.269 E6.9198
G1 X134.048 Y142.269 E6.94919
G1 X105.231 Y113.452 E8.84331
G1 X105.231 Y114.085 E8.8727
G1 X133.415 Y142.269 E10.72525
G1 X132.783 Y142.269 E10.75465
G1 X105.231 Y114.717 E12.56563
G1 X105.231 Y115.349 E12.59502
G1 X132.151 Y142.269 E14.36444
G1 X131.518 Y142.269 E14.39383
G1 X105.231 Y115.982 E16.12168
G1 X105.231 Y116.614 E16.15107
G1 X130.886 Y142.269 E17.83735
G1 X130.253 Y142.269 E17.86674
G1 X105.231 Y117.247 E19.51145
G1 X105.231 Y117.879 E19.54085
G1 X129.621 Y142.269 E21.14399
G1 X128.989 Y142.269 E21.17338
G1 X105.231 Y118.511 E22.73496
G1 X105.231 Y119.144 E22.76435
G1 X128.356 Y142.269 E24.28436
G1 X127.724 Y142.269 E24.31376
G1 X104.686 Y119.231 E25.82803
G1 X104.054 Y119.231 E25.85743
G1 X127.091 Y142.269 E27.3717
G1 X126.459 Y142.269 E27.40109
G1 X103.421 Y119.231 E28.91537
G1 X102.789 Y119.231 E28.94476
G1 X125.827 Y142.269 E30.45904
G1 X125.194 Y142.269 E30.48843
G1 X102.156 Y119.231 E32.00271
G1 X101.524 Y119.231 E32.0321
G1 X124.562 Y142.269 E33.54637
G1 X123.929 Y142.269 E33.57577
G1 X100.892 Y119.231 E35.09004
G1 X100.259 Y119.231 E35.11944
G1 X123.297 Y142.269 E36.63371
G1 X122.665 Y142.269 E36.6631
G1 X99.627 Y119.231 E38.17738
G1 X98.994 Y119.231 E38.20677
G1 X122.032 Y142.269 E39.72105
G1 X121.4 Y142.269 E39.75044
G1 X98.362 Y119.231 E41.26472
G1 X97.73 Y119.231 E41.29411
G1 X120.767 Y142.269 E42.80838
G1 X120.135 Y142.269 E42.83778
G1 X97.097 Y119.231 E44.35205
G1 X96.465 Y119.231 E44.38145
G1 X119.503 Y142.269 E45.89572
G1 X118.87 Y142.269 E45.92511
G1 X95.832 Y119.231 E47.43939
G1 X95.2 Y119.231 E47.46878
G1 X118.238 Y142.269 E48.98306
G1 X117.605 Y142.269 E49.01245
G1 X94.568 Y119.231 E50.52673
G1 X93.935 Y119.231 E50.55612
G1 X116.973 Y142.269 E52.07039
G1 X116.341 Y142.269 E52.09979
G1 X93.303 Y119.231 E53.61406
G1 X92.67 Y119.231 E53.64346
G1 X115.708 Y142.269 E55.15773
G1 X115.076 Y142.269 E55.18712
G1 X92.038 Y119.231 E56.7014
G1 X91.406 Y119.231 E56.73079
G1 X114.443 Y142.269 E58.24507
G1 X113.811 Y142.269 E58.27446
G1 X90.773 Y119.231 E59.78874
G1 X90.141 Y119.231 E59.81813
G1 X113.179 Y142.269 E61.3324
G1 X112.546 Y142.269 E61.3618
G1 X89.508 Y119.231 E62.87607
G1 X88.876 Y119.231 E62.90547
G1 X111.914 Y142.269 E64.41974
G1 X111.281 Y142.269 E64.44913
G1 X88.244 Y119.231 E65.96341
G1 X87.611 Y119.231 E65.9928
G1 X110.649 Y142.269 E67.50708
G1 X110.017 Y142.269 E67.53647
G1 X86.979 Y119.231 E69.05075
G1 X86.346 Y119.231 E69.08014
G1 X109.384 Y142.269 E70.59442
G1 X108.752 Y142.269 E70.62381
G1 X85.714 Y119.231 E72.13808
G1 X85.082 Y119.231 E72.16748
G1 X108.119 Y142.269 E73.68175
G1 X107.487 Y142.269 E73.71114
G1 X84.449 Y119.231 E75.22542
G1 X83.817 Y119.231 E75.25481
G1 X106.855 Y142.269 E76.76909
G1 X106.222 Y142.269 E76.79848
G1 X83.184 Y119.231 E78.31276
G1 X82.552 Y119.231 E78.34215
G1 X105.59 Y142.269 E79.85643
G1 X104.957 Y142.269 E79.88582
G1 X81.92 Y119.231 E81.40009
G1 X81.287 Y119.231 E81.42949
G1 X104.325 Y142.269 E82.94376
G1 X103.693 Y142.269 E82.97315
G1 X80.655 Y119.231 E84.48743
G1 X80.022 Y119.231 E84.51682
G1 X91.56 Y130.769 E85.2752
G1 X90.928 Y130.769 E85.3046
G1 X79.39 Y119.231 E86.06298
G1 X78.758 Y119.231 E86.09237
G1 X90.295 Y130.769 E86.85075
G1 X89.663 Y130.769 E86.88014
G1 X78.125 Y119.231 E87.63852
G1 X77.493 Y119.231 E87.66792
G1 X89.031 Y130.769 E88.4263
G1 X88.398 Y130.769 E88.45569
G1 X76.86 Y119.231 E89.21407
G1 X76.228 Y119.231 E89.24346
G1 X87.766 Y130.769 E90.00184
G1 X87.134 Y130.769 E90.03124
G1 X75.596 Y119.231 E90.78962
G1 X74.963 Y119.231 E90.81901
G1 X86.501 Y130.769 E91.57739
G1 X85.869 Y130.769 E91.60678
G1 X74.331 Y119.231 E92.36516
G1 X73.698 Y119.231 E92.39456
G1 X85.236 Y130.769 E93.15294
G1 X84.604 Y130.769 E93.18233
G1 X73.066 Y119.231 E93.94071
G1 X72.434 Y119.231 E93.9701
G1 X83.972 Y130.769 E94.72848
G1 X83.339 Y130.769 E94.75788
G1 X65.231 Y112.661 E95.94812
G1 X65.231 Y112.028 E95.97751
G1 X71.769 Y118.566 E96.40724
G1 X71.769 Y117.934 E96.43663
G1 X65.231 Y111.396 E96.86637
G1 X65.231 Y110.764 E96.89576
G1 X71.769 Y117.302 E97.32549
G1 X71.769 Y116.669 E97.35488
G1 X65.231 Y110.131 E97.78461
G1 X65.231 Y109.499 E97.814
G1 X71.769 Y116.037 E98.24374
G1 X71.769 Y115.404 E98.27313
G1 X65.231 Y108.866 E98.70286
G1 X65.231 Y108.234 E98.73225
G1 X71.769 Y114.772 E99.16198
G1 X71.769 Y114.14 E99.19138
G1 X65.231 Y107.602 E99.62111
G1 X65.231 Y106.969 E99.6505
G1 X71.769 Y113.507 E100.08023
G1 X71.769 Y112.875 E100.10962
G1 X65.231 Y106.337 E100.53935
G1 X65.231 Y105.705 E100.56875
G1 X71.769 Y112.242 E100.99848
G1 X71.769 Y111.769 E101.02048
G1 X71.928 Y111.769 E101.02787
G1 X65.231 Y105.072 E101.46805
G1 X65.231 Y104.44 E101.49744
G1 X72.56 Y111.769 E101.97919
G1 X73.193 Y111.769 E102.00858
G1 X65.231 Y103.807 E102.5319
G1 X65.231 Y103.175 E102.56129
G1 X73.825 Y111.769 E103.12617
G1 X74.457 Y111.769 E103.15557
G1 X65.231 Y102.543 E103.76202
G1 X65.231 Y101.91 E103.79141
G1 X75.09 Y111.769 E104.43943
G1 X75.722 Y111.769 E104.46882
G1 X65.231 Y101.278 E105.15841
G1 X65.231 Y100.645 E105.1878
G1 X76.355 Y111.769 E105.91895
G1 X76.987 Y111.769 E105.94834
G1 X65.231 Y100.013 E106.72106
G1 X65.231 Y99.381 E106.75046
G1 X77.619 Y111.769 E107.56474
G1 X78.252 Y111.769 E107.59414
G1 X65.231 Y98.748 E108.44999
G1 X65.231 Y98.116 E108.47938
G1 X78.884 Y111.769 E109.37681
G1 X79.517 Y111.769 E109.4062
G1 X65.231 Y97.483 E110.34519
G1 X65.231 Y96.851 E110.37458
G1 X80.149 Y111.769 E111.35514
G1 X80.781 Y111.769 E111.38453
G1 X65.231 Y96.219 E112.40666
G1 X65.231 Y95.586 E112.43605
G1 X81.414 Y111.769 E113.49974
G1 X82.046 Y111.769 E113.52913
G1 X65.231 Y94.954 E114.63439
G1 X65.231 Y94.321 E114.66379
G1 X82.679 Y111.769 E115.81061
G1 X83.311 Y111.769 E115.84001
G1 X65.231 Y93.689 E117.0284
G1 X65.231 Y93.057 E117.05779
G1 X83.943 Y111.769 E118.28776
G1 X84.576 Y111.769 E118.31715
G1 X65.231 Y92.424 E119.58868
G1 X65.231 Y91.792 E119.61807
G1 X85.208 Y111.769 E120.93117
G1 X85.841 Y111.769 E120.96056
G1 X65.231 Y91.159 E122.31522
G1 X65.231 Y90.527 E122.34462
G1 X86.473 Y111.769 E123.74085
G1 X87.105 Y111.769 E123.77024
G1 X65.231 Y89.895 E125.20804
G1 X65.231 Y89.262 E125.23743
G1 X87.738 Y111.769 E126.7168
G1 X88.37 Y111.769 E126.74619
G1 X65.231 Y88.63 E128.26713
G1 X65.231 Y87.997 E128.29652
G1 X89.003 Y111.769 E129.85902
G1 X89.635 Y111.769 E129.88841
G1 X65.231 Y87.365 E131.49248
G1 X65.231 Y86.733 E131.52187
G1 X90.267 Y111.769 E133.16751
G1 X90.9 Y111.769 E133.1969
G1 X65.231 Y86.1 E134.88411
G1 X65.231 Y85.468 E134.9135
G1 X91.532 Y111.769 E136.64227
G1 X92.165 Y111.769 E136.67166
G1 X65.231 Y84.835 E138.442
G1 X65.231 Y84.731 E138.44685
G1 X65.759 Y84.731 E138.47139
G1 X92.797 Y111.769 E140.24859
G1 X93.429 Y111.769 E140.27798
G1 X66.392 Y84.731 E142.05518
G1 X67.024 Y84.731 E142.08457
G1 X94.062 Y111.769 E143.86177
G1 X94.694 Y111.769 E143.89116
G1 X67.656 Y84.731 E145.66836
G1 X68.289 Y84.731 E145.69775
G1 X95.327 Y111.769 E147.47495
G1 X95.959 Y111.769 E147.50434
G1 X68.921 Y84.731 E149.28153
G1 X69.554 Y84.731 E149.31093
G1 X96.591 Y111.769 E151.08812
G1 X97.224 Y111.769 E151.11752
G1 X70.186 Y84.731 E152.89471
G1 X70.818 Y84.731 E152.9241
G1 X97.856 Y111.769 E154.7013
G1 X98.489 Y111.769 E154.73069
G1 X71.451 Y84.731 E156.50789
G1 X72.083 Y84.731 E156.53728
G1 X99.121 Y111.769 E158.31448
G1 X99.753 Y111.769 E158.34387
G1 X72.716 Y84.731 E160.12107
G1 X73.348 Y84.731 E160.15046
G1 X100.386 Y111.769 E161.92765
G1 X101.018 Y111.769 E161.95705
G1 X73.98 Y84.731 E163.73424
G1 X74.613 Y84.731 E163.76364
G1 X101.651 Y111.769 E165.54083
G1 X102.283 Y111.769 E165.57022
G1 X75.245 Y84.731 E167.34742
G1 X75.878 Y84.731 E167.37681
G1 X102.915 Y111.769 E169.15401
G1 X103.548 Y111.769 E169.1834
G1 X76.51 Y84.731 E170.9606
G1 X77.142 Y84.731 E170.98999
G1 X104.18 Y111.769 E172.76719
G1 X104.813 Y111.769 E172.79658
G1 X77.775 Y84.731 E174.57378
G1 X78.407 Y84.731 E174.60317
G1 X134.769 Y141.093 E178.30783
G1 X134.769 Y140.461 E178.33722
G1 X79.039 Y84.731 E182.00032
G1 X79.672 Y84.731 E182.02971
G1 X134.97 Y140.029 E185.66444
G1 E182.66444 F2400
G92 E0
G1 X156.97 Y117.129 F7800
G1 E3 F2400
G1 F1800
G1 X154.655 Y114.815 E3.15212
G1 X154.678 Y114.894 E3.15595
G1 X154.733 Y115.525 E3.1854
G1 X156.769 Y117.56 E3.31919
G1 X156.769 Y118.193 E3.34858
G1 X154.677 Y116.101 E3.48607
G1 X154.538 Y116.594 E3.50987
G1 X156.769 Y118.825 E3.65654
G1 X156.769 Y119.458 E3.68594
G1 X154.339 Y117.028 E3.84565
G1 X154.101 Y117.422 E3.86705
G1 X156.769 Y120.09 E4.04244
G1 X156.769 Y120.722 E4.07183
G1 X153.804 Y117.758 E4.2667
G1 X153.715 Y117.859 E4.27297
G1 X153.466 Y118.052 E4.28761
G1 X156.769 Y121.355 E4.50471
G1 X156.769 Y121.987 E4.5341
G1 X153.088 Y118.306 E4.77604
G1 X152.665 Y118.516 E4.79797
G1 X156.769 Y122.62 E5.0677
G1 X156.769 Y123.252 E5.09709
G1 X152.175 Y118.658 E5.39902
G1 X151.61 Y118.725 E5.42548
G1 X156.769 Y123.884 E5.76458
G1 X156.769 Y124.269 E5.78245
G1 X156.521 Y124.269 E5.79397
G1 X150.661 Y118.409 E6.17916
G1 E3.17916 F2400
G92 E0
G1 X148.514 Y114.997 F7800
G1 E3 F2400
G1 F1800
G1 X146.231 Y112.714 E3.15003
G1 X146.231 Y113.346 E3.17942
G1 X148.275 Y115.39 E3.31374
G1 X148.264 Y115.5 E3.31887
G1 X148.318 Y116.065 E3.34527
G1 X146.231 Y113.979 E3.48242
G1 X146.231 Y114.611 E3.51182
G1 X155.889 Y124.269 E4.14661
G1 X155.256 Y124.269 E4.176
G1 X146.231 Y115.244 E4.76923
G1 X146.231 Y115.876 E4.79863
G1 X154.624 Y124.269 E5.35029
G1 X153.992 Y124.269 E5.37968
G1 X146.231 Y116.508 E5.88977
G1 X146.231 Y117.141 E5.91916
G1 X153.359 Y124.269 E6.38769
G1 X152.727 Y124.269 E6.41708
G1 X146.231 Y117.773 E6.84404
G1 X146.231 Y118.406 E6.87343
G1 X152.094 Y124.269 E7.25882
G1 X151.462 Y124.269 E7.28822
G1 X146.231 Y119.038 E7.63204
G1 X146.231 Y119.231 E7.64101
G1 X145.792 Y119.231 E7.66143
G1 X150.83 Y124.269 E7.99257
G1 X150.197 Y124.269 E8.02196
G1 X145.159 Y119.231 E8.3531
G1 X144.527 Y119.231 E8.38249
G1 X149.565 Y124.269 E8.71363
G1 X148.932 Y124.269 E8.74302
G1 X143.895 Y119.231 E9.07415
G1 X143.262 Y119.231 E9.10355
G1 X148.3 Y124.269 E9.43468
G1 X147.668 Y124.269 E9.46408
G1 X142.63 Y119.231 E9.79521
G1 X141.997 Y119.231 E9.8246
G1 X147.035 Y124.269 E10.15574
G1 X146.403 Y124.269 E10.18513
G1 X141.365 Y119.231 E10.51627
G1 X140.733 Y119.231 E10.54566
G1 X145.77 Y124.269 E10.8768
G1 X145.138 Y124.269 E10.90619
G1 X140.1 Y119.231 E11.23732
G1 X139.468 Y119.231 E11.26672
G1 X144.506 Y124.269 E11.59785
G1 X143.873 Y124.269 E11.62725
G1 X138.835 Y119.231 E11.95838
G1 X138.203 Y119.231 E11.98777
G1 X143.241 Y124.269 E12.31891
G1 X142.608 Y124.269 E12.3483
G1 X137.571 Y119.231 E12.67944
G1 X136.938 Y119.231 E12.70883
G1 X141.976 Y124.269 E13.03997
G1 X141.344 Y124.269 E13.06936
G1 X136.306 Y119.231 E13.4005
G1 X135.673 Y119.231 E13.42989
G1 X140.711 Y124.269 E13.76102
G1 X140.079 Y124.269 E13.79042
G1 X135.041 Y119.231 E14.12155
G1 X134.409 Y119.231 E14.15095
G1 X139.446 Y124.269 E14.48208
G1 X138.814 Y124.269 E14.51147
G1 X133.776 Y119.231 E14.84261
G1 X133.144 Y119.231 E14.872
G1 X138.182 Y124.269 E15.20314
G1 X137.549 Y124.269 E15.23253
G1 X132.511 Y119.231 E15.56367
G1 X131.879 Y119.231 E15.59306
G1 X136.917 Y124.269 E15.9242
G1 X136.284 Y124.269 E15.95359
G1 X131.247 Y119.231 E16.28472
G1 X130.614 Y119.231 E16.31412
G1 X135.652 Y124.269 E16.64525
G1 X135.02 Y124.269 E16.67464
G1 X129.982 Y119.231 E17.00578
G1 X129.349 Y119.231 E17.03517
G1 X134.769 Y124.651 E17.3914
G1 X134.769 Y125.283 E17.42079
G1 X128.717 Y119.231 E17.81858
G1 X128.085 Y119.231 E17.84797
G1 X134.769 Y125.915 E18.28733
G1 X134.769 Y126.548 E18.31673
G1 X127.452 Y119.231 E18.79765
G1 X126.82 Y119.231 E18.82704
G1 X134.769 Y127.18 E19.34954
G1 X134.769 Y127.813 E19.37893
G1 X126.187 Y119.231 E19.94299
G1 X125.555 Y119.231 E19.97238
G1 X134.769 Y128.445 E20.57801
G1 X134.769 Y129.077 E20.60741
G1 X124.923 Y119.231 E21.2546
G1 X124.29 Y119.231 E21.28399
G1 X134.769 Y129.71 E21.97276
G1 X134.769 Y130.342 E22.00215
G1 X123.658 Y119.231 E22.73248
G1 X123.025 Y119.231 E22.76187
G1 X134.769 Y130.975 E23.53377
G1 X134.769 Y131.607 E23.56316
G1 X122.393 Y119.231 E24.37663
G1 X121.761 Y119.231 E24.40602
G1 X134.769 Y132.239 E25.26106
G1 X134.769 Y132.872 E25.29045
G1 X121.128 Y119.231 E26.18705
G1 X120.496 Y119.231 E26.21644
G1 X134.769 Y133.504 E27.15461
G1 X134.769 Y134.137 E27.184
G1 X119.863 Y119.231 E28.16374
G1 X119.231 Y119.231 E28.19313
G1 X134.769 Y134.769 E29.21443
G1 X134.769 Y135.401 E29.24382
G1 X118.599 Y119.231 E30.3067
G1 X117.966 Y119.231 E30.33609
G1 X134.769 Y136.034 E31.44053
G1 X134.769 Y136.666 E31.46992
G1 X117.334 Y119.231 E32.61592
G1 X116.701 Y119.231 E32.64532
G1 X134.769 Y137.299 E33.83289
G1 X134.769 Y137.931 E33.86228
G1 X116.069 Y119.231 E35.09142
G1 X115.437 Y119.231 E35.12081
G1 X134.769 Y138.563 E36.39152
G1 X134.769 Y139.196 E36.42091
G1 X80.304 Y84.731 E40.00087
G1 X80.937 Y84.731 E40.03027
G1 X114.769 Y118.563 E42.25406
G1 X114.769 Y117.931 E42.28345
G1 X81.569 Y84.731 E44.46568
G1 X82.201 Y84.731 E44.49507
G1 X114.769 Y117.299 E46.63573
G1 X114.769 Y116.666 E46.66512
G1 X82.834 Y84.731 E48.76421
G1 X83.466 Y84.731 E48.7936
G1 X114.769 Y116.034 E50.85113
G1 X114.769 Y115.401 E50.88052
G1 X84.099 Y84.731 E52.89647
G1 X84.731 Y84.731 E52.92587
G1 X114.769 Y114.769 E54.90025
G1 X114.769 Y114.137 E54.92965
G1 X85.363 Y84.731 E56.86247
G1 X85.996 Y84.731 E56.89186
G1 X114.769 Y113.504 E58.78311
G1 X114.769 Y112.872 E58.81251
G1 X86.628 Y84.731 E60.66219
G1 X87.261 Y84.731 E60.69158
G1 X114.769 Y112.239 E62.4997
G1 X114.769 Y111.769 E62.52157
G1 X114.931 Y111.769 E62.5291
G1 X87.893 Y84.731 E64.30629
G1 X88.525 Y84.731 E64.33568
G1 X115.563 Y111.769 E66.11288
G1 X116.196 Y111.769 E66.14227
G1 X89.158 Y84.731 E67.91947
G1 X89.79 Y84.731 E67.94886
G1 X116.828 Y111.769 E69.72606
G1 X117.46 Y111.769 E69.75545
G1 X90.423 Y84.731 E71.53265
G1 X91.055 Y84.731 E71.56204
G1 X118.093 Y111.769 E73.33924
G1 X118.725 Y111.769 E73.36863
G1 X91.687 Y84.731 E75.14582
G1 X92.32 Y84.731 E75.17522
G1 X119.358 Y111.769 E76.95241
G1 X119.99 Y111.769 E76.98181
G1 X92.952 Y84.731 E78.759
G1 X93.585 Y84.731 E78.78839
G1 X120.622 Y111.769 E80.56559
G1 X121.255 Y111.769 E80.59498
G1 X94.217 Y84.731 E82.37218
G1 X94.849 Y84.731 E82.40157
G1 X121.887 Y111.769 E84.17877
G1 X122.52 Y111.769 E84.20816
G1 X95.482 Y84.731 E85.98536
G1 X96.114 Y84.731 E86.01475
G1 X123.152 Y111.769 E87.79195
G1 X123.784 Y111.769 E87.82134
G1 X96.747 Y84.731 E89.59853
G1 X97.379 Y84.731 E89.62793
G1 X124.417 Y111.769 E91.40512
G1 X125.049 Y111.769 E91.43452
G1 X98.011 Y84.731 E93.21171
G1 X98.644 Y84.731 E93.2411
G1 X125.682 Y111.769 E95.0183
G1 X126.314 Y111.769 E95.04769
G1 X99.276 Y84.731 E96.82489
G1 X99.909 Y84.731 E96.85428
G1 X126.946 Y111.769 E98.63148
G1 X127.579 Y111.769 E98.66087
G1 X100.541 Y84.731 E100.43807
G1 X101.173 Y84.731 E100.46746
G1 X128.211 Y111.769 E102.24466
G1 X128.844 Y111.769 E102.27405
G1 X101.806 Y84.731 E104.05124
G1 X102.438 Y84.731 E104.08064
G1 X129.476 Y111.769 E105.85783
G1 X130.108 Y111.769 E105.88723
G1 X103.071 Y84.731 E107.66442
G1 X103.703 Y84.731 E107.69381
G1 X130.741 Y111.769 E109.47101
G1 X131.373 Y111.769 E109.5004
G1 X104.335 Y84.731 E111.2776
G1 X104.968 Y84.731 E111.30699
G1 X132.006 Y111.769 E113.08419
G1 X132.638 Y111.769 E113.11358
G1 X105.6 Y84.731 E114.89078
G1 X106.231 Y84.73 E114.9201
G1 X133.27 Y111.769 E116.69739
G1 X133.903 Y111.769 E116.72679
G1 X106.231 Y84.097 E118.54564
G1 X106.231 Y83.465 E118.57504
G1 X134.535 Y111.769 E120.43546
G1 X135.168 Y111.769 E120.46486
G1 X106.231 Y82.832 E122.36685
G1 X106.231 Y82.2 E122.39624
G1 X135.8 Y111.769 E124.3398
G1 X136.432 Y111.769 E124.3692
G1 X106.231 Y81.568 E126.35432
G1 X106.231 Y80.935 E126.38372
G1 X137.065 Y111.769 E128.41041
G1 X137.697 Y111.769 E128.43981
G1 X106.231 Y80.303 E130.50807
G1 X106.231 Y79.67 E130.53746
G1 X138.33 Y111.769 E132.64729
G1 X138.962 Y111.769 E132.67669
G1 X106.03 Y78.837 E134.84129
G1 E131.84129 F2400
G92 E0
G1 X106.382 Y74.858 F7800
G1 E3 F2400
;TYPE:Gap fill
;WIDTH:0.466835
G1 F1800
G1 X106.313 Y74.373 E3.02107
;WIDTH:0.419443
G1 X106.279 Y74.13 E3.03039
;WIDTH:0.372052
G1 X106.276 Y74.1 E3.03138
;WIDTH:0.366424
G1 X106.262 Y73.806 E3.04095
;WIDTH:0.338699
G1 X106.248 Y73.512 E3.04967
;WIDTH:0.310973
G1 X106.248 Y73.488 E3.05031
;WIDTH:0.338705
G1 X106.262 Y73.194 E3.05903
;WIDTH:0.366435
G1 X106.276 Y72.9 E3.0686
;WIDTH:0.372062
G1 X106.279 Y72.87 E3.06959
;WIDTH:0.41945
G1 X106.313 Y72.627 E3.07891
;WIDTH:0.466838
G1 X106.348 Y72.385 E3.08945
;WIDTH:0.514225
G1 X106.382 Y72.142 E3.10119
G1 X106.912 Y71.926 F7800
;TYPE:Solid infill
;WIDTH:0.503528
G1 F1800
G1 X106.231 Y71.245 E3.14622
G1 X106.231 Y70.608 E3.17597
G1 X107.039 Y71.417 E3.22941
G1 X107.141 Y71.285 E3.23719
G1 X107.355 Y71.096 E3.25053
G1 X106.231 Y69.972 E3.32486
G1 X106.231 Y69.336 E3.35461
G1 X107.711 Y70.816 E3.45245
G1 X108.11 Y70.579 E3.47417
G1 X106.231 Y68.7 E3.59845
G1 X106.231 Y68.064 E3.6282
G1 X108.576 Y70.409 E3.78328
G1 X108.68 Y70.371 E3.78843
G1 X109.096 Y70.292 E3.80824
G1 X106.535 Y67.731 E3.9776
G1 X107.171 Y67.731 E4.00735
G1 X109.726 Y70.286 E4.17632
G1 X110.105 Y70.321 E4.1941
G1 X110.517 Y70.441 E4.21417
G1 X107.807 Y67.731 E4.39336
G1 X108.444 Y67.731 E4.42311
G1 X112.517 Y71.805 E4.69249
G1 X112.769 Y71.769 E4.70438
G1 X112.769 Y71.42 E4.72068
G1 X109.08 Y67.731 E4.96464
G1 X109.716 Y67.731 E4.99439
G1 X112.769 Y70.784 E5.19627
G1 X112.769 Y70.148 E5.22602
G1 X110.352 Y67.731 E5.38583
G1 X110.988 Y67.731 E5.41558
G1 X112.769 Y69.512 E5.53332
G1 X112.769 Y68.875 E5.56307
G1 X111.625 Y67.731 E5.63874
G1 X112.261 Y67.731 E5.66849
G1 X112.97 Y68.44 E5.71537
G1 E2.71537 F2400
G92 E0
G1 X112.616 Y72.129 F7800
G1 E3 F2400
;TYPE:Gap fill
;WIDTH:0.468786
G1 F1800
G1 X112.686 Y72.623 E3.02154
;WIDTH:0.420422
G1 X112.721 Y72.87 E3.03106
;WIDTH:0.372056
G1 X112.724 Y72.9 E3.03205
;WIDTH:0.36643
G1 X112.738 Y73.194 E3.04162
;WIDTH:0.338704
G1 X112.752 Y73.488 E3.05034
;WIDTH:0.310978
G1 X112.752 Y73.512 E3.05098
;WIDTH:0.338703
G1 X112.738 Y73.806 E3.0597
;WIDTH:0.366428
G1 X112.724 Y74.1 E3.06927
;WIDTH:0.372058
G1 X112.721 Y74.13 E3.07026
;WIDTH:0.419445
G1 X112.687 Y74.373 E3.07958
;WIDTH:0.466834
G1 X112.652 Y74.615 E3.09012
;WIDTH:0.514223
G1 X112.618 Y74.858 E3.10186
G1 X112.97 Y75.658 F7800
;TYPE:Solid infill
;WIDTH:0.500822
G1 F1800
G1 X112.489 Y75.178 E3.13343
G1 X112.276 Y75.148 E3.14345
G1 X112.232 Y75.234 E3.14794
G1 X112.093 Y75.414 E3.15852
G1 X112.769 Y76.09 E3.20297
G1 X112.769 Y76.722 E3.23237
G1 X111.807 Y75.76 E3.2956
G1 X111.471 Y76.057 E3.31643
G1 X112.769 Y77.355 E3.40174
G1 X112.769 Y77.987 E3.43114
G1 X111.087 Y76.306 E3.54166
G1 X110.665 Y76.516 E3.56358
G1 X112.769 Y78.62 E3.70184
G1 X112.769 Y79.252 E3.73123
G1 X110.175 Y76.658 E3.9017
G1 X109.61 Y76.725 E3.92817
G1 X112.769 Y79.884 E4.1358
G1 X112.769 Y80.517 E4.16519
G1 X108.935 Y76.682 E4.41723
G1 X108.501 Y76.575 E4.43797
G1 X108.118 Y76.424 E4.45712
G1 X107.937 Y76.318 E4.46686
G1 X112.769 Y81.149 E4.78444
G1 X112.769 Y81.782 E4.81383
G1 X106.231 Y75.244 E5.24356
G1 X106.231 Y75.876 E5.27296
G1 X112.769 Y82.414 E5.70269
G1 X112.769 Y83.046 E5.73208
G1 X106.231 Y76.508 E6.16181
G1 X106.231 Y77.141 E6.1912
G1 X112.769 Y83.679 E6.62093
G1 X112.769 Y84.311 E6.65033
G1 X106.231 Y77.773 E7.08006
G1 X106.231 Y78.406 E7.10945
G1 X139.594 Y111.769 E9.30241
G1 X140.227 Y111.769 E9.33181
G1 X113.189 Y84.731 E11.109
G1 X113.821 Y84.731 E11.1384
G1 X140.859 Y111.769 E12.91559
G1 X141.492 Y111.769 E12.94498
G1 X114.454 Y84.731 E14.72218
G1 X115.086 Y84.731 E14.75157
G1 X142.124 Y111.769 E16.52877
G1 X142.756 Y111.769 E16.55816
G1 X115.718 Y84.731 E18.33536
G1 X116.351 Y84.731 E18.36475
G1 X143.389 Y111.769 E20.14195
G1 X144.021 Y111.769 E20.17134
G1 X116.983 Y84.731 E21.94854
G1 X117.616 Y84.731 E21.97793
G1 X144.654 Y111.769 E23.75512
G1 X145.286 Y111.769 E23.78452
G1 X118.248 Y84.731 E25.56171
G1 X118.88 Y84.731 E25.59111
G1 X148.484 Y114.335 E27.53694
G1 X148.694 Y113.912 E27.55887
G1 X119.513 Y84.731 E29.47693
G1 X120.145 Y84.731 E29.50632
G1 X148.948 Y113.534 E31.39953
G1 X149.141 Y113.285 E31.41418
G1 X149.242 Y113.196 E31.42044
G1 X120.778 Y84.731 E33.29143
G1 X121.41 Y84.731 E33.32082
G1 X149.578 Y112.899 E35.17233
G1 X149.972 Y112.661 E35.19373
G1 X122.042 Y84.731 E37.02955
G1 X122.675 Y84.731 E37.05895
G1 X150.412 Y112.468 E38.88209
G1 X150.68 Y112.371 E38.89534
G1 X150.905 Y112.329 E38.90597
G1 X123.307 Y84.731 E40.71995
G1 X123.94 Y84.731 E40.74935
G1 X151.476 Y112.268 E42.55934
G1 X152.105 Y112.321 E42.58866
G1 X152.185 Y112.345 E42.59255
G1 X124.572 Y84.731 E44.40759
G1 X125.204 Y84.731 E44.43698
G1 X156.769 Y116.296 E46.51171
G1 X156.769 Y115.663 E46.5411
G1 X125.837 Y84.731 E48.57427
G1 X126.469 Y84.731 E48.60366
G1 X156.769 Y115.031 E50.59526
G1 X156.769 Y114.398 E50.62465
G1 X127.102 Y84.731 E52.57468
G1 X127.734 Y84.731 E52.60407
G1 X156.769 Y113.766 E54.51254
G1 X156.769 Y113.134 E54.54193
G1 X128.366 Y84.731 E56.40882
G1 X128.999 Y84.731 E56.43822
G1 X156.769 Y112.501 E58.26354
G1 X156.769 Y111.869 E58.29294
G1 X129.631 Y84.731 E60.0767
G1 X130.264 Y84.731 E60.10609
G1 X156.769 Y111.236 E61.84828
G1 X156.769 Y110.604 E61.87767
G1 X130.896 Y84.731 E63.5783
G1 X131.528 Y84.731 E63.60769
G1 X156.769 Y109.972 E65.26675
G1 X156.769 Y109.339 E65.29614
G1 X132.161 Y84.731 E66.91363
G1 X132.793 Y84.731 E66.94303
G1 X156.769 Y108.707 E68.51895
G1 X156.769 Y108.074 E68.54834
G1 X133.426 Y84.731 E70.0827
G1 X134.058 Y84.731 E70.11209
G1 X156.769 Y107.442 E71.60488
G1 X156.769 Y106.81 E71.63427
G1 X134.69 Y84.731 E73.08549
G1 X135.323 Y84.731 E73.11488
G1 X156.769 Y106.177 E74.52454
G1 X156.769 Y105.545 E74.55393
G1 X135.955 Y84.731 E75.92202
G1 X136.588 Y84.731 E75.95141
G1 X156.769 Y104.912 E77.27793
G1 X156.769 Y104.28 E77.30732
G1 X137.22 Y84.731 E78.59227
G1 X137.852 Y84.731 E78.62166
G1 X156.769 Y103.648 E79.86505
G1 X156.769 Y103.015 E79.89444
G1 X138.485 Y84.731 E81.09626
G1 X139.117 Y84.731 E81.12565
G1 X156.769 Y102.383 E82.2859
G1 X156.769 Y101.75 E82.31529
G1 X139.75 Y84.731 E83.43397
G1 X140.382 Y84.731 E83.46336
G1 X156.769 Y101.118 E84.54048
G1 X156.769 Y100.486 E84.56987
G1 X141.014 Y84.731 E85.60542
G1 X141.647 Y84.731 E85.63481
G1 X156.769 Y99.853 E86.62879
G1 X156.769 Y99.221 E86.65818
G1 X142.279 Y84.731 E87.61059
G1 X142.912 Y84.731 E87.63999
G1 X156.769 Y98.588 E88.55083
G1 X156.769 Y97.956 E88.58022
G1 X143.544 Y84.731 E89.4495
G1 X144.176 Y84.731 E89.47889
G1 X156.769 Y97.324 E90.3066
G1 X156.769 Y96.691 E90.33599
G1 X144.809 Y84.731 E91.12214
G1 X145.441 Y84.731 E91.15153
G1 X156.769 Y96.059 E91.8961
G1 X156.769 Y95.426 E91.9255
G1 X146.074 Y84.731 E92.6285
G1 X146.706 Y84.731 E92.6579
G1 X156.769 Y94.794 E93.31933
G1 X156.769 Y94.162 E93.34873
G1 X147.338 Y84.731 E93.9686
G1 X147.971 Y84.731 E93.99799
G1 X156.769 Y93.529 E94.5763
G1 X156.769 Y92.897 E94.60569
G1 X148.231 Y84.359 E95.16688
G1 X148.231 Y83.727 E95.19627
G1 X156.769 Y92.264 E95.75746
G1 X156.769 Y91.632 E95.78686
G1 X148.231 Y83.094 E96.34805
G1 X148.231 Y82.462 E96.37744
G1 X156.769 Y91 E96.93863
G1 X156.769 Y90.367 E96.96802
G1 X148.231 Y81.829 E97.52921
G1 X148.231 Y81.197 E97.55861
G1 X156.769 Y89.735 E98.1198
G1 X156.769 Y89.102 E98.14919
G1 X148.231 Y80.565 E98.71038
G1 X148.231 Y79.932 E98.73977
G1 X156.769 Y88.47 E99.30096
G1 X156.769 Y87.838 E99.33036
G1 X148.231 Y79.3 E99.89155
G1 X148.231 Y78.667 E99.92094
G1 X156.769 Y87.205 E100.48213
G1 X156.769 Y86.573 E100.51152
G1 X148.231 Y78.035 E101.07271
G1 X148.231 Y77.403 E101.10211
G1 X156.769 Y85.941 E101.6633
G1 X156.769 Y85.308 E101.69269
G1 X148.231 Y76.77 E102.25388
G1 X148.231 Y76.138 E102.28327
G1 X156.769 Y84.676 E102.84446
G1 X156.769 Y84.043 E102.87386
G1 X148.231 Y75.506 E103.43505
G1 X148.231 Y75.218 E103.44842
G1 X148.533 Y75.175 E103.46259
G1 X156.769 Y83.411 E104.00394
G1 X156.769 Y82.779 E104.03333
G1 X150.585 Y76.594 E104.43982
G1 X150.68 Y76.629 E104.44452
G1 X151.095 Y76.708 E104.46415
G1 X151.346 Y76.724 E104.47587
G1 X156.769 Y82.146 E104.83229
G1 X156.769 Y81.514 E104.86169
G1 X151.954 Y76.698 E105.17819
G1 X152.32 Y76.629 E105.19553
G1 X152.464 Y76.577 E105.20265
G1 X156.769 Y80.881 E105.4856
G1 X156.769 Y80.249 E105.51499
G1 X152.922 Y76.402 E105.76786
G1 X153.319 Y76.167 E105.78932
G1 X156.769 Y79.617 E106.01607
G1 X156.769 Y78.984 E106.04547
G1 X153.668 Y75.883 E106.24929
G1 X153.859 Y75.715 E106.26111
G1 X153.978 Y75.561 E106.27017
G1 X156.769 Y78.352 E106.4536
G1 X156.769 Y77.719 E106.48299
G1 X154.249 Y75.2 E106.6486
G1 X154.463 Y74.781 E106.67045
G1 X156.769 Y77.087 E106.82203
G1 X156.769 Y76.455 E106.85142
G1 X154.62 Y74.306 E106.99264
G1 X154.678 Y74.106 E107.00231
G1 X154.711 Y73.764 E107.01829
G1 X156.769 Y75.822 E107.15357
G1 X156.769 Y75.19 E107.18296
G1 X154.7 Y73.121 E107.31895
G1 X154.678 Y72.894 E107.32956
G1 X154.493 Y72.281 E107.3593
G1 X156.769 Y74.557 E107.50892
G1 X156.769 Y73.925 E107.53831
G1 X150.575 Y67.731 E107.94543
G1 X151.207 Y67.731 E107.97483
G1 X156.769 Y73.293 E108.34038
G1 X156.769 Y72.66 E108.36978
G1 X151.84 Y67.731 E108.69377
G1 X152.472 Y67.731 E108.72316
G1 X156.769 Y72.028 E109.00558
G1 X156.769 Y71.395 E109.03497
G1 X153.105 Y67.731 E109.27583
G1 X153.737 Y67.731 E109.30522
G1 X156.769 Y70.763 E109.50451
G1 X156.769 Y70.131 E109.5339
G1 X154.369 Y67.731 E109.69162
G1 X155.002 Y67.731 E109.72101
G1 X156.769 Y69.498 E109.83716
G1 X156.769 Y68.866 E109.86656
G1 X155.634 Y67.731 E109.94114
G1 X156.267 Y67.731 E109.97053
G1 X156.97 Y68.434 E110.01675
G1 E107.01675 F2400
G92 E0
G1 X153.233 Y71.022 F7800
G1 E3 F2400
G1 F1800
G1 X149.943 Y67.731 E3.21629
G1 X149.31 Y67.731 E3.24568
G1 X151.88 Y70.3 E3.41456
G1 X151.505 Y70.266 E3.43203
G1 X151.23 Y70.284 E3.44484
G1 X148.678 Y67.731 E3.61262
G1 X148.231 Y67.731 E3.63338
G1 X148.231 Y67.917 E3.64201
G1 X150.685 Y70.37 E3.80329
G1 X150.219 Y70.537 E3.82628
G1 X148.231 Y68.549 E3.95696
G1 X148.231 Y69.182 E3.98635
G1 X149.808 Y70.758 E4.08998
G1 X149.598 Y70.882 E4.10131
G1 X149.439 Y71.022 E4.11114
G1 X148.231 Y69.814 E4.19056
G1 X148.231 Y70.446 E4.21995
G1 X149.11 Y71.325 E4.27772
G1 X148.834 Y71.681 E4.29867
G1 X148.231 Y71.079 E4.33828
G1 X148.231 Y71.711 E4.36767
G1 X148.55 Y72.03 E4.38866
G1 X148.382 Y72.142 F7800
;TYPE:Gap fill
;WIDTH:0.514226
G1 F1800
G1 X148.348 Y72.385 E4.40041
;WIDTH:0.466836
G1 X148.313 Y72.627 E4.41094
;WIDTH:0.419445
G1 X148.279 Y72.87 E4.42026
;WIDTH:0.372055
G1 X148.276 Y72.9 E4.42125
;WIDTH:0.366427
G1 X148.262 Y73.194 E4.43082
;WIDTH:0.338701
G1 X148.248 Y73.488 E4.43954
;WIDTH:0.310973
G1 X148.248 Y73.512 E4.44019
;WIDTH:0.3387
G1 X148.262 Y73.806 E4.4489
;WIDTH:0.366426
G1 X148.276 Y74.1 E4.45847
;WIDTH:0.372052
G1 X148.279 Y74.13 E4.45946
;WIDTH:0.419445
G1 X148.313 Y74.373 E4.46878
;WIDTH:0.466836
G1 X148.382 Y74.858 E4.48985
;LAYER_CHANGE
;Z:0.65
;HEIGHT:0.4
G1 Z.65 F7800
M104 S195 ; set temperature
G1 E1.48985 F2400
G92 E0
G1 X115.073 Y112.073 F7800
G1 E3 F2400
;TYPE:Perimeter
;WIDTH:0.675
G1 F4800
G1 X145.927 Y112.073 E6.02293
G1 X145.927 Y118.927 E6.69441
G1 X115.073 Y118.927 E9.71734
G1 X115.073 Y112.163 E10.37999
G1 X115.663 Y112.663 F7800
;TYPE:External perimeter
G1 F2400
G1 X145.338 Y112.663 E13.28748
G1 X145.338 Y118.338 E13.8435
G1 X115.663 Y118.338 E16.75098
G1 X115.663 Y112.753 E17.29819
G1 X115.396 Y112.125 F7800
G1 E14.29819 F2400
G92 E0
G1 X148.574 Y115.555 F7800
G1 E3 F2400
;TYPE:Perimeter
G1 F1800
G1 X148.621 Y114.951 E3.05942
G1 X148.775 Y114.421 E3.11346
G1 X149.025 Y113.93 E3.16751
G1 X149.364 Y113.494 E3.22156
G1 X149.777 Y113.129 E3.2756
G1 X150.252 Y112.848 E3.32965
G1 X150.757 Y112.666 E3.38226
G1 X151.132 Y112.595 E3.41967
G1 X151.503 Y112.571 E3.45607
G1 X152.048 Y112.621 E3.50965
G1 X152.579 Y112.775 E3.56384
G1 X153.07 Y113.025 E3.61789
G1 X153.506 Y113.364 E3.67194
G1 X153.861 Y113.766 E3.72455
G1 X154.066 Y114.089 E3.76201
G1 X154.229 Y114.435 E3.79948
G1 X154.379 Y114.951 E3.85209
G1 X154.431 Y115.5 E3.90613
G1 X154.379 Y116.051 E3.96032
G1 X154.225 Y116.575 E4.0139
G1 X154.066 Y116.911 E4.05031
G1 X153.861 Y117.234 E4.08772
G1 X153.506 Y117.636 E4.14033
G1 X153.07 Y117.975 E4.19437
G1 X152.579 Y118.225 E4.24842
G1 X152.049 Y118.379 E4.30246
G1 X151.515 Y118.429 E4.35508
G1 X151.134 Y118.405 E4.39249
G1 X150.768 Y118.336 E4.42889
G1 X150.253 Y118.153 E4.48247
G1 X149.777 Y117.871 E4.53666
G1 X149.364 Y117.506 E4.59071
G1 X149.025 Y117.07 E4.64475
G1 X148.775 Y116.579 E4.6988
G1 X148.621 Y116.049 E4.75285
G1 X148.583 Y115.645 E4.79262
G1 X149.161 Y115.5 F7800
;TYPE:External perimeter
G1 F1800
G1 X149.202 Y115.062 E4.83575
G1 X149.325 Y114.639 E4.87888
G1 X149.525 Y114.247 E4.92202
G1 X149.795 Y113.899 E4.96515
G1 X150.125 Y113.608 E5.00829
G1 X150.504 Y113.384 E5.05142
G1 X150.913 Y113.236 E5.09403
G1 X151.207 Y113.18 E5.1233
G1 X151.495 Y113.162 E5.15162
G1 X151.938 Y113.202 E5.19516
G1 X152.361 Y113.325 E5.23835
G1 X152.753 Y113.525 E5.28148
G1 X153.101 Y113.795 E5.32462
G1 X153.389 Y114.121 E5.36723
G1 X153.549 Y114.374 E5.39652
G1 X153.676 Y114.644 E5.42581
G1 X153.798 Y115.062 E5.46842
G1 X153.839 Y115.5 E5.51155
G1 X153.798 Y115.939 E5.55474
G1 X153.672 Y116.365 E5.59829
G1 X153.549 Y116.627 E5.6266
G1 X153.389 Y116.879 E5.65587
G1 X153.101 Y117.205 E5.69848
G1 X152.753 Y117.475 E5.74162
G1 X152.361 Y117.675 E5.78475
G1 X151.938 Y117.798 E5.82788
G1 X151.505 Y117.839 E5.87049
G1 X151.207 Y117.82 E5.89977
G1 X150.923 Y117.766 E5.92808
G1 X150.505 Y117.617 E5.97163
G1 X150.125 Y117.392 E6.01481
G1 X149.795 Y117.101 E6.05795
G1 X149.525 Y116.753 E6.10108
G1 X149.325 Y116.361 E6.14422
G1 X149.202 Y115.938 E6.18735
G1 X149.169 Y115.59 E6.22167
G1 X148.78 Y115.28 F7800
G1 X150.631 Y76.294
;TYPE:Perimeter
G1 F1800
G1 X150.25 Y76.149 E6.26164
G1 X149.778 Y75.872 E6.31522
G1 X149.364 Y75.506 E6.36941
G1 X149.025 Y75.07 E6.42346
G1 X148.775 Y74.579 E6.4775
G1 X148.621 Y74.049 E6.53155
G1 X148.569 Y73.5 E6.5856
G1 X148.621 Y72.951 E6.63964
G1 X148.775 Y72.421 E6.69369
G1 X149.025 Y71.93 E6.74774
G1 X149.364 Y71.494 E6.80178
G1 X149.777 Y71.129 E6.85583
G1 X150.252 Y70.848 E6.90988
G1 X150.757 Y70.666 E6.96249
G1 X151.132 Y70.595 E6.9999
G1 X151.503 Y70.571 E7.0363
G1 X152.048 Y70.621 E7.08988
G1 X152.579 Y70.775 E7.14407
G1 X153.07 Y71.025 E7.19812
G1 X153.506 Y71.364 E7.25216
G1 X153.861 Y71.766 E7.30477
G1 X154.066 Y72.089 E7.34224
G1 X154.229 Y72.435 E7.3797
G1 X154.379 Y72.951 E7.43232
G1 X154.431 Y73.5 E7.48636
G1 X154.379 Y74.051 E7.54055
G1 X154.225 Y74.575 E7.59413
G1 X154.066 Y74.911 E7.63053
G1 X153.861 Y75.234 E7.66794
G1 X153.506 Y75.636 E7.72055
G1 X153.07 Y75.975 E7.7746
G1 X152.579 Y76.225 E7.82865
G1 X152.049 Y76.379 E7.88269
G1 X151.5 Y76.431 E7.93674
G1 X150.965 Y76.38 E7.98935
G1 X150.718 Y76.317 E8.01435
G1 X150.778 Y75.724 F7800
;TYPE:External perimeter
G1 F1800
G1 X150.509 Y75.618 E8.04266
G1 X150.126 Y75.393 E8.08621
G1 X149.795 Y75.101 E8.1294
G1 X149.525 Y74.753 E8.17253
G1 X149.325 Y74.361 E8.21566
G1 X149.202 Y73.938 E8.2588
G1 X149.161 Y73.5 E8.30193
G1 X149.202 Y73.062 E8.34506
G1 X149.325 Y72.639 E8.3882
G1 X149.525 Y72.247 E8.43133
G1 X149.795 Y71.899 E8.47446
G1 X150.125 Y71.608 E8.5176
G1 X150.504 Y71.384 E8.56073
G1 X150.913 Y71.236 E8.60334
G1 X151.207 Y71.18 E8.63261
G1 X151.495 Y71.162 E8.66093
G1 X151.938 Y71.202 E8.70448
G1 X152.361 Y71.325 E8.74766
G1 X152.753 Y71.525 E8.7908
G1 X153.101 Y71.795 E8.83393
G1 X153.389 Y72.121 E8.87654
G1 X153.549 Y72.374 E8.90583
G1 X153.676 Y72.644 E8.93512
G1 X153.798 Y73.062 E8.97773
G1 X153.839 Y73.5 E9.02087
G1 X153.798 Y73.939 E9.06405
G1 X153.672 Y74.365 E9.1076
G1 X153.549 Y74.627 E9.13591
G1 X153.389 Y74.879 E9.16519
G1 X153.101 Y75.205 E9.20779
G1 X152.753 Y75.475 E9.25093
G1 X152.361 Y75.675 E9.29406
G1 X151.938 Y75.798 E9.3372
G1 X151.5 Y75.839 E9.38033
G1 X151.067 Y75.798 E9.42294
G1 X150.865 Y75.746 E9.44339
G1 X150.565 Y75.92 F7800
G1 E6.44339 F2400
G92 E0
G1 X112.426 Y73.555 F7800
G1 E3 F2400
;TYPE:Perimeter
G1 F1800
G1 X112.379 Y74.049 E3.04859
G1 X112.225 Y74.579 E3.10264
G1 X111.975 Y75.07 E3.15668
G1 X111.636 Y75.506 E3.21073
G1 X111.223 Y75.871 E3.26478
G1 X110.748 Y76.152 E3.31882
G1 X110.243 Y76.334 E3.37143
G1 X109.867 Y76.405 E3.4089
G1 X109.5 Y76.428 E3.44493
G1 X109.133 Y76.405 E3.48096
G1 X108.757 Y76.334 E3.51843
G1 X108.252 Y76.152 E3.57104
G1 X107.777 Y75.871 E3.62509
G1 X107.364 Y75.506 E3.67913
G1 X107.025 Y75.07 E3.73318
G1 X106.775 Y74.579 E3.78723
G1 X106.621 Y74.049 E3.84127
G1 X106.569 Y73.5 E3.89532
G1 X106.621 Y72.951 E3.94937
G1 X106.775 Y72.421 E4.00341
G1 X107.025 Y71.93 E4.05746
G1 X107.364 Y71.494 E4.11151
G1 X107.777 Y71.129 E4.16555
G1 X108.252 Y70.848 E4.2196
G1 X108.757 Y70.666 E4.27221
G1 X109.132 Y70.595 E4.30962
G1 X109.503 Y70.571 E4.34603
G1 X110.048 Y70.621 E4.39961
G1 X110.579 Y70.775 E4.45379
G1 X111.07 Y71.025 E4.50784
G1 X111.495 Y71.355 E4.56045
G1 X111.756 Y71.633 E4.59792
G1 X111.981 Y71.943 E4.63538
G1 X112.225 Y72.421 E4.68799
G1 X112.379 Y72.951 E4.74204
G1 X112.428 Y73.466 E4.79272
G1 X111.839 Y73.5 F7800
;TYPE:External perimeter
G1 F1800
G1 X111.798 Y73.938 E4.83586
G1 X111.675 Y74.361 E4.87899
G1 X111.475 Y74.753 E4.92213
G1 X111.205 Y75.101 E4.96526
G1 X110.875 Y75.392 E5.00839
G1 X110.496 Y75.616 E5.05153
G1 X110.087 Y75.764 E5.09414
G1 X109.793 Y75.82 E5.12343
G1 X109.5 Y75.838 E5.1522
G1 X109.207 Y75.82 E5.18096
G1 X108.913 Y75.764 E5.21026
G1 X108.504 Y75.616 E5.25287
G1 X108.125 Y75.392 E5.296
G1 X107.795 Y75.101 E5.33913
G1 X107.525 Y74.753 E5.38227
G1 X107.325 Y74.361 E5.4254
G1 X107.202 Y73.938 E5.46853
G1 X107.161 Y73.5 E5.51167
G1 X107.202 Y73.062 E5.5548
G1 X107.325 Y72.639 E5.59794
G1 X107.525 Y72.247 E5.64107
G1 X107.795 Y71.899 E5.6842
G1 X108.125 Y71.608 E5.72734
G1 X108.504 Y71.384 E5.77047
G1 X108.913 Y71.236 E5.81308
G1 X109.207 Y71.18 E5.84235
G1 X109.495 Y71.162 E5.87067
G1 X109.938 Y71.202 E5.91422
G1 X110.361 Y71.325 E5.9574
G1 X110.753 Y71.525 E6.00053
G1 X111.097 Y71.792 E6.04314
G1 X111.302 Y72.01 E6.07244
G1 X111.477 Y72.251 E6.10173
G1 X111.675 Y72.639 E6.14434
G1 X111.798 Y73.062 E6.18747
G1 X111.831 Y73.41 E6.22179
G1 X112.22 Y73.72 F7800
G1 X104.927 Y112.073
;TYPE:Perimeter
G1 F4800
G1 X104.927 Y118.927 E6.89326
G1 X72.073 Y118.927 E10.11215
G1 X72.073 Y112.073 E10.78362
G1 X104.837 Y112.073 E13.99369
G1 X104.337 Y112.663 F7800
;TYPE:External perimeter
G1 F2400
G1 X104.337 Y118.338 E14.54971
G1 X72.662 Y118.338 E17.65315
G1 X72.662 Y112.663 E18.20917
G1 X104.247 Y112.663 E21.3038
G1 X104.936 Y112.627 F7800
G1 E18.3038 F2400
G92 E0
G1 X91.927 Y131.073 F7800
G1 E3 F2400
;TYPE:Perimeter
G1 F4800
G1 X91.927 Y140.427 E3.91642
G1 X80.073 Y140.427 E5.07778
G1 X80.073 Y131.073 E5.99419
G1 X91.837 Y131.073 E7.14673
G1 X91.337 Y131.663 F7800
;TYPE:External perimeter
G1 F1800
G1 X91.337 Y139.838 E7.9477
G1 X80.662 Y139.838 E8.99361
G1 X80.662 Y131.663 E9.79458
G1 X91.247 Y131.663 E10.83167
G1 X91.923 Y131.533 F7800
G1 X60.294 Y132.631
;TYPE:Perimeter
G1 F1800
G1 X60.38 Y132.965 E10.8655
G1 X60.431 Y133.5 E10.91811
G1 X60.379 Y134.049 E10.97216
G1 X60.225 Y134.58 E11.02635
G1 X59.975 Y135.067 E11.07993
G1 X59.756 Y135.367 E11.11633
G1 X59.495 Y135.645 E11.15374
G1 X59.07 Y135.975 E11.20635
G1 X58.579 Y136.225 E11.2604
G1 X58.049 Y136.379 E11.31444
G1 X57.5 Y136.431 E11.36849
G1 X56.951 Y136.379 E11.42254
G1 X56.421 Y136.225 E11.47659
G1 X55.93 Y135.975 E11.53063
G1 X55.494 Y135.636 E11.58468
G1 X55.139 Y135.234 E11.63729
G1 X54.934 Y134.911 E11.67476
G1 X54.771 Y134.565 E11.71222
G1 X54.621 Y134.049 E11.76483
G1 X54.569 Y133.5 E11.81888
G1 X54.621 Y132.951 E11.87293
G1 X54.775 Y132.421 E11.92697
G1 X55.025 Y131.93 E11.98102
G1 X55.364 Y131.494 E12.03506
G1 X55.777 Y131.129 E12.08911
G1 X56.252 Y130.848 E12.14316
G1 X56.757 Y130.666 E12.19577
G1 X57.132 Y130.595 E12.23318
G1 X57.503 Y130.571 E12.26958
G1 X58.048 Y130.621 E12.32316
G1 X58.579 Y130.775 E12.37735
G1 X59.07 Y131.025 E12.4314
G1 X59.506 Y131.364 E12.48545
G1 X59.871 Y131.777 E12.53949
G1 X60.144 Y132.24 E12.5921
G1 X60.266 Y132.546 E12.62438
G1 X59.724 Y132.777 F7800
;TYPE:External perimeter
G1 F1800
G1 X59.798 Y133.067 E12.65367
G1 X59.839 Y133.5 E12.69628
G1 X59.798 Y133.938 E12.73942
G1 X59.675 Y134.362 E12.7826
G1 X59.472 Y134.757 E12.82615
G1 X59.301 Y134.991 E12.85447
G1 X59.097 Y135.208 E12.88374
G1 X58.753 Y135.475 E12.92635
G1 X58.361 Y135.675 E12.96948
G1 X57.938 Y135.798 E13.01261
G1 X57.5 Y135.839 E13.05575
G1 X57.062 Y135.798 E13.09888
G1 X56.639 Y135.675 E13.14201
G1 X56.247 Y135.475 E13.18515
G1 X55.899 Y135.205 E13.22828
G1 X55.611 Y134.879 E13.27089
G1 X55.451 Y134.626 E13.30018
G1 X55.324 Y134.356 E13.32947
G1 X55.202 Y133.938 E13.37208
G1 X55.161 Y133.5 E13.41522
G1 X55.202 Y133.062 E13.45835
G1 X55.325 Y132.639 E13.50148
G1 X55.525 Y132.247 E13.54462
G1 X55.795 Y131.899 E13.58775
G1 X56.125 Y131.608 E13.63089
G1 X56.504 Y131.384 E13.67402
G1 X56.913 Y131.236 E13.71663
G1 X57.207 Y131.18 E13.7459
G1 X57.495 Y131.162 E13.77422
G1 X57.938 Y131.202 E13.81777
G1 X58.361 Y131.325 E13.86095
G1 X58.753 Y131.525 E13.90409
G1 X59.101 Y131.795 E13.94722
G1 X59.392 Y132.125 E13.99035
G1 X59.614 Y132.499 E14.03296
G1 X59.691 Y132.694 E14.05343
G1 X60.017 Y132.837 F7800
G1 E11.05343 F2400
G92 E0
G1 X64.927 Y84.427 F7800
G1 E3 F2400
;TYPE:Perimeter
G1 F4800
G1 X105.927 Y84.427 E7.01708
G1 X105.927 Y67.427 E8.6827
G1 X113.073 Y67.427 E9.38292
G1 X113.073 Y84.427 E11.04853
G1 X147.927 Y84.427 E14.46338
G1 X147.927 Y67.427 E16.129
G1 X157.073 Y67.427 E17.02517
G1 X157.073 Y124.573 E22.62426
G1 X135.073 Y124.573 E24.77977
G1 X135.073 Y142.573 E26.54336
G1 X52.927 Y142.573 E34.5919
G1 X52.927 Y113.427 E37.44762
G1 X64.927 Y113.427 E38.62335
G1 X64.927 Y84.517 E41.45588
G1 E38.45588 F2400
G92 E0
G1 X56.951 Y76.379 F7800
G1 E3 F2400
G1 F4800
G1 X57.485 Y76.429 E3.05261
G1 X57.867 Y76.405 E3.09008
G1 X58.243 Y76.334 E3.12754
G1 X58.748 Y76.152 E3.18015
G1 X59.223 Y75.871 E3.2342
G1 X59.636 Y75.506 E3.28824
G1 X59.834 Y75.251 E3.31988
G1 X60.073 Y75.333 E3.34463
G1 X60.073 Y84.573 E4.24998
G1 X52.927 Y84.573 E4.95019
G1 X52.927 Y67.427 E6.63018
G1 X60.073 Y67.427 E7.3304
G1 X60.073 Y72.007 E7.77915
G1 X59.506 Y71.364 E7.86316
G1 X59.07 Y71.025 E7.91721
G1 X58.579 Y70.775 E7.97126
G1 X58.048 Y70.621 E8.02544
G1 X57.503 Y70.571 E8.07903
G1 X57.132 Y70.595 E8.11543
G1 X56.757 Y70.666 E8.15284
G1 X56.252 Y70.848 E8.20545
G1 X55.777 Y71.129 E8.2595
G1 X55.364 Y71.494 E8.31354
G1 X55.025 Y71.93 E8.36759
G1 X54.775 Y72.421 E8.42164
G1 X54.621 Y72.951 E8.47568
G1 X54.569 Y73.5 E8.52973
G1 X54.621 Y74.049 E8.58378
G1 X54.775 Y74.579 E8.63782
G1 X55.025 Y75.07 E8.69187
G1 X55.355 Y75.495 E8.74448
G1 X55.633 Y75.756 E8.78195
G1 X55.943 Y75.981 E8.81941
G1 X56.421 Y76.225 E8.87202
G1 X56.864 Y76.354 E8.91725
G1 X57.793 Y75.82 F7800
;TYPE:External perimeter
G1 F1800
G1 X57.495 Y75.839 E8.94654
G1 X57.062 Y75.798 E8.98915
G1 X56.639 Y75.675 E9.03228
G1 X56.251 Y75.477 E9.0749
G1 X56.01 Y75.302 E9.10418
G1 X55.792 Y75.097 E9.13348
G1 X55.525 Y74.753 E9.17609
G1 X55.325 Y74.361 E9.21922
G1 X55.202 Y73.938 E9.26235
G1 X55.161 Y73.5 E9.30549
G1 X55.202 Y73.062 E9.34862
G1 X55.325 Y72.639 E9.39175
G1 X55.525 Y72.247 E9.43489
G1 X55.795 Y71.899 E9.47802
G1 X56.125 Y71.608 E9.52116
G1 X56.504 Y71.384 E9.56429
G1 X56.913 Y71.236 E9.6069
G1 X57.207 Y71.18 E9.63617
G1 X57.495 Y71.162 E9.66449
G1 X57.938 Y71.202 E9.70804
G1 X58.361 Y71.325 E9.75122
G1 X58.753 Y71.525 E9.79435
G1 X59.101 Y71.795 E9.83749
G1 X59.392 Y72.125 E9.88062
G1 X59.614 Y72.499 E9.92323
G1 X59.724 Y72.777 E9.95252
G1 X59.798 Y73.067 E9.98181
G1 X59.839 Y73.5 E10.02442
G1 X59.798 Y73.938 E10.06756
G1 X59.675 Y74.361 E10.11069
G1 X59.475 Y74.753 E10.15383
G1 X59.205 Y75.101 E10.19696
G1 X58.875 Y75.392 E10.24009
G1 X58.496 Y75.616 E10.28322
G1 X58.087 Y75.764 E10.32583
G1 X57.881 Y75.803 E10.34631
G1 X57.68 Y76.096 F7800
G1 E7.34631 F2400
G92 E0
G1 X64.337 Y85.162 F7800
G1 E3 F2400
G1 X64.337 Y112.838 E5.71153
G1 X53.662 Y112.838 E6.75744
G1 X53.662 Y85.162 E9.46897
G1 X64.247 Y85.162 E10.50606
G1 X64.89 Y84.928 F7800
G1 X60.662 Y83.837
G1 F2400
G1 X105.338 Y83.837 E14.88321
G1 X105.338 Y66.837 E16.54883
G1 X113.663 Y66.837 E17.36449
G1 X113.663 Y83.837 E19.03011
G1 X147.338 Y83.837 E22.32951
G1 X147.338 Y66.837 E23.99513
G1 X157.663 Y66.837 E25.00675
G1 X157.663 Y125.163 E30.72129
G1 X135.663 Y125.163 E32.8768
G1 X135.663 Y143.163 E34.64039
G1 X52.337 Y143.163 E42.80438
G1 X52.337 Y66.837 E50.28251
G1 X60.662 Y66.837 E51.09818
G1 X60.662 Y83.747 E52.75498
G1 X60.753 Y84.431 F7800
G1 X60.368 Y84.5
;TYPE:Gap fill
;WIDTH:0.821683
G1 F1200
G1 X64.632 Y84.5 E53.27679
G1 X65.103 Y85.795 F7800
;TYPE:Solid infill
;WIDTH:0.675265
G1 F1200
G1 X66.03 Y84.869 E53.40519
G1 X66.863 Y84.869 E53.48689
G1 X65.369 Y86.363 E53.6941
G1 X65.369 Y87.197 E53.7758
G1 X67.697 Y84.869 E54.09856
G1 X68.53 Y84.869 E54.18027
G1 X65.369 Y88.03 E54.61857
G1 X65.369 Y88.864 E54.70028
G1 X69.364 Y84.869 E55.25414
G1 X70.197 Y84.869 E55.33585
G1 X65.369 Y89.697 E56.00526
G1 X65.369 Y90.531 E56.08697
G1 X71.031 Y84.869 E56.87193
G1 X71.865 Y84.869 E56.95364
G1 X65.369 Y91.365 E57.85415
G1 X65.369 Y92.198 E57.93586
G1 X72.698 Y84.869 E58.95193
G1 X73.532 Y84.869 E59.03364
G1 X65.369 Y93.032 E60.16526
G1 X65.369 Y93.865 E60.24697
G1 X74.365 Y84.869 E61.49414
G1 X75.199 Y84.869 E61.57585
G1 X65.369 Y94.699 E62.93858
G1 X65.369 Y95.532 E63.02029
G1 X76.032 Y84.869 E64.49857
G1 X76.866 Y84.869 E64.58028
G1 X65.369 Y96.366 E66.17411
G1 X65.369 Y97.2 E66.25582
G1 X77.7 Y84.869 E67.9652
G1 X78.533 Y84.869 E68.04691
G1 X65.369 Y98.033 E69.87185
G1 X65.369 Y98.867 E69.95355
G1 X79.367 Y84.869 E71.89405
G1 X80.2 Y84.869 E71.97575
G1 X65.369 Y99.7 E74.0318
G1 X65.369 Y100.534 E74.1135
G1 X81.034 Y84.869 E76.2851
G1 X81.868 Y84.869 E76.36681
G1 X65.369 Y101.367 E78.65396
G1 X65.369 Y102.201 E78.73566
G1 X82.701 Y84.869 E81.13836
G1 X83.535 Y84.869 E81.22007
G1 X65.369 Y103.035 E83.73833
G1 X65.369 Y103.868 E83.82003
G1 X84.368 Y84.869 E86.45384
G1 X85.202 Y84.869 E86.53555
G1 X65.369 Y104.702 E89.28491
G1 X65.369 Y105.535 E89.36661
G1 X86.035 Y84.869 E92.23153
G1 X86.869 Y84.869 E92.31323
G1 X65.369 Y106.369 E95.2937
G1 X65.369 Y107.202 E95.37541
G1 X87.703 Y84.868 E98.47142
G1 X88.536 Y84.869 E98.55313
G1 X65.369 Y108.036 E101.7647
G1 X65.369 Y108.87 E101.84641
G1 X89.37 Y84.868 E105.17353
G1 X90.203 Y84.868 E105.25524
G1 X65.369 Y109.703 E108.69791
G1 X65.369 Y110.537 E108.77962
G1 X91.037 Y84.868 E112.33785
G1 X91.87 Y84.868 E112.41955
G1 X65.369 Y111.37 E116.09333
G1 X65.369 Y112.204 E116.17504
G1 X92.704 Y84.868 E119.96437
G1 X93.538 Y84.868 E120.04608
G1 X65.103 Y113.303 E123.98772
G1 X78.179 Y111.897 F7800
G1 F1200
G1 X105.208 Y84.868 E127.73445
G1 X104.374 Y84.868 E127.81616
G1 X77.611 Y111.631 E131.52614
G1 X76.777 Y111.631 E131.60785
G1 X103.54 Y84.868 E135.31783
G1 X102.707 Y84.868 E135.39954
G1 X75.944 Y111.631 E139.10952
G1 X75.11 Y111.631 E139.19123
G1 X101.873 Y84.868 E142.90121
G1 X101.04 Y84.868 E142.98292
G1 X74.277 Y111.631 E146.6929
G1 X73.443 Y111.631 E146.77461
G1 X100.206 Y84.868 E150.48459
G1 X99.373 Y84.868 E150.5663
G1 X72.344 Y111.897 E154.31303
G1 X71.897 Y112.344 F7800
G1 F1200
G1 X53.369 Y130.872 E156.88146
G1 X53.369 Y131.706 E156.96317
G1 X71.631 Y113.443 E159.49485
G1 X71.631 Y114.277 E159.57655
G1 X53.103 Y132.805 E162.14498
G1 X53.103 Y130.304 F7800
G1 F1200
G1 X98.539 Y84.868 E168.44342
G1 X97.705 Y84.868 E168.52513
G1 X53.369 Y129.205 E174.67126
G1 X53.369 Y128.372 E174.75296
G1 X96.872 Y84.868 E180.78354
G1 X96.038 Y84.868 E180.86525
G1 X53.369 Y127.538 E186.78027
G1 X53.369 Y126.705 E186.86198
G1 X95.205 Y84.868 E192.66145
G1 X94.371 Y84.868 E192.74316
G1 X53.369 Y125.871 E198.42708
G1 X53.369 Y125.037 E198.50879
G1 X64.537 Y113.869 E200.05707
G1 X63.704 Y113.869 E200.13878
G1 X53.369 Y124.204 E201.57151
G1 X53.369 Y123.37 E201.65322
G1 X62.87 Y113.869 E202.97039
G1 X62.037 Y113.869 E203.0521
G1 X53.369 Y122.537 E204.25373
G1 X53.369 Y121.703 E204.33544
G1 X61.203 Y113.869 E205.42151
G1 X60.37 Y113.869 E205.50322
G1 X53.369 Y120.87 E206.47374
G1 X53.369 Y120.036 E206.55544
G1 X59.536 Y113.869 E207.41041
G1 X58.702 Y113.869 E207.49212
G1 X53.369 Y119.202 E208.23153
G1 X53.369 Y118.369 E208.31324
G1 X57.869 Y113.869 E208.9371
G1 X57.035 Y113.869 E209.01881
G1 X53.369 Y117.535 E209.52712
G1 X53.369 Y116.702 E209.60883
G1 X56.202 Y113.869 E210.00158
G1 X55.368 Y113.869 E210.08329
G1 X53.369 Y115.868 E210.3605
G1 X53.369 Y115.035 E210.4422
G1 X54.535 Y113.869 E210.60386
G1 X53.701 Y113.869 E210.68556
G1 X53.103 Y114.466 E210.76841
G1 X53 Y113.132 F7800
;TYPE:Gap fill
;WIDTH:0.821683
G1 F1200
G1 X53 Y84.868 E214.22713
G1 X58.686 Y84.397 F7800
;TYPE:Solid infill
;WIDTH:0.684464
G1 F1200
G1 X59.631 Y83.451 E214.3603
G1 X59.631 Y82.604 E214.44458
G1 X58.104 Y84.131 E214.65961
G1 X57.258 Y84.131 E214.74389
G1 X59.631 Y81.758 E215.07811
G1 X59.631 Y80.911 E215.16239
G1 X56.411 Y84.131 E215.61579
G1 X55.564 Y84.131 E215.70007
G1 X59.631 Y80.064 E216.27267
G1 X59.631 Y79.218 E216.35695
G1 X54.718 Y84.131 E217.04873
G1 X53.871 Y84.131 E217.13301
G1 X59.631 Y78.371 E217.94398
G1 X59.631 Y77.525 E218.02826
G1 X53.369 Y83.788 E218.91
G1 X53.369 Y82.941 E218.99428
G1 X59.631 Y76.678 E219.87603
G1 X59.631 Y76.1 E219.9336
G1 X59.484 Y76.23 E219.95324
G1 X58.894 Y76.569 E220.02091
G1 X53.369 Y82.094 E220.79885
G1 X53.369 Y81.248 E220.88313
G1 X57.762 Y76.855 E221.50162
G1 X57.478 Y76.873 E221.52987
G1 X56.947 Y76.822 E221.58297
G1 X53.369 Y80.401 E222.08684
G1 X53.369 Y79.555 E222.17112
G1 X56.279 Y76.644 E222.58092
G1 X55.715 Y76.361 E222.64372
G1 X53.369 Y78.708 E222.97413
G1 X53.369 Y77.862 E223.0584
G1 X55.238 Y75.992 E223.32166
G1 X55.027 Y75.793 E223.35056
G1 X54.836 Y75.547 E223.38151
G1 X53.369 Y77.015 E223.58814
G1 X53.369 Y76.168 E223.67242
G1 X54.508 Y75.029 E223.83288
G1 X54.362 Y74.742 E223.86488
G1 X54.269 Y74.421 E223.89816
G1 X53.369 Y75.322 E224.02495
G1 X53.369 Y74.475 E224.10923
G1 X54.144 Y73.699 E224.21844
G1 X54.125 Y73.5 E224.23839
G1 X54.185 Y72.868 E224.30162
G1 X54.208 Y72.789 E224.30975
G1 X53.369 Y73.629 E224.42794
G1 X53.369 Y72.782 E224.51222
G1 X58.282 Y67.869 E225.20398
G1 X59.129 Y67.869 E225.28826
G1 X56.786 Y70.211 E225.61804
G1 X57.077 Y70.156 E225.64748
G1 X57.509 Y70.128 E225.69063
G1 X57.699 Y70.145 E225.70956
G1 X59.631 Y68.212 E225.98168
G1 X59.631 Y69.059 E226.06596
G1 X58.421 Y70.269 E226.23635
G1 X58.742 Y70.362 E226.26963
G1 X59.029 Y70.508 E226.30163
G1 X59.897 Y69.64 E226.42383
G1 X59.558 Y70.985 F7800
;TYPE:Gap fill
;WIDTH:0.1961
G1 F1200
G1 X59.724 Y71.09 E226.42742
;WIDTH:0.196099
G1 X59.735 Y71.114 E226.42791
;WIDTH:0.172579
G1 X59.779 Y71.214 E226.42948
G1 X60.368 Y73.111 F7800
;WIDTH:0.304178
G1 F1200
G1 X60.103 Y72.647 E226.44888
;WIDTH:0.298566
G1 X60.043 Y72.549 E226.45296
;WIDTH:0.25893
G1 X59.983 Y72.451 E226.45627
;WIDTH:0.219293
G1 X59.923 Y72.352 E226.45883
;WIDTH:0.179655
G1 X59.919 Y72.346 E226.45895
;WIDTH:0.177696
G1 X59.861 Y72.267 E226.46045
G1 X60.174 Y72.566 F7800
;WIDTH:0.403077
G1 F1200
G1 X60.226 Y72.981 E226.4825
;WIDTH:0.369041
G1 X60.228 Y73.003 E226.48354
;WIDTH:0.365213
G1 X60.251 Y73.489 E226.50614
;WIDTH:0.319379
G1 X60.251 Y73.511 E226.507
;WIDTH:0.366155
G1 X60.228 Y74.007 E226.53014
;WIDTH:0.3712
G1 X60.225 Y74.034 E226.53141
;WIDTH:0.418254
G1 X60.202 Y74.199 E226.54064
;WIDTH:0.46531
G1 X60.178 Y74.364 E226.55118
;WIDTH:0.512366
G1 X60.155 Y74.529 E226.56302
;WIDTH:0.527992
G1 X60.061 Y75.017 E226.59955
G1 E223.59955 F2400
G92 E0
G1 X53.103 Y72.201 F7800
G1 E3 F2400
;TYPE:Solid infill
;WIDTH:0.684464
G1 F1200
G1 X57.435 Y67.869 E3.6099
G1 X56.589 Y67.869 E3.69418
G1 X53.369 Y71.089 E4.14757
G1 X53.369 Y70.242 E4.23185
G1 X55.742 Y67.869 E4.56606
G1 X54.896 Y67.869 E4.65034
G1 X53.369 Y69.396 E4.86535
G1 X53.369 Y68.549 E4.94963
G1 X54.314 Y67.603 E5.08279
G1 E2.08279 F2400
G92 E0
G1 X92.645 Y119.103 F7800
G1 E3 F2400
;WIDTH:0.675265
G1 F1200
G1 X81.117 Y130.631 E4.59807
G1 X81.951 Y130.631 E4.67977
G1 X93.214 Y119.369 E6.24109
G1 X94.047 Y119.369 E6.3228
G1 X82.784 Y130.631 E7.88411
G1 X83.618 Y130.631 E7.96582
G1 X94.881 Y119.369 E9.52713
G1 X95.715 Y119.369 E9.60884
G1 X84.452 Y130.631 E11.17016
G1 X85.285 Y130.631 E11.25187
G1 X96.548 Y119.369 E12.81318
G1 X97.382 Y119.369 E12.89489
G1 X86.119 Y130.631 E14.4562
G1 X86.952 Y130.631 E14.53791
G1 X98.215 Y119.369 E16.09923
G1 X99.049 Y119.369 E16.18093
G1 X87.786 Y130.631 E17.74225
G1 X88.619 Y130.631 E17.82396
G1 X99.882 Y119.369 E19.38527
G1 X100.716 Y119.369 E19.46698
G1 X89.453 Y130.631 E21.02829
G1 X90.287 Y130.631 E21.11
G1 X101.55 Y119.369 E22.67132
G1 X102.383 Y119.369 E22.75302
G1 X91.12 Y130.631 E24.31434
G1 X91.954 Y130.631 E24.39605
G1 X103.217 Y119.369 E25.95736
G1 X104.05 Y119.369 E26.03907
G1 X92.103 Y131.315 E27.6952
G1 X92.103 Y140.485 F7800
G1 F1200
G1 X114.631 Y117.957 E30.81812
G1 X114.631 Y117.123 E30.89983
G1 X92.369 Y139.386 E33.98601
G1 X92.369 Y138.552 E34.06771
G1 X114.631 Y116.29 E37.15389
G1 X114.631 Y115.456 E37.23559
G1 X92.369 Y137.719 E40.32177
G1 X92.369 Y136.885 E40.40348
G1 X114.631 Y114.622 E43.48965
G1 X114.631 Y113.789 E43.57136
G1 X92.369 Y136.052 E46.65753
G1 X92.369 Y135.218 E46.73924
G1 X114.897 Y112.69 E49.86216
G1 X120.692 Y111.897 F7800
G1 F1200
G1 X147.72 Y84.868 E53.6089
G1 X146.886 Y84.868 E53.6906
G1 X120.123 Y111.631 E57.40059
G1 X119.29 Y111.631 E57.48229
G1 X146.053 Y84.868 E61.19228
G1 X145.219 Y84.868 E61.27398
G1 X118.456 Y111.631 E64.98397
G1 X117.622 Y111.631 E65.06567
G1 X144.385 Y84.868 E68.77565
G1 X143.552 Y84.868 E68.85736
G1 X116.789 Y111.631 E72.56734
G1 X115.955 Y111.631 E72.64905
G1 X142.718 Y84.868 E76.35903
G1 X141.885 Y84.868 E76.44074
G1 X92.369 Y134.385 E83.30484
G1 X92.369 Y133.551 E83.38655
G1 X141.051 Y84.868 E90.1351
G1 X140.218 Y84.868 E90.21681
G1 X92.369 Y132.717 E96.8498
G1 X92.369 Y131.884 E96.93151
G1 X139.384 Y84.868 E103.44895
G1 X138.55 Y84.868 E103.53066
G1 X105.369 Y118.05 E108.13045
G1 X105.369 Y117.217 E108.21216
G1 X137.717 Y84.868 E112.69639
G1 X136.883 Y84.868 E112.7781
G1 X105.369 Y116.383 E117.14678
G1 X105.369 Y115.55 E117.22848
G1 X136.05 Y84.868 E121.48161
G1 X135.216 Y84.868 E121.56332
G1 X105.369 Y114.716 E125.70089
G1 X105.369 Y113.882 E125.7826
G1 X134.383 Y84.868 E129.80462
G1 X133.549 Y84.868 E129.88633
G1 X105.369 Y113.049 E133.7928
G1 X105.369 Y112.215 E133.87451
G1 X132.715 Y84.868 E137.66543
G1 X131.882 Y84.869 E137.74714
G1 X105.119 Y111.631 E141.45712
G1 X104.285 Y111.631 E141.53882
G1 X131.048 Y84.869 E145.2488
G1 X130.215 Y84.869 E145.33051
G1 X103.452 Y111.631 E149.04049
G1 X102.618 Y111.631 E149.1222
G1 X129.381 Y84.869 E152.83218
G1 X128.548 Y84.869 E152.91389
G1 X101.785 Y111.631 E156.62387
G1 X100.951 Y111.631 E156.70558
G1 X127.714 Y84.869 E160.41556
G1 X126.88 Y84.869 E160.49727
G1 X100.117 Y111.631 E164.20725
G1 X99.284 Y111.631 E164.28896
G1 X126.047 Y84.869 E167.99894
G1 X125.213 Y84.869 E168.08064
G1 X98.45 Y111.631 E171.79062
G1 X97.617 Y111.631 E171.87233
G1 X124.38 Y84.869 E175.58231
G1 X123.546 Y84.869 E175.66402
G1 X96.783 Y111.631 E179.374
G1 X95.95 Y111.631 E179.45571
G1 X122.713 Y84.869 E183.16569
G1 X121.879 Y84.869 E183.2474
G1 X95.116 Y111.631 E186.95738
G1 X94.282 Y111.631 E187.03909
G1 X121.045 Y84.869 E190.74907
G1 X120.212 Y84.869 E190.83077
G1 X93.449 Y111.631 E194.54076
G1 X92.615 Y111.631 E194.62246
G1 X119.378 Y84.869 E198.33244
G1 X118.545 Y84.869 E198.41415
G1 X91.782 Y111.631 E202.12413
G1 X90.948 Y111.631 E202.20584
G1 X117.711 Y84.869 E205.91582
G1 X116.878 Y84.869 E205.99753
G1 X90.115 Y111.631 E209.70751
G1 X89.281 Y111.631 E209.78922
G1 X116.044 Y84.869 E213.4992
G1 X115.21 Y84.869 E213.5809
G1 X88.447 Y111.631 E217.29088
G1 X87.614 Y111.631 E217.37259
G1 X114.377 Y84.869 E221.08257
G1 X113.543 Y84.869 E221.16428
G1 X86.78 Y111.631 E224.87426
G1 X85.947 Y111.631 E224.95597
G1 X112.71 Y84.869 E228.66595
G1 X112.631 Y84.869 E228.67361
G1 X112.631 Y84.113 E228.74766
G1 X85.113 Y111.631 E232.56236
G1 X84.28 Y111.631 E232.64406
G1 X112.631 Y83.28 E236.57432
G1 X112.631 Y82.446 E236.65602
G1 X83.446 Y111.631 E240.70183
G1 X82.612 Y111.631 E240.78354
G1 X112.631 Y81.612 E244.94489
G1 X112.631 Y80.779 E245.0266
G1 X81.779 Y111.631 E249.30351
G1 X80.945 Y111.631 E249.38522
G1 X112.631 Y79.945 E253.77768
G1 X112.631 Y79.112 E253.85939
G1 X80.112 Y111.631 E258.3674
G1 X79.278 Y111.631 E258.44911
G1 X112.631 Y78.278 E263.07268
G1 X112.631 Y77.445 E263.15439
G1 X106.369 Y83.708 E264.02258
G1 X106.369 Y82.874 E264.10429
G1 X112.631 Y76.611 E264.97249
G1 X112.631 Y75.933 E265.03893
G1 X112.501 Y75.908 E265.05198
G1 X106.369 Y82.04 E265.90205
G1 X106.369 Y81.207 E265.98376
G1 X111.145 Y76.43 E266.64588
G1 X110.937 Y76.553 E266.66958
G1 X110.36 Y76.761 E266.72971
G1 X109.895 Y76.846 E266.77597
G1 X106.369 Y80.373 E267.26488
G1 X106.369 Y79.54 E267.34659
G1 X109.066 Y76.842 E267.72049
G1 X108.64 Y76.761 E267.76294
G1 X108.4 Y76.675 E267.78799
G1 X106.369 Y78.706 E268.06959
G1 X106.369 Y77.872 E268.1513
G1 X107.827 Y76.414 E268.3535
G1 X107.516 Y76.23 E268.38888
G1 X107.336 Y76.071 E268.41244
G1 X106.369 Y77.039 E268.54658
G1 X106.369 Y76.205 E268.62829
G1 X106.873 Y75.701 E268.69816
G1 X106.846 Y75.34 F7800
;TYPE:Gap fill
;WIDTH:0.310236
G1 F1200
G1 X106.221 Y75.119 E268.72289
G1 X106.503 Y75.458 F7800
;WIDTH:0.380561
G1 F1200
G1 X106.363 Y74.727 E268.75932
;WIDTH:0.370145
G1 X106.342 Y74.576 E268.76658
;WIDTH:0.32693
G1 X106.32 Y74.424 E268.77272
;WIDTH:0.283715
G1 X106.299 Y74.272 E268.77777
;WIDTH:0.2405
G1 X106.277 Y74.12 E268.78171
;WIDTH:0.197287
G1 X106.276 Y74.11 E268.78191
;WIDTH:0.195317
G1 X106.26 Y73.767 E268.78815
G1 X106.26 Y73.233 F7800
;WIDTH:0.195321
G1 F1200
G1 X106.276 Y72.89 E268.79439
;WIDTH:0.19729
G1 X106.277 Y72.88 E268.79458
;WIDTH:0.240505
G1 X106.299 Y72.728 E268.79853
;WIDTH:0.283719
G1 X106.32 Y72.576 E268.80357
;WIDTH:0.326934
G1 X106.342 Y72.424 E268.80972
;WIDTH:0.370148
G1 X106.363 Y72.273 E268.81697
;WIDTH:0.380565
G1 X106.503 Y71.542 E268.8534
G1 X106.846 Y71.66 F7800
;WIDTH:0.310227
G1 F1200
G1 X106.221 Y71.881 E268.87813
G1 X107.32 Y67.603 F7800
;TYPE:Solid infill
;WIDTH:0.687037
G1 F1200
G1 X106.369 Y68.555 E269.01263
G1 X106.369 Y69.405 E269.09763
G1 X107.905 Y67.869 E269.31486
G1 X108.755 Y67.869 E269.39986
G1 X106.369 Y70.255 E269.7373
G1 X106.369 Y71.067 E269.81847
G1 X106.401 Y71.073 E269.82175
G1 X109.605 Y67.869 E270.27484
G1 X110.455 Y67.869 E270.35985
G1 X107.609 Y70.715 E270.76237
G1 X108.063 Y70.447 E270.81517
G1 X108.64 Y70.239 E270.8765
G1 X109.005 Y70.169 E270.91362
G1 X111.306 Y67.869 E271.23892
G1 X112.156 Y67.869 E271.32392
G1 X109.864 Y70.16 E271.64796
G1 X110.13 Y70.185 E271.67467
G1 X110.564 Y70.311 E271.71983
G1 X112.631 Y68.243 E272.01215
G1 X112.631 Y69.093 E272.09715
G1 X111.153 Y70.572 E272.30618
G1 X111.308 Y70.651 E272.32358
G1 X111.655 Y70.92 E272.36749
G1 X112.631 Y69.944 E272.50552
G1 X112.631 Y70.794 E272.59053
G1 X111.898 Y71.527 E272.69425
G1 X112.289 Y71.821 F7800
;TYPE:Gap fill
;WIDTH:0.213698
G1 F1200
G1 X112.392 Y71.968 E272.69807
;WIDTH:0.260555
G1 X112.495 Y72.115 E272.70329
;WIDTH:0.307413
G1 X112.599 Y72.262 E272.70992
;WIDTH:0.315532
G1 X112.61 Y72.28 E272.71074
;WIDTH:0.349821
G1 X112.647 Y72.344 E272.71397
;WIDTH:0.349823
G1 X112.666 Y72.478 E272.71991
;WIDTH:0.311688
G1 X112.685 Y72.612 E272.72499
;WIDTH:0.273553
G1 X112.704 Y72.746 E272.72922
;WIDTH:0.235419
G1 X112.723 Y72.88 E272.73258
;WIDTH:0.197285
G1 X112.724 Y72.89 E272.73278
;WIDTH:0.195315
G1 X112.74 Y73.233 E272.73902
G1 X112.74 Y73.767 F7800
;WIDTH:0.195319
G1 F1200
G1 X112.724 Y74.11 E272.74526
;WIDTH:0.197288
G1 X112.723 Y74.12 E272.74545
;WIDTH:0.240502
G1 X112.701 Y74.272 E272.74939
;WIDTH:0.283718
G1 X112.68 Y74.424 E272.75444
;WIDTH:0.326934
G1 X112.658 Y74.576 E272.76059
;WIDTH:0.37015
G1 X112.637 Y74.727 E272.76784
;WIDTH:0.380568
G1 X112.497 Y75.458 E272.80427
G1 X112.154 Y75.34 F7800
;WIDTH:0.310203
G1 F1200
G1 X112.779 Y75.119 E272.829
G1 E269.829 F2400
G92 E0
G1 X148.103 Y81.15 F7800
G1 E3 F2400
;TYPE:Solid infill
;WIDTH:0.675265
G1 F1200
G1 X152.565 Y76.689 E3.61843
G1 X152.132 Y76.815 E3.66256
G1 X151.55 Y76.87 E3.71985
G1 X148.369 Y80.052 E4.16094
G1 X148.369 Y79.218 E4.24265
G1 X150.794 Y76.792 E4.57892
G1 X150.459 Y76.706 E4.61284
G1 X150.163 Y76.59 E4.64399
G1 X148.369 Y78.385 E4.89281
G1 X148.369 Y77.551 E4.97451
G1 X149.625 Y76.294 E5.14872
G1 X149.518 Y76.232 E5.16089
G1 X149.165 Y75.921 E5.20697
G1 X148.103 Y76.983 E5.35419
G1 X148.221 Y75.119 F7800
;TYPE:Gap fill
;WIDTH:0.310229
G1 F1200
G1 X148.846 Y75.34 E5.37892
G1 X148.503 Y75.458 F7800
;WIDTH:0.380561
G1 F1200
G1 X148.363 Y74.727 E5.41536
;WIDTH:0.370143
G1 X148.342 Y74.576 E5.42261
;WIDTH:0.326929
G1 X148.32 Y74.424 E5.42876
;WIDTH:0.283715
G1 X148.299 Y74.272 E5.4338
;WIDTH:0.240501
G1 X148.277 Y74.12 E5.43775
;WIDTH:0.197289
G1 X148.276 Y74.11 E5.43794
;WIDTH:0.195319
G1 X148.26 Y73.767 E5.44418
G1 X148.26 Y73.233 F7800
;WIDTH:0.195319
G1 F1200
G1 X148.276 Y72.89 E5.45042
;WIDTH:0.197288
G1 X148.277 Y72.88 E5.45061
;WIDTH:0.240501
G1 X148.299 Y72.728 E5.45456
;WIDTH:0.283715
G1 X148.32 Y72.576 E5.4596
;WIDTH:0.32693
G1 X148.342 Y72.424 E5.46575
;WIDTH:0.370144
G1 X148.363 Y72.273 E5.473
;WIDTH:0.380561
G1 X148.503 Y71.542 E5.50944
G1 X148.846 Y71.66 F7800
;WIDTH:0.310223
G1 F1200
G1 X148.221 Y71.881 E5.53417
G1 X149.147 Y67.603 F7800
;TYPE:Solid infill
;WIDTH:0.675265
G1 F1200
G1 X148.369 Y68.382 E5.64207
G1 X148.369 Y69.215 E5.72378
G1 X149.715 Y67.869 E5.91049
G1 X150.549 Y67.869 E5.99219
G1 X148.369 Y70.049 E6.29445
G1 X148.369 Y70.883 E6.37616
G1 X151.383 Y67.869 E6.79397
G1 X152.216 Y67.869 E6.87568
G1 X149.082 Y71.002 E7.31007
G1 X149.123 Y71.117 E7.32199
G1 X149.516 Y70.77 E7.37341
G1 X150.063 Y70.447 E7.43567
G1 X150.689 Y70.23 E7.50057
G1 X153.05 Y67.869 E7.82786
G1 X153.883 Y67.869 E7.90957
G1 X151.614 Y70.137 E8.22409
G1 X152.13 Y70.185 E8.27488
G1 X152.34 Y70.245 E8.29627
G1 X154.717 Y67.869 E8.62577
G1 X155.55 Y67.869 E8.70748
G1 X152.95 Y70.468 E9.06789
G1 X153.308 Y70.651 E9.10725
G1 X153.474 Y70.779 E9.12775
G1 X156.384 Y67.869 E9.53121
G1 X156.631 Y67.869 E9.55547
G1 X156.631 Y68.455 E9.61291
G1 X153.921 Y71.165 E9.98871
G1 X154.216 Y71.5 E10.03246
G1 X154.295 Y71.625 E10.04692
G1 X156.631 Y69.288 E10.37083
G1 X156.631 Y70.122 E10.45254
G1 X154.59 Y72.164 E10.7356
G1 X154.644 Y72.279 E10.74805
G1 X154.793 Y72.793 E10.80061
G1 X156.631 Y70.955 E11.05543
G1 X156.631 Y71.789 E11.13714
G1 X154.87 Y73.55 E11.38135
G1 X154.815 Y74.134 E11.43884
G1 X154.688 Y74.566 E11.48294
G1 X156.631 Y72.622 E11.75238
G1 X156.631 Y73.456 E11.83409
G1 X148.369 Y81.719 E12.97953
G1 X148.369 Y82.553 E13.06124
G1 X156.631 Y74.29 E14.20669
G1 X156.631 Y75.123 E14.2884
G1 X148.369 Y83.386 E15.43384
G1 X148.369 Y84.22 E15.51555
G1 X156.631 Y75.957 E16.66099
G1 X156.631 Y76.79 E16.7427
G1 X121.79 Y111.631 E21.57252
G1 X122.624 Y111.631 E21.65423
G1 X156.631 Y77.624 E26.36849
G1 X156.631 Y78.457 E26.4502
G1 X123.457 Y111.631 E31.04891
G1 X124.291 Y111.631 E31.13062
G1 X156.631 Y79.291 E35.61378
G1 X156.631 Y80.125 E35.69549
G1 X125.125 Y111.631 E40.0631
G1 X125.958 Y111.631 E40.14481
G1 X156.631 Y80.958 E44.39686
G1 X156.631 Y81.792 E44.47857
G1 X126.792 Y111.631 E48.61507
G1 X127.625 Y111.631 E48.69678
G1 X156.631 Y82.625 E52.71773
G1 X156.631 Y83.459 E52.79944
G1 X128.459 Y111.631 E56.70484
G1 X129.292 Y111.631 E56.78655
G1 X156.631 Y84.292 E60.57639
G1 X156.631 Y85.126 E60.6581
G1 X130.126 Y111.631 E64.33239
G1 X130.96 Y111.631 E64.4141
G1 X156.631 Y85.96 E67.97284
G1 X156.631 Y86.793 E68.05455
G1 X131.793 Y111.631 E71.49773
G1 X132.627 Y111.631 E71.57944
G1 X156.631 Y87.627 E74.90708
G1 X156.631 Y88.46 E74.98879
G1 X133.46 Y111.631 E78.20087
G1 X134.294 Y111.631 E78.28258
G1 X156.631 Y89.294 E81.3791
G1 X156.631 Y90.127 E81.46081
G1 X135.127 Y111.631 E84.44179
G1 X135.961 Y111.631 E84.5235
G1 X156.631 Y90.961 E87.38892
G1 X156.631 Y91.795 E87.47063
G1 X136.795 Y111.631 E90.2205
G1 X137.628 Y111.631 E90.30221
G1 X156.631 Y92.628 E92.93653
G1 X156.631 Y93.462 E93.01824
G1 X138.462 Y111.631 E95.537
G1 X139.295 Y111.631 E95.61871
G1 X156.631 Y94.295 E98.02193
G1 X156.631 Y95.129 E98.10363
G1 X140.129 Y111.631 E100.39129
G1 X140.962 Y111.631 E100.473
G1 X156.631 Y95.962 E102.64511
G1 X156.631 Y96.796 E102.72682
G1 X141.796 Y111.631 E104.78338
G1 X142.63 Y111.631 E104.86508
G1 X156.631 Y97.63 E106.80609
G1 X156.631 Y98.463 E106.8878
G1 X143.463 Y111.631 E108.71325
G1 X144.297 Y111.631 E108.79495
G1 X156.631 Y99.297 E110.50485
G1 X156.631 Y100.13 E110.58656
G1 X145.13 Y111.631 E112.18091
G1 X145.964 Y111.631 E112.26262
G1 X156.631 Y100.964 E113.74141
G1 X156.631 Y101.797 E113.82312
G1 X146.369 Y112.06 E115.24581
G1 X146.369 Y112.894 E115.32751
G1 X156.631 Y102.631 E116.75021
G1 X156.631 Y103.465 E116.83191
G1 X146.369 Y113.727 E118.2546
G1 X146.369 Y114.561 E118.33631
G1 X156.631 Y104.298 E119.759
G1 X156.631 Y105.132 E119.84071
G1 X146.369 Y115.395 E121.2634
G1 X146.369 Y116.228 E121.34511
G1 X156.631 Y105.965 E122.7678
G1 X156.631 Y106.799 E122.84951
G1 X151.288 Y112.142 E123.59019
G1 X151.509 Y112.128 E123.61189
G1 X152.084 Y112.18 E123.66842
G1 X156.631 Y107.632 E124.29887
G1 X156.631 Y108.466 E124.38058
G1 X152.737 Y112.361 E124.92049
G1 X153.29 Y112.641 E124.98127
G1 X156.631 Y109.3 E125.44452
G1 X156.631 Y110.133 E125.52623
G1 X153.762 Y113.003 E125.92402
G1 X154.161 Y113.438 E125.98185
G1 X156.631 Y110.967 E126.32438
G1 X156.631 Y111.8 E126.40609
G1 X154.487 Y113.945 E126.7034
G1 X154.644 Y114.279 E126.73954
G1 X154.721 Y114.544 E126.76667
G1 X156.631 Y112.634 E127.03152
G1 X156.631 Y113.467 E127.11323
G1 X154.851 Y115.248 E127.36008
G1 X154.875 Y115.5 E127.38488
G1 X154.816 Y116.116 E127.44554
G1 X156.631 Y114.301 E127.69716
G1 X156.631 Y115.135 E127.77887
G1 X147.635 Y124.131 E129.02606
G1 X148.468 Y124.131 E129.10777
G1 X156.631 Y115.968 E130.23941
G1 X156.631 Y116.802 E130.32112
G1 X149.302 Y124.131 E131.33721
G1 X150.135 Y124.131 E131.41891
G1 X156.631 Y117.635 E132.31945
G1 X156.631 Y118.469 E132.40116
G1 X150.969 Y124.131 E133.18614
G1 X151.802 Y124.131 E133.26785
G1 X156.631 Y119.302 E133.93728
G1 X156.631 Y120.136 E134.01899
G1 X152.636 Y124.131 E134.57286
G1 X153.47 Y124.131 E134.65457
G1 X156.631 Y120.97 E135.0929
G1 X156.631 Y121.803 E135.17461
G1 X154.303 Y124.131 E135.49738
G1 X155.137 Y124.131 E135.57909
G1 X156.631 Y122.637 E135.78631
G1 X156.631 Y123.47 E135.86801
G1 X155.705 Y124.397 E135.99643
G1 X146.536 Y124.397 F7800
G1 F1200
G1 X152.116 Y118.816 E136.76999
G1 X151.522 Y118.873 E136.82852
G1 X151.244 Y118.855 E136.85581
G1 X145.967 Y124.131 E137.58724
G1 X145.134 Y124.131 E137.66895
G1 X150.541 Y118.724 E138.41852
G1 X150.065 Y118.555 E138.46806
G1 X149.947 Y118.485 E138.4815
G1 X144.3 Y124.131 E139.26427
G1 X143.467 Y124.131 E139.34598
G1 X149.438 Y118.161 E140.17369
G1 X149.003 Y117.762 E140.23152
G1 X142.633 Y124.131 E141.11449
G1 X141.8 Y124.131 E141.1962
G1 X148.641 Y117.29 E142.14463
G1 X148.361 Y116.737 E142.20542
G1 X146.369 Y118.729 E142.48159
G1 X146.369 Y117.895 E142.5633
G1 X148.181 Y116.083 E142.81448
G1 X148.125 Y115.5 E142.87192
G1 X148.146 Y115.285 E142.89313
G1 X146.103 Y117.327 E143.17625
G1 E140.17625 F2400
G92 E0
G1 X140.993 Y119.103 F7800
G1 E3 F2400
G1 F1200
G1 X135.965 Y124.131 E3.69701
G1 X136.798 Y124.131 E3.77872
G1 X141.561 Y119.369 E4.43898
G1 X142.395 Y119.369 E4.52069
G1 X137.632 Y124.131 E5.18095
G1 X138.465 Y124.131 E5.26266
G1 X143.228 Y119.369 E5.92292
G1 X144.062 Y119.369 E6.00463
G1 X139.299 Y124.131 E6.66489
G1 X140.132 Y124.131 E6.7466
G1 X144.895 Y119.369 E7.40686
G1 X145.729 Y119.369 E7.48857
G1 X140.701 Y124.397 E8.18558
G1 E5.18558 F2400
G92 E0
G1 X133.537 Y142.397 F7800
G1 E3 F2400
G1 F1200
G1 X134.631 Y141.302 E3.15169
G1 X134.631 Y140.469 E3.2334
G1 X132.969 Y142.131 E3.46389
G1 X132.135 Y142.131 E3.5456
G1 X134.631 Y139.635 E3.89164
G1 X134.631 Y138.802 E3.97335
G1 X131.302 Y142.131 E4.43494
G1 X130.468 Y142.131 E4.51665
G1 X134.631 Y137.968 E5.0938
G1 X134.631 Y137.135 E5.1755
G1 X129.635 Y142.131 E5.8682
G1 X128.801 Y142.131 E5.94991
G1 X134.631 Y136.301 E6.75816
G1 X134.631 Y135.467 E6.83987
G1 X127.967 Y142.131 E7.76368
G1 X127.134 Y142.131 E7.84539
G1 X134.631 Y134.634 E8.88474
G1 X134.631 Y133.8 E8.96645
G1 X126.3 Y142.131 E10.12136
G1 X125.467 Y142.131 E10.20307
G1 X134.631 Y132.967 E11.47353
G1 X134.631 Y132.133 E11.55524
G1 X124.633 Y142.131 E12.94126
G1 X123.8 Y142.131 E13.02297
G1 X134.631 Y131.3 E14.52453
G1 X134.631 Y130.466 E14.60624
G1 X122.966 Y142.131 E16.22336
G1 X122.132 Y142.131 E16.30507
G1 X134.631 Y129.632 E18.03774
G1 X134.631 Y128.799 E18.11945
G1 X121.299 Y142.131 E19.96768
G1 X120.465 Y142.131 E20.04939
G1 X134.631 Y127.965 E22.01317
G1 X134.631 Y127.132 E22.09487
G1 X119.632 Y142.131 E24.1742
G1 X118.798 Y142.131 E24.25591
G1 X134.631 Y126.298 E26.4508
G1 X134.631 Y125.465 E26.5325
G1 X117.965 Y142.131 E28.84294
G1 X117.131 Y142.131 E28.92465
G1 X139.894 Y119.369 E32.08013
G1 X139.06 Y119.369 E32.16184
G1 X116.297 Y142.131 E35.31733
G1 X115.464 Y142.131 E35.39904
G1 X138.227 Y119.369 E38.55452
G1 X137.393 Y119.369 E38.63623
G1 X114.63 Y142.131 E41.79171
G1 X113.797 Y142.131 E41.87342
G1 X136.56 Y119.369 E45.02891
G1 X135.726 Y119.369 E45.11061
G1 X112.963 Y142.131 E48.2661
G1 X112.13 Y142.131 E48.34781
G1 X134.892 Y119.369 E51.50329
G1 X134.059 Y119.369 E51.585
G1 X111.296 Y142.131 E54.74049
G1 X110.462 Y142.131 E54.82219
G1 X133.225 Y119.369 E57.97768
G1 X132.392 Y119.369 E58.05939
G1 X109.629 Y142.131 E61.21487
G1 X108.795 Y142.131 E61.29658
G1 X131.558 Y119.369 E64.45206
G1 X130.725 Y119.369 E64.53377
G1 X107.962 Y142.131 E67.68926
G1 X107.128 Y142.131 E67.77097
G1 X129.891 Y119.369 E70.92645
G1 X129.057 Y119.369 E71.00816
G1 X106.295 Y142.131 E74.16364
G1 X105.461 Y142.131 E74.24535
G1 X128.224 Y119.369 E77.40084
G1 X127.39 Y119.369 E77.48254
G1 X104.627 Y142.131 E80.63803
G1 X103.794 Y142.131 E80.71974
G1 X126.557 Y119.369 E83.87522
G1 X125.723 Y119.369 E83.95693
G1 X102.96 Y142.131 E87.11242
G1 X102.127 Y142.131 E87.19412
G1 X124.89 Y119.369 E90.34961
G1 X124.056 Y119.369 E90.43132
G1 X101.293 Y142.131 E93.5868
G1 X100.46 Y142.131 E93.66851
G1 X123.222 Y119.369 E96.82399
G1 X122.389 Y119.369 E96.9057
G1 X99.626 Y142.131 E100.06119
G1 X98.792 Y142.131 E100.1429
G1 X121.555 Y119.369 E103.29838
G1 X120.722 Y119.369 E103.38009
G1 X97.959 Y142.131 E106.53557
G1 X97.125 Y142.131 E106.61728
G1 X119.888 Y119.369 E109.77277
G1 X119.055 Y119.369 E109.85447
G1 X96.292 Y142.131 E113.00996
G1 X95.458 Y142.131 E113.09167
G1 X118.221 Y119.369 E116.24715
G1 X117.387 Y119.369 E116.32886
G1 X94.624 Y142.131 E119.48435
G1 X93.791 Y142.131 E119.56605
G1 X116.554 Y119.369 E122.72154
G1 X115.72 Y119.369 E122.80325
G1 X92.957 Y142.131 E125.95873
G1 X92.124 Y142.131 E126.04044
G1 X114.887 Y119.369 E129.19593
G1 X114.631 Y119.369 E129.22095
G1 X114.631 Y118.79 E129.27763
G1 X91.29 Y142.131 E132.51328
G1 X90.457 Y142.131 E132.59499
G1 X91.72 Y140.869 E132.77007
G1 X90.886 Y140.869 E132.85178
G1 X89.623 Y142.131 E133.02686
G1 X88.789 Y142.131 E133.10857
G1 X90.052 Y140.869 E133.28364
G1 X89.219 Y140.869 E133.36535
G1 X87.956 Y142.131 E133.54043
G1 X87.122 Y142.131 E133.62214
G1 X88.385 Y140.869 E133.79722
G1 X87.552 Y140.869 E133.87893
G1 X86.289 Y142.131 E134.05401
G1 X85.455 Y142.131 E134.13571
G1 X86.718 Y140.869 E134.31079
G1 X85.885 Y140.869 E134.3925
G1 X84.622 Y142.131 E134.56758
G1 X83.788 Y142.131 E134.64929
G1 X85.051 Y140.869 E134.82437
G1 X84.217 Y140.869 E134.90608
G1 X82.954 Y142.131 E135.08116
G1 X82.121 Y142.131 E135.16286
G1 X83.384 Y140.869 E135.33794
G1 X82.55 Y140.869 E135.41965
G1 X81.287 Y142.131 E135.59473
G1 X80.454 Y142.131 E135.67644
G1 X81.717 Y140.869 E135.85152
G1 X80.883 Y140.869 E135.93323
G1 X79.62 Y142.131 E136.1083
G1 X78.787 Y142.131 E136.19001
G1 X80.05 Y140.869 E136.36509
G1 X79.631 Y140.869 E136.40608
G1 X79.631 Y140.453 E136.4468
G1 X77.953 Y142.131 E136.67947
G1 X77.119 Y142.131 E136.76118
G1 X79.631 Y139.62 E137.1094
G1 X79.631 Y138.786 E137.19111
G1 X76.286 Y142.131 E137.65488
G1 X75.452 Y142.131 E137.73659
G1 X79.631 Y137.952 E138.31591
G1 X79.631 Y137.119 E138.39762
G1 X74.619 Y142.131 E139.0925
G1 X73.785 Y142.131 E139.17421
G1 X79.631 Y136.285 E139.98464
G1 X79.631 Y135.452 E140.06635
G1 X72.952 Y142.131 E140.99233
G1 X72.118 Y142.131 E141.07404
G1 X79.631 Y134.618 E142.11558
G1 X79.631 Y133.785 E142.19728
G1 X71.284 Y142.131 E143.35437
G1 X70.451 Y142.131 E143.43608
G1 X79.631 Y132.951 E144.70872
G1 X79.631 Y132.117 E144.79043
G1 X69.617 Y142.131 E146.17863
G1 X68.784 Y142.131 E146.26033
G1 X79.631 Y131.284 E147.76408
G1 X79.631 Y130.631 E147.82802
G1 X80.284 Y130.631 E147.89196
G1 X91.547 Y119.369 E149.45327
G1 X90.713 Y119.369 E149.53498
G1 X67.95 Y142.131 E152.69047
G1 X67.117 Y142.131 E152.77217
G1 X89.88 Y119.369 E155.92766
G1 X89.046 Y119.369 E156.00937
G1 X66.283 Y142.131 E159.16485
G1 X65.449 Y142.131 E159.24656
G1 X88.212 Y119.369 E162.40205
G1 X87.379 Y119.369 E162.48375
G1 X64.616 Y142.131 E165.63924
G1 X63.782 Y142.131 E165.72095
G1 X86.545 Y119.369 E168.87643
G1 X85.712 Y119.369 E168.95814
G1 X62.949 Y142.131 E172.11362
G1 X62.115 Y142.131 E172.19533
G1 X84.878 Y119.369 E175.35082
G1 X84.045 Y119.369 E175.43253
G1 X61.282 Y142.131 E178.58801
G1 X60.448 Y142.131 E178.66972
G1 X83.211 Y119.369 E181.8252
G1 X82.377 Y119.369 E181.90691
G1 X59.614 Y142.131 E185.0624
G1 X58.781 Y142.131 E185.1441
G1 X81.544 Y119.369 E188.29959
G1 X80.71 Y119.369 E188.3813
G1 X57.947 Y142.131 E191.53678
G1 X57.114 Y142.131 E191.61849
G1 X79.877 Y119.369 E194.77398
G1 X79.043 Y119.369 E194.85568
G1 X56.28 Y142.131 E198.01117
G1 X55.447 Y142.131 E198.09288
G1 X78.21 Y119.369 E201.24836
G1 X77.376 Y119.369 E201.33007
G1 X54.613 Y142.131 E204.48555
G1 X53.779 Y142.131 E204.56726
G1 X76.542 Y119.369 E207.72275
G1 X75.709 Y119.369 E207.80446
G1 X60.762 Y134.316 E209.87652
G1 X60.815 Y134.132 E209.89525
G1 X60.875 Y133.5 E209.95751
G1 X60.863 Y133.381 E209.96928
G1 X74.875 Y119.369 E211.91167
G1 X74.042 Y119.369 E211.99338
G1 X60.756 Y132.654 E213.83504
G1 X60.706 Y132.458 E213.85484
G1 X60.539 Y132.038 E213.89917
G1 X73.208 Y119.369 E215.65548
G1 X72.375 Y119.369 E215.73718
G1 X60.229 Y131.515 E217.42092
G1 X59.838 Y131.072 E217.47881
G1 X71.631 Y119.278 E219.11367
G1 X71.631 Y118.445 E219.19538
G1 X59.374 Y130.702 E220.89454
G1 X59.308 Y130.651 E220.90272
G1 X58.834 Y130.409 E220.95494
G1 X71.631 Y117.611 E222.72903
G1 X71.631 Y116.777 E222.81074
G1 X58.203 Y130.206 E224.67223
G1 X58.13 Y130.185 E224.67966
G1 X57.443 Y130.132 E224.7472
G1 X71.631 Y115.944 E226.71402
G1 X71.631 Y115.11 E226.79573
G1 X56.426 Y130.316 E228.90362
G1 X56.063 Y130.447 E228.94138
G1 X55.516 Y130.77 E229.00364
G1 X55.04 Y131.19 E229.0659
G1 X54.651 Y131.692 E229.12816
G1 X54.362 Y132.258 E229.19042
G1 X54.313 Y132.429 E229.20791
G1 X53.369 Y133.373 E229.33878
G1 X53.369 Y134.207 E229.42049
G1 X54.131 Y133.445 E229.52614
G1 X54.185 Y134.132 E229.59376
G1 X54.206 Y134.203 E229.60098
G1 X53.369 Y135.04 E229.71704
G1 X53.369 Y135.874 E229.79875
G1 X54.409 Y134.833 E229.94299
G1 X54.546 Y135.124 E229.97448
G1 X54.703 Y135.373 E230.00332
G1 X53.369 Y136.707 E230.18837
G1 X53.369 Y137.541 E230.27008
G1 X55.077 Y135.832 E230.50696
G1 X55.19 Y135.96 E230.52365
G1 X55.524 Y136.219 E230.5651
G1 X53.369 Y138.375 E230.8639
G1 X53.369 Y139.208 E230.94561
G1 X56.047 Y136.53 E231.31686
G1 X56.258 Y136.638 E231.34008
G1 X56.657 Y136.754 E231.38081
G1 X53.369 Y140.042 E231.83663
G1 X53.369 Y140.875 E231.91834
G1 X57.381 Y136.863 E232.4745
G1 X57.5 Y136.875 E232.48627
G1 X58.132 Y136.815 E232.54853
G1 X58.316 Y136.762 E232.56726
G1 X53.103 Y141.974 E233.28984
;LAYER_CHANGE
;Z:1.05
;HEIGHT:0.4
G1 Z1.05 F7800
G1 E230.28984 F2400
G92 E0
G1 X115.073 Y112.073 F7800
G1 E3 F2400
;TYPE:Perimeter
;WIDTH:0.675
G1 F4800
G1 X145.927 Y112.073 E6.02293
G1 X145.927 Y118.927 E6.69441
G1 X115.073 Y118.927 E9.71734
G1 X115.073 Y112.163 E10.37999
G1 X115.663 Y112.663 F7800
;TYPE:External perimeter
G1 F2400
G1 X145.338 Y112.663 E13.28748
G1 X145.338 Y118.338 E13.8435
G1 X115.663 Y118.338 E16.75098
G1 X115.663 Y112.753 E17.29819
G1 X115.396 Y112.125 F7800
G1 E14.29819 F2400
G92 E0
G1 X148.574 Y115.555 F7800
G1 E3 F2400
;TYPE:Perimeter
G1 F1800
G1 X148.621 Y114.951 E3.05941
G1 X148.775 Y114.421 E3.11346
G1 X149.025 Y113.93 E3.16751
G1 X149.364 Y113.494 E3.22156
G1 X149.777 Y113.129 E3.2756
G1 X150.252 Y112.848 E3.32965
G1 X150.757 Y112.666 E3.38226
G1 X151.132 Y112.595 E3.41962
G1 X151.493 Y112.571 E3.45508
G1 X152.047 Y112.62 E3.50953
G1 X152.579 Y112.775 E3.56384
G1 X153.07 Y113.025 E3.61788
G1 X153.508 Y113.365 E3.67219
G1 X153.874 Y113.784 E3.72664
G1 X154.067 Y114.09 E3.76211
G1 X154.229 Y114.435 E3.79946
G1 X154.379 Y114.951 E3.85207
G1 X154.431 Y115.5 E3.90612
G1 X154.379 Y116.052 E3.96042
G1 X154.221 Y116.585 E4.01488
G1 X154.066 Y116.912 E4.05034
G1 X153.861 Y117.234 E4.0877
G1 X153.506 Y117.636 E4.14031
G1 X153.07 Y117.975 E4.19435
G1 X152.579 Y118.225 E4.2484
G1 X152.049 Y118.379 E4.30245
G1 X151.5 Y118.431 E4.35649
G1 X150.965 Y118.38 E4.4091
G1 X150.595 Y118.285 E4.44657
G1 X150.239 Y118.144 E4.48404
G1 X149.777 Y117.871 E4.53664
G1 X149.364 Y117.506 E4.59069
G1 X149.025 Y117.07 E4.64474
G1 X148.775 Y116.579 E4.69879
G1 X148.621 Y116.049 E4.75283
G1 X148.583 Y115.645 E4.7926
G1 X149.161 Y115.5 F7800
;TYPE:External perimeter
G1 F1800
G1 X149.202 Y115.062 E4.83574
G1 X149.325 Y114.639 E4.87887
G1 X149.525 Y114.247 E4.92201
G1 X149.795 Y113.899 E4.96514
G1 X150.125 Y113.608 E5.00827
G1 X150.504 Y113.384 E5.05141
G1 X150.913 Y113.236 E5.09402
G1 X151.207 Y113.18 E5.12327
G1 X151.486 Y113.162 E5.15072
G1 X151.937 Y113.202 E5.1951
G1 X152.361 Y113.325 E5.23833
G1 X152.753 Y113.525 E5.28146
G1 X153.102 Y113.796 E5.32469
G1 X153.4 Y114.137 E5.36907
G1 X153.549 Y114.374 E5.39653
G1 X153.676 Y114.644 E5.42578
G1 X153.798 Y115.062 E5.46839
G1 X153.839 Y115.5 E5.51152
G1 X153.797 Y115.939 E5.55475
G1 X153.669 Y116.374 E5.59913
G1 X153.549 Y116.627 E5.62659
G1 X153.389 Y116.879 E5.65584
G1 X153.101 Y117.205 E5.69845
G1 X152.753 Y117.475 E5.74158
G1 X152.361 Y117.675 E5.78472
G1 X151.938 Y117.798 E5.82785
G1 X151.5 Y117.839 E5.87098
G1 X151.067 Y117.798 E5.91359
G1 X150.777 Y117.724 E5.94289
G1 X150.499 Y117.614 E5.97218
G1 X150.125 Y117.392 E6.01479
G1 X149.795 Y117.101 E6.05792
G1 X149.525 Y116.753 E6.10105
G1 X149.325 Y116.361 E6.14419
G1 X149.202 Y115.938 E6.18732
G1 X149.169 Y115.59 E6.22164
G1 X148.78 Y115.28 F7800
G1 E3.22164 F2400
G92 E0
G1 X151.17 Y76.408 F7800
G1 E3 F2400
;TYPE:Perimeter
G1 F1800
G1 X150.757 Y76.334 E3.04107
G1 X150.252 Y76.152 E3.09368
G1 X149.777 Y75.871 E3.14773
G1 X149.364 Y75.506 E3.20177
G1 X149.025 Y75.07 E3.25582
G1 X148.775 Y74.579 E3.30987
G1 X148.621 Y74.049 E3.36391
G1 X148.569 Y73.5 E3.41796
G1 X148.621 Y72.951 E3.47201
G1 X148.775 Y72.421 E3.52606
G1 X149.025 Y71.93 E3.5801
G1 X149.364 Y71.494 E3.63415
G1 X149.777 Y71.129 E3.6882
G1 X150.252 Y70.848 E3.74224
G1 X150.757 Y70.666 E3.79485
G1 X151.132 Y70.595 E3.83221
G1 X151.493 Y70.571 E3.86767
G1 X152.047 Y70.62 E3.92212
G1 X152.579 Y70.775 E3.97643
G1 X153.07 Y71.025 E4.03048
G1 X153.508 Y71.365 E4.08478
G1 X153.874 Y71.784 E4.13924
G1 X154.067 Y72.09 E4.1747
G1 X154.229 Y72.435 E4.21205
G1 X154.379 Y72.951 E4.26467
G1 X154.431 Y73.5 E4.31871
G1 X154.379 Y74.049 E4.37276
G1 X154.229 Y74.565 E4.42537
G1 X154.066 Y74.911 E4.46284
G1 X153.861 Y75.234 E4.5003
G1 X153.506 Y75.636 E4.55291
G1 X153.07 Y75.975 E4.60696
G1 X152.579 Y76.225 E4.661
G1 X152.049 Y76.379 E4.71505
G1 X151.515 Y76.429 E4.76766
G1 X151.26 Y76.413 E4.79268
G1 X151.207 Y75.82 F7800
;TYPE:External perimeter
G1 F1800
G1 X150.913 Y75.764 E4.82197
G1 X150.504 Y75.616 E4.86458
G1 X150.125 Y75.392 E4.90771
G1 X149.795 Y75.101 E4.95084
G1 X149.525 Y74.753 E4.99398
G1 X149.325 Y74.361 E5.03711
G1 X149.202 Y73.938 E5.08024
G1 X149.161 Y73.5 E5.12338
G1 X149.202 Y73.062 E5.16651
G1 X149.325 Y72.639 E5.20965
G1 X149.525 Y72.247 E5.25278
G1 X149.795 Y71.899 E5.29591
G1 X150.125 Y71.608 E5.33905
G1 X150.504 Y71.384 E5.38218
G1 X150.913 Y71.236 E5.42479
G1 X151.207 Y71.18 E5.45404
G1 X151.486 Y71.162 E5.4815
G1 X151.937 Y71.202 E5.52588
G1 X152.361 Y71.325 E5.56911
G1 X152.753 Y71.525 E5.61224
G1 X153.102 Y71.796 E5.65547
G1 X153.4 Y72.137 E5.69985
G1 X153.549 Y72.374 E5.7273
G1 X153.676 Y72.644 E5.75655
G1 X153.798 Y73.062 E5.79917
G1 X153.839 Y73.5 E5.8423
G1 X153.798 Y73.938 E5.88543
G1 X153.676 Y74.356 E5.92804
G1 X153.549 Y74.626 E5.95734
G1 X153.389 Y74.879 E5.98662
G1 X153.101 Y75.205 E6.02923
G1 X152.753 Y75.475 E6.07237
G1 X152.361 Y75.675 E6.1155
G1 X151.938 Y75.798 E6.15864
G1 X151.505 Y75.839 E6.20125
G1 X151.297 Y75.825 E6.22172
G1 X151.029 Y76.06 F7800
G1 E3.22172 F2400
G92 E0
G1 X112.046 Y74.942 F7800
G1 E3 F2400
;TYPE:Perimeter
G1 F1800
G1 X111.861 Y75.234 E3.03379
G1 X111.506 Y75.636 E3.0864
G1 X111.07 Y75.975 E3.14045
G1 X110.579 Y76.225 E3.1945
G1 X110.049 Y76.379 E3.24854
G1 X109.515 Y76.429 E3.30115
G1 X109.134 Y76.405 E3.33851
G1 X108.778 Y76.338 E3.37398
G1 X108.254 Y76.153 E3.42842
G1 X107.777 Y75.871 E3.48273
G1 X107.364 Y75.506 E3.53678
G1 X107.025 Y75.07 E3.59083
G1 X106.775 Y74.579 E3.64487
G1 X106.621 Y74.049 E3.69892
G1 X106.569 Y73.5 E3.75297
G1 X106.621 Y72.951 E3.80701
G1 X106.775 Y72.421 E3.86106
G1 X107.025 Y71.93 E3.91511
G1 X107.364 Y71.494 E3.96915
G1 X107.777 Y71.129 E4.0232
G1 X108.252 Y70.848 E4.07724
G1 X108.757 Y70.666 E4.12986
G1 X109.132 Y70.595 E4.16721
G1 X109.493 Y70.571 E4.20268
G1 X110.047 Y70.62 E4.25713
G1 X110.579 Y70.775 E4.31143
G1 X111.07 Y71.025 E4.36548
G1 X111.495 Y71.355 E4.41809
G1 X111.756 Y71.633 E4.45556
G1 X111.981 Y71.943 E4.49302
G1 X112.225 Y72.421 E4.54563
G1 X112.379 Y72.951 E4.59968
G1 X112.431 Y73.5 E4.65373
G1 X112.379 Y74.052 E4.70803
G1 X112.221 Y74.585 E4.76248
G1 X112.089 Y74.863 E4.79269
G1 X111.549 Y74.627 F7800
;TYPE:External perimeter
G1 F1800
G1 X111.389 Y74.879 E4.82194
G1 X111.101 Y75.205 E4.86455
G1 X110.753 Y75.475 E4.90769
G1 X110.361 Y75.675 E4.95082
G1 X109.938 Y75.798 E4.99395
G1 X109.505 Y75.839 E5.03656
G1 X109.207 Y75.82 E5.06582
G1 X108.932 Y75.768 E5.09327
G1 X108.505 Y75.617 E5.13765
G1 X108.125 Y75.392 E5.18088
G1 X107.795 Y75.101 E5.22401
G1 X107.525 Y74.753 E5.26715
G1 X107.325 Y74.361 E5.31028
G1 X107.202 Y73.938 E5.35341
G1 X107.161 Y73.5 E5.39655
G1 X107.202 Y73.062 E5.43968
G1 X107.325 Y72.639 E5.48281
G1 X107.525 Y72.247 E5.52595
G1 X107.795 Y71.899 E5.56908
G1 X108.125 Y71.608 E5.61222
G1 X108.504 Y71.384 E5.65535
G1 X108.913 Y71.236 E5.69796
G1 X109.207 Y71.18 E5.72721
G1 X109.486 Y71.162 E5.75466
G1 X109.937 Y71.202 E5.79905
G1 X110.361 Y71.325 E5.84227
G1 X110.753 Y71.525 E5.88541
G1 X111.097 Y71.792 E5.92802
G1 X111.302 Y72.01 E5.95731
G1 X111.477 Y72.251 E5.9866
G1 X111.675 Y72.639 E6.02921
G1 X111.798 Y73.062 E6.07234
G1 X111.839 Y73.5 E6.11548
G1 X111.797 Y73.939 E6.15871
G1 X111.669 Y74.374 E6.20309
G1 X111.587 Y74.545 E6.22172
G1 X111.706 Y74.881 F7800
G1 E3.22172 F2400
G92 E0
G1 X104.927 Y112.073 F7800
G1 E3 F2400
;TYPE:Perimeter
G1 F4800
G1 X104.927 Y118.927 E3.67147
G1 X72.073 Y118.927 E6.89036
G1 X72.073 Y112.073 E7.56183
G1 X104.837 Y112.073 E10.7719
G1 X104.337 Y112.663 F7800
;TYPE:External perimeter
G1 F2400
G1 X104.337 Y118.338 E11.32793
G1 X72.662 Y118.338 E14.43137
G1 X72.662 Y112.663 E14.98739
G1 X104.247 Y112.663 E18.08201
G1 X104.936 Y112.627 F7800
G1 E15.08201 F2400
G92 E0
G1 X91.927 Y131.073 F7800
G1 E3 F2400
;TYPE:Perimeter
G1 F4800
G1 X91.927 Y140.427 E3.91642
G1 X80.073 Y140.427 E5.07778
G1 X80.073 Y131.073 E5.99419
G1 X91.837 Y131.073 E7.14673
G1 X91.337 Y131.663 F7800
;TYPE:External perimeter
G1 F1800
G1 X91.337 Y139.838 E7.9477
G1 X80.662 Y139.838 E8.99361
G1 X80.662 Y131.663 E9.79458
G1 X91.247 Y131.663 E10.83167
G1 X91.923 Y131.533 F7800
G1 X60.272 Y132.562
;TYPE:Perimeter
G1 F1800
G1 X60.38 Y132.965 E10.87261
G1 X60.431 Y133.5 E10.92521
G1 X60.379 Y134.049 E10.97926
G1 X60.225 Y134.579 E11.03331
G1 X59.981 Y135.057 E11.08592
G1 X59.756 Y135.367 E11.12338
G1 X59.495 Y135.645 E11.16085
G1 X59.07 Y135.975 E11.21346
G1 X58.579 Y136.225 E11.2675
G1 X58.049 Y136.379 E11.32155
G1 X57.5 Y136.431 E11.3756
G1 X56.951 Y136.379 E11.42965
G1 X56.421 Y136.225 E11.48369
G1 X55.93 Y135.975 E11.53774
G1 X55.492 Y135.635 E11.59204
G1 X55.126 Y135.216 E11.6465
G1 X54.933 Y134.91 E11.68196
G1 X54.771 Y134.565 E11.71931
G1 X54.621 Y134.049 E11.77192
G1 X54.569 Y133.5 E11.82597
G1 X54.621 Y132.951 E11.88002
G1 X54.775 Y132.421 E11.93407
G1 X55.025 Y131.93 E11.98811
G1 X55.364 Y131.494 E12.04216
G1 X55.777 Y131.129 E12.09621
G1 X56.252 Y130.848 E12.15025
G1 X56.757 Y130.666 E12.20286
G1 X57.132 Y130.595 E12.24022
G1 X57.493 Y130.571 E12.27569
G1 X58.047 Y130.62 E12.33013
G1 X58.579 Y130.775 E12.38444
G1 X59.07 Y131.025 E12.43849
G1 X59.506 Y131.364 E12.49253
G1 X59.873 Y131.779 E12.54684
G1 X60.153 Y132.259 E12.60129
G1 X60.239 Y132.478 E12.62434
G1 X59.724 Y132.777 F7800
;TYPE:External perimeter
G1 F1800
G1 X59.798 Y133.067 E12.65363
G1 X59.839 Y133.5 E12.69624
G1 X59.798 Y133.938 E12.73937
G1 X59.675 Y134.361 E12.78251
G1 X59.477 Y134.749 E12.82512
G1 X59.302 Y134.99 E12.85441
G1 X59.097 Y135.208 E12.8837
G1 X58.753 Y135.475 E12.92631
G1 X58.361 Y135.675 E12.96944
G1 X57.938 Y135.798 E13.01257
G1 X57.5 Y135.839 E13.05571
G1 X57.062 Y135.798 E13.09884
G1 X56.639 Y135.675 E13.14198
G1 X56.247 Y135.475 E13.18511
G1 X55.898 Y135.204 E13.22834
G1 X55.6 Y134.863 E13.27272
G1 X55.451 Y134.626 E13.30017
G1 X55.324 Y134.356 E13.32942
G1 X55.202 Y133.938 E13.37203
G1 X55.161 Y133.5 E13.41517
G1 X55.202 Y133.062 E13.4583
G1 X55.325 Y132.639 E13.50144
G1 X55.525 Y132.247 E13.54457
G1 X55.795 Y131.899 E13.5877
G1 X56.125 Y131.608 E13.63084
G1 X56.504 Y131.384 E13.67397
G1 X56.913 Y131.236 E13.71658
G1 X57.207 Y131.18 E13.74583
G1 X57.486 Y131.162 E13.77329
G1 X57.937 Y131.202 E13.81767
G1 X58.361 Y131.325 E13.8609
G1 X58.753 Y131.525 E13.90403
G1 X59.101 Y131.795 E13.94716
G1 X59.393 Y132.126 E13.99039
G1 X59.621 Y132.517 E14.03477
G1 X59.691 Y132.694 E14.05337
G1 X60.017 Y132.837 F7800
G1 E11.05337 F2400
G92 E0
G1 X64.927 Y84.427 F7800
G1 E3 F2400
;TYPE:Perimeter
G1 F4800
G1 X105.927 Y84.427 E7.01708
G1 X105.927 Y67.427 E8.6827
G1 X113.073 Y67.427 E9.38292
G1 X113.073 Y84.427 E11.04853
G1 X147.927 Y84.427 E14.46338
G1 X147.927 Y67.427 E16.129
G1 X157.073 Y67.427 E17.02517
G1 X157.073 Y124.573 E22.62426
G1 X135.073 Y124.573 E24.77977
G1 X135.073 Y142.573 E26.54336
G1 X52.927 Y142.573 E34.5919
G1 X52.927 Y113.427 E37.44762
G1 X64.927 Y113.427 E38.62335
G1 X64.927 Y84.517 E41.45588
G1 E38.45588 F2400
G92 E0
G1 X56.951 Y76.379 F7800
G1 E3 F2400
G1 F4800
G1 X57.485 Y76.429 E3.05261
G1 X57.867 Y76.405 E3.09008
G1 X58.243 Y76.334 E3.12754
G1 X58.748 Y76.152 E3.18015
G1 X59.223 Y75.871 E3.2342
G1 X59.636 Y75.506 E3.28824
G1 X59.834 Y75.251 E3.31988
G1 X60.073 Y75.333 E3.34463
G1 X60.073 Y84.573 E4.24998
G1 X52.927 Y84.573 E4.95019
G1 X52.927 Y67.427 E6.63018
G1 X60.073 Y67.427 E7.3304
G1 X60.073 Y72.007 E7.77915
G1 X59.506 Y71.364 E7.86316
G1 X59.07 Y71.025 E7.91721
G1 X58.579 Y70.775 E7.97126
G1 X58.047 Y70.62 E8.02556
G1 X57.493 Y70.571 E8.08001
G1 X57.132 Y70.595 E8.11548
G1 X56.757 Y70.666 E8.15284
G1 X56.252 Y70.848 E8.20544
G1 X55.777 Y71.129 E8.25949
G1 X55.364 Y71.494 E8.31354
G1 X55.025 Y71.93 E8.36758
G1 X54.775 Y72.421 E8.42163
G1 X54.621 Y72.951 E8.47568
G1 X54.569 Y73.5 E8.52973
G1 X54.621 Y74.049 E8.58377
G1 X54.775 Y74.579 E8.63782
G1 X55.025 Y75.07 E8.69186
G1 X55.355 Y75.495 E8.74447
G1 X55.633 Y75.756 E8.78194
G1 X55.943 Y75.981 E8.81941
G1 X56.421 Y76.225 E8.87202
G1 X56.864 Y76.354 E8.91724
G1 X57.793 Y75.82 F7800
;TYPE:External perimeter
G1 F1800
G1 X57.495 Y75.839 E8.94654
G1 X57.062 Y75.798 E8.98915
G1 X56.639 Y75.675 E9.03228
G1 X56.251 Y75.477 E9.07489
G1 X56.01 Y75.302 E9.10418
G1 X55.792 Y75.097 E9.13347
G1 X55.525 Y74.753 E9.17608
G1 X55.325 Y74.361 E9.21922
G1 X55.202 Y73.938 E9.26235
G1 X55.161 Y73.5 E9.30548
G1 X55.202 Y73.062 E9.34862
G1 X55.325 Y72.639 E9.39175
G1 X55.525 Y72.247 E9.43489
G1 X55.795 Y71.899 E9.47802
G1 X56.125 Y71.608 E9.52115
G1 X56.504 Y71.384 E9.56429
G1 X56.913 Y71.236 E9.60689
G1 X57.207 Y71.18 E9.63615
G1 X57.486 Y71.162 E9.6636
G1 X57.937 Y71.202 E9.70798
G1 X58.361 Y71.325 E9.75121
G1 X58.753 Y71.525 E9.79435
G1 X59.101 Y71.795 E9.83748
G1 X59.393 Y72.126 E9.88071
G1 X59.621 Y72.517 E9.92509
G1 X59.724 Y72.778 E9.95254
G1 X59.798 Y73.067 E9.98179
G1 X59.839 Y73.5 E10.0244
G1 X59.798 Y73.938 E10.06754
G1 X59.675 Y74.361 E10.11067
G1 X59.475 Y74.753 E10.1538
G1 X59.205 Y75.101 E10.19694
G1 X58.875 Y75.392 E10.24007
G1 X58.496 Y75.616 E10.2832
G1 X58.087 Y75.764 E10.32581
G1 X57.881 Y75.803 E10.34629
G1 X57.68 Y76.096 F7800
G1 E7.34629 F2400
G92 E0
G1 X64.337 Y85.162 F7800
G1 E3 F2400
G1 X64.337 Y112.838 E5.71153
G1 X53.662 Y112.838 E6.75744
G1 X53.662 Y85.162 E9.46897
G1 X64.247 Y85.162 E10.50606
G1 X64.89 Y84.928 F7800
G1 X60.662 Y83.837
G1 F2400
G1 X105.338 Y83.837 E14.88321
G1 X105.338 Y66.837 E16.54883
G1 X113.663 Y66.837 E17.36449
G1 X113.663 Y83.837 E19.03011
G1 X147.338 Y83.837 E22.32951
G1 X147.338 Y66.837 E23.99513
G1 X157.663 Y66.837 E25.00675
G1 X157.663 Y125.163 E30.72129
G1 X135.663 Y125.163 E32.8768
G1 X135.663 Y143.163 E34.64039
G1 X52.337 Y143.163 E42.80438
G1 X52.337 Y66.837 E50.28251
G1 X60.662 Y66.837 E51.09818
G1 X60.662 Y83.747 E52.75498
G1 X60.753 Y84.431 F7800
G1 X60.368 Y84.5
;TYPE:Gap fill
;WIDTH:0.821683
G1 F1200
G1 X64.632 Y84.5 E53.27679
G1 E50.27679 F2400
G92 E0
G1 X59.897 Y80.667 F7800
G1 E3 F2400
;TYPE:Solid infill
;WIDTH:0.684463
G1 F1200
G1 X53.369 Y74.138 E3.91907
G1 X53.369 Y74.985 E4.00335
G1 X59.631 Y81.248 E4.88509
G1 X59.631 Y82.095 E4.96937
G1 X53.369 Y75.832 E5.85111
G1 X53.369 Y76.678 E5.93539
G1 X59.631 Y82.941 E6.81713
G1 X59.631 Y83.788 E6.90141
G1 X53.369 Y77.525 E7.78315
G1 X53.369 Y78.371 E7.86743
G1 X59.129 Y84.131 E8.67838
G1 X58.282 Y84.131 E8.76266
G1 X53.369 Y79.218 E9.45442
G1 X53.369 Y80.065 E9.5387
G1 X57.435 Y84.131 E10.11127
G1 X56.589 Y84.131 E10.19555
G1 X53.369 Y80.911 E10.64894
G1 X53.369 Y81.758 E10.73322
G1 X55.742 Y84.131 E11.06742
G1 X54.896 Y84.131 E11.1517
G1 X53.369 Y82.604 E11.36672
G1 X53.369 Y83.451 E11.45099
G1 X54.314 Y84.397 E11.58415
G1 X53 Y84.868 F7800
;TYPE:Gap fill
;WIDTH:0.821683
G1 F1200
G1 X53 Y113.132 E15.04286
G1 X53.103 Y141.203 F7800
;TYPE:Solid infill
;WIDTH:0.676345
G1 F1200
G1 X54.032 Y142.131 E15.17183
G1 X54.867 Y142.131 E15.25384
G1 X53.369 Y140.633 E15.46197
G1 X53.369 Y139.798 E15.54398
G1 X55.702 Y142.131 E15.86809
G1 X56.537 Y142.131 E15.9501
G1 X53.369 Y138.963 E16.39018
G1 X53.369 Y138.128 E16.47219
G1 X57.372 Y142.131 E17.02825
G1 X58.208 Y142.131 E17.11026
G1 X53.369 Y137.292 E17.7823
G1 X53.369 Y136.457 E17.86431
G1 X59.043 Y142.131 E18.65232
G1 X59.878 Y142.131 E18.73433
G1 X53.369 Y135.622 E19.63832
G1 X53.369 Y134.787 E19.72033
G1 X60.978 Y142.397 E20.77711
G1 X70.164 Y142.397 F7800
G1 F1200
G1 X60.834 Y133.066 E22.07291
G1 X60.875 Y133.5 E22.1157
G1 X60.836 Y133.904 E22.15556
G1 X69.064 Y142.131 E23.29816
G1 X68.229 Y142.131 E23.38017
G1 X60.683 Y134.586 E24.42809
G1 X60.638 Y134.742 E24.44409
G1 X60.424 Y135.162 E24.49032
G1 X67.394 Y142.131 E25.45827
G1 X66.559 Y142.131 E25.54027
G1 X60.087 Y135.66 E26.43901
G1 X59.793 Y135.973 E26.48121
G1 X59.665 Y136.073 E26.49715
G1 X65.723 Y142.131 E27.33857
G1 X64.888 Y142.131 E27.42058
G1 X59.174 Y136.417 E28.21413
G1 X58.742 Y136.638 E28.26174
G1 X58.601 Y136.679 E28.27624
G1 X64.053 Y142.131 E29.03349
G1 X63.218 Y142.131 E29.1155
G1 X57.921 Y136.835 E29.85109
G1 X57.5 Y136.875 E29.89267
G1 X57.087 Y136.836 E29.93338
G1 X62.383 Y142.131 E30.66886
G1 X61.548 Y142.131 E30.75087
G1 X53.369 Y133.952 E31.88681
G1 X53.369 Y133.117 E31.96882
G1 X54.164 Y133.913 E32.07935
G1 X54.125 Y133.5 E32.12007
G1 X54.165 Y133.079 E32.16165
G1 X53.369 Y132.282 E32.27229
G1 X53.369 Y131.447 E32.3543
G1 X54.321 Y132.399 E32.4866
G1 X54.362 Y132.258 E32.50109
G1 X54.583 Y131.826 E32.54872
G1 X53.369 Y130.612 E32.71731
G1 X53.369 Y129.777 E32.79932
G1 X54.927 Y131.335 E33.0158
G1 X55.04 Y131.19 E33.03386
G1 X55.347 Y130.92 E33.07401
G1 X53.369 Y128.941 E33.34873
G1 X53.369 Y128.106 E33.43073
G1 X55.84 Y130.578 E33.77403
G1 X56.063 Y130.447 E33.79944
G1 X56.417 Y130.319 E33.83633
G1 X53.369 Y127.271 E34.25964
G1 X53.369 Y126.436 E34.34164
G1 X57.087 Y130.155 E34.8581
G1 X57.498 Y130.128 E34.89854
G1 X57.934 Y130.167 E34.94153
G1 X53.369 Y125.601 E35.57561
G1 X53.369 Y124.766 E35.65762
G1 X70.734 Y142.131 E38.0693
G1 X71.569 Y142.131 E38.15131
G1 X53.369 Y123.931 E40.67897
G1 X53.369 Y123.096 E40.76098
G1 X72.404 Y142.131 E43.40462
G1 X73.239 Y142.131 E43.48662
G1 X53.369 Y122.261 E46.24624
G1 X53.369 Y121.426 E46.32824
G1 X74.074 Y142.131 E49.20383
G1 X74.91 Y142.131 E49.28584
G1 X53.369 Y120.59 E52.27741
G1 X53.369 Y119.755 E52.35942
G1 X75.745 Y142.131 E55.46696
G1 X76.58 Y142.131 E55.54897
G1 X53.369 Y118.92 E58.77249
G1 X53.369 Y118.085 E58.85449
G1 X77.415 Y142.131 E62.19399
G1 X78.25 Y142.131 E62.276
G1 X53.369 Y117.25 E65.73147
G1 X53.369 Y116.415 E65.81348
G1 X79.085 Y142.131 E69.38492
G1 X79.92 Y142.131 E69.46693
G1 X53.369 Y115.58 E73.15436
G1 X53.369 Y114.745 E73.23636
G1 X81.02 Y142.397 E77.07659
G1 X80.275 Y119.103 F7800
G1 F1200
G1 X91.803 Y130.631 E78.67758
G1 X90.968 Y130.631 E78.75959
G1 X79.705 Y119.369 E80.32376
G1 X78.87 Y119.369 E80.40577
G1 X90.133 Y130.631 E81.96995
G1 X89.298 Y130.631 E82.05195
G1 X78.035 Y119.369 E83.61613
G1 X77.2 Y119.369 E83.69814
G1 X88.463 Y130.631 E85.26231
G1 X87.627 Y130.631 E85.34432
G1 X76.364 Y119.369 E86.90849
G1 X75.529 Y119.369 E86.9905
G1 X86.792 Y130.631 E88.55468
G1 X85.957 Y130.631 E88.63669
G1 X74.694 Y119.369 E90.20086
G1 X73.859 Y119.369 E90.28287
G1 X85.122 Y130.631 E91.84704
G1 X84.287 Y130.631 E91.92905
G1 X73.024 Y119.369 E93.49323
G1 X72.189 Y119.369 E93.57523
G1 X83.452 Y130.631 E95.13941
G1 X82.617 Y130.631 E95.22142
G1 X65.369 Y113.383 E97.61682
G1 X65.369 Y113.869 E97.66448
G1 X65.019 Y113.869 E97.69883
G1 X81.782 Y130.631 E100.02683
G1 X80.947 Y130.631 E100.10884
G1 X64.184 Y113.869 E102.43684
G1 X63.349 Y113.869 E102.51884
G1 X80.112 Y130.631 E104.84684
G1 X79.631 Y130.631 E104.89399
G1 X79.631 Y130.987 E104.92885
G1 X62.513 Y113.869 E107.30616
G1 X61.678 Y113.869 E107.38817
G1 X79.631 Y131.822 E109.88145
G1 X79.631 Y132.657 E109.96346
G1 X60.843 Y113.869 E112.57272
G1 X60.008 Y113.869 E112.65473
G1 X79.631 Y133.492 E115.37996
G1 X79.631 Y134.327 E115.46197
G1 X59.173 Y113.869 E118.30319
G1 X58.338 Y113.869 E118.38519
G1 X79.631 Y135.162 E121.34238
G1 X79.631 Y135.997 E121.42439
G1 X57.503 Y113.869 E124.49756
G1 X56.668 Y113.869 E124.57956
G1 X79.631 Y136.832 E127.76871
G1 X79.631 Y137.667 E127.85071
G1 X55.833 Y113.869 E131.15583
G1 X54.998 Y113.869 E131.23784
G1 X79.631 Y138.502 E134.65894
G1 X79.631 Y139.338 E134.74094
G1 X54.162 Y113.869 E138.27802
G1 X53.369 Y113.869 E138.35598
G1 X53.369 Y113.91 E138.36002
G1 X79.631 Y140.173 E142.00736
G1 X79.631 Y140.869 E142.0757
G1 X80.327 Y140.869 E142.14404
G1 X81.59 Y142.131 E142.31943
G1 X82.425 Y142.131 E142.40144
G1 X81.162 Y140.869 E142.57684
G1 X81.998 Y140.869 E142.65885
G1 X83.261 Y142.131 E142.83424
G1 X84.096 Y142.131 E142.91625
G1 X82.833 Y140.869 E143.09165
G1 X83.668 Y140.869 E143.17366
G1 X84.931 Y142.131 E143.34905
G1 X85.766 Y142.131 E143.43106
G1 X84.503 Y140.869 E143.60646
G1 X85.338 Y140.869 E143.68847
G1 X86.601 Y142.131 E143.86386
G1 X87.436 Y142.131 E143.94587
G1 X86.173 Y140.869 E144.12127
G1 X87.008 Y140.869 E144.20328
G1 X88.271 Y142.131 E144.37867
G1 X89.106 Y142.131 E144.46068
G1 X87.843 Y140.869 E144.63608
G1 X88.678 Y140.869 E144.71809
G1 X89.941 Y142.131 E144.89348
G1 X90.776 Y142.131 E144.97549
G1 X89.513 Y140.869 E145.15089
G1 X90.349 Y140.869 E145.2329
G1 X91.612 Y142.131 E145.40829
G1 X92.447 Y142.131 E145.4903
G1 X91.184 Y140.869 E145.6657
G1 X92.019 Y140.869 E145.74771
G1 X93.282 Y142.131 E145.9231
G1 X94.117 Y142.131 E146.00511
G1 X92.369 Y140.383 E146.24791
G1 X92.369 Y139.548 E146.32992
G1 X94.952 Y142.131 E146.6887
G1 X95.787 Y142.131 E146.77071
G1 X92.369 Y138.713 E147.24546
G1 X92.369 Y137.878 E147.32747
G1 X96.622 Y142.131 E147.9182
G1 X97.457 Y142.131 E148.00021
G1 X92.369 Y137.043 E148.70692
G1 X92.369 Y136.208 E148.78892
G1 X98.292 Y142.131 E149.61161
G1 X99.127 Y142.131 E149.69362
G1 X92.369 Y135.373 E150.63228
G1 X92.369 Y134.537 E150.71428
G1 X99.963 Y142.131 E151.76892
G1 X100.798 Y142.131 E151.85093
G1 X92.369 Y133.702 E153.02154
G1 X92.369 Y132.867 E153.10355
G1 X101.633 Y142.131 E154.39014
G1 X102.468 Y142.131 E154.47215
G1 X92.369 Y132.032 E155.87472
G1 X92.369 Y131.197 E155.95672
G1 X103.303 Y142.131 E157.47527
G1 X104.138 Y142.131 E157.55727
G1 X81.375 Y119.369 E160.71854
G1 X82.21 Y119.369 E160.80055
G1 X104.973 Y142.131 E163.96181
G1 X105.808 Y142.131 E164.04382
G1 X83.045 Y119.369 E167.20508
G1 X83.88 Y119.369 E167.28709
G1 X106.643 Y142.131 E170.44836
G1 X107.478 Y142.131 E170.53037
G1 X84.715 Y119.369 E173.69163
G1 X85.551 Y119.369 E173.77364
G1 X108.314 Y142.131 E176.9349
G1 X109.149 Y142.131 E177.01691
G1 X86.386 Y119.369 E180.17818
G1 X87.221 Y119.369 E180.26018
G1 X109.984 Y142.131 E183.42145
G1 X110.819 Y142.131 E183.50346
G1 X88.056 Y119.369 E186.66472
G1 X88.891 Y119.369 E186.74673
G1 X111.654 Y142.131 E189.90799
G1 X112.489 Y142.131 E189.99
G1 X89.726 Y119.369 E193.15127
G1 X90.561 Y119.369 E193.23327
G1 X113.324 Y142.131 E196.39454
G1 X114.159 Y142.131 E196.47655
G1 X91.396 Y119.369 E199.63781
G1 X92.231 Y119.369 E199.71982
G1 X114.994 Y142.131 E202.88108
G1 X115.829 Y142.131 E202.96309
G1 X93.066 Y119.369 E206.12436
G1 X93.902 Y119.369 E206.20636
G1 X116.664 Y142.131 E209.36763
G1 X117.5 Y142.131 E209.44964
G1 X94.737 Y119.369 E212.6109
G1 X95.572 Y119.369 E212.69291
G1 X118.335 Y142.131 E215.85417
G1 X119.17 Y142.131 E215.93618
G1 X96.407 Y119.369 E219.09745
G1 X97.242 Y119.369 E219.17945
G1 X120.005 Y142.131 E222.34072
G1 X120.84 Y142.131 E222.42273
G1 X98.077 Y119.369 E225.58399
G1 X98.912 Y119.369 E225.666
G1 X121.675 Y142.131 E228.82726
G1 X122.51 Y142.131 E228.90927
G1 X99.747 Y119.369 E232.07054
G1 X100.582 Y119.369 E232.15254
G1 X123.345 Y142.131 E235.31381
G1 X124.18 Y142.131 E235.39582
G1 X101.417 Y119.369 E238.55708
G1 X102.253 Y119.369 E238.63909
G1 X125.015 Y142.131 E241.80035
G1 X125.851 Y142.131 E241.88236
G1 X103.088 Y119.369 E245.04363
G1 X103.923 Y119.369 E245.12563
G1 X126.686 Y142.131 E248.2869
G1 X127.521 Y142.131 E248.36891
G1 X104.758 Y119.369 E251.53017
G1 X105.369 Y119.369 E251.59014
G1 X105.369 Y119.144 E251.61218
G1 X128.356 Y142.131 E254.80461
G1 X129.191 Y142.131 E254.88662
G1 X105.369 Y118.309 E258.19502
G1 X105.369 Y117.474 E258.27703
G1 X130.026 Y142.131 E261.70141
G1 X130.861 Y142.131 E261.78342
G1 X105.369 Y116.639 E265.32378
G1 X105.369 Y115.804 E265.40578
G1 X131.696 Y142.131 E269.06212
G1 X132.531 Y142.131 E269.14413
G1 X105.369 Y114.969 E272.91644
G1 X105.369 Y114.134 E272.99844
G1 X133.366 Y142.131 E276.88673
G1 X134.202 Y142.131 E276.96874
G1 X105.369 Y113.298 E280.973
G1 X105.369 Y112.463 E281.05501
G1 X134.631 Y141.726 E285.11898
G1 X134.631 Y140.891 E285.20099
G1 X102.535 Y108.795 E289.65849
G1 X103.37 Y108.795 E289.7405
G1 X134.897 Y140.321 E294.11884
G1 E291.11884 F2400
G92 E0
G1 X156.551 Y124.397 F7800
G1 E3 F2400
G1 F1200
G1 X150.98 Y118.825 E3.7737
G1 X151.5 Y118.875 E3.82496
G1 X151.833 Y118.843 E3.85782
G1 X156.631 Y123.642 E4.52421
G1 X156.631 Y122.806 E4.60622
G1 X152.526 Y118.701 E5.17643
G1 X152.742 Y118.638 E5.19859
G1 X153.11 Y118.45 E5.23915
G1 X156.631 Y121.971 E5.72816
G1 X156.631 Y121.136 E5.81017
G1 X153.61 Y118.115 E6.22976
G1 X153.81 Y117.96 E6.25459
G1 X154.035 Y117.705 E6.28801
G1 X156.631 Y120.301 E6.64859
G1 X156.631 Y119.466 E6.73059
G1 X154.39 Y117.225 E7.04185
G1 X154.453 Y117.125 E7.0534
G1 X154.659 Y116.659 E7.10349
G1 X156.631 Y118.631 E7.37737
G1 X156.631 Y117.796 E7.45938
G1 X154.828 Y115.992 E7.70983
G1 X154.875 Y115.5 E7.75841
G1 X154.844 Y115.173 E7.79066
G1 X156.897 Y117.226 E8.07576
G1 X156.897 Y108.04 F7800
G1 F1200
G1 X156.508 Y107.651 E8.12973
G1 X156.09 Y108.069 E8.18772
G1 X156.631 Y108.61 E8.26286
G1 X156.631 Y109.445 E8.34486
G1 X155.673 Y108.486 E8.47799
G1 X155.365 Y108.795 E8.5208
G1 X155.146 Y108.795 E8.54227
G1 X156.631 Y110.28 E8.74856
G1 X156.631 Y111.115 E8.83056
G1 X154.311 Y108.795 E9.15283
G1 X153.476 Y108.795 E9.23484
G1 X156.631 Y111.95 E9.67308
G1 X156.631 Y112.785 E9.75509
G1 X152.641 Y108.795 E10.30931
G1 X151.806 Y108.795 E10.39132
G1 X156.631 Y113.62 E11.06152
G1 X156.631 Y114.455 E11.14353
G1 X150.971 Y108.795 E11.9297
G1 X150.135 Y108.795 E12.01171
G1 X156.631 Y115.291 E12.91386
G1 X156.631 Y116.126 E12.99586
G1 X149.3 Y108.795 E14.01399
G1 X148.465 Y108.795 E14.096
G1 X151.828 Y112.157 E14.56302
G1 X151.498 Y112.128 E14.59554
G1 X151.005 Y112.169 E14.64416
G1 X147.63 Y108.795 E15.11283
G1 X146.795 Y108.795 E15.19483
G1 X150.345 Y112.345 E15.6879
G1 X150.063 Y112.447 E15.71736
G1 X149.78 Y112.614 E15.74971
G1 X145.96 Y108.795 E16.28017
G1 X145.125 Y108.795 E16.36218
G1 X149.295 Y112.965 E16.94135
G1 X149.04 Y113.19 E16.97476
G1 X148.885 Y113.39 E16.9996
G1 X144.29 Y108.795 E17.63777
G1 X143.455 Y108.795 E17.71978
G1 X148.55 Y113.89 E18.42738
G1 X148.362 Y114.258 E18.46794
G1 X148.299 Y114.474 E18.4901
G1 X146.369 Y112.543 E18.75825
G1 X146.369 Y113.379 E18.84026
G1 X148.157 Y115.167 E19.08863
G1 X148.125 Y115.5 E19.12148
G1 X148.175 Y116.02 E19.17274
G1 X146.369 Y114.214 E19.42355
G1 X146.369 Y115.049 E19.50556
G1 X155.451 Y124.131 E20.76694
G1 X154.616 Y124.131 E20.84895
G1 X146.369 Y115.884 E21.99436
G1 X146.369 Y116.719 E22.07636
G1 X153.781 Y124.131 E23.10579
G1 X152.946 Y124.131 E23.1878
G1 X146.369 Y117.554 E24.10126
G1 X146.369 Y118.389 E24.18326
G1 X152.111 Y124.131 E24.98074
G1 X151.276 Y124.131 E25.06275
G1 X146.369 Y119.224 E25.74425
G1 X146.369 Y119.369 E25.75841
G1 X145.678 Y119.369 E25.82626
G1 X150.441 Y124.131 E26.48773
G1 X149.606 Y124.131 E26.56973
G1 X144.843 Y119.369 E27.23121
G1 X144.007 Y119.369 E27.31321
G1 X148.77 Y124.131 E27.97468
G1 X147.935 Y124.131 E28.05669
G1 X143.172 Y119.369 E28.71816
G1 X142.337 Y119.369 E28.80017
G1 X147.1 Y124.131 E29.46164
G1 X146.265 Y124.131 E29.54365
G1 X141.502 Y119.369 E30.20512
G1 X140.667 Y119.369 E30.28713
G1 X145.43 Y124.131 E30.9486
G1 X144.595 Y124.131 E31.0306
G1 X139.832 Y119.369 E31.69207
G1 X138.997 Y119.369 E31.77408
G1 X143.76 Y124.131 E32.43555
G1 X142.925 Y124.131 E32.51756
G1 X138.162 Y119.369 E33.17903
G1 X137.327 Y119.369 E33.26104
G1 X142.09 Y124.131 E33.92251
G1 X141.255 Y124.131 E34.00452
G1 X136.492 Y119.369 E34.66599
G1 X135.656 Y119.369 E34.748
G1 X140.419 Y124.131 E35.40947
G1 X139.584 Y124.131 E35.49148
G1 X134.821 Y119.369 E36.15295
G1 X133.986 Y119.369 E36.23495
G1 X138.749 Y124.131 E36.89643
G1 X137.914 Y124.131 E36.97843
G1 X133.151 Y119.369 E37.6399
G1 X132.316 Y119.369 E37.72191
G1 X137.079 Y124.131 E38.38338
G1 X136.244 Y124.131 E38.46539
G1 X131.481 Y119.369 E39.12686
G1 X130.646 Y119.369 E39.20887
G1 X135.409 Y124.131 E39.87034
G1 X134.631 Y124.131 E39.94668
G1 X134.631 Y124.189 E39.95235
G1 X129.811 Y119.369 E40.62184
G1 X128.976 Y119.369 E40.70385
G1 X134.631 Y125.024 E41.48931
G1 X134.631 Y125.859 E41.57132
G1 X128.141 Y119.369 E42.47276
G1 X127.305 Y119.369 E42.55477
G1 X134.631 Y126.695 E43.57219
G1 X134.631 Y127.53 E43.6542
G1 X126.47 Y119.369 E44.7876
G1 X125.635 Y119.369 E44.8696
G1 X134.631 Y128.365 E46.11898
G1 X134.631 Y129.2 E46.20098
G1 X124.8 Y119.369 E47.56633
G1 X123.965 Y119.369 E47.64834
G1 X134.631 Y130.035 E49.12967
G1 X134.631 Y130.87 E49.21167
G1 X123.13 Y119.369 E50.80898
G1 X122.295 Y119.369 E50.89098
G1 X134.631 Y131.705 E52.60426
G1 X134.631 Y132.54 E52.68627
G1 X121.46 Y119.369 E54.51552
G1 X120.625 Y119.369 E54.59753
G1 X134.631 Y133.375 E56.54276
G1 X134.631 Y134.21 E56.62477
G1 X119.79 Y119.369 E58.68598
G1 X118.954 Y119.369 E58.76799
G1 X134.631 Y135.046 E60.94517
G1 X134.631 Y135.881 E61.02718
G1 X118.119 Y119.369 E63.32034
G1 X117.284 Y119.369 E63.40235
G1 X134.631 Y136.716 E65.81148
G1 X134.631 Y137.551 E65.89349
G1 X116.449 Y119.369 E68.4186
G1 X115.614 Y119.369 E68.50061
G1 X134.631 Y138.386 E71.1417
G1 X134.631 Y139.221 E71.22371
G1 X104.205 Y108.795 E75.44926
G1 X105.04 Y108.795 E75.53127
G1 X114.631 Y118.386 E76.86329
G1 X114.631 Y117.551 E76.9453
G1 X105.875 Y108.795 E78.16134
G1 X106.71 Y108.795 E78.24335
G1 X114.631 Y116.716 E79.34342
G1 X114.631 Y115.881 E79.42543
G1 X107.545 Y108.795 E80.40953
G1 X108.381 Y108.795 E80.49153
G1 X114.631 Y115.046 E81.35965
G1 X114.631 Y114.21 E81.44166
G1 X109.216 Y108.795 E82.1938
G1 X109.365 Y108.795 E82.20843
G1 X109.708 Y108.452 E82.25607
G1 X114.631 Y113.375 E82.93988
G1 X114.631 Y112.54 E83.02189
G1 X110.125 Y108.034 E83.64771
G1 X110.543 Y107.616 E83.70569
G1 X114.631 Y111.705 E84.27352
G1 X114.631 Y111.631 E84.28075
G1 X115.393 Y111.631 E84.35553
G1 X110.96 Y107.199 E84.97112
G1 X111 Y107.159 E84.97663
G1 X112.635 Y108.795 E85.20375
G1 X113.391 Y108.795 E85.27796
G1 X116.228 Y111.631 E85.67195
G1 X117.063 Y111.631 E85.75396
G1 X114.226 Y108.795 E86.14794
G1 X115.061 Y108.795 E86.22995
G1 X117.898 Y111.631 E86.62394
G1 X118.733 Y111.631 E86.70595
G1 X115.896 Y108.795 E87.09993
G1 X116.732 Y108.795 E87.18194
G1 X119.568 Y111.631 E87.57593
G1 X120.404 Y111.631 E87.65794
G1 X117.567 Y108.795 E88.05192
G1 X118.402 Y108.795 E88.13393
G1 X121.239 Y111.631 E88.52792
G1 X122.074 Y111.631 E88.60992
G1 X119.237 Y108.795 E89.00391
G1 X120.072 Y108.795 E89.08592
G1 X122.909 Y111.631 E89.47991
G1 X123.744 Y111.631 E89.56191
G1 X120.907 Y108.795 E89.9559
G1 X121.742 Y108.795 E90.03791
G1 X124.579 Y111.631 E90.43189
G1 X125.414 Y111.631 E90.5139
G1 X122.577 Y108.795 E90.90789
G1 X123.412 Y108.795 E90.9899
G1 X126.249 Y111.631 E91.38388
G1 X127.084 Y111.631 E91.46589
G1 X124.247 Y108.795 E91.85988
G1 X125.083 Y108.795 E91.94189
G1 X127.919 Y111.631 E92.33587
G1 X128.755 Y111.631 E92.41788
G1 X125.918 Y108.795 E92.81187
G1 X126.753 Y108.795 E92.89387
G1 X129.59 Y111.631 E93.28786
G1 X130.425 Y111.631 E93.36987
G1 X127.588 Y108.795 E93.76386
G1 X128.423 Y108.795 E93.84586
G1 X131.26 Y111.631 E94.23985
G1 X132.095 Y111.631 E94.32186
G1 X129.258 Y108.795 E94.71584
G1 X130.093 Y108.795 E94.79785
G1 X132.93 Y111.631 E95.19184
G1 X133.765 Y111.631 E95.27385
G1 X130.928 Y108.795 E95.66783
G1 X131.763 Y108.795 E95.74984
G1 X134.6 Y111.631 E96.14383
G1 X135.435 Y111.631 E96.22584
G1 X132.598 Y108.795 E96.61982
G1 X133.433 Y108.795 E96.70183
G1 X136.27 Y111.631 E97.09582
G1 X137.106 Y111.631 E97.17782
G1 X134.269 Y108.795 E97.57181
G1 X135.104 Y108.795 E97.65382
G1 X137.941 Y111.631 E98.04781
G1 X138.776 Y111.631 E98.12981
G1 X135.939 Y108.795 E98.5238
G1 X136.774 Y108.795 E98.60581
G1 X139.611 Y111.631 E98.99979
G1 X140.446 Y111.631 E99.0818
G1 X137.609 Y108.795 E99.47579
G1 X138.444 Y108.795 E99.5578
G1 X141.281 Y111.631 E99.95178
G1 X142.116 Y111.631 E100.03379
G1 X139.279 Y108.795 E100.42778
G1 X140.114 Y108.795 E100.50979
G1 X142.951 Y111.631 E100.90377
G1 X143.786 Y111.631 E100.98578
G1 X140.949 Y108.795 E101.37977
G1 X141.784 Y108.795 E101.46177
G1 X144.621 Y111.631 E101.85576
G1 X145.457 Y111.631 E101.93777
G1 X142.354 Y108.529 E102.36858
G1 E99.36858 F2400
G92 E0
G1 X156.897 Y68.801 F7800
G1 E3 F2400
;WIDTH:0.678129
G1 F1200
G1 X155.964 Y67.869 E3.12989
G1 X155.127 Y67.869 E3.21239
G1 X156.631 Y69.373 E3.42203
G1 X156.631 Y70.211 E3.50454
G1 X154.289 Y67.869 E3.83085
G1 X153.451 Y67.869 E3.91335
G1 X156.631 Y71.049 E4.35635
G1 X156.631 Y71.886 E4.43885
G1 X152.614 Y67.869 E4.99853
G1 X151.776 Y67.869 E5.08103
G1 X156.631 Y72.724 E5.75738
G1 X156.631 Y73.562 E5.83988
G1 X150.938 Y67.869 E6.63291
G1 X150.101 Y67.869 E6.71542
G1 X152.534 Y70.302 E7.05438
G1 X152.129 Y70.184 E7.09598
G1 X151.525 Y70.13 E7.15565
G1 X149.263 Y67.869 E7.47074
G1 X148.426 Y67.869 E7.55324
G1 X150.771 Y70.214 E7.87994
G1 X150.64 Y70.239 E7.89302
G1 X150.139 Y70.419 E7.94554
G1 X148.369 Y68.649 E8.19213
G1 X148.369 Y69.487 E8.27463
G1 X149.601 Y70.72 E8.44637
G1 X149.516 Y70.77 E8.45609
G1 X149.143 Y71.099 E8.50511
G1 X148.103 Y70.059 E8.64994
G1 X148.221 Y71.881 F7800
;TYPE:Gap fill
;WIDTH:0.310226
G1 F1200
G1 X148.846 Y71.66 E8.67467
G1 X148.503 Y71.542 F7800
;WIDTH:0.380566
G1 F1200
G1 X148.363 Y72.273 E8.71111
;WIDTH:0.370147
G1 X148.342 Y72.424 E8.71836
;WIDTH:0.326931
G1 X148.32 Y72.576 E8.72451
;WIDTH:0.283715
G1 X148.299 Y72.728 E8.72955
;WIDTH:0.240499
G1 X148.277 Y72.88 E8.7335
;WIDTH:0.197283
G1 X148.276 Y72.89 E8.73369
;WIDTH:0.195315
G1 X148.26 Y73.233 E8.73993
G1 X148.26 Y73.767 F7800
;WIDTH:0.195319
G1 F1200
G1 X148.276 Y74.11 E8.74617
;WIDTH:0.197289
G1 X148.277 Y74.12 E8.74636
;WIDTH:0.240506
G1 X148.299 Y74.272 E8.75031
;WIDTH:0.283721
G1 X148.32 Y74.424 E8.75536
;WIDTH:0.326937
G1 X148.342 Y74.576 E8.7615
;WIDTH:0.370153
G1 X148.363 Y74.727 E8.76875
;WIDTH:0.380569
G1 X148.503 Y75.458 E8.80519
G1 X148.846 Y75.34 F7800
;WIDTH:0.310251
G1 F1200
G1 X148.221 Y75.119 E8.82992
G1 X148.103 Y79.273 F7800
;TYPE:Solid infill
;WIDTH:0.678129
G1 F1200
G1 X149.036 Y80.205 E8.9598
G1 X149.873 Y80.205 E9.0423
G1 X148.369 Y78.701 E9.25192
G1 X148.369 Y77.863 E9.33443
G1 X150.711 Y80.205 E9.66073
G1 X151.549 Y80.205 E9.74323
G1 X148.369 Y77.025 E10.18621
G1 X148.369 Y76.188 E10.26871
G1 X152.386 Y80.205 E10.82837
G1 X153.224 Y80.205 E10.91087
G1 X149.065 Y76.047 E11.49017
G1 X149.123 Y75.883 E11.50725
G1 X149.516 Y76.23 E11.55892
G1 X150.063 Y76.553 E11.62148
G1 X150.604 Y76.748 E11.67814
G1 X154.061 Y80.205 E12.15971
G1 X154.899 Y80.205 E12.24221
G1 X151.562 Y76.869 E12.70701
G1 X152.132 Y76.815 E12.7634
G1 X152.298 Y76.767 E12.78039
G1 X156.631 Y81.1 E13.38403
G1 X156.631 Y80.263 E13.46653
G1 X152.917 Y76.548 E13.9839
G1 X153.308 Y76.349 E14.02711
G1 X153.448 Y76.241 E14.04449
G1 X156.631 Y79.425 E14.48799
G1 X156.631 Y78.587 E14.57049
G1 X153.901 Y75.857 E14.95084
G1 X154.216 Y75.5 E14.99772
G1 X154.28 Y75.398 E15.00955
G1 X156.631 Y77.75 E15.33709
G1 X156.631 Y76.912 E15.41959
G1 X154.579 Y74.859 E15.70552
G1 X154.644 Y74.721 E15.72053
G1 X154.787 Y74.23 E15.77099
G1 X156.631 Y76.074 E16.02798
G1 X156.631 Y75.237 E16.11048
G1 X154.873 Y73.478 E16.3555
G1 X154.815 Y72.868 E16.41587
G1 X154.698 Y72.466 E16.45709
G1 X156.897 Y74.664 E16.76333
G1 X156.9 Y82.525 F7800
;TYPE:Top solid infill
;WIDTH:0.605013
G1 F1200
G1 X155.133 Y80.757 E16.97919
G1 X154.398 Y80.757 E17.04258
G1 X156.669 Y83.028 E17.31983
G1 X156.669 Y83.762 E17.38323
G1 X153.664 Y80.757 E17.75013
G1 X152.93 Y80.757 E17.81352
G1 X156.669 Y84.496 E18.27007
G1 X156.669 Y85.23 E18.33346
G1 X152.196 Y80.757 E18.87966
G1 X151.461 Y80.757 E18.94306
G1 X156.669 Y85.965 E19.57891
G1 X156.669 Y86.699 E19.6423
G1 X150.727 Y80.757 E20.3678
G1 X149.993 Y80.757 E20.43119
G1 X156.669 Y87.433 E21.24634
G1 X156.669 Y88.167 E21.30973
G1 X149.259 Y80.757 E22.21453
G1 X148.525 Y80.757 E22.27792
G1 X156.669 Y88.902 E23.27237
G1 X156.669 Y89.636 E23.33576
G1 X148.331 Y81.298 E24.35384
G1 X148.331 Y82.032 E24.41723
G1 X156.669 Y90.37 E25.43531
G1 X156.669 Y91.104 E25.4987
G1 X148.331 Y82.766 E26.51678
G1 X148.331 Y83.5 E26.58017
G1 X156.669 Y91.838 E27.59825
G1 X156.669 Y92.573 E27.66164
G1 X148.331 Y84.235 E28.67972
G1 X148.331 Y84.831 E28.7312
G1 X148.193 Y84.831 E28.74311
G1 X156.669 Y93.307 E29.77802
G1 X156.669 Y94.041 E29.84141
G1 X147.459 Y84.831 E30.96597
G1 X146.725 Y84.831 E31.02936
G1 X156.669 Y94.775 E32.24358
G1 X156.669 Y95.51 E32.30697
G1 X145.99 Y84.831 E33.61083
G1 X145.256 Y84.831 E33.67422
G1 X156.669 Y96.244 E35.06773
G1 X156.669 Y96.978 E35.13112
G1 X144.522 Y84.831 E36.61428
G1 X143.788 Y84.831 E36.67767
G1 X156.669 Y97.712 E38.25048
G1 X156.669 Y98.446 E38.31387
G1 X143.054 Y84.831 E39.97633
G1 X142.319 Y84.831 E40.03972
G1 X156.669 Y99.181 E41.79182
G1 X156.669 Y99.915 E41.85521
G1 X141.585 Y84.831 E43.69697
G1 X140.851 Y84.831 E43.76036
G1 X156.669 Y100.649 E45.69177
G1 X156.669 Y101.383 E45.75516
G1 X140.117 Y84.831 E47.77621
G1 X139.383 Y84.831 E47.8396
G1 X156.669 Y102.117 E49.95031
G1 X156.669 Y102.852 E50.0137
G1 X138.648 Y84.831 E52.21405
G1 X137.914 Y84.831 E52.27744
G1 X156.669 Y103.586 E54.56744
G1 X156.669 Y104.32 E54.63083
G1 X137.18 Y84.831 E57.01049
G1 X136.446 Y84.831 E57.07388
G1 X156.669 Y105.054 E59.54318
G1 X156.669 Y105.789 E59.60657
G1 X135.711 Y84.831 E62.16552
G1 X134.977 Y84.831 E62.22891
G1 X156.669 Y106.523 E64.87751
G1 X156.669 Y106.71 E64.89367
G1 X156.396 Y106.984 E64.92707
G1 X134.243 Y84.831 E67.63192
G1 X133.509 Y84.831 E67.69531
G1 X156.028 Y107.351 E70.44499
G1 X155.661 Y107.718 E70.48981
G1 X132.775 Y84.831 E73.28432
G1 X132.04 Y84.831 E73.34771
G1 X155.294 Y108.085 E76.18704
G1 X155.136 Y108.243 E76.20633
G1 X154.718 Y108.243 E76.24244
G1 X131.306 Y84.831 E79.10106
G1 X130.572 Y84.831 E79.16445
G1 X153.984 Y108.243 E82.02307
G1 X153.25 Y108.243 E82.08646
G1 X129.838 Y84.831 E84.94509
G1 X129.103 Y84.831 E85.00848
G1 X152.515 Y108.243 E87.8671
G1 X151.781 Y108.243 E87.93049
G1 X128.369 Y84.831 E90.78911
G1 X127.635 Y84.831 E90.85251
G1 X151.047 Y108.243 E93.71113
G1 X150.313 Y108.243 E93.77452
G1 X126.901 Y84.831 E96.63314
G1 X126.167 Y84.831 E96.69653
G1 X149.578 Y108.243 E99.55516
G1 X148.844 Y108.243 E99.61855
G1 X125.432 Y84.831 E102.47717
G1 X124.698 Y84.831 E102.54056
G1 X148.11 Y108.243 E105.39919
G1 X147.376 Y108.243 E105.46258
G1 X123.964 Y84.831 E108.3212
G1 X123.23 Y84.831 E108.38459
G1 X146.642 Y108.243 E111.24321
G1 X145.907 Y108.243 E111.30661
G1 X122.495 Y84.831 E114.16523
G1 X121.761 Y84.831 E114.22862
G1 X145.173 Y108.243 E117.08724
G1 X144.439 Y108.243 E117.15063
G1 X121.027 Y84.831 E120.00926
G1 X120.293 Y84.831 E120.07265
G1 X143.705 Y108.243 E122.93127
G1 X142.97 Y108.243 E122.99466
G1 X119.559 Y84.831 E125.85329
G1 X118.824 Y84.831 E125.91668
G1 X142.236 Y108.243 E128.7753
G1 X141.502 Y108.243 E128.83869
G1 X118.09 Y84.831 E131.69731
G1 X117.356 Y84.831 E131.76071
G1 X140.768 Y108.243 E134.61933
G1 X140.034 Y108.243 E134.68272
G1 X116.622 Y84.831 E137.54134
G1 X115.887 Y84.831 E137.60473
G1 X139.299 Y108.243 E140.46336
G1 X138.565 Y108.243 E140.52675
G1 X115.153 Y84.831 E143.38537
G1 X114.419 Y84.831 E143.44876
G1 X137.831 Y108.243 E146.30739
G1 X137.097 Y108.243 E146.37078
G1 X113.453 Y84.6 E149.25765
G1 X112.9 Y82.578 F7800
G1 F1200
G1 X112.509 Y82.186 E149.30549
G1 X112.141 Y82.553 E149.35032
G1 X112.669 Y83.081 E149.41473
G1 X112.669 Y83.815 E149.47812
G1 X111.774 Y82.921 E149.58736
G1 X111.407 Y83.288 E149.63218
G1 X136.362 Y108.243 E152.67925
G1 X135.628 Y108.243 E152.74264
G1 X111.257 Y83.872 E155.7184
G1 X111.257 Y84.606 E155.78179
G1 X134.894 Y108.243 E158.66789
G1 X134.16 Y108.243 E158.73128
G1 X111.257 Y85.34 E161.52773
G1 X111.257 Y86.074 E161.59112
G1 X133.426 Y108.243 E164.29793
G1 X132.691 Y108.243 E164.36132
G1 X111.257 Y86.809 E166.97847
G1 X111.257 Y87.543 E167.04186
G1 X131.957 Y108.243 E169.56937
G1 X131.223 Y108.243 E169.63276
G1 X111.257 Y88.277 E172.07061
G1 X111.257 Y89.011 E172.13401
G1 X130.489 Y108.243 E174.48221
G1 X129.754 Y108.243 E174.5456
G1 X111.257 Y89.745 E176.80416
G1 X111.257 Y90.48 E176.86755
G1 X129.02 Y108.243 E179.03646
G1 X128.286 Y108.243 E179.09985
G1 X111.257 Y91.214 E181.17911
G1 X111.257 Y91.948 E181.2425
G1 X127.552 Y108.243 E183.23211
G1 X126.818 Y108.243 E183.2955
G1 X111.257 Y92.682 E185.19546
G1 X111.257 Y93.417 E185.25885
G1 X126.083 Y108.243 E187.06916
G1 X125.349 Y108.243 E187.13255
G1 X111.257 Y94.151 E188.85322
G1 X111.257 Y94.885 E188.91661
G1 X124.615 Y108.243 E190.54762
G1 X123.881 Y108.243 E190.61101
G1 X111.257 Y95.619 E192.15237
G1 X111.257 Y96.353 E192.21576
G1 X123.147 Y108.243 E193.66748
G1 X122.412 Y108.243 E193.73087
G1 X111.257 Y97.088 E195.09293
G1 X111.257 Y97.822 E195.15632
G1 X121.678 Y108.243 E196.42874
G1 X120.944 Y108.243 E196.49213
G1 X111.257 Y98.556 E197.6749
G1 X111.257 Y99.29 E197.73829
G1 X120.21 Y108.243 E198.8314
G1 X119.475 Y108.243 E198.8948
G1 X111.257 Y100.025 E199.89826
G1 X111.257 Y100.759 E199.96165
G1 X118.741 Y108.243 E200.87547
G1 X118.007 Y108.243 E200.93886
G1 X111.257 Y101.493 E201.76303
G1 X111.257 Y102.227 E201.82642
G1 X117.273 Y108.243 E202.56094
G1 X116.539 Y108.243 E202.62433
G1 X111.257 Y102.961 E203.2692
G1 X111.257 Y103.696 E203.3326
G1 X115.804 Y108.243 E203.88782
G1 X115.07 Y108.243 E203.95121
G1 X111.257 Y104.43 E204.41678
G1 X111.257 Y105.164 E204.48017
G1 X114.336 Y108.243 E204.85609
G1 X113.602 Y108.243 E204.91948
G1 X111.257 Y105.898 E205.20576
G1 X111.257 Y106.633 E205.26915
G1 X113.099 Y108.474 E205.49402
G1 X104.802 Y111.897 F7800
;TYPE:Solid infill
;WIDTH:0.676345
G1 F1200
G1 X101.7 Y108.795 E205.92483
G1 X100.865 Y108.795 E206.00684
G1 X103.702 Y111.631 E206.40082
G1 X102.866 Y111.631 E206.48283
G1 X100.03 Y108.795 E206.87682
G1 X99.194 Y108.795 E206.95883
G1 X102.031 Y111.631 E207.35281
G1 X101.196 Y111.631 E207.43482
G1 X98.359 Y108.795 E207.82881
G1 X97.524 Y108.795 E207.91082
G1 X100.361 Y111.631 E208.3048
G1 X99.526 Y111.631 E208.38681
G1 X96.689 Y108.795 E208.7808
G1 X95.854 Y108.795 E208.8628
G1 X98.691 Y111.631 E209.25679
G1 X97.856 Y111.631 E209.3388
G1 X95.019 Y108.795 E209.73279
G1 X94.184 Y108.795 E209.81479
G1 X97.021 Y111.631 E210.20878
G1 X96.186 Y111.631 E210.29079
G1 X93.349 Y108.795 E210.68477
G1 X92.514 Y108.795 E210.76678
G1 X95.351 Y111.631 E211.16077
G1 X94.515 Y111.631 E211.24278
G1 X91.679 Y108.795 E211.63676
G1 X90.843 Y108.795 E211.71877
G1 X93.68 Y111.631 E212.11276
G1 X92.845 Y111.631 E212.19477
G1 X90.008 Y108.795 E212.58875
G1 X89.173 Y108.795 E212.67076
G1 X92.01 Y111.631 E213.06475
G1 X91.175 Y111.631 E213.14675
G1 X88.338 Y108.795 E213.54074
G1 X87.503 Y108.795 E213.62275
G1 X90.34 Y111.631 E214.01674
G1 X89.505 Y111.631 E214.09874
G1 X86.668 Y108.795 E214.49273
G1 X85.833 Y108.795 E214.57474
G1 X88.67 Y111.631 E214.96872
G1 X87.835 Y111.631 E215.05073
G1 X84.998 Y108.795 E215.44472
G1 X84.163 Y108.795 E215.52673
G1 X87 Y111.631 E215.92071
G1 X86.165 Y111.631 E216.00272
G1 X83.328 Y108.795 E216.39671
G1 X82.492 Y108.795 E216.47871
G1 X85.329 Y111.631 E216.8727
G1 X84.494 Y111.631 E216.95471
G1 X81.657 Y108.795 E217.3487
G1 X80.822 Y108.795 E217.4307
G1 X83.659 Y111.631 E217.82469
G1 X82.824 Y111.631 E217.9067
G1 X79.987 Y108.795 E218.30068
G1 X79.152 Y108.795 E218.38269
G1 X81.989 Y111.631 E218.77668
G1 X81.154 Y111.631 E218.85869
G1 X78.317 Y108.795 E219.25267
G1 X77.482 Y108.795 E219.33468
G1 X80.319 Y111.631 E219.72867
G1 X79.484 Y111.631 E219.81068
G1 X76.647 Y108.795 E220.20466
G1 X75.812 Y108.795 E220.28667
G1 X78.649 Y111.631 E220.68066
G1 X77.814 Y111.631 E220.76266
G1 X74.977 Y108.795 E221.15665
G1 X74.141 Y108.795 E221.23866
G1 X76.978 Y111.631 E221.63264
G1 X76.143 Y111.631 E221.71465
G1 X73.306 Y108.795 E222.10864
G1 X72.471 Y108.795 E222.19065
G1 X75.308 Y111.631 E222.58463
G1 X74.473 Y111.631 E222.66664
G1 X71.636 Y108.795 E223.06063
G1 X70.801 Y108.795 E223.14264
G1 X73.638 Y111.631 E223.53662
G1 X72.803 Y111.631 E223.61863
G1 X69.966 Y108.795 E224.01262
G1 X69.131 Y108.795 E224.09462
G1 X71.968 Y111.631 E224.48861
G1 X71.631 Y111.631 E224.52164
G1 X71.631 Y112.13 E224.57062
G1 X68.296 Y108.795 E225.03387
G1 X67.461 Y108.795 E225.11588
G1 X71.631 Y112.965 E225.69511
G1 X71.631 Y113.8 E225.77712
G1 X65.369 Y107.537 E226.6469
G1 X65.369 Y108.373 E226.72891
G1 X71.631 Y114.636 E227.5987
G1 X71.631 Y115.471 E227.6807
G1 X65.369 Y109.208 E228.55049
G1 X65.369 Y110.043 E228.6325
G1 X71.631 Y116.306 E229.50228
G1 X71.631 Y117.141 E229.58429
G1 X65.369 Y110.878 E230.45408
G1 X65.369 Y111.713 E230.53609
G1 X71.631 Y117.976 E231.40587
G1 X71.631 Y118.811 E231.48788
G1 X65.103 Y112.283 E232.39449
G1 X67.099 Y108.474 F7800
;TYPE:Top solid infill
;WIDTH:0.605013
G1 F1200
G1 X65.331 Y106.706 E232.61034
G1 X65.331 Y105.972 E232.67373
G1 X67.602 Y108.243 E232.95098
G1 X68.336 Y108.243 E233.01437
G1 X65.331 Y105.238 E233.38127
G1 X65.331 Y104.504 E233.44466
G1 X69.07 Y108.243 E233.90121
G1 X69.804 Y108.243 E233.9646
G1 X65.331 Y103.77 E234.51079
G1 X65.331 Y103.035 E234.57418
G1 X70.539 Y108.243 E235.21003
G1 X71.273 Y108.243 E235.27342
G1 X65.331 Y102.301 E235.99892
G1 X65.331 Y101.567 E236.06231
G1 X72.007 Y108.243 E236.87745
G1 X72.741 Y108.243 E236.94084
G1 X65.331 Y100.833 E237.84564
G1 X65.331 Y100.098 E237.90903
G1 X73.475 Y108.243 E238.90347
G1 X74.21 Y108.243 E238.96686
G1 X65.331 Y99.364 E240.05096
G1 X65.331 Y98.63 E240.11435
G1 X74.944 Y108.243 E241.28809
G1 X75.678 Y108.243 E241.35148
G1 X65.331 Y97.896 E242.61487
G1 X65.331 Y97.162 E242.67826
G1 X76.412 Y108.243 E244.0313
G1 X77.147 Y108.243 E244.09469
G1 X65.331 Y96.427 E245.53738
G1 X65.331 Y95.693 E245.60077
G1 X77.881 Y108.243 E247.13311
G1 X78.615 Y108.243 E247.1965
G1 X65.331 Y94.959 E248.81849
G1 X65.331 Y94.225 E248.88188
G1 X79.349 Y108.243 E250.59352
G1 X80.083 Y108.243 E250.65691
G1 X65.331 Y93.491 E252.4582
G1 X65.331 Y92.756 E252.52159
G1 X80.818 Y108.243 E254.41252
G1 X81.552 Y108.243 E254.47591
G1 X65.331 Y92.022 E256.4565
G1 X65.331 Y91.288 E256.51989
G1 X82.286 Y108.243 E258.59012
G1 X83.02 Y108.243 E258.65351
G1 X65.331 Y90.554 E260.8134
G1 X65.331 Y89.819 E260.87679
G1 X83.754 Y108.243 E263.12632
G1 X84.489 Y108.243 E263.18971
G1 X65.331 Y89.085 E265.52889
G1 X65.331 Y88.351 E265.59228
G1 X85.223 Y108.243 E268.02111
G1 X85.957 Y108.243 E268.08451
G1 X65.331 Y87.617 E270.60298
G1 X65.331 Y86.883 E270.66638
G1 X86.691 Y108.243 E273.27451
G1 X87.426 Y108.243 E273.3379
G1 X65.331 Y86.148 E276.03567
G1 X65.331 Y85.414 E276.09907
G1 X88.16 Y108.243 E278.88649
G1 X88.894 Y108.243 E278.94988
G1 X65.482 Y84.831 E281.80851
G1 X66.216 Y84.831 E281.8719
G1 X89.628 Y108.243 E284.73052
G1 X90.362 Y108.243 E284.79391
G1 X66.951 Y84.831 E287.65254
G1 X67.685 Y84.831 E287.71593
G1 X91.097 Y108.243 E290.57455
G1 X91.831 Y108.243 E290.63794
G1 X68.419 Y84.831 E293.49656
G1 X69.153 Y84.831 E293.55996
G1 X92.565 Y108.243 E296.41858
G1 X93.299 Y108.243 E296.48197
G1 X69.887 Y84.831 E299.34059
G1 X70.622 Y84.831 E299.40398
G1 X94.034 Y108.243 E302.26261
G1 X94.768 Y108.243 E302.326
G1 X71.356 Y84.831 E305.18462
G1 X72.09 Y84.831 E305.24801
G1 X95.502 Y108.243 E308.10663
G1 X96.236 Y108.243 E308.17003
G1 X72.824 Y84.831 E311.02865
G1 X73.559 Y84.831 E311.09204
G1 X96.97 Y108.243 E313.95066
G1 X97.705 Y108.243 E314.01405
G1 X74.293 Y84.831 E316.87268
G1 X75.027 Y84.831 E316.93607
G1 X98.439 Y108.243 E319.79469
G1 X99.173 Y108.243 E319.85808
G1 X75.761 Y84.831 E322.7167
G1 X76.495 Y84.831 E322.7801
G1 X99.907 Y108.243 E325.63872
G1 X100.642 Y108.243 E325.70211
G1 X77.23 Y84.831 E328.56073
G1 X77.964 Y84.831 E328.62412
G1 X101.376 Y108.243 E331.48275
G1 X102.11 Y108.243 E331.54614
G1 X78.698 Y84.831 E334.40476
G1 X79.432 Y84.831 E334.46815
G1 X102.844 Y108.243 E337.32678
G1 X103.578 Y108.243 E337.39017
G1 X80.167 Y84.831 E340.24879
G1 X80.901 Y84.831 E340.31218
G1 X104.313 Y108.243 E343.1708
G1 X105.047 Y108.243 E343.2342
G1 X81.635 Y84.831 E346.09282
G1 X82.369 Y84.831 E346.15621
G1 X105.781 Y108.243 E349.01483
G1 X106.515 Y108.243 E349.07822
G1 X83.103 Y84.831 E351.93685
G1 X83.838 Y84.831 E352.00024
G1 X107.25 Y108.243 E354.85886
G1 X107.984 Y108.243 E354.92225
G1 X84.572 Y84.831 E357.78088
G1 X85.306 Y84.831 E357.84427
G1 X108.718 Y108.243 E360.70289
G1 X109.136 Y108.243 E360.73899
G1 X109.294 Y108.085 E360.75829
G1 X86.04 Y84.831 E363.59762
G1 X86.775 Y84.831 E363.66101
G1 X109.661 Y107.718 E366.45551
G1 X110.028 Y107.351 E366.50034
G1 X87.509 Y84.831 E369.25001
G1 X88.243 Y84.831 E369.3134
G1 X110.396 Y106.984 E372.01826
G1 X110.743 Y106.636 E372.06068
G1 X110.743 Y106.597 E372.06408
G1 X88.977 Y84.831 E374.7217
G1 X89.711 Y84.831 E374.78509
G1 X110.743 Y105.863 E377.35307
G1 X110.743 Y105.128 E377.41646
G1 X90.446 Y84.831 E379.89478
G1 X91.18 Y84.831 E379.95818
G1 X110.743 Y104.394 E382.34685
G1 X110.743 Y103.66 E382.41024
G1 X91.914 Y84.831 E384.70927
G1 X92.648 Y84.831 E384.77266
G1 X110.743 Y102.926 E386.98204
G1 X110.743 Y102.191 E387.04543
G1 X93.383 Y84.831 E389.16516
G1 X94.117 Y84.831 E389.22855
G1 X110.743 Y101.457 E391.25863
G1 X110.743 Y100.723 E391.32202
G1 X94.851 Y84.831 E393.26245
G1 X95.585 Y84.831 E393.32584
G1 X110.743 Y99.989 E395.17662
G1 X110.743 Y99.255 E395.24001
G1 X96.319 Y84.831 E397.00114
G1 X97.054 Y84.831 E397.06454
G1 X110.743 Y98.52 E398.73602
G1 X110.743 Y97.786 E398.79941
G1 X97.788 Y84.831 E400.38124
G1 X98.522 Y84.831 E400.44463
G1 X110.743 Y97.052 E401.93682
G1 X110.743 Y96.318 E402.00021
G1 X99.256 Y84.831 E403.40274
G1 X99.99 Y84.831 E403.46614
G1 X110.743 Y95.583 E404.77902
G1 X110.743 Y94.849 E404.84241
G1 X100.725 Y84.831 E406.06565
G1 X101.459 Y84.831 E406.12904
G1 X110.743 Y94.115 E407.26263
G1 X110.743 Y93.381 E407.32602
G1 X102.193 Y84.831 E408.36996
G1 X102.927 Y84.831 E408.43335
G1 X110.743 Y92.647 E409.38764
G1 X110.743 Y91.912 E409.45103
G1 X103.662 Y84.831 E410.31567
G1 X104.396 Y84.831 E410.37906
G1 X110.743 Y91.178 E411.15405
G1 X110.743 Y90.444 E411.21744
G1 X105.13 Y84.831 E411.90278
G1 X105.864 Y84.831 E411.96617
G1 X110.743 Y89.71 E412.56186
G1 X110.743 Y88.975 E412.62526
G1 X106.331 Y84.564 E413.16395
G1 X106.331 Y83.829 E413.22735
G1 X110.743 Y88.241 E413.76604
G1 X110.743 Y87.507 E413.82944
G1 X106.331 Y83.095 E414.36813
G1 X106.331 Y82.361 E414.43153
G1 X110.743 Y86.773 E414.97022
G1 X110.743 Y86.039 E415.03362
G1 X106.331 Y81.627 E415.57231
G1 X106.331 Y80.892 E415.63571
G1 X110.743 Y85.304 E416.1744
G1 X110.743 Y84.57 E416.2378
G1 X106.93 Y80.757 E416.70337
G1 X107.664 Y80.757 E416.76676
G1 X110.743 Y83.836 E417.14269
G1 X110.743 Y83.102 E417.20608
G1 X108.398 Y80.757 E417.49236
G1 X109.133 Y80.757 E417.55575
G1 X110.974 Y82.599 E417.78064
G1 X111.552 Y82.738 F7800
;TYPE:Solid infill
;WIDTH:0.676345
G1 F1200
G1 X106.369 Y77.554 E418.50051
G1 X106.369 Y76.719 E418.58252
G1 X111.782 Y82.133 E419.33435
G1 X112.2 Y81.715 E419.39233
G1 X106.41 Y75.925 E420.19641
G1 X106.605 Y75.888 E420.21589
G1 X107.064 Y76.05 E420.26372
G1 X107.123 Y75.883 E420.2811
G1 X107.516 Y76.23 E420.33262
G1 X107.598 Y76.278 E420.34195
G1 X112.617 Y81.297 E421.03897
G1 X112.631 Y81.283 E421.04096
G1 X112.631 Y80.477 E421.12016
G1 X108.981 Y76.826 E421.62712
G1 X109.522 Y76.873 E421.68038
G1 X109.833 Y76.843 E421.71111
G1 X112.631 Y79.642 E422.09975
G1 X112.631 Y78.806 E422.18175
G1 X110.526 Y76.701 E422.47421
G1 X110.742 Y76.638 E422.49637
G1 X111.11 Y76.45 E422.53693
G1 X112.631 Y77.971 E422.74819
G1 X112.631 Y77.136 E422.8302
G1 X111.61 Y76.115 E422.97203
G1 X111.81 Y75.96 E422.99687
G1 X112.035 Y75.705 E423.03028
G1 X112.897 Y76.566 E423.14992
G1 X112.779 Y74.397 F7800
;TYPE:Gap fill
;WIDTH:0.272039
G1 F1200
G1 X112.578 Y74.729 E423.16192
;WIDTH:0.266938
G1 X112.505 Y74.84 E423.16592
;WIDTH:0.233572
G1 X112.432 Y74.951 E423.16919
;WIDTH:0.200206
G1 X112.359 Y75.062 E423.17171
G1 X112.622 Y74.816 F7800
;WIDTH:0.333544
G1 F1200
G1 X112.656 Y74.585 E423.18131
;WIDTH:0.288266
G1 X112.689 Y74.355 E423.18916
;WIDTH:0.242987
G1 X112.723 Y74.124 E423.19525
;WIDTH:0.197709
G1 X112.724 Y74.113 E423.19545
;WIDTH:0.195642
G1 X112.74 Y73.767 E423.20177
G1 X112.74 Y73.233 F7800
;WIDTH:0.195315
G1 F1200
G1 X112.724 Y72.89 E423.20801
;WIDTH:0.197285
G1 X112.723 Y72.88 E423.20821
;WIDTH:0.235419
G1 X112.704 Y72.746 E423.21157
;WIDTH:0.273554
G1 X112.685 Y72.612 E423.2158
;WIDTH:0.311689
G1 X112.666 Y72.478 E423.22088
;WIDTH:0.349825
G1 X112.647 Y72.344 E423.22682
;WIDTH:0.349824
G1 X112.61 Y72.28 E423.23005
;WIDTH:0.315531
G1 X112.599 Y72.262 E423.23087
;WIDTH:0.307411
G1 X112.495 Y72.115 E423.2375
;WIDTH:0.260554
G1 X112.392 Y71.968 E423.24272
;WIDTH:0.213697
G1 X112.289 Y71.821 E423.24654
G1 X112.897 Y68.868 F7800
;TYPE:Solid infill
;WIDTH:0.709781
G1 F1200
G1 X111.897 Y67.869 E423.39323
G1 X111.015 Y67.869 E423.48478
G1 X112.631 Y69.485 E423.72205
G1 X112.631 Y70.368 E423.8136
G1 X110.132 Y67.869 E424.18035
G1 X109.25 Y67.869 E424.2719
G1 X112.631 Y71.25 E424.76813
G1 X112.631 Y71.372 E424.78075
G1 X112.461 Y71.16 E424.809
G1 X112.128 Y71.393 E424.85117
G1 X111.793 Y71.027 E424.90272
G1 X111.308 Y70.651 E424.96638
G1 X110.985 Y70.486 E425.00402
G1 X108.367 Y67.869 E425.38811
G1 X107.485 Y67.869 E425.47967
G1 X109.769 Y70.152 E425.81477
G1 X109.498 Y70.128 E425.84293
G1 X109.076 Y70.156 E425.88685
G1 X108.92 Y70.185 E425.90336
G1 X106.603 Y67.869 E426.24335
G1 X106.369 Y67.869 E426.26765
G1 X106.369 Y68.517 E426.33491
G1 X108.236 Y70.384 E426.60896
G1 X108.063 Y70.447 E426.62803
G1 X107.656 Y70.687 E426.67705
G1 X106.369 Y69.399 E426.86605
G1 X106.369 Y70.282 E426.9576
G1 X107.354 Y71.267 E427.10218
G1 X106.221 Y71.881 F7800
;TYPE:Gap fill
;WIDTH:0.310204
G1 F1200
G1 X106.846 Y71.66 E427.12691
G1 X106.503 Y71.542 F7800
;WIDTH:0.380568
G1 F1200
G1 X106.363 Y72.273 E427.16334
;WIDTH:0.370152
G1 X106.342 Y72.424 E427.17059
;WIDTH:0.326934
G1 X106.32 Y72.576 E427.17674
;WIDTH:0.283716
G1 X106.299 Y72.728 E427.18179
;WIDTH:0.240498
G1 X106.277 Y72.88 E427.18573
;WIDTH:0.197279
G1 X106.276 Y72.89 E427.18593
;WIDTH:0.195311
G1 X106.26 Y73.233 E427.19216
G1 X106.26 Y73.767 F7800
;WIDTH:0.195315
G1 F1200
G1 X106.276 Y74.11 E427.1984
;WIDTH:0.197285
G1 X106.277 Y74.12 E427.1986
;WIDTH:0.240505
G1 X106.299 Y74.272 E427.20254
;WIDTH:0.283725
G1 X106.32 Y74.424 E427.20759
;WIDTH:0.326944
G1 X106.342 Y74.576 E427.21374
;WIDTH:0.370163
G1 X106.363 Y74.727 E427.22099
;WIDTH:0.380579
G1 X106.503 Y75.458 E427.25742
G1 X106.846 Y75.34 F7800
;WIDTH:0.310257
G1 F1200
G1 X106.221 Y75.119 E427.28216
G1 X106.103 Y79.794 F7800
;TYPE:Solid infill
;WIDTH:0.676345
G1 F1200
G1 X106.515 Y80.205 E427.33926
G1 X107.35 Y80.205 E427.42127
G1 X106.369 Y79.224 E427.55752
G1 X106.369 Y78.389 E427.63953
G1 X108.45 Y80.471 E427.92859
G1 E424.92859 F2400
G92 E0
G1 X59.558 Y70.985 F7800
G1 E3 F2400
;TYPE:Gap fill
;WIDTH:0.196095
G1 F1200
G1 X59.724 Y71.09 E3.00359
;WIDTH:0.196095
G1 X59.735 Y71.114 E3.00408
;WIDTH:0.172561
G1 X59.779 Y71.214 E3.00565
G1 X60.368 Y73.112 F7800
;WIDTH:0.304549
G1 F1200
G1 X60.104 Y72.648 E3.02507
;WIDTH:0.299017
G1 X60.047 Y72.555 E3.02892
;WIDTH:0.261393
G1 X59.99 Y72.463 E3.03209
;WIDTH:0.223769
G1 X59.934 Y72.37 E3.03458
;WIDTH:0.186144
G1 X59.93 Y72.363 E3.03471
;WIDTH:0.184062
G1 X59.854 Y72.259 E3.03683
G1 X60.174 Y72.566 F7800
;WIDTH:0.403077
G1 F1200
G1 X60.226 Y72.981 E3.05888
;WIDTH:0.369035
G1 X60.228 Y73.003 E3.05992
;WIDTH:0.365207
G1 X60.251 Y73.489 E3.08252
;WIDTH:0.319379
G1 X60.251 Y73.511 E3.08337
;WIDTH:0.366153
G1 X60.228 Y74.007 E3.10652
;WIDTH:0.371196
G1 X60.225 Y74.034 E3.10779
;WIDTH:0.418253
G1 X60.202 Y74.199 E3.11702
;WIDTH:0.465312
G1 X60.178 Y74.364 E3.12756
;WIDTH:0.512371
G1 X60.155 Y74.529 E3.1394
;WIDTH:0.527997
G1 X60.061 Y75.017 E3.17593
G1 X59.897 Y76.434 F7800
;TYPE:Solid infill
;WIDTH:0.684463
G1 F1200
G1 X59.595 Y76.132 E3.21841
G1 X59.484 Y76.23 E3.23319
G1 X59.083 Y76.467 E3.27948
G1 X59.631 Y77.015 E3.35667
G1 X59.631 Y77.862 E3.44095
G1 X58.486 Y76.716 E3.60226
G1 X58.36 Y76.761 E3.6156
G1 X57.923 Y76.845 E3.65989
G1 X57.777 Y76.854 E3.67441
G1 X59.631 Y78.708 E3.93549
G1 X59.631 Y79.555 E4.01977
G1 X56.894 Y76.817 E4.40517
G1 X56.258 Y76.638 E4.47099
G1 X55.711 Y76.359 E4.53207
G1 X55.351 Y76.098 E4.57636
G1 X55.027 Y75.793 E4.62066
G1 X54.651 Y75.308 E4.68173
G1 X54.362 Y74.742 E4.74496
G1 X54.183 Y74.106 E4.81078
G1 X53.369 Y73.292 E4.9254
G1 X53.369 Y72.445 E5.00968
G1 X54.151 Y73.228 E5.11986
G1 X54.185 Y72.868 E5.15588
G1 X54.287 Y72.517 E5.19221
G1 X53.369 Y71.599 E5.32152
G1 X53.369 Y70.752 E5.4058
G1 X54.535 Y71.919 E5.57004
G1 X54.651 Y71.692 E5.59539
G1 X54.871 Y71.408 E5.63116
G1 X53.369 Y69.906 E5.84267
G1 X53.369 Y69.059 E5.92695
G1 X55.284 Y70.975 E6.19665
G1 X55.516 Y70.77 E6.22748
G1 X55.774 Y70.618 E6.25724
G1 X53.369 Y68.212 E6.59587
G1 X53.369 Y67.869 E6.63011
G1 X53.871 Y67.869 E6.68015
G1 X56.347 Y70.344 E7.02872
G1 X56.64 Y70.239 E7.05975
G1 X57.016 Y70.167 E7.09785
G1 X54.718 Y67.869 E7.42145
G1 X55.564 Y67.869 E7.50573
G1 X57.856 Y70.16 E7.82831
G1 X58.129 Y70.184 E7.85559
G1 X58.742 Y70.362 E7.91921
G1 X59.074 Y70.531 E7.95623
G1 X56.411 Y67.869 E8.3311
G1 X57.258 Y67.869 E8.41538
G1 X59.631 Y70.242 E8.7496
G1 X59.631 Y69.396 E8.83388
G1 X58.104 Y67.869 E9.04891
G1 X58.951 Y67.869 E9.13319
G1 X59.897 Y68.814 E9.26636
;LAYER_CHANGE
;Z:1.45
;HEIGHT:0.4
G1 Z1.45 F7800
G1 E6.26636 F2400
G92 E0
G1 X115.073 Y112.073 F7800
G1 E3 F2400
;TYPE:Perimeter
;WIDTH:0.675
G1 F4800
G1 X145.927 Y112.073 E6.02293
G1 X145.927 Y118.927 E6.69441
G1 X115.073 Y118.927 E9.71734
G1 X115.073 Y112.163 E10.37999
G1 X115.663 Y112.663 F7800
;TYPE:External perimeter
G1 F2400
G1 X145.338 Y112.663 E13.28748
G1 X145.338 Y118.338 E13.8435
G1 X115.663 Y118.338 E16.75098
G1 X115.663 Y112.753 E17.29819
G1 X115.396 Y112.125 F7800
G1 E14.29819 F2400
G92 E0
G1 X148.574 Y115.555 F7800
G1 E3 F2400
;TYPE:Perimeter
G1 F1800
G1 X148.621 Y114.951 E3.05941
G1 X148.775 Y114.421 E3.11346
G1 X149.025 Y113.93 E3.16751
G1 X149.364 Y113.494 E3.22156
G1 X149.777 Y113.129 E3.2756
G1 X150.252 Y112.848 E3.32965
G1 X150.757 Y112.666 E3.38226
G1 X151.131 Y112.595 E3.41956
G1 X151.483 Y112.572 E3.45409
G1 X152.046 Y112.62 E3.50941
G1 X152.579 Y112.775 E3.56383
G1 X153.07 Y113.025 E3.61788
G1 X153.509 Y113.366 E3.6723
G1 X153.879 Y113.792 E3.72763
G1 X154.067 Y114.091 E3.76215
G1 X154.229 Y114.435 E3.79945
G1 X154.379 Y114.951 E3.85206
G1 X154.431 Y115.5 E3.90611
G1 X154.379 Y116.053 E3.96053
G1 X154.217 Y116.594 E4.01586
G1 X154.065 Y116.912 E4.05038
G1 X153.861 Y117.234 E4.08768
G1 X153.506 Y117.636 E4.14029
G1 X153.07 Y117.975 E4.19434
G1 X152.579 Y118.225 E4.24839
G1 X152.049 Y118.379 E4.30243
G1 X151.5 Y118.431 E4.35648
G1 X150.965 Y118.38 E4.40909
G1 X150.595 Y118.285 E4.44656
G1 X150.239 Y118.144 E4.48402
G1 X149.777 Y117.871 E4.53663
G1 X149.364 Y117.506 E4.59068
G1 X149.025 Y117.07 E4.64473
G1 X148.775 Y116.579 E4.69877
G1 X148.621 Y116.049 E4.75282
G1 X148.583 Y115.645 E4.79259
G1 X149.161 Y115.5 F7800
;TYPE:External perimeter
G1 F1800
G1 X149.202 Y115.062 E4.83572
G1 X149.325 Y114.639 E4.87886
G1 X149.525 Y114.247 E4.92199
G1 X149.795 Y113.899 E4.96513
G1 X150.125 Y113.608 E5.00826
G1 X150.504 Y113.384 E5.05139
G1 X150.913 Y113.236 E5.094
G1 X151.206 Y113.18 E5.12324
G1 X151.477 Y113.162 E5.14983
G1 X151.937 Y113.202 E5.19504
G1 X152.361 Y113.325 E5.23831
G1 X152.753 Y113.525 E5.28145
G1 X153.102 Y113.796 E5.32472
G1 X153.405 Y114.144 E5.36993
G1 X153.549 Y114.374 E5.39653
G1 X153.676 Y114.644 E5.42576
G1 X153.798 Y115.062 E5.46837
G1 X153.839 Y115.5 E5.5115
G1 X153.797 Y115.94 E5.55477
G1 X153.665 Y116.382 E5.59999
G1 X153.549 Y116.627 E5.62658
G1 X153.389 Y116.879 E5.65581
G1 X153.101 Y117.205 E5.69842
G1 X152.753 Y117.475 E5.74155
G1 X152.361 Y117.675 E5.78469
G1 X151.938 Y117.798 E5.82782
G1 X151.5 Y117.839 E5.87096
G1 X151.067 Y117.798 E5.91357
G1 X150.777 Y117.724 E5.94286
G1 X150.499 Y117.614 E5.97215
G1 X150.125 Y117.392 E6.01476
G1 X149.795 Y117.101 E6.05789
G1 X149.525 Y116.753 E6.10103
G1 X149.325 Y116.361 E6.14416
G1 X149.202 Y115.938 E6.18729
G1 X149.169 Y115.59 E6.22161
G1 X148.78 Y115.28 F7800
G1 E3.22161 F2400
G92 E0
G1 X151.17 Y76.408 F7800
G1 E3 F2400
;TYPE:Perimeter
G1 F1800
G1 X150.757 Y76.334 E3.04107
G1 X150.252 Y76.152 E3.09368
G1 X149.777 Y75.871 E3.14773
G1 X149.364 Y75.506 E3.20177
G1 X149.025 Y75.07 E3.25582
G1 X148.775 Y74.579 E3.30987
G1 X148.621 Y74.049 E3.36392
G1 X148.569 Y73.5 E3.41796
G1 X148.621 Y72.951 E3.47201
G1 X148.775 Y72.421 E3.52606
G1 X149.025 Y71.93 E3.5801
G1 X149.364 Y71.494 E3.63415
G1 X149.777 Y71.129 E3.6882
G1 X150.252 Y70.848 E3.74224
G1 X150.757 Y70.666 E3.79485
G1 X151.131 Y70.595 E3.83215
G1 X151.483 Y70.572 E3.86668
G1 X152.046 Y70.62 E3.92201
G1 X152.579 Y70.775 E3.97643
G1 X153.07 Y71.025 E4.03047
G1 X153.509 Y71.366 E4.08489
G1 X153.879 Y71.792 E4.14022
G1 X154.067 Y72.091 E4.17475
G1 X154.229 Y72.435 E4.21204
G1 X154.379 Y72.951 E4.26466
G1 X154.431 Y73.5 E4.3187
G1 X154.379 Y74.053 E4.37312
G1 X154.217 Y74.594 E4.42845
G1 X154.065 Y74.912 E4.46298
G1 X153.861 Y75.234 E4.50028
G1 X153.506 Y75.636 E4.55289
G1 X153.07 Y75.975 E4.60693
G1 X152.579 Y76.225 E4.66098
G1 X152.049 Y76.379 E4.71503
G1 X151.515 Y76.429 E4.76764
G1 X151.26 Y76.413 E4.79265
G1 X151.207 Y75.82 F7800
;TYPE:External perimeter
G1 F1800
G1 X150.913 Y75.764 E4.82195
G1 X150.504 Y75.616 E4.86456
G1 X150.125 Y75.392 E4.90769
G1 X149.795 Y75.101 E4.95082
G1 X149.525 Y74.753 E4.99396
G1 X149.325 Y74.361 E5.03709
G1 X149.202 Y73.938 E5.08022
G1 X149.161 Y73.5 E5.12336
G1 X149.202 Y73.062 E5.16649
G1 X149.325 Y72.639 E5.20963
G1 X149.525 Y72.247 E5.25276
G1 X149.795 Y71.899 E5.29589
G1 X150.125 Y71.608 E5.33902
G1 X150.504 Y71.384 E5.38216
G1 X150.913 Y71.236 E5.42477
G1 X151.206 Y71.18 E5.454
G1 X151.477 Y71.162 E5.48059
G1 X151.937 Y71.202 E5.52581
G1 X152.361 Y71.325 E5.56908
G1 X152.753 Y71.525 E5.61221
G1 X153.102 Y71.796 E5.65548
G1 X153.405 Y72.144 E5.7007
G1 X153.549 Y72.374 E5.72729
G1 X153.676 Y72.644 E5.75652
G1 X153.798 Y73.062 E5.79913
G1 X153.839 Y73.5 E5.84227
G1 X153.797 Y73.94 E5.88554
G1 X153.665 Y74.382 E5.93075
G1 X153.549 Y74.627 E5.95735
G1 X153.389 Y74.879 E5.98658
G1 X153.101 Y75.205 E6.02919
G1 X152.753 Y75.475 E6.07232
G1 X152.361 Y75.675 E6.11545
G1 X151.938 Y75.798 E6.15859
G1 X151.505 Y75.839 E6.2012
G1 X151.297 Y75.825 E6.22167
G1 X151.029 Y76.06 F7800
G1 E3.22167 F2400
G92 E0
G1 X112.081 Y74.88 F7800
G1 E3 F2400
;TYPE:Perimeter
G1 F1800
G1 X111.861 Y75.234 E3.04082
G1 X111.506 Y75.636 E3.09343
G1 X111.07 Y75.975 E3.14748
G1 X110.579 Y76.225 E3.20152
G1 X110.049 Y76.379 E3.25557
G1 X109.515 Y76.429 E3.30818
G1 X109.133 Y76.405 E3.34565
G1 X108.757 Y76.334 E3.38311
G1 X108.252 Y76.152 E3.43572
G1 X107.777 Y75.871 E3.48977
G1 X107.364 Y75.506 E3.54381
G1 X107.025 Y75.07 E3.59786
G1 X106.775 Y74.579 E3.65191
G1 X106.621 Y74.049 E3.70595
G1 X106.569 Y73.5 E3.76
G1 X106.621 Y72.951 E3.81405
G1 X106.775 Y72.421 E3.8681
G1 X107.025 Y71.93 E3.92214
G1 X107.364 Y71.494 E3.97619
G1 X107.777 Y71.129 E4.03024
G1 X108.252 Y70.848 E4.08428
G1 X108.757 Y70.666 E4.13689
G1 X109.131 Y70.595 E4.17419
G1 X109.483 Y70.572 E4.20872
G1 X110.046 Y70.62 E4.26405
G1 X110.579 Y70.775 E4.31847
G1 X111.07 Y71.025 E4.37251
G1 X111.495 Y71.355 E4.42512
G1 X111.756 Y71.633 E4.46259
G1 X111.981 Y71.943 E4.50005
G1 X112.225 Y72.421 E4.55266
G1 X112.379 Y72.951 E4.60671
G1 X112.431 Y73.5 E4.66076
G1 X112.379 Y74.053 E4.71518
G1 X112.217 Y74.594 E4.7705
G1 X112.119 Y74.798 E4.79267
G1 X111.549 Y74.627 F7800
;TYPE:External perimeter
G1 F1800
G1 X111.389 Y74.879 E4.82192
G1 X111.101 Y75.205 E4.86453
G1 X110.753 Y75.475 E4.90766
G1 X110.361 Y75.675 E4.9508
G1 X109.938 Y75.798 E4.99393
G1 X109.505 Y75.839 E5.03654
G1 X109.207 Y75.82 E5.06583
G1 X108.913 Y75.764 E5.09512
G1 X108.504 Y75.616 E5.13774
G1 X108.125 Y75.392 E5.18087
G1 X107.795 Y75.101 E5.224
G1 X107.525 Y74.753 E5.26714
G1 X107.325 Y74.361 E5.31027
G1 X107.202 Y73.938 E5.3534
G1 X107.161 Y73.5 E5.39654
G1 X107.202 Y73.062 E5.43967
G1 X107.325 Y72.639 E5.4828
G1 X107.525 Y72.247 E5.52594
G1 X107.795 Y71.899 E5.56907
G1 X108.125 Y71.608 E5.6122
G1 X108.504 Y71.384 E5.65534
G1 X108.913 Y71.236 E5.69795
G1 X109.206 Y71.18 E5.72718
G1 X109.477 Y71.162 E5.75377
G1 X109.937 Y71.202 E5.79899
G1 X110.361 Y71.325 E5.84226
G1 X110.753 Y71.525 E5.88539
G1 X111.097 Y71.792 E5.928
G1 X111.302 Y72.01 E5.95729
G1 X111.477 Y72.251 E5.98658
G1 X111.675 Y72.639 E6.02919
G1 X111.798 Y73.062 E6.07233
G1 X111.839 Y73.5 E6.11546
G1 X111.797 Y73.94 E6.15873
G1 X111.665 Y74.382 E6.20395
G1 X111.587 Y74.545 E6.2217
G1 X111.706 Y74.881 F7800
G1 E3.2217 F2400
G92 E0
G1 X104.927 Y112.073 F7800
G1 E3 F2400
;TYPE:Perimeter
G1 F4800
G1 X104.927 Y118.927 E3.67147
G1 X72.073 Y118.927 E6.89036
G1 X72.073 Y112.073 E7.56183
G1 X104.837 Y112.073 E10.7719
G1 X104.337 Y112.663 F7800
;TYPE:External perimeter
G1 F2400
G1 X104.337 Y118.338 E11.32793
G1 X72.662 Y118.338 E14.43137
G1 X72.662 Y112.663 E14.98739
G1 X104.247 Y112.663 E18.08201
G1 X104.936 Y112.627 F7800
G1 E15.08201 F2400
G92 E0
G1 X91.927 Y131.073 F7800
G1 E3 F2400
;TYPE:Perimeter
G1 F4800
G1 X91.927 Y140.427 E3.91642
G1 X80.073 Y140.427 E5.07778
G1 X80.073 Y131.073 E5.99419
G1 X91.837 Y131.073 E7.14673
G1 X91.337 Y131.663 F7800
;TYPE:External perimeter
G1 F1800
G1 X91.337 Y139.838 E7.9477
G1 X80.662 Y139.838 E8.99361
G1 X80.662 Y131.663 E9.79458
G1 X91.247 Y131.663 E10.83167
G1 X91.923 Y131.533 F7800
G1 X60.272 Y132.563
;TYPE:Perimeter
G1 F1800
G1 X60.38 Y132.965 E10.87253
G1 X60.431 Y133.5 E10.92514
G1 X60.379 Y134.053 E10.97956
G1 X60.217 Y134.594 E11.03488
G1 X60.065 Y134.912 E11.06942
G1 X59.861 Y135.234 E11.10671
G1 X59.506 Y135.636 E11.15932
G1 X59.07 Y135.975 E11.21337
G1 X58.579 Y136.225 E11.26742
G1 X58.049 Y136.379 E11.32146
G1 X57.5 Y136.431 E11.37551
G1 X56.951 Y136.379 E11.42956
G1 X56.421 Y136.225 E11.4836
G1 X55.93 Y135.975 E11.53765
G1 X55.494 Y135.636 E11.5917
G1 X55.126 Y135.22 E11.64612
G1 X54.843 Y134.731 E11.70144
G1 X54.714 Y134.403 E11.73597
G1 X54.62 Y134.035 E11.77327
G1 X54.569 Y133.5 E11.82588
G1 X54.621 Y132.951 E11.87993
G1 X54.775 Y132.421 E11.93398
G1 X55.025 Y131.93 E11.98802
G1 X55.364 Y131.494 E12.04207
G1 X55.777 Y131.129 E12.09612
G1 X56.252 Y130.848 E12.15016
G1 X56.757 Y130.666 E12.20277
G1 X57.131 Y130.595 E12.24007
G1 X57.483 Y130.572 E12.2746
G1 X58.046 Y130.62 E12.32993
G1 X58.579 Y130.775 E12.38435
G1 X59.07 Y131.025 E12.4384
G1 X59.506 Y131.364 E12.49244
G1 X59.874 Y131.78 E12.54686
G1 X60.157 Y132.269 E12.60218
G1 X60.239 Y132.479 E12.62431
G1 X59.724 Y132.777 F7800
;TYPE:External perimeter
G1 F1800
G1 X59.798 Y133.067 E12.6536
G1 X59.839 Y133.5 E12.69621
G1 X59.797 Y133.94 E12.73948
G1 X59.665 Y134.382 E12.7847
G1 X59.549 Y134.627 E12.81129
G1 X59.389 Y134.879 E12.84052
G1 X59.101 Y135.205 E12.88313
G1 X58.753 Y135.475 E12.92626
G1 X58.361 Y135.675 E12.9694
G1 X57.938 Y135.798 E13.01253
G1 X57.5 Y135.839 E13.05567
G1 X57.062 Y135.798 E13.0988
G1 X56.639 Y135.675 E13.14193
G1 X56.247 Y135.475 E13.18507
G1 X55.899 Y135.205 E13.2282
G1 X55.607 Y134.874 E13.27147
G1 X55.375 Y134.475 E13.31669
G1 X55.276 Y134.222 E13.34328
G1 X55.202 Y133.933 E13.37251
G1 X55.161 Y133.5 E13.41512
G1 X55.202 Y133.062 E13.45825
G1 X55.325 Y132.639 E13.50139
G1 X55.525 Y132.247 E13.54452
G1 X55.795 Y131.899 E13.58766
G1 X56.125 Y131.608 E13.63079
G1 X56.504 Y131.384 E13.67392
G1 X56.913 Y131.236 E13.71653
G1 X57.206 Y131.18 E13.74576
G1 X57.477 Y131.162 E13.77236
G1 X57.937 Y131.202 E13.81757
G1 X58.361 Y131.325 E13.86084
G1 X58.753 Y131.525 E13.90398
G1 X59.101 Y131.795 E13.94711
G1 X59.393 Y132.126 E13.99038
G1 X59.625 Y132.525 E14.0356
G1 X59.691 Y132.694 E14.05331
G1 X60.017 Y132.837 F7800
G1 E11.05331 F2400
G92 E0
G1 X64.927 Y84.427 F7800
G1 E3 F2400
;TYPE:Perimeter
G1 F4800
G1 X67.073 Y84.427 E3.21033
G1 X67.073 Y106.427 E5.36583
G1 X108.927 Y106.427 E9.46652
G1 X108.927 Y82.573 E11.80361
G1 X105.927 Y82.573 E12.09755
G1 X105.927 Y67.427 E13.58158
G1 X113.073 Y67.427 E14.2818
G1 X113.073 Y106.427 E18.10292
G1 X154.927 Y106.427 E22.20361
G1 X154.927 Y82.573 E24.5407
G1 X147.927 Y82.573 E25.22654
G1 X147.927 Y67.427 E26.71058
G1 X157.073 Y67.427 E27.60675
G1 X157.073 Y124.573 E33.20584
G1 X135.073 Y124.573 E35.36135
G1 X135.073 Y142.573 E37.12495
G1 X52.927 Y142.573 E45.17348
G1 X52.927 Y113.427 E48.0292
G1 X64.927 Y113.427 E49.20493
G1 X64.927 Y84.517 E52.03746
G1 X64.337 Y85.162 F7800
;TYPE:External perimeter
G1 F2400
G1 X64.337 Y112.838 E54.74899
G1 X53.662 Y112.838 E55.79491
G1 X53.662 Y85.162 E58.50643
G1 X64.247 Y85.162 E59.54353
G1 X64.89 Y84.928 F7800
G1 E56.54353 F2400
G92 E0
G1 X57.793 Y75.82 F7800
G1 E3 F2400
G1 F1800
G1 X57.495 Y75.839 E3.02929
G1 X57.062 Y75.798 E3.0719
G1 X56.639 Y75.675 E3.11504
G1 X56.251 Y75.477 E3.15765
G1 X56.01 Y75.302 E3.18694
G1 X55.792 Y75.097 E3.21623
G1 X55.525 Y74.753 E3.25884
G1 X55.325 Y74.361 E3.30197
G1 X55.202 Y73.938 E3.3451
G1 X55.161 Y73.5 E3.38824
G1 X55.202 Y73.062 E3.43137
G1 X55.325 Y72.639 E3.47451
G1 X55.525 Y72.247 E3.51764
G1 X55.795 Y71.899 E3.56077
G1 X56.125 Y71.608 E3.60391
G1 X56.504 Y71.384 E3.64704
G1 X56.913 Y71.236 E3.68965
G1 X57.206 Y71.18 E3.71888
G1 X57.477 Y71.162 E3.74547
G1 X57.937 Y71.202 E3.79069
G1 X58.361 Y71.325 E3.83396
G1 X58.753 Y71.525 E3.8771
G1 X59.101 Y71.795 E3.92023
G1 X59.393 Y72.126 E3.9635
G1 X59.625 Y72.525 E4.00872
G1 X59.724 Y72.778 E4.03531
G1 X59.798 Y73.067 E4.06454
G1 X59.839 Y73.5 E4.10715
G1 X59.798 Y73.938 E4.15028
G1 X59.675 Y74.361 E4.19342
G1 X59.475 Y74.753 E4.23655
G1 X59.205 Y75.101 E4.27968
G1 X58.875 Y75.392 E4.32282
G1 X58.496 Y75.616 E4.36595
G1 X58.087 Y75.764 E4.40856
G1 X57.881 Y75.803 E4.42903
G1 X57.68 Y76.096 F7800
G1 X57.992 Y76.382
;TYPE:Perimeter
G1 F4800
G1 X58.243 Y76.334 E4.45405
G1 X58.748 Y76.152 E4.50666
G1 X59.223 Y75.871 E4.56071
G1 X59.636 Y75.506 E4.61475
G1 X59.834 Y75.251 E4.64639
G1 X60.073 Y75.333 E4.67114
G1 X60.073 Y84.573 E5.57649
G1 X52.927 Y84.573 E6.2767
G1 X52.927 Y67.427 E7.95669
G1 X60.073 Y67.427 E8.65691
G1 X60.073 Y72.007 E9.10565
G1 X59.506 Y71.364 E9.18967
G1 X59.07 Y71.025 E9.24371
G1 X58.579 Y70.775 E9.29776
G1 X58.046 Y70.62 E9.35218
G1 X57.483 Y70.572 E9.40751
G1 X57.131 Y70.595 E9.44204
G1 X56.757 Y70.666 E9.47934
G1 X56.252 Y70.848 E9.53195
G1 X55.777 Y71.129 E9.58599
G1 X55.364 Y71.494 E9.64004
G1 X55.025 Y71.93 E9.69409
G1 X54.775 Y72.421 E9.74813
G1 X54.621 Y72.951 E9.80218
G1 X54.569 Y73.5 E9.85623
G1 X54.621 Y74.049 E9.91027
G1 X54.775 Y74.579 E9.96432
G1 X55.025 Y75.07 E10.01837
G1 X55.355 Y75.495 E10.07098
G1 X55.633 Y75.756 E10.10844
G1 X55.943 Y75.981 E10.14591
G1 X56.421 Y76.225 E10.19852
G1 X56.951 Y76.379 E10.25256
G1 X57.485 Y76.429 E10.30517
G1 X57.903 Y76.398 E10.34625
G1 X60.662 Y83.837 F7800
;TYPE:External perimeter
G1 F2400
G1 X67.662 Y83.837 E11.03209
G1 X67.662 Y105.838 E13.1876
G1 X108.338 Y105.838 E17.17284
G1 X108.338 Y83.162 E19.39448
G1 X105.338 Y83.162 E19.68841
G1 X105.338 Y66.837 E21.28789
G1 X113.663 Y66.837 E22.10356
G1 X113.663 Y105.838 E25.92468
G1 X154.338 Y105.838 E29.90992
G1 X154.338 Y83.162 E32.13156
G1 X147.338 Y83.162 E32.81741
G1 X147.338 Y66.837 E34.41689
G1 X157.663 Y66.837 E35.42851
G1 X157.663 Y125.163 E41.14305
G1 X135.663 Y125.163 E43.29856
G1 X135.663 Y143.163 E45.06216
G1 X52.337 Y143.163 E53.22614
G1 X52.337 Y66.837 E60.70428
G1 X60.662 Y66.837 E61.51994
G1 X60.662 Y83.747 E63.17674
G1 X60.753 Y84.431 F7800
G1 X60.368 Y84.5
;TYPE:Gap fill
;WIDTH:0.821683
G1 F1200
G1 X64.632 Y84.5 E63.69855
G1 X65.369 Y86.829 F7800
;TYPE:Internal infill
;WIDTH:0.675
G1 F3600
G1 X65.369 Y90.364 E64.0449
G1 X66.631 Y91.627 E64.21989
G1 X66.631 Y92.408 E64.29637
G1 X65.369 Y92.746 E64.42448
G1 X65.369 Y96.281 E64.77082
G1 X65.103 Y102.783 F7800
;TYPE:Solid infill
;WIDTH:0.677962
G1 F1200
G1 X66.043 Y101.844 E64.90164
G1 X66.631 Y101.844 E64.95961
G1 X66.631 Y102.092 E64.9841
G1 X65.369 Y103.355 E65.15998
G1 X65.369 Y104.193 E65.24244
G1 X66.631 Y102.93 E65.41832
G1 X66.631 Y103.767 E65.50077
G1 X65.369 Y105.03 E65.67665
G1 X65.369 Y105.867 E65.75911
G1 X66.631 Y104.604 E65.93499
G1 X66.631 Y105.442 E66.01745
G1 X65.369 Y106.705 E66.19333
G1 X65.369 Y107.542 E66.27578
G1 X66.631 Y106.279 E66.45166
G1 X66.631 Y106.869 E66.5097
G1 X66.88 Y106.869 E66.53412
G1 X65.369 Y108.38 E66.74454
G1 X65.369 Y109.217 E66.827
G1 X67.717 Y106.869 E67.15403
G1 X68.554 Y106.869 E67.23649
G1 X65.369 Y110.054 E67.68013
G1 X65.369 Y110.892 E67.76259
G1 X69.392 Y106.869 E68.32285
G1 X70.229 Y106.869 E68.4053
G1 X65.369 Y111.729 E69.08217
G1 X65.369 Y112.566 E69.16463
G1 X71.066 Y106.869 E69.95811
G1 X71.904 Y106.869 E70.04057
G1 X65.369 Y113.404 E70.95066
G1 X65.369 Y113.869 E70.99642
G1 X65.295 Y113.869 E71.0037
G1 X65.295 Y114.315 E71.04768
G1 X72.741 Y106.869 E72.08468
G1 X73.579 Y106.869 E72.16714
G1 X65.295 Y115.153 E73.32075
G1 X65.295 Y115.99 E73.40321
G1 X74.416 Y106.869 E74.67344
G1 X75.253 Y106.869 E74.75589
G1 X65.029 Y117.092 E76.17965
G1 X64.705 Y120.371 F7800
;TYPE:Internal infill
;WIDTH:0.675
G1 F3600
G1 X53.369 Y123.409 E77.3296
G1 X53.369 Y119.874 E77.67594
G1 X53 Y113.132 F7800
;TYPE:Gap fill
;WIDTH:0.821683
G1 F1200
G1 X53 Y84.868 E81.13466
G1 X53.369 Y82.925 F7800
;TYPE:Internal infill
;WIDTH:0.675
G1 F3600
G1 X53.369 Y84.131 E81.25288
G1 X55.697 Y84.131 E81.481
G1 X57.645 Y76.862 E82.21836
G1 X57.478 Y76.873 E82.23468
G1 X56.868 Y76.815 E82.29479
G1 X56.708 Y76.769 E82.31104
G1 X53.369 Y77.663 E82.64982
G1 X53.369 Y78.364 E82.71849
G1 X59.136 Y84.131 E83.51758
G1 X59.631 Y84.131 E83.56617
G1 X59.631 Y81.092 E83.86393
G1 X60.061 Y75.017 F7800
;TYPE:Gap fill
;WIDTH:0.527997
G1 F1200
G1 X60.155 Y74.529 E83.90046
;WIDTH:0.512372
G1 X60.178 Y74.364 E83.9123
;WIDTH:0.465314
G1 X60.202 Y74.199 E83.92284
;WIDTH:0.418255
G1 X60.225 Y74.034 E83.93207
;WIDTH:0.371196
G1 X60.228 Y74.007 E83.93334
;WIDTH:0.366153
G1 X60.251 Y73.511 E83.95649
;WIDTH:0.319379
G1 X60.251 Y73.489 E83.95734
;WIDTH:0.365209
G1 X60.228 Y73.003 E83.97994
;WIDTH:0.369039
G1 X60.226 Y72.981 E83.98098
;WIDTH:0.403079
G1 X60.174 Y72.566 E84.00304
G1 X59.851 Y72.255 F7800
;WIDTH:0.187056
G1 F1200
G1 X59.935 Y72.372 E84.00545
;WIDTH:0.189201
G1 X59.939 Y72.378 E84.00559
;WIDTH:0.225885
G1 X59.994 Y72.468 E84.00804
;WIDTH:0.262569
G1 X60.049 Y72.558 E84.01115
;WIDTH:0.299253
G1 X60.104 Y72.648 E84.01489
;WIDTH:0.304742
G1 X60.368 Y73.112 E84.03432
G1 X59.779 Y71.214 F7800
;WIDTH:0.172561
G1 F1200
G1 X59.735 Y71.114 E84.03589
;WIDTH:0.196099
G1 X59.724 Y71.09 E84.03638
;WIDTH:0.196097
G1 X59.558 Y70.985 E84.03997
G1 X57.675 Y67.869 F7800
;TYPE:Internal infill
;WIDTH:0.675
G1 F3600
G1 X59.631 Y67.869 E84.23162
G1 X59.631 Y69.447 E84.38632
G1 X59.355 Y70.481 E84.49113
G1 X59.262 Y70.627 E84.50811
G1 X58.742 Y70.362 E84.56523
G1 X58.127 Y70.184 E84.62801
G1 X57.644 Y70.142 E84.67551
G1 X55.371 Y67.869 E84.99051
G1 X55.779 Y67.869 E85.03051
G1 X53.369 Y68.514 E85.27499
G1 X53.369 Y72.049 E85.62134
G1 E82.62134 F2400
G92 E0
G1 X60.342 Y113.869 F7800
G1 E3 F2400
G1 F3600
G1 X63.877 Y113.869 E3.34635
G1 X64.705 Y114.697 E3.46117
G1 X64.705 Y118.801 E3.86327
G1 X60.847 Y133.203 E5.32408
G1 X60.875 Y133.5 E5.35333
G1 X60.814 Y134.138 E5.41611
G1 X60.63 Y134.753 E5.47901
G1 X60.482 Y135.066 E5.51296
G1 E2.51296 F2400
G92 E0
G1 X56.285 Y130.367 F7800
G1 E3 F2400
G1 F3600
G1 X56.64 Y130.239 E3.03704
G1 X57.075 Y130.156 E3.08039
G1 X57.487 Y130.128 E3.12087
G1 X58.127 Y130.184 E3.18378
G1 X58.742 Y130.362 E3.24656
G1 X59.308 Y130.651 E3.30879
G1 X59.611 Y130.886 E3.34635
G1 X64.705 Y129.521 E3.86309
G1 X64.705 Y127.195 E4.09092
G1 X53.369 Y115.858 E5.66178
G1 X53.369 Y114.26 E5.81837
G1 X54.83 Y113.869 E5.96658
G1 X56.878 Y113.869 E6.16727
G1 X53.369 Y126.966 E7.4958
G1 X53.369 Y128.356 E7.63201
G1 X55.683 Y130.671 E7.95276
G1 X55.516 Y130.77 E7.97177
G1 X55.04 Y131.19 E8.034
G1 X54.651 Y131.692 E8.09623
G1 X54.352 Y132.295 E8.1622
G1 X53.369 Y132.558 E8.26191
G1 X53.369 Y136.093 E8.60825
G1 X58.16 Y142.131 F7800
G1 F3600
G1 X54.646 Y142.131 E8.95252
G1 X53.369 Y140.854 E9.1295
G1 X53.369 Y141.707 E9.2131
G1 X64.705 Y138.67 E10.36304
G1 X64.705 Y139.693 E10.46331
G1 X60.331 Y135.319 E11.06946
G1 X60.242 Y135.458 E11.08567
G1 X58.454 Y142.131 E11.76256
G1 X61.989 Y142.131 E12.10891
G1 X67.359 Y142.397 F7800
;TYPE:Solid infill
;WIDTH:0.677962
G1 F1200
G1 X90.387 Y119.369 E15.31575
G1 X89.55 Y119.369 E15.39821
G1 X66.796 Y142.122 E18.56683
G1 X66.377 Y141.703 E18.62514
G1 X88.712 Y119.369 E21.73545
G1 X87.875 Y119.369 E21.81791
G1 X65.959 Y141.285 E24.86991
G1 X65.54 Y140.866 E24.92822
G1 X87.038 Y119.369 E27.92192
G1 X86.2 Y119.369 E28.00438
G1 X65.295 Y140.274 E30.91564
G1 X65.295 Y139.437 E30.9981
G1 X85.363 Y119.369 E33.79275
G1 X84.525 Y119.369 E33.87521
G1 X65.295 Y138.599 E36.55325
G1 X65.295 Y137.762 E36.63571
G1 X83.688 Y119.369 E39.19713
G1 X82.851 Y119.369 E39.27959
G1 X65.295 Y136.925 E41.72441
G1 X65.295 Y136.087 E41.80686
G1 X82.013 Y119.369 E44.13507
G1 X81.176 Y119.369 E44.21752
G1 X65.295 Y135.25 E46.42911
G1 X65.295 Y134.412 E46.51157
G1 X80.338 Y119.369 E48.60655
G1 X79.501 Y119.369 E48.68901
G1 X65.295 Y133.575 E50.66737
G1 X65.295 Y132.738 E50.74983
G1 X78.664 Y119.369 E52.61158
G1 X77.826 Y119.369 E52.69404
G1 X65.295 Y131.9 E54.43918
G1 X65.295 Y131.063 E54.52164
G1 X76.989 Y119.369 E56.15017
G1 X76.152 Y119.369 E56.23262
G1 X65.295 Y130.225 E57.74454
G1 X65.295 Y129.388 E57.827
G1 X75.314 Y119.369 E59.2223
G1 X74.477 Y119.369 E59.30476
G1 X65.295 Y128.551 E60.58345
G1 X65.295 Y127.713 E60.66591
G1 X73.639 Y119.369 E61.82798
G1 X72.802 Y119.369 E61.91044
G1 X65.295 Y126.876 E62.95591
G1 X65.295 Y126.039 E63.03836
G1 X71.965 Y119.369 E63.96722
G1 X71.631 Y119.369 E64.00002
G1 X71.631 Y118.864 E64.04967
G1 X65.295 Y125.201 E64.93214
G1 X65.295 Y124.364 E65.0146
G1 X71.631 Y118.027 E65.89706
G1 X71.631 Y117.189 E65.97952
G1 X65.295 Y123.526 E66.86198
G1 X65.295 Y122.689 E66.94444
G1 X71.631 Y116.352 E67.8269
G1 X71.631 Y115.515 E67.90936
G1 X65.295 Y121.852 E68.79182
G1 X65.295 Y121.014 E68.87428
G1 X71.631 Y114.677 E69.75675
G1 X71.631 Y113.84 E69.8392
G1 X65.295 Y120.177 E70.72167
G1 X65.295 Y119.339 E70.80412
G1 X71.631 Y113.003 E71.68659
G1 X71.631 Y112.165 E71.76905
G1 X65.295 Y118.502 E72.65151
G1 X65.295 Y117.665 E72.73397
G1 X76.091 Y106.869 E74.23742
G1 X76.928 Y106.869 E74.31988
G1 X72.165 Y111.631 E74.98316
G1 X73.003 Y111.631 E75.06562
G1 X77.766 Y106.869 E75.7289
G1 X78.603 Y106.869 E75.81136
G1 X73.84 Y111.631 E76.47464
G1 X74.677 Y111.631 E76.5571
G1 X79.44 Y106.869 E77.22038
G1 X80.278 Y106.869 E77.30284
G1 X75.515 Y111.631 E77.96612
G1 X76.352 Y111.631 E78.04858
G1 X81.115 Y106.869 E78.71186
G1 X81.952 Y106.869 E78.79432
G1 X77.189 Y111.631 E79.4576
G1 X78.027 Y111.631 E79.54006
G1 X82.79 Y106.869 E80.20334
G1 X83.627 Y106.869 E80.2858
G1 X78.864 Y111.631 E80.94908
G1 X79.702 Y111.631 E81.03154
G1 X84.465 Y106.869 E81.69482
G1 X85.302 Y106.869 E81.77728
G1 X80.539 Y111.631 E82.44056
G1 X81.376 Y111.631 E82.52302
G1 X86.139 Y106.869 E83.1863
G1 X86.977 Y106.869 E83.26876
G1 X82.214 Y111.631 E83.93204
G1 X83.051 Y111.631 E84.0145
G1 X87.814 Y106.869 E84.67778
G1 X88.652 Y106.869 E84.76024
G1 X83.889 Y111.631 E85.42352
G1 X84.726 Y111.631 E85.50598
G1 X89.489 Y106.869 E86.16926
G1 X90.326 Y106.869 E86.25172
G1 X85.563 Y111.631 E86.915
G1 X86.401 Y111.631 E86.99746
G1 X91.164 Y106.869 E87.66074
G1 X92.001 Y106.869 E87.7432
G1 X87.238 Y111.631 E88.40648
G1 X88.075 Y111.631 E88.48894
G1 X92.838 Y106.869 E89.15222
G1 X93.676 Y106.869 E89.23468
G1 X88.913 Y111.631 E89.89796
G1 X89.75 Y111.631 E89.98042
G1 X94.513 Y106.869 E90.64371
G1 X95.351 Y106.869 E90.72616
G1 X90.588 Y111.631 E91.38945
G1 X91.425 Y111.631 E91.4719
G1 X96.188 Y106.869 E92.13519
G1 X97.025 Y106.869 E92.21764
G1 X92.262 Y111.631 E92.88093
G1 X93.1 Y111.631 E92.96338
G1 X97.863 Y106.869 E93.62667
G1 X98.7 Y106.869 E93.70912
G1 X93.937 Y111.631 E94.37241
G1 X94.775 Y111.631 E94.45486
G1 X99.538 Y106.869 E95.11815
G1 X100.375 Y106.869 E95.2006
G1 X95.612 Y111.631 E95.86389
G1 X96.449 Y111.631 E95.94634
G1 X101.212 Y106.869 E96.60963
G1 X102.05 Y106.869 E96.69209
G1 X97.287 Y111.631 E97.35537
G1 X98.124 Y111.631 E97.43783
G1 X102.887 Y106.869 E98.10111
G1 X103.724 Y106.869 E98.18357
G1 X98.961 Y111.631 E98.84685
G1 X99.799 Y111.631 E98.92931
G1 X104.562 Y106.869 E99.59259
G1 X105.399 Y106.869 E99.67505
G1 X100.636 Y111.631 E100.33833
G1 X101.474 Y111.631 E100.42079
G1 X106.237 Y106.869 E101.08407
G1 X107.074 Y106.869 E101.16653
G1 X102.311 Y111.631 E101.82981
G1 X103.148 Y111.631 E101.91227
G1 X107.911 Y106.869 E102.57555
G1 X108.749 Y106.869 E102.65801
G1 X103.721 Y111.897 E103.35821
G1 E100.35821 F2400
G92 E0
G1 X104.888 Y119.103 F7800
G1 E3 F2400
G1 F1200
G1 X92.369 Y131.623 E4.74341
G1 X92.369 Y130.785 E4.82586
G1 X103.785 Y119.369 E6.41574
G1 X102.948 Y119.369 E6.49819
G1 X91.685 Y130.631 E8.06665
G1 X90.848 Y130.631 E8.14911
G1 X102.11 Y119.369 E9.71757
G1 X101.273 Y119.369 E9.80003
G1 X90.01 Y130.631 E11.36848
G1 X89.173 Y130.631 E11.45094
G1 X100.436 Y119.369 E13.0194
G1 X99.598 Y119.369 E13.10186
G1 X88.335 Y130.631 E14.67032
G1 X87.498 Y130.631 E14.75277
G1 X98.761 Y119.369 E16.32123
G1 X97.924 Y119.369 E16.40369
G1 X86.661 Y130.631 E17.97215
G1 X85.823 Y130.631 E18.05461
G1 X97.086 Y119.369 E19.62306
G1 X96.249 Y119.369 E19.70552
G1 X84.986 Y130.631 E21.27398
G1 X84.148 Y130.631 E21.35644
G1 X95.411 Y119.369 E22.9249
G1 X94.574 Y119.369 E23.00735
G1 X83.311 Y130.631 E24.57581
G1 X82.474 Y130.631 E24.65827
G1 X93.737 Y119.369 E26.22673
G1 X92.899 Y119.369 E26.30919
G1 X81.636 Y130.631 E27.87765
G1 X80.799 Y130.631 E27.9601
G1 X92.062 Y119.369 E29.52856
G1 X91.224 Y119.369 E29.61102
G1 X68.461 Y142.131 E32.78094
G1 X69.299 Y142.131 E32.8634
G1 X79.631 Y131.799 E34.3023
G1 X79.631 Y132.636 E34.38475
G1 X70.136 Y142.131 E35.70704
G1 X70.974 Y142.131 E35.7895
G1 X79.631 Y133.474 E36.99517
G1 X79.631 Y134.311 E37.07763
G1 X71.811 Y142.131 E38.16668
G1 X72.648 Y142.131 E38.24914
G1 X79.631 Y135.148 E39.22159
G1 X79.631 Y135.986 E39.30405
G1 X73.486 Y142.131 E40.15988
G1 X74.323 Y142.131 E40.24234
G1 X79.631 Y136.823 E40.98156
G1 X79.631 Y137.661 E41.06402
G1 X75.161 Y142.131 E41.68663
G1 X75.998 Y142.131 E41.76908
G1 X79.631 Y138.498 E42.27508
G1 X79.631 Y139.335 E42.35754
G1 X76.835 Y142.131 E42.74692
G1 X77.673 Y142.131 E42.82938
G1 X79.631 Y140.173 E43.10215
G1 X79.631 Y140.869 E43.17066
G1 X79.773 Y140.869 E43.18461
G1 X78.51 Y142.131 E43.36049
G1 X79.348 Y142.131 E43.44295
G1 X80.61 Y140.869 E43.61882
G1 X81.448 Y140.869 E43.70128
G1 X80.185 Y142.131 E43.87716
G1 X81.022 Y142.131 E43.95962
G1 X82.285 Y140.869 E44.1355
G1 X83.123 Y140.869 E44.21795
G1 X81.86 Y142.131 E44.39383
G1 X82.697 Y142.131 E44.47629
G1 X83.96 Y140.869 E44.65217
G1 X84.656 Y140.869 E44.72075
G1 X84.656 Y141.009 E44.73463
G1 X83.269 Y142.397 E44.9278
G1 X85.607 Y142.131 F7800
;TYPE:Internal infill
;WIDTH:0.675
G1 F3600
G1 X84.818 Y142.131 E45.00514
G1 X85.246 Y141.703 E45.06445
G1 X85.246 Y140.869 E45.14625
G1 X86.24 Y140.869 E45.24367
G1 X85.902 Y142.131 E45.37177
G1 X86.918 Y141.867 E45.47467
G1 X87.182 Y142.131 E45.51131
G1 X86.226 Y142.131 E45.60505
G1 X88.412 Y140.603 F7800
;TYPE:Solid infill
;WIDTH:0.677962
G1 F1200
G1 X87.45 Y141.566 E45.73906
G1 X87.868 Y141.984 E45.79736
G1 X88.984 Y140.869 E45.95275
G1 X89.822 Y140.869 E46.03521
G1 X88.559 Y142.131 E46.21109
G1 X89.396 Y142.131 E46.29355
G1 X90.659 Y140.869 E46.46942
G1 X91.496 Y140.869 E46.55188
G1 X89.968 Y142.397 E46.76468
G1 E43.76468 F2400
G92 E0
G1 X106.221 Y75.119 F7800
G1 E3 F2400
;TYPE:Gap fill
;WIDTH:0.310229
G1 F1200
G1 X106.846 Y75.34 E3.02473
G1 X106.503 Y75.458 F7800
;WIDTH:0.380567
G1 F1200
G1 X106.363 Y74.727 E3.06116
;WIDTH:0.370151
G1 X106.342 Y74.576 E3.06841
;WIDTH:0.326935
G1 X106.32 Y74.424 E3.07456
;WIDTH:0.283719
G1 X106.299 Y74.272 E3.07961
;WIDTH:0.240504
G1 X106.277 Y74.12 E3.08355
;WIDTH:0.197289
G1 X106.276 Y74.11 E3.08375
;WIDTH:0.195319
G1 X106.26 Y73.767 E3.08999
G1 X106.26 Y73.233 F7800
;WIDTH:0.195319
G1 F1200
G1 X106.276 Y72.89 E3.09623
;WIDTH:0.197288
G1 X106.277 Y72.88 E3.09642
;WIDTH:0.240506
G1 X106.299 Y72.728 E3.10037
;WIDTH:0.283724
G1 X106.32 Y72.576 E3.10541
;WIDTH:0.326941
G1 X106.342 Y72.424 E3.11156
;WIDTH:0.370158
G1 X106.363 Y72.273 E3.11881
;WIDTH:0.380576
G1 X106.503 Y71.542 E3.15525
G1 X106.846 Y71.66 F7800
;WIDTH:0.310245
G1 F1200
G1 X106.221 Y71.881 E3.17998
G1 X107.32 Y67.603 F7800
;TYPE:Solid infill
;WIDTH:0.687035
G1 F1200
G1 X106.369 Y68.555 E3.31447
G1 X106.369 Y69.405 E3.39948
G1 X107.905 Y67.869 E3.6167
G1 X108.755 Y67.869 E3.7017
G1 X106.369 Y70.255 E4.03914
G1 X106.369 Y71.067 E4.1203
G1 X106.401 Y71.073 E4.12359
G1 X109.605 Y67.869 E4.57668
G1 X110.455 Y67.869 E4.66168
G1 X107.609 Y70.715 E5.0642
G1 X108.063 Y70.447 E5.11699
G1 X108.64 Y70.239 E5.17832
G1 X109.005 Y70.169 E5.21544
G1 X111.306 Y67.869 E5.54073
G1 X112.156 Y67.869 E5.62574
G1 X109.864 Y70.161 E5.94985
G1 X110.127 Y70.184 E5.97628
G1 X110.564 Y70.311 E6.02179
G1 X112.631 Y68.243 E6.31411
G1 X112.631 Y69.093 E6.39911
G1 X111.153 Y70.572 E6.60813
G1 X111.308 Y70.651 E6.62553
G1 X111.655 Y70.92 E6.66944
G1 X112.631 Y69.944 E6.80747
G1 X112.631 Y70.794 E6.89248
G1 X111.898 Y71.527 E6.9962
G1 X112.289 Y71.821 F7800
;TYPE:Gap fill
;WIDTH:0.213695
G1 F1200
G1 X112.392 Y71.968 E7.00002
;WIDTH:0.26055
G1 X112.495 Y72.115 E7.00524
;WIDTH:0.307405
G1 X112.599 Y72.262 E7.01187
;WIDTH:0.315522
G1 X112.61 Y72.28 E7.01269
;WIDTH:0.349822
G1 X112.647 Y72.344 E7.01592
;WIDTH:0.349823
G1 X112.666 Y72.478 E7.02186
;WIDTH:0.311688
G1 X112.685 Y72.612 E7.02694
;WIDTH:0.273554
G1 X112.704 Y72.746 E7.03116
;WIDTH:0.23542
G1 X112.723 Y72.88 E7.03453
;WIDTH:0.197285
G1 X112.724 Y72.89 E7.03472
;WIDTH:0.195315
G1 X112.74 Y73.233 E7.04096
G1 X112.74 Y73.767 F7800
;WIDTH:0.195787
G1 F1200
G1 X112.724 Y74.115 E7.04732
;WIDTH:0.197896
G1 X112.723 Y74.126 E7.04753
;WIDTH:0.243393
G1 X112.689 Y74.356 E7.05363
;WIDTH:0.28889
G1 X112.655 Y74.587 E7.06149
;WIDTH:0.334386
G1 X112.621 Y74.817 E7.07112
G1 X112.359 Y75.062 F7800
;WIDTH:0.215176
G1 F1200
G1 X112.466 Y74.9 E7.07529
;WIDTH:0.263511
G1 X112.573 Y74.738 E7.08102
;WIDTH:0.26845
G1 X112.779 Y74.398 E7.09311
G1 X110.507 Y76.706 F7800
;TYPE:Internal infill
;WIDTH:0.675
G1 F3600
G1 X110.742 Y76.638 E7.1171
G1 X111.308 Y76.349 E7.17933
G1 X111.81 Y75.96 E7.24156
G1 X112.217 Y75.498 E7.3019
G1 X112.574 Y75.733 E7.34383
G1 X112.631 Y75.647 E7.354
G1 X112.631 Y76.519 E7.43945
G1 X109.369 Y88.696 E8.67466
G1 X109.369 Y90.106 E8.81274
G1 X112.631 Y89.231 E9.14372
G1 X112.631 Y87.636 E9.30008
G1 X109.369 Y84.373 E9.75219
G1 X109.369 Y82.131 E9.97178
G1 X107.127 Y82.131 E10.19136
G1 X106.369 Y81.373 E10.29651
G1 X106.369 Y81.76 E10.33451
G1 X112.631 Y80.082 E10.96978
G1 X112.631 Y83.617 E11.31613
G1 X109.369 Y93.336 F7800
G1 F3600
G1 X109.369 Y96.871 E11.66247
G1 X112.631 Y100.134 E12.11459
G1 X112.631 Y98.381 E12.28634
G1 X109.369 Y99.255 E12.61731
G1 X109.369 Y101.254 E12.81322
G1 X110.203 Y101.254 E12.89502
G1 X110.699 Y101.75 E12.96366
G1 X109.852 Y101.578 F7800
;TYPE:Solid infill
;WIDTH:0.677962
G1 F1200
G1 X109.369 Y102.062 E13.03098
G1 X109.369 Y102.899 E13.11344
G1 X110.192 Y102.076 E13.22809
G1 X110.611 Y102.495 E13.2864
G1 X109.369 Y103.737 E13.45936
G1 X109.369 Y104.574 E13.54182
G1 X112.099 Y101.844 E13.92206
G1 X112.631 Y101.844 E13.97449
G1 X112.631 Y102.148 E14.00452
G1 X109.369 Y105.411 E14.45891
G1 X109.369 Y106.249 E14.54137
G1 X112.631 Y102.986 E14.99576
G1 X112.631 Y103.823 E15.07822
G1 X104.823 Y111.631 E16.16559
G1 X105.369 Y111.631 E16.21928
G1 X105.369 Y111.924 E16.24804
G1 X112.631 Y104.661 E17.25947
G1 X112.631 Y105.498 E17.34193
G1 X105.369 Y112.761 E18.35336
G1 X105.369 Y113.598 E18.43581
G1 X112.631 Y106.335 E19.44724
G1 X112.631 Y106.869 E19.49974
G1 X112.936 Y106.869 E19.5297
G1 X105.369 Y114.436 E20.58349
G1 X105.369 Y115.273 E20.66595
G1 X113.773 Y106.869 E21.83635
G1 X114.61 Y106.869 E21.91881
G1 X105.369 Y116.11 E23.20583
G1 X105.369 Y116.948 E23.28829
G1 X115.448 Y106.869 E24.69192
G1 X116.285 Y106.869 E24.77438
G1 X105.369 Y117.785 E26.29462
G1 X105.369 Y118.623 E26.37708
G1 X117.123 Y106.869 E28.01394
G1 X117.96 Y106.869 E28.09639
G1 X92.369 Y132.46 E31.66021
G1 X92.369 Y133.297 E31.74267
G1 X118.797 Y106.869 E35.4231
G1 X119.635 Y106.869 E35.50556
G1 X92.369 Y134.135 E39.3026
G1 X92.369 Y134.972 E39.38506
G1 X114.631 Y112.709 E42.48536
G1 X114.631 Y113.547 E42.56781
G1 X92.369 Y135.81 E45.66811
G1 X92.369 Y136.647 E45.75057
G1 X114.631 Y114.384 E48.85086
G1 X114.631 Y115.221 E48.93332
G1 X92.369 Y137.484 E52.03361
G1 X92.369 Y138.322 E52.11607
G1 X114.631 Y116.059 E55.21636
G1 X114.631 Y116.896 E55.29882
G1 X92.369 Y139.159 E58.39912
G1 X92.369 Y139.997 E58.48157
G1 X114.631 Y117.734 E61.58187
G1 X114.631 Y118.571 E61.66432
G1 X91.071 Y142.131 E64.94532
G1 X91.908 Y142.131 E65.02778
G1 X114.671 Y119.369 E68.1977
G1 X115.509 Y119.369 E68.28016
G1 X92.746 Y142.131 E71.45008
G1 X93.583 Y142.131 E71.53254
G1 X116.346 Y119.369 E74.70246
G1 X117.183 Y119.369 E74.78492
G1 X94.42 Y142.131 E77.95484
G1 X95.258 Y142.131 E78.0373
G1 X118.021 Y119.369 E81.20723
G1 X118.858 Y119.369 E81.28968
G1 X96.095 Y142.131 E84.45961
G1 X96.933 Y142.131 E84.54206
G1 X119.696 Y119.369 E87.71199
G1 X120.533 Y119.369 E87.79444
G1 X97.77 Y142.131 E90.96437
G1 X98.607 Y142.131 E91.04683
G1 X121.37 Y119.369 E94.21675
G1 X122.208 Y119.369 E94.29921
G1 X99.445 Y142.131 E97.46913
G1 X100.282 Y142.131 E97.55159
G1 X123.045 Y119.369 E100.72151
G1 X123.883 Y119.369 E100.80397
G1 X101.12 Y142.131 E103.97389
G1 X101.957 Y142.131 E104.05635
G1 X124.72 Y119.369 E107.22627
G1 X125.557 Y119.369 E107.30873
G1 X102.794 Y142.131 E110.47865
G1 X103.632 Y142.131 E110.56111
G1 X126.395 Y119.369 E113.73103
G1 X127.232 Y119.369 E113.81349
G1 X104.469 Y142.131 E116.98342
G1 X105.306 Y142.131 E117.06587
G1 X128.069 Y119.369 E120.2358
G1 X128.907 Y119.369 E120.31825
G1 X106.144 Y142.131 E123.48818
G1 X106.981 Y142.131 E123.57063
G1 X129.744 Y119.369 E126.74056
G1 X130.582 Y119.369 E126.82302
G1 X107.819 Y142.131 E129.99294
G1 X108.656 Y142.131 E130.0754
G1 X131.419 Y119.369 E133.24532
G1 X132.256 Y119.369 E133.32778
G1 X109.493 Y142.131 E136.4977
G1 X110.331 Y142.131 E136.58016
G1 X133.094 Y119.369 E139.75008
G1 X133.931 Y119.369 E139.83254
G1 X111.168 Y142.131 E143.00246
G1 X112.006 Y142.131 E143.08492
G1 X134.769 Y119.369 E146.25484
G1 X135.606 Y119.369 E146.3373
G1 X112.843 Y142.131 E149.50722
G1 X113.68 Y142.131 E149.58968
G1 X136.443 Y119.369 E152.7596
G1 X137.281 Y119.369 E152.84206
G1 X114.518 Y142.131 E156.01199
G1 X115.355 Y142.131 E156.09444
G1 X138.118 Y119.369 E159.26437
G1 X138.955 Y119.369 E159.34682
G1 X116.192 Y142.131 E162.51675
G1 X117.03 Y142.131 E162.59921
G1 X139.793 Y119.369 E165.76913
G1 X140.63 Y119.369 E165.85159
G1 X135.867 Y124.131 E166.51487
G1 X136.705 Y124.131 E166.59733
G1 X141.468 Y119.369 E167.26061
G1 X142.305 Y119.369 E167.34307
G1 X137.542 Y124.131 E168.00635
G1 X138.379 Y124.131 E168.08881
G1 X143.142 Y119.369 E168.75209
G1 X143.98 Y119.369 E168.83455
G1 X139.217 Y124.131 E169.49783
G1 X140.054 Y124.131 E169.58029
G1 X144.817 Y119.369 E170.24357
G1 X145.655 Y119.369 E170.32603
G1 X140.626 Y124.397 E171.02623
G1 X134.897 Y125.102 F7800
G1 F1200
G1 X117.867 Y142.131 E173.3977
G1 X118.705 Y142.131 E173.48016
G1 X134.631 Y126.205 E175.6981
G1 X134.631 Y127.042 E175.78056
G1 X119.542 Y142.131 E177.88189
G1 X120.379 Y142.131 E177.96434
G1 X134.631 Y127.879 E179.94906
G1 X134.631 Y128.717 E180.03152
G1 X121.217 Y142.131 E181.89962
G1 X122.054 Y142.131 E181.98208
G1 X134.631 Y129.554 E183.73357
G1 X134.631 Y130.392 E183.81602
G1 X122.892 Y142.131 E185.4509
G1 X123.729 Y142.131 E185.53336
G1 X134.631 Y131.229 E187.05162
G1 X134.631 Y132.066 E187.13408
G1 X124.566 Y142.131 E188.53573
G1 X125.404 Y142.131 E188.61819
G1 X134.631 Y132.904 E189.90323
G1 X134.631 Y133.741 E189.98569
G1 X126.241 Y142.131 E191.15412
G1 X127.078 Y142.131 E191.23657
G1 X134.631 Y134.578 E192.28839
G1 X134.631 Y135.416 E192.37085
G1 X127.916 Y142.131 E193.30605
G1 X128.753 Y142.131 E193.38851
G1 X134.631 Y136.253 E194.2071
G1 X134.631 Y137.091 E194.28955
G1 X129.591 Y142.131 E194.99153
G1 X130.428 Y142.131 E195.07399
G1 X134.631 Y137.928 E195.65935
G1 X134.631 Y138.765 E195.74181
G1 X131.265 Y142.131 E196.21056
G1 X132.103 Y142.131 E196.29302
G1 X134.631 Y139.603 E196.64516
G1 X134.631 Y140.44 E196.72762
G1 X132.94 Y142.131 E196.96315
G1 X133.778 Y142.131 E197.04561
G1 X134.631 Y141.278 E197.16452
G1 X134.631 Y142.115 E197.24698
G1 X134.35 Y142.397 E197.2862
G1 E194.2862 F2400
G92 E0
G1 X115.444 Y111.897 F7800
G1 E3 F2400
G1 F1200
G1 X120.472 Y106.869 E3.7002
G1 X121.31 Y106.869 E3.78266
G1 X116.547 Y111.631 E4.44594
G1 X117.384 Y111.631 E4.5284
G1 X122.147 Y106.869 E5.19168
G1 X122.984 Y106.869 E5.27414
G1 X118.221 Y111.631 E5.93742
G1 X119.059 Y111.631 E6.01988
G1 X123.822 Y106.869 E6.68316
G1 X124.659 Y106.869 E6.76562
G1 X119.896 Y111.631 E7.42891
G1 X120.734 Y111.631 E7.51136
G1 X125.497 Y106.869 E8.17465
G1 X126.334 Y106.869 E8.2571
G1 X121.571 Y111.631 E8.92039
G1 X122.408 Y111.631 E9.00284
G1 X127.171 Y106.869 E9.66613
G1 X128.009 Y106.869 E9.74858
G1 X123.246 Y111.631 E10.41187
G1 X124.083 Y111.631 E10.49432
G1 X128.846 Y106.869 E11.15761
G1 X129.683 Y106.869 E11.24006
G1 X124.92 Y111.631 E11.90335
G1 X125.758 Y111.631 E11.9858
G1 X130.521 Y106.869 E12.64909
G1 X131.358 Y106.869 E12.73154
G1 X126.595 Y111.631 E13.39483
G1 X127.433 Y111.631 E13.47729
G1 X132.196 Y106.869 E14.14057
G1 X133.033 Y106.869 E14.22303
G1 X128.27 Y111.631 E14.88631
G1 X129.107 Y111.631 E14.96877
G1 X133.87 Y106.869 E15.63205
G1 X134.708 Y106.869 E15.71451
G1 X129.945 Y111.631 E16.37779
G1 X130.782 Y111.631 E16.46025
G1 X135.545 Y106.869 E17.12353
G1 X136.383 Y106.869 E17.20599
G1 X131.62 Y111.631 E17.86927
G1 X132.457 Y111.631 E17.95173
G1 X137.22 Y106.869 E18.61501
G1 X138.057 Y106.869 E18.69747
G1 X133.294 Y111.631 E19.36075
G1 X134.132 Y111.631 E19.44321
G1 X138.895 Y106.869 E20.10649
G1 X139.732 Y106.869 E20.18895
G1 X134.969 Y111.631 E20.85223
G1 X135.806 Y111.631 E20.93469
G1 X140.569 Y106.869 E21.59797
G1 X141.407 Y106.869 E21.68043
G1 X136.644 Y111.631 E22.34371
G1 X137.481 Y111.631 E22.42617
G1 X142.244 Y106.869 E23.08945
G1 X143.082 Y106.869 E23.17191
G1 X138.319 Y111.631 E23.83519
G1 X139.156 Y111.631 E23.91765
G1 X143.919 Y106.869 E24.58093
G1 X144.756 Y106.869 E24.66339
G1 X139.993 Y111.631 E25.32667
G1 X140.831 Y111.631 E25.40913
G1 X145.594 Y106.869 E26.07241
G1 X146.431 Y106.869 E26.15487
G1 X141.668 Y111.631 E26.81815
G1 X142.506 Y111.631 E26.90061
G1 X147.269 Y106.869 E27.56389
G1 X148.106 Y106.869 E27.64635
G1 X143.343 Y111.631 E28.30963
G1 X144.18 Y111.631 E28.39209
G1 X148.943 Y106.869 E29.05537
G1 X149.781 Y106.869 E29.13783
G1 X145.018 Y111.631 E29.80111
G1 X145.855 Y111.631 E29.88357
G1 X150.618 Y106.869 E30.54686
G1 X151.455 Y106.869 E30.62931
G1 X146.369 Y111.955 E31.33771
G1 X146.369 Y112.793 E31.42017
G1 X152.293 Y106.869 E32.24518
G1 X153.13 Y106.869 E32.32764
G1 X146.369 Y113.63 E33.26926
G1 X146.369 Y114.468 E33.35172
G1 X153.968 Y106.869 E34.40995
G1 X154.805 Y106.869 E34.49241
G1 X146.369 Y115.305 E35.66726
G1 X146.369 Y116.142 E35.74972
G1 X156.631 Y105.879 E37.17891
G1 X156.631 Y106.717 E37.26137
G1 X151.201 Y112.147 E38.01762
G1 X151.487 Y112.128 E38.04589
G1 X152.012 Y112.174 E38.09775
G1 X156.631 Y107.554 E38.74105
G1 X156.631 Y108.392 E38.8235
G1 X152.679 Y112.344 E39.37391
G1 X153.243 Y112.617 E39.43562
G1 X156.631 Y109.229 E39.9075
G1 X156.631 Y110.066 E39.98996
G1 X153.724 Y112.974 E40.3948
G1 X153.815 Y113.043 E40.40604
G1 X154.129 Y113.406 E40.45332
G1 X156.631 Y110.904 E40.8018
G1 X156.631 Y111.741 E40.88426
G1 X154.468 Y113.905 E41.18557
G1 X154.644 Y114.279 E41.22624
G1 X154.708 Y114.502 E41.24911
G1 X156.631 Y112.578 E41.5169
G1 X156.631 Y113.416 E41.59936
G1 X154.846 Y115.201 E41.84795
G1 X154.875 Y115.5 E41.87752
G1 X154.821 Y116.063 E41.93325
G1 X156.631 Y114.253 E42.18533
G1 X156.631 Y115.091 E42.26779
G1 X147.591 Y124.131 E43.52679
G1 X148.428 Y124.131 E43.60925
G1 X156.631 Y115.928 E44.75165
G1 X156.631 Y116.765 E44.8341
G1 X149.265 Y124.131 E45.85988
G1 X150.103 Y124.131 E45.94234
G1 X156.631 Y117.603 E46.85151
G1 X156.631 Y118.44 E46.93397
G1 X150.94 Y124.131 E47.72653
G1 X151.778 Y124.131 E47.80898
G1 X156.631 Y119.278 E48.48493
G1 X156.631 Y120.115 E48.56739
G1 X152.615 Y124.131 E49.12672
G1 X153.452 Y124.131 E49.20918
G1 X156.631 Y120.952 E49.6519
G1 X156.631 Y121.79 E49.73435
G1 X154.29 Y124.131 E50.06046
G1 X155.127 Y124.131 E50.14292
G1 X156.631 Y122.627 E50.35242
G1 X156.631 Y123.465 E50.43487
G1 X155.699 Y124.397 E50.56468
G1 X146.488 Y124.397 F7800
G1 F1200
G1 X152.063 Y118.821 E51.34108
G1 X151.5 Y118.875 E51.3968
G1 X151.201 Y118.846 E51.42637
G1 X145.916 Y124.131 E52.16237
G1 X145.078 Y124.131 E52.24483
G1 X150.494 Y118.716 E52.99905
G1 X150.045 Y118.542 E53.04652
G1 X149.91 Y118.463 E53.06193
G1 X144.241 Y124.131 E53.85134
G1 X143.404 Y124.131 E53.9338
G1 X149.404 Y118.131 E54.7694
G1 X149.04 Y117.81 E54.8172
G1 X148.973 Y117.724 E54.82789
G1 X142.566 Y124.131 E55.72013
G1 X141.729 Y124.131 E55.80259
G1 X148.617 Y117.243 E56.76187
G1 X148.344 Y116.679 E56.82359
G1 X146.369 Y118.655 E57.09869
G1 X146.369 Y117.817 E57.18115
G1 X148.174 Y116.012 E57.43254
G1 X148.125 Y115.5 E57.48317
G1 X148.154 Y115.194 E57.51344
G1 X146.103 Y117.245 E57.79905
G1 X155.103 Y106.57 F7800
G1 F1200
G1 X156.631 Y105.042 E58.01185
G1 X156.631 Y104.205 E58.09431
G1 X155.369 Y105.468 E58.27019
G1 X155.369 Y104.63 E58.35265
G1 X156.631 Y103.367 E58.52852
G1 X156.631 Y102.53 E58.61098
G1 X155.369 Y103.793 E58.78686
G1 X155.369 Y102.955 E58.86932
G1 X156.22 Y102.104 E58.98788
G1 X155.959 Y101.844 E59.02417
G1 X155.643 Y101.844 E59.05531
G1 X155.103 Y102.383 E59.13047
G1 X155.369 Y99.613 F7800
;TYPE:Internal infill
;WIDTH:0.675
G1 F3600
G1 X155.369 Y96.078 E59.47681
G1 X156.631 Y95.74 E59.60492
G1 X156.631 Y94.142 E59.76151
G1 X155.369 Y92.879 E59.93651
G1 X155.369 Y87.747 E60.43927
G1 X156.631 Y83.034 E60.91737
G1 X156.631 Y81.644 E61.05358
G1 X151.831 Y76.843 E61.71873
G1 X151.522 Y76.873 E61.74919
G1 X151.077 Y76.845 E61.79279
G1 X150.64 Y76.761 E61.83638
G1 X150.063 Y76.553 E61.89649
G1 X149.516 Y76.23 E61.95872
G1 X149.346 Y76.08 E61.98102
G1 X148.369 Y79.727 E62.35095
G1 X148.369 Y79.656 E62.35789
G1 X156.631 Y77.442 E63.19604
G1 X156.631 Y73.907 E63.54238
G1 E60.54238 F2400
G92 E0
G1 X148.221 Y75.119 F7800
G1 E3 F2400
;TYPE:Gap fill
;WIDTH:0.310216
G1 F1200
G1 X148.846 Y75.34 E3.02473
G1 X148.503 Y75.458 F7800
;WIDTH:0.380571
G1 F1200
G1 X148.363 Y74.727 E3.06116
;WIDTH:0.370153
G1 X148.342 Y74.576 E3.06841
;WIDTH:0.326936
G1 X148.32 Y74.424 E3.07456
;WIDTH:0.283718
G1 X148.299 Y74.272 E3.07961
;WIDTH:0.240501
G1 X148.277 Y74.12 E3.08355
;WIDTH:0.197285
G1 X148.276 Y74.11 E3.08375
;WIDTH:0.195315
G1 X148.26 Y73.767 E3.08999
G1 X148.26 Y73.233 F7800
;WIDTH:0.195317
G1 F1200
G1 X148.276 Y72.89 E3.09623
;WIDTH:0.197286
G1 X148.277 Y72.88 E3.09642
;WIDTH:0.240503
G1 X148.299 Y72.728 E3.10036
;WIDTH:0.283721
G1 X148.32 Y72.576 E3.10541
;WIDTH:0.32694
G1 X148.342 Y72.424 E3.11156
;WIDTH:0.370158
G1 X148.363 Y72.273 E3.11881
;WIDTH:0.380576
G1 X148.503 Y71.542 E3.15524
G1 X148.846 Y71.66 F7800
;WIDTH:0.310247
G1 F1200
G1 X148.221 Y71.881 E3.17998
G1 X150.925 Y70.184 F7800
;TYPE:Internal infill
;WIDTH:0.675
G1 F3600
G1 X151.546 Y67.869 E3.41488
G1 X155.354 Y67.869 E3.78801
G1 X156.631 Y69.146 E3.96499
G1 X156.631 Y68.293 E4.04859
G1 X148.369 Y70.507 E4.88673
G1 X148.369 Y67.869 E5.1452
G1 X149.265 Y67.869 E5.23308
G1 E2.23308 F2400
G92 E0
G1 X155.369 Y86.929 F7800
G1 E3 F2400
G1 F3600
G1 X156.631 Y86.591 E3.12811
G1 X156.631 Y90.126 E3.47445
;LAYER_CHANGE
;Z:1.85
;HEIGHT:0.4
G1 Z1.85 F7800
G1 E.47445 F2400
G92 E0
G1 X115.073 Y112.073 F7800
G1 E3 F2400
;TYPE:Perimeter
G1 F4800
G1 X145.927 Y112.073 E6.02293
G1 X145.927 Y118.927 E6.69441
G1 X115.073 Y118.927 E9.71734
G1 X115.073 Y112.163 E10.37999
G1 X115.663 Y112.663 F7800
;TYPE:External perimeter
G1 F2400
G1 X145.338 Y112.663 E13.28748
G1 X145.338 Y118.338 E13.8435
G1 X115.663 Y118.338 E16.75098
G1 X115.663 Y112.753 E17.29819
G1 X115.396 Y112.125 F7800
G1 E14.29819 F2400
G92 E0
G1 X148.706 Y116.369 F7800
G1 E3 F2400
;TYPE:Perimeter
G1 F1800
G1 X148.62 Y116.035 E3.03383
G1 X148.569 Y115.5 E3.08644
G1 X148.621 Y114.951 E3.14049
G1 X148.775 Y114.421 E3.19454
G1 X149.025 Y113.93 E3.24858
G1 X149.364 Y113.494 E3.30263
G1 X149.777 Y113.129 E3.35668
G1 X150.252 Y112.848 E3.41072
G1 X150.757 Y112.666 E3.46333
G1 X151.131 Y112.595 E3.50057
G1 X151.473 Y112.572 E3.53417
G1 X152.044 Y112.62 E3.59037
G1 X152.579 Y112.775 E3.6449
G1 X153.07 Y113.025 E3.69895
G1 X153.506 Y113.364 E3.753
G1 X153.861 Y113.766 E3.80561
G1 X154.066 Y114.089 E3.84307
G1 X154.229 Y114.435 E3.88054
G1 X154.379 Y114.951 E3.93315
G1 X154.431 Y115.5 E3.98719
G1 X154.379 Y116.049 E4.04124
G1 X154.225 Y116.579 E4.09529
G1 X153.975 Y117.07 E4.14933
G1 X153.636 Y117.506 E4.20338
G1 X153.223 Y117.871 E4.25743
G1 X152.76 Y118.144 E4.31004
G1 X152.405 Y118.285 E4.3475
G1 X152.035 Y118.38 E4.38497
G1 X151.5 Y118.431 E4.43758
G1 X150.951 Y118.379 E4.49163
G1 X150.421 Y118.225 E4.54567
G1 X149.93 Y117.975 E4.59972
G1 X149.494 Y117.636 E4.65377
G1 X149.129 Y117.223 E4.70781
G1 X148.856 Y116.761 E4.76042
G1 X148.734 Y116.454 E4.7927
G1 X149.276 Y116.223 F7800
;TYPE:External perimeter
G1 F1800
G1 X149.202 Y115.933 E4.82199
G1 X149.161 Y115.5 E4.86461
G1 X149.202 Y115.062 E4.90774
G1 X149.325 Y114.639 E4.95087
G1 X149.525 Y114.247 E4.99401
G1 X149.795 Y113.899 E5.03714
G1 X150.125 Y113.608 E5.08027
G1 X150.504 Y113.384 E5.12341
G1 X150.913 Y113.236 E5.16602
G1 X151.206 Y113.18 E5.19523
G1 X151.468 Y113.163 E5.22096
G1 X151.937 Y113.202 E5.26701
G1 X152.361 Y113.325 E5.31032
G1 X152.753 Y113.525 E5.35346
G1 X153.101 Y113.795 E5.39659
G1 X153.389 Y114.121 E5.4392
G1 X153.549 Y114.374 E5.46849
G1 X153.676 Y114.644 E5.49778
G1 X153.798 Y115.062 E5.54039
G1 X153.839 Y115.5 E5.58353
G1 X153.798 Y115.938 E5.62666
G1 X153.675 Y116.361 E5.66979
G1 X153.475 Y116.753 E5.71293
G1 X153.205 Y117.101 E5.75606
G1 X152.875 Y117.392 E5.79919
G1 X152.501 Y117.614 E5.8418
G1 X152.223 Y117.724 E5.8711
G1 X151.933 Y117.798 E5.90039
G1 X151.5 Y117.839 E5.943
G1 X151.062 Y117.798 E5.98613
G1 X150.639 Y117.675 E6.02926
G1 X150.247 Y117.475 E6.0724
G1 X149.899 Y117.205 E6.11553
G1 X149.608 Y116.875 E6.15867
G1 X149.386 Y116.501 E6.20128
G1 X149.309 Y116.306 E6.22175
G1 X148.983 Y116.163 F7800
G1 E3.22175 F2400
G92 E0
G1 X150.951 Y76.379 F7800
G1 E3 F2400
;TYPE:Perimeter
G1 F1800
G1 X150.421 Y76.225 E3.05404
G1 X149.93 Y75.975 E3.10809
G1 X149.494 Y75.636 E3.16214
G1 X149.129 Y75.223 E3.21619
G1 X148.856 Y74.76 E3.2688
G1 X148.715 Y74.405 E3.30626
G1 X148.62 Y74.035 E3.34373
G1 X148.569 Y73.5 E3.39634
G1 X148.621 Y72.951 E3.45038
G1 X148.775 Y72.421 E3.50443
G1 X149.025 Y71.93 E3.55848
G1 X149.364 Y71.494 E3.61252
G1 X149.777 Y71.129 E3.66657
G1 X150.252 Y70.848 E3.72062
G1 X150.757 Y70.666 E3.77323
G1 X151.131 Y70.595 E3.81047
G1 X151.473 Y70.572 E3.84407
G1 X152.044 Y70.62 E3.90027
G1 X152.579 Y70.775 E3.9548
G1 X153.07 Y71.025 E4.00884
G1 X153.506 Y71.364 E4.06289
G1 X153.861 Y71.766 E4.1155
G1 X154.066 Y72.089 E4.15297
G1 X154.229 Y72.435 E4.19043
G1 X154.379 Y72.951 E4.24304
G1 X154.431 Y73.5 E4.29709
G1 X154.379 Y74.049 E4.35114
G1 X154.225 Y74.579 E4.40518
G1 X153.975 Y75.07 E4.45923
G1 X153.645 Y75.495 E4.51184
G1 X153.368 Y75.755 E4.54908
G1 X153.092 Y75.958 E4.58268
G1 X152.584 Y76.224 E4.63888
G1 X152.049 Y76.379 E4.69341
G1 X151.5 Y76.431 E4.74746
G1 X151.04 Y76.387 E4.79269
G1 X151.208 Y75.811 F7800
;TYPE:External perimeter
G1 F1800
G1 X151.062 Y75.798 E4.80706
G1 X150.639 Y75.675 E4.85019
G1 X150.247 Y75.475 E4.89332
G1 X149.899 Y75.205 E4.93646
G1 X149.608 Y74.875 E4.97959
G1 X149.386 Y74.501 E5.0222
G1 X149.276 Y74.223 E5.05149
G1 X149.202 Y73.933 E5.08078
G1 X149.161 Y73.5 E5.12339
G1 X149.202 Y73.062 E5.16653
G1 X149.325 Y72.639 E5.20966
G1 X149.525 Y72.247 E5.25279
G1 X149.795 Y71.899 E5.29593
G1 X150.125 Y71.608 E5.33906
G1 X150.504 Y71.384 E5.38219
G1 X150.913 Y71.236 E5.42481
G1 X151.206 Y71.18 E5.45402
G1 X151.468 Y71.163 E5.47975
G1 X151.937 Y71.202 E5.5258
G1 X152.361 Y71.325 E5.56911
G1 X152.753 Y71.525 E5.61225
G1 X153.101 Y71.795 E5.65538
G1 X153.389 Y72.121 E5.69799
G1 X153.549 Y72.374 E5.72728
G1 X153.676 Y72.644 E5.75657
G1 X153.798 Y73.062 E5.79918
G1 X153.839 Y73.5 E5.84232
G1 X153.798 Y73.938 E5.88545
G1 X153.675 Y74.361 E5.92858
G1 X153.475 Y74.753 E5.97172
G1 X153.208 Y75.097 E6.01433
G1 X152.991 Y75.301 E6.04354
G1 X152.779 Y75.456 E6.06927
G1 X152.363 Y75.674 E6.11532
G1 X151.938 Y75.798 E6.15863
G1 X151.5 Y75.839 E6.20177
G1 X151.297 Y75.82 E6.22171
G1 X151.127 Y75.934 F7800
G1 E3.22171 F2400
G92 E0
G1 X111.975 Y75.07 F7800
G1 E3 F2400
;TYPE:Perimeter
G1 F1800
G1 X111.645 Y75.495 E3.05261
G1 X111.367 Y75.756 E3.09008
G1 X111.057 Y75.981 E3.12754
G1 X110.579 Y76.225 E3.18015
G1 X110.049 Y76.379 E3.2342
G1 X109.5 Y76.431 E3.28824
G1 X108.951 Y76.379 E3.34229
G1 X108.421 Y76.225 E3.39634
G1 X107.93 Y75.975 E3.45038
G1 X107.494 Y75.636 E3.50443
G1 X107.129 Y75.223 E3.55848
G1 X106.856 Y74.761 E3.61109
G1 X106.715 Y74.405 E3.64856
G1 X106.62 Y74.035 E3.68602
G1 X106.569 Y73.5 E3.73863
G1 X106.621 Y72.951 E3.79268
G1 X106.775 Y72.421 E3.84672
G1 X107.025 Y71.93 E3.90077
G1 X107.364 Y71.494 E3.95482
G1 X107.777 Y71.129 E4.00886
G1 X108.252 Y70.848 E4.06291
G1 X108.757 Y70.666 E4.11552
G1 X109.131 Y70.595 E4.15276
G1 X109.473 Y70.572 E4.18636
G1 X110.044 Y70.62 E4.24256
G1 X110.579 Y70.775 E4.29709
G1 X111.07 Y71.025 E4.35114
G1 X111.506 Y71.364 E4.40518
G1 X111.861 Y71.766 E4.45779
G1 X112.066 Y72.089 E4.49526
G1 X112.229 Y72.435 E4.53272
G1 X112.379 Y72.951 E4.58534
G1 X112.431 Y73.5 E4.63938
G1 X112.379 Y74.049 E4.69343
G1 X112.225 Y74.579 E4.74747
G1 X112.015 Y74.99 E4.7927
G1 X111.541 Y74.623 F7800
;TYPE:External perimeter
G1 F1800
G1 X111.475 Y74.753 E4.80704
G1 X111.208 Y75.097 E4.84965
G1 X110.99 Y75.302 E4.87894
G1 X110.749 Y75.477 E4.90823
G1 X110.361 Y75.675 E4.95084
G1 X109.938 Y75.798 E4.99397
G1 X109.5 Y75.839 E5.03711
G1 X109.062 Y75.798 E5.08024
G1 X108.639 Y75.675 E5.12337
G1 X108.247 Y75.475 E5.16651
G1 X107.899 Y75.205 E5.20964
G1 X107.608 Y74.875 E5.25277
G1 X107.386 Y74.501 E5.29538
G1 X107.276 Y74.223 E5.32468
G1 X107.202 Y73.933 E5.35397
G1 X107.161 Y73.5 E5.39658
G1 X107.202 Y73.062 E5.43971
G1 X107.325 Y72.639 E5.48284
G1 X107.525 Y72.247 E5.52598
G1 X107.795 Y71.899 E5.56911
G1 X108.125 Y71.608 E5.61224
G1 X108.504 Y71.384 E5.65538
G1 X108.913 Y71.236 E5.69799
G1 X109.206 Y71.18 E5.7272
G1 X109.468 Y71.163 E5.75293
G1 X109.937 Y71.202 E5.79898
G1 X110.361 Y71.325 E5.84229
G1 X110.753 Y71.525 E5.88543
G1 X111.101 Y71.795 E5.92856
G1 X111.389 Y72.121 E5.97117
G1 X111.549 Y72.374 E6.00046
G1 X111.676 Y72.644 E6.02975
G1 X111.798 Y73.062 E6.07236
G1 X111.839 Y73.5 E6.1155
G1 X111.798 Y73.938 E6.15863
G1 X111.675 Y74.361 E6.20176
G1 X111.582 Y74.543 E6.22175
G1 X111.626 Y74.743 F7800
G1 E3.22175 F2400
G92 E0
G1 X104.927 Y112.073 F7800
G1 E3 F2400
;TYPE:Perimeter
G1 F4800
G1 X104.927 Y118.927 E3.67147
G1 X72.073 Y118.927 E6.89036
G1 X72.073 Y112.073 E7.56183
G1 X104.837 Y112.073 E10.7719
G1 X104.337 Y112.663 F7800
;TYPE:External perimeter
G1 F2400
G1 X104.337 Y118.338 E11.32793
G1 X72.662 Y118.338 E14.43137
G1 X72.662 Y112.663 E14.98739
G1 X104.247 Y112.663 E18.08201
G1 X104.936 Y112.627 F7800
G1 E15.08201 F2400
G92 E0
G1 X91.927 Y131.073 F7800
G1 E3 F2400
;TYPE:Perimeter
G1 F4800
G1 X91.927 Y140.427 E3.91642
G1 X80.073 Y140.427 E5.07778
G1 X80.073 Y131.073 E5.99419
G1 X91.837 Y131.073 E7.14673
G1 X91.337 Y131.663 F7800
;TYPE:External perimeter
G1 F1800
G1 X91.337 Y139.838 E7.9477
G1 X80.662 Y139.838 E8.99361
G1 X80.662 Y131.663 E9.79458
G1 X91.247 Y131.663 E10.83167
G1 X91.923 Y131.533 F7800
G1 E7.83167 F2400
G92 E0
G1 X60.272 Y132.561 F7800
G1 E3 F2400
;TYPE:Perimeter
G1 F1800
G1 X60.38 Y132.965 E3.04107
G1 X60.431 Y133.5 E3.09368
G1 X60.379 Y134.049 E3.14773
G1 X60.225 Y134.579 E3.20178
G1 X59.981 Y135.057 E3.25438
G1 X59.756 Y135.367 E3.29185
G1 X59.495 Y135.645 E3.32932
G1 X59.07 Y135.975 E3.38193
G1 X58.579 Y136.225 E3.43597
G1 X58.049 Y136.379 E3.49002
G1 X57.5 Y136.431 E3.54407
G1 X56.951 Y136.379 E3.59812
G1 X56.421 Y136.225 E3.65216
G1 X55.93 Y135.975 E3.70621
G1 X55.494 Y135.636 E3.76025
G1 X55.129 Y135.223 E3.8143
G1 X54.856 Y134.76 E3.86691
G1 X54.715 Y134.405 E3.90438
G1 X54.62 Y134.035 E3.94184
G1 X54.569 Y133.5 E3.99445
G1 X54.621 Y132.951 E4.0485
G1 X54.775 Y132.421 E4.10255
G1 X55.025 Y131.93 E4.15659
G1 X55.364 Y131.494 E4.21064
G1 X55.777 Y131.129 E4.26469
G1 X56.252 Y130.848 E4.31873
G1 X56.757 Y130.666 E4.37134
G1 X57.131 Y130.595 E4.40858
G1 X57.473 Y130.572 E4.44218
G1 X58.044 Y130.62 E4.49838
G1 X58.579 Y130.775 E4.55291
G1 X59.07 Y131.025 E4.60696
G1 X59.506 Y131.364 E4.66101
G1 X59.871 Y131.777 E4.71505
G1 X60.144 Y132.24 E4.76766
G1 X60.238 Y132.477 E4.79268
G1 X59.724 Y132.777 F7800
;TYPE:External perimeter
G1 F1800
G1 X59.798 Y133.067 E4.82197
G1 X59.839 Y133.5 E4.86458
G1 X59.798 Y133.938 E4.90771
G1 X59.675 Y134.361 E4.95085
G1 X59.477 Y134.749 E4.99346
G1 X59.302 Y134.99 E5.02275
G1 X59.097 Y135.208 E5.05204
G1 X58.753 Y135.475 E5.09465
G1 X58.361 Y135.675 E5.13778
G1 X57.938 Y135.798 E5.18092
G1 X57.5 Y135.839 E5.22405
G1 X57.062 Y135.798 E5.26719
G1 X56.639 Y135.675 E5.31032
G1 X56.247 Y135.475 E5.35345
G1 X55.899 Y135.205 E5.39659
G1 X55.608 Y134.875 E5.43972
G1 X55.386 Y134.5 E5.48233
G1 X55.276 Y134.223 E5.51162
G1 X55.202 Y133.933 E5.54091
G1 X55.161 Y133.5 E5.58352
G1 X55.202 Y133.062 E5.62666
G1 X55.325 Y132.639 E5.66979
G1 X55.525 Y132.247 E5.71292
G1 X55.795 Y131.899 E5.75606
G1 X56.125 Y131.608 E5.79919
G1 X56.504 Y131.384 E5.84232
G1 X56.913 Y131.236 E5.88494
G1 X57.206 Y131.18 E5.91414
G1 X57.468 Y131.163 E5.93987
G1 X57.937 Y131.202 E5.98593
G1 X58.361 Y131.325 E6.02924
G1 X58.753 Y131.525 E6.07237
G1 X59.101 Y131.795 E6.11551
G1 X59.392 Y132.125 E6.15864
G1 X59.614 Y132.499 E6.20125
G1 X59.691 Y132.694 E6.22172
G1 X60.017 Y132.837 F7800
G1 E3.22172 F2400
G92 E0
G1 X64.927 Y84.427 F7800
G1 E3 F2400
;TYPE:Perimeter
G1 F4800
G1 X67.073 Y84.427 E3.21033
G1 X67.073 Y106.427 E5.36583
G1 X108.927 Y106.427 E9.46652
G1 X108.927 Y82.573 E11.80361
G1 X105.927 Y82.573 E12.09755
G1 X105.927 Y67.427 E13.58158
G1 X113.073 Y67.427 E14.2818
G1 X113.073 Y106.427 E18.10292
G1 X154.927 Y106.427 E22.20361
G1 X154.927 Y82.573 E24.5407
G1 X147.927 Y82.573 E25.22654
G1 X147.927 Y67.427 E26.71058
G1 X157.073 Y67.427 E27.60675
G1 X157.073 Y124.573 E33.20584
G1 X135.073 Y124.573 E35.36135
G1 X135.073 Y142.573 E37.12495
G1 X52.927 Y142.573 E45.17348
G1 X52.927 Y113.427 E48.0292
G1 X64.927 Y113.427 E49.20493
G1 X64.927 Y84.517 E52.03746
G1 X64.337 Y85.162 F7800
;TYPE:External perimeter
G1 F2400
G1 X64.337 Y112.838 E54.74899
G1 X53.662 Y112.838 E55.79491
G1 X53.662 Y85.162 E58.50643
G1 X64.247 Y85.162 E59.54353
G1 X64.89 Y84.928 F7800
G1 E56.54353 F2400
G92 E0
G1 X57.793 Y75.82 F7800
G1 E3 F2400
G1 F1800
G1 X57.495 Y75.839 E3.02929
G1 X57.062 Y75.798 E3.0719
G1 X56.639 Y75.675 E3.11503
G1 X56.251 Y75.477 E3.15765
G1 X56.01 Y75.302 E3.18693
G1 X55.792 Y75.097 E3.21623
G1 X55.525 Y74.753 E3.25884
G1 X55.325 Y74.361 E3.30197
G1 X55.202 Y73.938 E3.3451
G1 X55.161 Y73.5 E3.38824
G1 X55.202 Y73.062 E3.43137
G1 X55.325 Y72.639 E3.47451
G1 X55.525 Y72.247 E3.51764
G1 X55.795 Y71.899 E3.56077
G1 X56.125 Y71.608 E3.60391
G1 X56.504 Y71.384 E3.64704
G1 X56.913 Y71.236 E3.68965
G1 X57.206 Y71.18 E3.71886
G1 X57.468 Y71.163 E3.74459
G1 X57.937 Y71.202 E3.79065
G1 X58.361 Y71.325 E3.83396
G1 X58.753 Y71.525 E3.87709
G1 X59.101 Y71.795 E3.92022
G1 X59.392 Y72.125 E3.96336
G1 X59.614 Y72.5 E4.00597
G1 X59.724 Y72.777 E4.03526
G1 X59.798 Y73.067 E4.06455
G1 X59.839 Y73.5 E4.10716
G1 X59.798 Y73.938 E4.15029
G1 X59.675 Y74.361 E4.19343
G1 X59.475 Y74.753 E4.23656
G1 X59.205 Y75.101 E4.27969
G1 X58.875 Y75.392 E4.32283
G1 X58.496 Y75.616 E4.36596
G1 X58.087 Y75.764 E4.40857
G1 X57.881 Y75.803 E4.42904
G1 X57.68 Y76.096 F7800
G1 X57.992 Y76.382
;TYPE:Perimeter
G1 F4800
G1 X58.243 Y76.334 E4.45406
G1 X58.748 Y76.152 E4.50667
G1 X59.223 Y75.871 E4.56072
G1 X59.636 Y75.506 E4.61476
G1 X59.834 Y75.251 E4.6464
G1 X60.073 Y75.333 E4.67115
G1 X60.073 Y84.573 E5.5765
G1 X52.927 Y84.573 E6.27671
G1 X52.927 Y67.427 E7.9567
G1 X60.073 Y67.427 E8.65692
G1 X60.073 Y72.007 E9.10567
G1 X59.506 Y71.364 E9.18968
G1 X59.07 Y71.025 E9.24373
G1 X58.579 Y70.775 E9.29778
G1 X58.044 Y70.62 E9.35231
G1 X57.473 Y70.572 E9.40851
G1 X57.131 Y70.595 E9.44211
G1 X56.757 Y70.666 E9.47934
G1 X56.252 Y70.848 E9.53195
G1 X55.777 Y71.129 E9.586
G1 X55.364 Y71.494 E9.64005
G1 X55.025 Y71.93 E9.6941
G1 X54.775 Y72.421 E9.74814
G1 X54.621 Y72.951 E9.80219
G1 X54.569 Y73.5 E9.85624
G1 X54.621 Y74.049 E9.91028
G1 X54.775 Y74.579 E9.96433
G1 X55.025 Y75.07 E10.01838
G1 X55.355 Y75.495 E10.07099
G1 X55.633 Y75.756 E10.10845
G1 X55.943 Y75.981 E10.14592
G1 X56.421 Y76.225 E10.19853
G1 X56.951 Y76.379 E10.25257
G1 X57.485 Y76.429 E10.30518
G1 X57.903 Y76.398 E10.34626
G1 X60.662 Y83.837 F7800
;TYPE:External perimeter
G1 F2400
G1 X67.662 Y83.837 E11.0321
G1 X67.662 Y105.838 E13.18761
G1 X108.338 Y105.838 E17.17284
G1 X108.338 Y83.162 E19.39449
G1 X105.338 Y83.162 E19.68842
G1 X105.338 Y66.837 E21.2879
G1 X113.663 Y66.837 E22.10357
G1 X113.663 Y105.838 E25.92469
G1 X154.338 Y105.838 E29.90993
G1 X154.338 Y83.162 E32.13157
G1 X147.338 Y83.162 E32.81742
G1 X147.338 Y66.837 E34.4169
G1 X157.663 Y66.837 E35.42852
G1 X157.663 Y125.163 E41.14306
G1 X135.663 Y125.163 E43.29857
G1 X135.663 Y143.163 E45.06217
G1 X52.337 Y143.163 E53.22615
G1 X52.337 Y66.837 E60.70429
G1 X60.662 Y66.837 E61.51995
G1 X60.662 Y83.747 E63.17675
G1 X60.753 Y84.431 F7800
G1 X60.368 Y84.5
;TYPE:Gap fill
;WIDTH:0.821683
G1 F1200
G1 X64.632 Y84.5 E63.69856
G1 X65.369 Y86.829 F7800
;TYPE:Internal infill
;WIDTH:0.675
G1 F3600
G1 X65.369 Y90.364 E64.0449
G1 X66.631 Y91.627 E64.2199
G1 X66.631 Y92.408 E64.29638
G1 X65.369 Y92.746 E64.42449
G1 X65.369 Y96.281 E64.77083
G1 X66.631 Y98.022 F7800
G1 F3600
G1 X66.631 Y101.557 E65.11718
G1 X65.369 Y101.896 E65.24528
G1 X65.369 Y102.862 E65.34002
G1 X66.21 Y103.704 E65.45667
G1 X65.369 Y104.546 E65.57333
G1 X65.369 Y103.157 E65.70944
G1 X66.9 Y104.42 F7800
;TYPE:Top solid infill
;WIDTH:0.60066
G1 F1200
G1 X66.588 Y104.107 E65.74728
G1 X66.224 Y104.471 E65.79135
G1 X66.669 Y104.916 E65.84525
G1 X66.669 Y105.644 E65.90759
G1 X65.86 Y104.835 E66.00557
G1 X65.496 Y105.199 E66.04964
G1 X71.966 Y111.669 E66.83299
G1 X71.669 Y111.669 E66.85838
G1 X71.669 Y112.1 E66.89533
G1 X65.331 Y105.763 E67.66271
G1 X65.331 Y106.491 E67.72504
G1 X71.669 Y112.829 E68.49243
G1 X71.669 Y113.557 E68.55476
G1 X65.331 Y107.219 E69.32215
G1 X65.331 Y107.947 E69.38448
G1 X71.669 Y114.285 E70.15186
G1 X71.669 Y115.013 E70.2142
G1 X65.331 Y108.675 E70.98158
G1 X65.331 Y109.403 E71.04392
G1 X71.669 Y115.741 E71.8113
G1 X71.669 Y116.469 E71.87363
G1 X65.331 Y110.131 E72.64102
G1 X65.331 Y110.859 E72.70335
G1 X71.669 Y117.197 E73.47074
G1 X71.669 Y117.925 E73.53307
G1 X65.331 Y111.587 E74.30045
G1 X65.331 Y112.315 E74.36279
G1 X71.669 Y118.653 E75.13017
G1 X71.669 Y119.331 E75.18822
G1 X72.347 Y119.331 E75.24626
G1 X83.685 Y130.669 E76.61904
G1 X84.413 Y130.669 E76.68137
G1 X73.075 Y119.331 E78.05414
G1 X73.803 Y119.331 E78.11647
G1 X85.141 Y130.669 E79.48925
G1 X85.869 Y130.669 E79.55158
G1 X74.531 Y119.331 E80.92435
G1 X75.259 Y119.331 E80.98669
G1 X86.597 Y130.669 E82.35946
G1 X87.325 Y130.669 E82.42179
G1 X75.987 Y119.331 E83.79456
G1 X76.715 Y119.331 E83.8569
G1 X88.053 Y130.669 E85.22967
G1 X88.781 Y130.669 E85.292
G1 X77.443 Y119.331 E86.66478
G1 X78.171 Y119.331 E86.72711
G1 X89.509 Y130.669 E88.09988
G1 X90.237 Y130.669 E88.16221
G1 X78.9 Y119.331 E89.53499
G1 X79.628 Y119.331 E89.59732
G1 X90.966 Y130.669 E90.97009
G1 X91.694 Y130.669 E91.03243
G1 X80.124 Y119.1 E92.43321
G1 E89.43321 F2400
G92 E0
G1 X67.624 Y106.6 F7800
G1 E3 F2400
G1 F1200
G1 X72.694 Y111.669 E3.61378
G1 X73.422 Y111.669 E3.67612
G1 X68.584 Y106.831 E4.26188
G1 X69.312 Y106.831 E4.32422
G1 X74.15 Y111.669 E4.90999
G1 X74.878 Y111.669 E4.97232
G1 X70.04 Y106.831 E5.55809
G1 X70.768 Y106.831 E5.62042
G1 X75.606 Y111.669 E6.20619
G1 X76.334 Y111.669 E6.26852
G1 X71.496 Y106.831 E6.85429
G1 X72.224 Y106.831 E6.91662
G1 X77.062 Y111.669 E7.50239
G1 X77.79 Y111.669 E7.56473
G1 X72.952 Y106.831 E8.1505
G1 X73.68 Y106.831 E8.21283
G1 X78.518 Y111.669 E8.7986
G1 X79.246 Y111.669 E8.86093
G1 X74.408 Y106.831 E9.4467
G1 X75.136 Y106.831 E9.50903
G1 X79.974 Y111.669 E10.0948
G1 X80.702 Y111.669 E10.15713
G1 X75.864 Y106.831 E10.7429
G1 X76.592 Y106.831 E10.80524
G1 X81.43 Y111.669 E11.391
G1 X82.158 Y111.669 E11.45334
G1 X77.32 Y106.831 E12.03911
G1 X78.049 Y106.831 E12.10144
G1 X82.887 Y111.669 E12.68721
G1 X83.615 Y111.669 E12.74954
G1 X78.777 Y106.831 E13.33531
G1 X79.505 Y106.831 E13.39764
G1 X84.343 Y111.669 E13.98341
G1 X85.071 Y111.669 E14.04574
G1 X80.233 Y106.831 E14.63151
G1 X80.961 Y106.831 E14.69385
G1 X85.799 Y111.669 E15.27962
G1 X86.527 Y111.669 E15.34195
G1 X81.689 Y106.831 E15.92772
G1 X82.417 Y106.831 E15.99005
G1 X87.255 Y111.669 E16.57582
G1 X87.983 Y111.669 E16.63815
G1 X83.145 Y106.831 E17.22392
G1 X83.873 Y106.831 E17.28625
G1 X88.711 Y111.669 E17.87202
G1 X89.439 Y111.669 E17.93436
G1 X84.601 Y106.831 E18.52012
G1 X85.329 Y106.831 E18.58246
G1 X90.167 Y111.669 E19.16823
G1 X90.895 Y111.669 E19.23056
G1 X86.057 Y106.831 E19.81633
G1 X86.785 Y106.831 E19.87866
G1 X91.623 Y111.669 E20.46443
G1 X92.351 Y111.669 E20.52676
G1 X87.513 Y106.831 E21.11253
G1 X88.241 Y106.831 E21.17486
G1 X93.079 Y111.669 E21.76063
G1 X93.807 Y111.669 E21.82297
G1 X88.97 Y106.831 E22.40874
G1 X89.698 Y106.831 E22.47107
G1 X94.536 Y111.669 E23.05684
G1 X95.264 Y111.669 E23.11917
G1 X90.426 Y106.831 E23.70494
G1 X91.154 Y106.831 E23.76727
G1 X95.992 Y111.669 E24.35304
G1 X96.72 Y111.669 E24.41537
G1 X91.882 Y106.831 E25.00114
G1 X92.61 Y106.831 E25.06348
G1 X97.448 Y111.669 E25.64925
G1 X98.176 Y111.669 E25.71158
G1 X93.338 Y106.831 E26.29735
G1 X94.066 Y106.831 E26.35968
G1 X98.904 Y111.669 E26.94545
G1 X99.632 Y111.669 E27.00778
G1 X94.794 Y106.831 E27.59355
G1 X95.522 Y106.831 E27.65588
G1 X100.36 Y111.669 E28.24165
G1 X101.088 Y111.669 E28.30399
G1 X96.25 Y106.831 E28.88976
G1 X96.978 Y106.831 E28.95209
G1 X101.816 Y111.669 E29.53786
G1 X102.544 Y111.669 E29.60019
G1 X97.706 Y106.831 E30.18596
G1 X98.434 Y106.831 E30.24829
G1 X103.272 Y111.669 E30.83406
G1 X104 Y111.669 E30.89639
G1 X99.162 Y106.831 E31.48216
G1 X99.89 Y106.831 E31.5445
G1 X104.96 Y111.9 E32.15828
G1 E29.15828 F2400
G92 E0
G1 X109.369 Y102.79 F7800
G1 E3 F2400
;TYPE:Internal infill
;WIDTH:0.675
G1 F3600
G1 X109.369 Y99.255 E3.34635
G1 X112.631 Y98.381 E3.67732
G1 X112.631 Y100.134 E3.84907
G1 X109.369 Y96.871 E4.30119
G1 X109.369 Y93.336 E4.64753
G1 X112.631 Y83.617 F7800
G1 F3600
G1 X112.631 Y80.082 E4.99388
G1 X106.369 Y81.76 E5.62915
G1 X106.369 Y81.373 E5.66715
G1 X107.127 Y82.131 E5.7723
G1 X109.369 Y82.131 E5.99188
G1 X109.369 Y84.373 E6.21146
G1 X112.631 Y87.636 E6.66358
G1 X112.631 Y89.231 E6.81994
G1 X109.369 Y90.106 E7.15092
G1 X109.369 Y88.696 E7.289
G1 X112.631 Y76.519 E8.52421
G1 X112.631 Y75.933 E8.5816
G1 X112.395 Y75.888 E8.60517
G1 X111.936 Y76.05 E8.65288
G1 X111.877 Y75.883 E8.67022
G1 X111.649 Y76.098 E8.70089
G1 X111.289 Y76.359 E8.74449
G1 X110.742 Y76.638 E8.80459
G1 X110.094 Y76.818 E8.87049
G1 X112.779 Y75.119 F7800
;TYPE:Gap fill
;WIDTH:0.310209
G1 F1200
G1 X112.154 Y75.34 E8.89522
G1 X112.497 Y75.458 F7800
;WIDTH:0.380568
G1 F1200
G1 X112.637 Y74.727 E8.93165
;WIDTH:0.370152
G1 X112.658 Y74.576 E8.9389
;WIDTH:0.326934
G1 X112.68 Y74.424 E8.94505
;WIDTH:0.283717
G1 X112.701 Y74.272 E8.9501
;WIDTH:0.2405
G1 X112.723 Y74.12 E8.95404
;WIDTH:0.197284
G1 X112.724 Y74.11 E8.95424
;WIDTH:0.195315
G1 X112.74 Y73.767 E8.96048
G1 X112.74 Y73.233 F7800
;WIDTH:0.195313
G1 F1200
G1 X112.724 Y72.89 E8.96672
;WIDTH:0.197283
G1 X112.723 Y72.88 E8.96691
;WIDTH:0.24206
G1 X112.69 Y72.649 E8.97298
;WIDTH:0.286838
G1 X112.657 Y72.417 E8.98078
;WIDTH:0.331617
G1 X112.624 Y72.186 E8.99032
G1 X112.359 Y71.938 F7800
;WIDTH:0.20264
G1 F1200
G1 X112.436 Y72.056 E8.99305
;WIDTH:0.238439
G1 X112.514 Y72.173 E8.99662
;WIDTH:0.274238
G1 X112.591 Y72.291 E9.00102
;WIDTH:0.279725
G1 X112.779 Y72.603 E9.01278
G1 X112.897 Y68.868 F7800
;TYPE:Solid infill
;WIDTH:0.709779
G1 F1200
G1 X111.897 Y67.869 E9.15947
G1 X111.015 Y67.869 E9.25102
G1 X112.631 Y69.485 E9.48828
G1 X112.631 Y70.368 E9.57984
G1 X110.132 Y67.869 E9.94658
G1 X109.25 Y67.869 E10.03814
G1 X112.631 Y71.25 E10.53436
G1 X112.631 Y71.363 E10.5461
G1 X112.571 Y71.271 E10.5576
G1 X112.217 Y71.503 E10.60145
G1 X111.81 Y71.04 E10.66541
G1 X111.308 Y70.651 E10.73132
G1 X110.985 Y70.486 E10.76897
G1 X108.367 Y67.869 E11.15306
G1 X107.485 Y67.869 E11.24461
G1 X109.77 Y70.153 E11.57988
G1 X109.476 Y70.129 E11.61044
G1 X109.074 Y70.156 E11.65227
G1 X108.92 Y70.185 E11.66859
G1 X106.603 Y67.869 E12.00858
G1 X106.369 Y67.869 E12.03288
G1 X106.369 Y68.517 E12.10014
G1 X108.236 Y70.384 E12.37418
G1 X108.063 Y70.447 E12.39326
G1 X107.656 Y70.687 E12.44228
G1 X106.369 Y69.399 E12.63127
G1 X106.369 Y70.282 E12.72283
G1 X107.354 Y71.267 E12.8674
G1 X106.221 Y71.881 F7800
;TYPE:Gap fill
;WIDTH:0.310224
G1 F1200
G1 X106.846 Y71.66 E12.89213
G1 X106.503 Y71.542 F7800
;WIDTH:0.380576
G1 F1200
G1 X106.363 Y72.273 E12.92857
;WIDTH:0.37016
G1 X106.342 Y72.424 E12.93582
;WIDTH:0.326943
G1 X106.32 Y72.576 E12.94197
;WIDTH:0.283725
G1 X106.299 Y72.728 E12.94701
;WIDTH:0.240507
G1 X106.277 Y72.88 E12.95096
;WIDTH:0.197288
G1 X106.276 Y72.89 E12.95115
;WIDTH:0.195319
G1 X106.26 Y73.233 E12.95739
G1 X106.26 Y73.767 F7800
;WIDTH:0.193493
G1 F1200
G1 X106.275 Y74.09 E12.96318
;WIDTH:0.194969
G1 X106.276 Y74.099 E12.96333
;WIDTH:0.230682
G1 X106.294 Y74.24 E12.96677
;WIDTH:0.266396
G1 X106.312 Y74.382 E12.97104
;WIDTH:0.302111
G1 X106.329 Y74.523 E12.97617
;WIDTH:0.306461
G1 X106.332 Y74.537 E12.97668
;WIDTH:0.327845
G1 X106.342 Y74.593 E12.97898
;WIDTH:0.327843
G1 X106.407 Y74.699 E12.98399
;WIDTH:0.285015
G1 X106.472 Y74.805 E12.98811
;WIDTH:0.242188
G1 X106.537 Y74.911 E12.99135
;WIDTH:0.199359
G1 X106.542 Y74.919 E12.99152
;WIDTH:0.196988
G1 X106.66 Y75.081 E12.99523
G1 E9.99523 F2400
G92 E0
G1 X117.337 Y111.9 F7800
G1 E3 F2400
;TYPE:Top solid infill
;WIDTH:0.60066
G1 F1200
G1 X111.257 Y105.821 E3.73613
G1 X111.257 Y106.549 E3.79846
G1 X116.377 Y111.669 E4.41842
G1 X115.649 Y111.669 E4.48076
G1 X111.257 Y107.277 E5.01257
G1 X111.257 Y108.005 E5.0749
G1 X114.921 Y111.669 E5.51856
G1 X114.669 Y111.669 E5.54016
G1 X114.669 Y112.145 E5.58089
G1 X111.257 Y108.733 E5.994
G1 X111.257 Y109.461 E6.05633
G1 X114.669 Y112.873 E6.46943
G1 X114.669 Y113.601 E6.53177
G1 X111.257 Y110.189 E6.94487
G1 X111.257 Y110.917 E7.0072
G1 X114.669 Y114.329 E7.42031
G1 X114.669 Y115.057 E7.48264
G1 X111.257 Y111.645 E7.89575
G1 X111.257 Y112.373 E7.95808
G1 X114.669 Y115.785 E8.37119
G1 X114.669 Y116.513 E8.43352
G1 X111.257 Y113.101 E8.84662
G1 X111.257 Y113.829 E8.90896
G1 X114.669 Y117.241 E9.32206
G1 X114.669 Y117.969 E9.38439
G1 X111.257 Y114.557 E9.7975
G1 X111.257 Y115.285 E9.85983
G1 X114.669 Y118.697 E10.27294
G1 X114.669 Y119.331 E10.3272
G1 X115.303 Y119.331 E10.38145
G1 X134.669 Y138.697 E12.72627
G1 X134.669 Y137.969 E12.78861
G1 X116.031 Y119.331 E15.04527
G1 X116.759 Y119.331 E15.1076
G1 X134.669 Y137.241 E17.27612
G1 X134.669 Y136.513 E17.33845
G1 X117.487 Y119.331 E19.41881
G1 X118.215 Y119.331 E19.48114
G1 X134.669 Y135.785 E21.47335
G1 X134.669 Y135.057 E21.53569
G1 X118.943 Y119.331 E23.43974
G1 X119.671 Y119.331 E23.50208
G1 X134.669 Y134.329 E25.31798
G1 X134.669 Y133.601 E25.38031
G1 X120.399 Y119.331 E27.10807
G1 X121.127 Y119.331 E27.1704
G1 X134.669 Y132.873 E28.81
G1 X134.669 Y132.145 E28.87233
G1 X121.855 Y119.331 E30.42378
G1 X122.583 Y119.331 E30.48611
G1 X134.669 Y131.417 E31.94941
G1 X134.669 Y130.689 E32.01174
G1 X123.311 Y119.331 E33.38689
G1 X124.04 Y119.331 E33.44922
G1 X134.669 Y129.961 E34.73621
G1 X134.669 Y129.232 E34.79854
G1 X124.768 Y119.331 E35.99738
G1 X125.496 Y119.331 E36.05972
G1 X134.669 Y128.504 E37.1704
G1 X134.669 Y127.776 E37.23274
G1 X126.224 Y119.331 E38.25527
G1 X126.952 Y119.331 E38.3176
G1 X134.669 Y127.048 E39.25199
G1 X134.669 Y126.32 E39.31432
G1 X127.68 Y119.331 E40.16055
G1 X128.408 Y119.331 E40.22288
G1 X134.669 Y125.592 E40.98096
G1 X134.669 Y124.864 E41.0433
G1 X129.136 Y119.331 E41.71322
G1 X129.864 Y119.331 E41.77555
G1 X134.702 Y124.169 E42.36132
G1 X135.43 Y124.169 E42.42366
G1 X130.592 Y119.331 E43.00943
G1 X131.32 Y119.331 E43.07176
G1 X136.158 Y124.169 E43.65753
G1 X136.886 Y124.169 E43.71986
G1 X132.048 Y119.331 E44.30563
G1 X132.776 Y119.331 E44.36796
G1 X137.614 Y124.169 E44.95373
G1 X138.342 Y124.169 E45.01606
G1 X133.504 Y119.331 E45.60183
G1 X134.232 Y119.331 E45.66417
G1 X139.07 Y124.169 E46.24993
G1 X139.798 Y124.169 E46.31227
G1 X134.96 Y119.331 E46.89804
G1 X135.689 Y119.331 E46.96037
G1 X140.526 Y124.169 E47.54614
G1 X141.255 Y124.169 E47.60847
G1 X136.417 Y119.331 E48.19424
G1 X137.145 Y119.331 E48.25657
G1 X141.983 Y124.169 E48.84234
G1 X142.711 Y124.169 E48.90467
G1 X137.873 Y119.331 E49.49044
G1 X138.601 Y119.331 E49.55278
G1 X143.439 Y124.169 E50.13854
G1 X144.167 Y124.169 E50.20088
G1 X139.329 Y119.331 E50.78665
G1 X140.057 Y119.331 E50.84898
G1 X144.895 Y124.169 E51.43475
G1 X145.623 Y124.169 E51.49708
G1 X140.785 Y119.331 E52.08285
G1 X141.513 Y119.331 E52.14518
G1 X146.351 Y124.169 E52.73095
G1 X147.079 Y124.169 E52.79328
G1 X142.241 Y119.331 E53.37905
G1 X142.969 Y119.331 E53.44139
G1 X147.807 Y124.169 E54.02715
G1 X148.535 Y124.169 E54.08949
G1 X143.697 Y119.331 E54.67526
G1 X144.425 Y119.331 E54.73759
G1 X149.263 Y124.169 E55.32336
G1 X149.991 Y124.169 E55.38569
G1 X145.153 Y119.331 E55.97146
G1 X145.881 Y119.331 E56.03379
G1 X150.719 Y124.169 E56.61956
G1 X151.447 Y124.169 E56.68189
G1 X146.331 Y119.053 E57.30138
G1 X146.331 Y118.324 E57.36371
G1 X152.176 Y124.169 E58.07135
G1 X152.904 Y124.169 E58.13368
G1 X146.331 Y117.596 E58.92947
G1 X146.331 Y116.868 E58.9918
G1 X153.632 Y124.169 E59.87574
G1 X154.36 Y124.169 E59.93808
G1 X146.331 Y116.14 E60.91017
G1 X146.331 Y115.412 E60.9725
G1 X155.319 Y124.4 E62.06076
G1 X156.9 Y116.517 F7800
G1 F1200
G1 X156.432 Y116.049 E62.11743
G1 X155.218 Y115.5 E62.23153
G1 X155.677 Y115.293 E62.27461
G1 X154.549 Y114.165 E62.41113
G1 X154.609 Y114.292 E62.42309
G1 X154.778 Y114.875 E62.47506
G1 X154.804 Y115.148 E62.49857
G1 X156.669 Y117.013 E62.72442
G1 X156.669 Y117.741 E62.78675
G1 X154.802 Y115.874 E63.01285
G1 X154.778 Y116.125 E63.03445
G1 X154.676 Y116.476 E63.06576
G1 X156.669 Y118.47 E63.30708
G1 X156.669 Y119.198 E63.36942
G1 X154.467 Y116.995 E63.63607
G1 X154.317 Y117.288 E63.6642
G1 X154.192 Y117.449 E63.68166
G1 X156.669 Y119.926 E63.98151
G1 X156.669 Y120.654 E64.04384
G1 X153.862 Y117.847 E64.38372
G1 X153.475 Y118.188 E64.42789
G1 X156.669 Y121.382 E64.81462
G1 X156.669 Y122.11 E64.87695
G1 X153.02 Y118.461 E65.31877
G1 X152.939 Y118.509 E65.32682
G1 X152.507 Y118.676 E65.36646
G1 X156.669 Y122.838 E65.87034
G1 X156.669 Y123.566 E65.93267
G1 X151.902 Y118.799 E66.50986
G1 X151.5 Y118.837 E66.54442
G1 X151.182 Y118.807 E66.57179
G1 X156.544 Y124.169 E67.22102
G1 X155.816 Y124.169 E67.28335
G1 X150.226 Y118.58 E67.9601
G1 X149.712 Y118.317 E68.00953
G1 X149.216 Y117.933 E68.06331
G1 X148.8 Y117.461 E68.11708
G1 X148.491 Y116.939 E68.16905
G1 X148.429 Y116.783 E68.18344
G1 X146.331 Y114.684 E68.43752
G1 X146.331 Y113.956 E68.49985
G1 X148.193 Y115.818 E68.72531
G1 X148.163 Y115.5 E68.75267
G1 X148.201 Y115.098 E68.78724
G1 X146.331 Y113.228 E69.01366
G1 X146.331 Y112.5 E69.07599
G1 X148.331 Y114.5 E69.31815
G1 X148.397 Y114.272 E69.33851
G1 X148.544 Y113.985 E69.36609
G1 X141.39 Y106.831 E70.23222
G1 X142.118 Y106.831 E70.29455
G1 X148.821 Y113.534 E71.10609
G1 X149.067 Y113.216 E71.14054
G1 X149.154 Y113.139 E71.15046
G1 X142.846 Y106.831 E71.91423
G1 X143.574 Y106.831 E71.97656
G1 X149.542 Y112.798 E72.69908
G1 X149.999 Y112.528 E72.74459
G1 X144.302 Y106.831 E73.43435
G1 X145.03 Y106.831 E73.49669
G1 X150.521 Y112.322 E74.16147
G1 X150.65 Y112.275 E74.17324
G1 X151.118 Y112.191 E74.21393
G1 X145.759 Y106.831 E74.86286
G1 X146.487 Y106.831 E74.92519
G1 X151.853 Y112.198 E75.575
G1 X152.118 Y112.22 E75.59777
G1 X152.728 Y112.397 E75.65215
G1 X152.836 Y112.452 E75.66245
G1 X147.215 Y106.831 E76.34303
G1 X147.943 Y106.831 E76.40536
G1 X156.178 Y115.066 E77.40248
G1 X156.669 Y114.845 E77.44859
G1 X156.669 Y114.829 E77.44993
G1 X148.671 Y106.831 E78.41833
G1 X149.399 Y106.831 E78.48066
G1 X156.669 Y114.101 E79.36092
G1 X156.669 Y113.373 E79.42325
G1 X150.127 Y106.831 E80.21535
G1 X150.855 Y106.831 E80.27768
G1 X156.669 Y112.645 E80.98163
G1 X156.669 Y111.917 E81.04396
G1 X151.583 Y106.831 E81.65976
G1 X152.311 Y106.831 E81.72209
G1 X156.669 Y111.189 E82.24973
G1 X156.669 Y110.461 E82.31207
G1 X153.039 Y106.831 E82.75156
G1 X153.767 Y106.831 E82.81389
G1 X156.669 Y109.733 E83.16523
G1 X156.669 Y109.005 E83.22756
G1 X154.495 Y106.831 E83.49075
G1 X155.223 Y106.831 E83.55308
G1 X156.669 Y108.277 E83.72812
G1 X156.669 Y107.549 E83.79045
G1 X155.331 Y106.211 E83.95245
G1 X155.331 Y105.483 E84.01478
G1 X156.669 Y106.821 E84.17678
G1 X156.669 Y106.092 E84.23911
G1 X155.331 Y104.755 E84.40111
G1 X155.331 Y104.026 E84.46344
G1 X156.9 Y105.596 E84.65345
G1 X155.369 Y99.613 F7800
;TYPE:Internal infill
;WIDTH:0.675
G1 F3600
G1 X155.369 Y96.078 E84.9998
G1 X156.631 Y95.74 E85.1279
G1 X156.631 Y94.142 E85.2845
G1 X155.369 Y92.879 E85.45949
G1 X155.369 Y87.747 E85.96226
G1 X156.631 Y83.034 E86.44036
G1 X156.631 Y81.644 E86.57656
G1 X151.831 Y76.843 E87.24172
G1 X151.5 Y76.875 E87.2743
G1 X150.868 Y76.815 E87.33653
G1 X150.258 Y76.638 E87.39876
G1 X149.692 Y76.349 E87.46099
G1 X149.345 Y76.081 E87.50393
G1 X148.369 Y79.727 E87.87376
G1 X148.369 Y79.656 E87.8807
G1 X156.631 Y77.442 E88.71885
G1 X156.631 Y73.907 E89.06519
G1 E86.06519 F2400
G92 E0
G1 X148.66 Y75.081 F7800
G1 E3 F2400
;TYPE:Gap fill
;WIDTH:0.196993
G1 F1200
G1 X148.542 Y74.919 E3.00371
;WIDTH:0.199364
G1 X148.537 Y74.911 E3.00388
;WIDTH:0.242191
G1 X148.472 Y74.805 E3.00712
;WIDTH:0.285018
G1 X148.407 Y74.699 E3.01124
;WIDTH:0.327845
G1 X148.342 Y74.593 E3.01625
;WIDTH:0.327845
G1 X148.332 Y74.537 E3.01855
;WIDTH:0.306463
G1 X148.329 Y74.523 E3.01906
;WIDTH:0.302113
G1 X148.312 Y74.382 E3.02418
;WIDTH:0.266399
G1 X148.294 Y74.24 E3.02846
;WIDTH:0.230685
G1 X148.276 Y74.099 E3.0319
;WIDTH:0.194969
G1 X148.275 Y74.09 E3.03205
;WIDTH:0.193495
G1 X148.26 Y73.767 E3.03784
G1 X148.26 Y73.233 F7800
;WIDTH:0.195321
G1 F1200
G1 X148.276 Y72.89 E3.04408
;WIDTH:0.19729
G1 X148.277 Y72.88 E3.04427
;WIDTH:0.240505
G1 X148.299 Y72.728 E3.04822
;WIDTH:0.283721
G1 X148.32 Y72.576 E3.05327
;WIDTH:0.326937
G1 X148.342 Y72.424 E3.05941
;WIDTH:0.370154
G1 X148.363 Y72.273 E3.06667
;WIDTH:0.380571
G1 X148.503 Y71.542 E3.1031
G1 X148.846 Y71.66 F7800
;WIDTH:0.310237
G1 F1200
G1 X148.221 Y71.881 E3.12783
G1 X150.925 Y70.184 F7800
;TYPE:Internal infill
;WIDTH:0.675
G1 F3600
G1 X151.546 Y67.869 E3.36273
G1 X155.354 Y67.869 E3.73586
G1 X156.631 Y69.146 E3.91284
G1 X156.631 Y68.293 E3.99644
G1 X148.369 Y70.507 E4.83458
G1 X148.369 Y67.869 E5.09306
G1 X149.265 Y67.869 E5.18093
G1 E2.18093 F2400
G92 E0
G1 X155.369 Y86.929 F7800
G1 E3 F2400
G1 F3600
G1 X156.631 Y86.591 E3.12811
G1 X156.631 Y90.126 E3.47445
G1 E.47445 F2400
G92 E0
G1 X145.731 Y111.9 F7800
G1 E3 F2400
;TYPE:Top solid infill
;WIDTH:0.60066
G1 F1200
G1 X140.662 Y106.831 E3.61378
G1 X139.934 Y106.831 E3.67612
G1 X144.772 Y111.669 E4.26188
G1 X144.044 Y111.669 E4.32422
G1 X139.206 Y106.831 E4.90999
G1 X138.478 Y106.831 E4.97232
G1 X143.316 Y111.669 E5.55809
G1 X142.588 Y111.669 E5.62042
G1 X137.75 Y106.831 E6.20619
G1 X137.022 Y106.831 E6.26852
G1 X141.86 Y111.669 E6.85429
G1 X141.132 Y111.669 E6.91663
G1 X136.294 Y106.831 E7.50239
G1 X135.566 Y106.831 E7.56473
G1 X140.404 Y111.669 E8.1505
G1 X139.676 Y111.669 E8.21283
G1 X134.838 Y106.831 E8.7986
G1 X134.109 Y106.831 E8.86093
G1 X138.947 Y111.669 E9.4467
G1 X138.219 Y111.669 E9.50903
G1 X133.381 Y106.831 E10.0948
G1 X132.653 Y106.831 E10.15713
G1 X137.491 Y111.669 E10.7429
G1 X136.763 Y111.669 E10.80524
G1 X131.925 Y106.831 E11.39101
G1 X131.197 Y106.831 E11.45334
G1 X136.035 Y111.669 E12.03911
G1 X135.307 Y111.669 E12.10144
G1 X130.469 Y106.831 E12.68721
G1 X129.741 Y106.831 E12.74954
G1 X134.579 Y111.669 E13.33531
G1 X133.851 Y111.669 E13.39764
G1 X129.013 Y106.831 E13.98341
G1 X128.285 Y106.831 E14.04575
G1 X133.123 Y111.669 E14.63151
G1 X132.395 Y111.669 E14.69385
G1 X127.557 Y106.831 E15.27962
G1 X126.829 Y106.831 E15.34195
G1 X131.667 Y111.669 E15.92772
G1 X130.939 Y111.669 E15.99005
G1 X126.101 Y106.831 E16.57582
G1 X125.373 Y106.831 E16.63815
G1 X130.211 Y111.669 E17.22392
G1 X129.483 Y111.669 E17.28626
G1 X124.645 Y106.831 E17.87202
G1 X123.917 Y106.831 E17.93436
G1 X128.755 Y111.669 E18.52013
G1 X128.026 Y111.669 E18.58246
G1 X123.189 Y106.831 E19.16823
G1 X122.46 Y106.831 E19.23056
G1 X127.298 Y111.669 E19.81633
G1 X126.57 Y111.669 E19.87866
G1 X121.732 Y106.831 E20.46443
G1 X121.004 Y106.831 E20.52676
G1 X125.842 Y111.669 E21.11253
G1 X125.114 Y111.669 E21.17487
G1 X120.276 Y106.831 E21.76064
G1 X119.548 Y106.831 E21.82297
G1 X124.386 Y111.669 E22.40874
G1 X123.658 Y111.669 E22.47107
G1 X118.82 Y106.831 E23.05684
G1 X118.092 Y106.831 E23.11917
G1 X122.93 Y111.669 E23.70494
G1 X122.202 Y111.669 E23.76727
G1 X117.364 Y106.831 E24.35304
G1 X116.636 Y106.831 E24.41538
G1 X121.474 Y111.669 E25.00115
G1 X120.746 Y111.669 E25.06348
G1 X115.908 Y106.831 E25.64925
G1 X115.18 Y106.831 E25.71158
G1 X120.018 Y111.669 E26.29735
G1 X119.29 Y111.669 E26.35968
G1 X114.452 Y106.831 E26.94545
G1 X113.724 Y106.831 E27.00778
G1 X118.562 Y111.669 E27.59355
G1 X117.834 Y111.669 E27.65589
G1 X111.43 Y105.265 E28.43125
G1 X111.794 Y104.901 E28.47532
G1 X112.669 Y105.776 E28.58129
G1 X112.669 Y105.048 E28.64362
G1 X112.158 Y104.537 E28.70552
G1 X112.522 Y104.173 E28.74959
G1 X112.9 Y104.552 E28.79542
G1 X110.974 Y106.266 F7800
G1 F1200
G1 X109.331 Y104.623 E28.99438
G1 X109.331 Y105.351 E29.05672
G1 X110.743 Y106.762 E29.22766
G1 X110.743 Y107.491 E29.29
G1 X109.331 Y106.079 E29.46095
G1 X109.331 Y106.807 E29.52328
G1 X110.743 Y108.219 E29.69423
G1 X110.743 Y108.947 E29.75656
G1 X108.627 Y106.831 E30.01272
G1 X107.899 Y106.831 E30.07505
G1 X110.743 Y109.675 E30.41936
G1 X110.743 Y110.403 E30.4817
G1 X107.171 Y106.831 E30.91416
G1 X106.443 Y106.831 E30.97649
G1 X110.743 Y111.131 E31.49711
G1 X110.743 Y111.859 E31.55944
G1 X105.715 Y106.831 E32.16821
G1 X104.987 Y106.831 E32.23054
G1 X110.743 Y112.587 E32.92746
G1 X110.743 Y113.315 E32.9898
G1 X104.259 Y106.831 E33.77487
G1 X103.531 Y106.831 E33.8372
G1 X110.743 Y114.043 E34.71043
G1 X110.743 Y114.771 E34.77276
G1 X102.803 Y106.831 E35.73414
G1 X102.075 Y106.831 E35.79647
G1 X110.743 Y115.499 E36.846
G1 X110.743 Y116.227 E36.90833
G1 X101.347 Y106.831 E38.04602
G1 X100.619 Y106.831 E38.10835
G1 X110.743 Y116.955 E39.33418
G1 X110.743 Y117.683 E39.39652
G1 X105.331 Y112.272 E40.05177
G1 X105.331 Y113 E40.11411
G1 X110.743 Y118.412 E40.76937
G1 X110.743 Y119.14 E40.8317
G1 X105.331 Y113.728 E41.48696
G1 X105.331 Y114.456 E41.54929
G1 X110.743 Y119.868 E42.20455
G1 X110.743 Y120.596 E42.26688
G1 X105.331 Y115.184 E42.92214
G1 X105.331 Y115.912 E42.98448
G1 X131.588 Y142.169 E46.16362
G1 X132.316 Y142.169 E46.22595
G1 X111.257 Y121.11 E48.77574
G1 X111.257 Y120.382 E48.83807
G1 X133.044 Y142.169 E51.47601
G1 X133.772 Y142.169 E51.53834
G1 X111.257 Y119.654 E54.26443
G1 X111.257 Y118.926 E54.32677
G1 X134.5 Y142.169 E57.14101
G1 X134.669 Y142.169 E57.15544
G1 X134.669 Y141.61 E57.20334
G1 X111.257 Y118.198 E60.038
G1 X111.257 Y117.47 E60.10033
G1 X134.669 Y140.881 E62.93499
G1 X134.669 Y140.153 E62.99732
G1 X111.257 Y116.741 E65.83198
G1 X111.257 Y116.013 E65.89431
G1 X134.9 Y139.657 E68.75698
G1 X131.091 Y142.4 F7800
G1 F1200
G1 X105.331 Y116.64 E71.87599
G1 X105.331 Y117.368 E71.93832
G1 X130.132 Y142.169 E74.94116
G1 X129.404 Y142.169 E75.00349
G1 X105.331 Y118.096 E77.91818
G1 X105.331 Y118.824 E77.98051
G1 X128.676 Y142.169 E80.80705
G1 X127.948 Y142.169 E80.86938
G1 X105.11 Y119.331 E83.63455
G1 X104.382 Y119.331 E83.69688
G1 X127.22 Y142.169 E86.46205
G1 X126.492 Y142.169 E86.52438
G1 X103.654 Y119.331 E89.28954
G1 X102.926 Y119.331 E89.35188
G1 X125.764 Y142.169 E92.11704
G1 X125.036 Y142.169 E92.17937
G1 X102.198 Y119.331 E94.94454
G1 X101.47 Y119.331 E95.00687
G1 X124.307 Y142.169 E97.77203
G1 X123.579 Y142.169 E97.83437
G1 X100.741 Y119.331 E100.59953
G1 X100.013 Y119.331 E100.66186
G1 X122.851 Y142.169 E103.42703
G1 X122.123 Y142.169 E103.48936
G1 X99.285 Y119.331 E106.25453
G1 X98.557 Y119.331 E106.31686
G1 X121.395 Y142.169 E109.08202
G1 X120.667 Y142.169 E109.14436
G1 X97.829 Y119.331 E111.90952
G1 X97.101 Y119.331 E111.97185
G1 X119.939 Y142.169 E114.73702
G1 X119.211 Y142.169 E114.79935
G1 X96.373 Y119.331 E117.56451
G1 X95.645 Y119.331 E117.62685
G1 X118.483 Y142.169 E120.39201
G1 X117.755 Y142.169 E120.45434
G1 X94.917 Y119.331 E123.21951
G1 X94.189 Y119.331 E123.28184
G1 X117.027 Y142.169 E126.04701
G1 X116.299 Y142.169 E126.10934
G1 X93.461 Y119.331 E128.8745
G1 X92.733 Y119.331 E128.93684
G1 X115.571 Y142.169 E131.702
G1 X114.843 Y142.169 E131.76433
G1 X92.005 Y119.331 E134.5295
G1 X91.277 Y119.331 E134.59183
G1 X114.115 Y142.169 E137.357
G1 X113.387 Y142.169 E137.41933
G1 X90.549 Y119.331 E140.18449
G1 X89.82 Y119.331 E140.24683
G1 X112.658 Y142.169 E143.01199
G1 X111.93 Y142.169 E143.07432
G1 X89.092 Y119.331 E145.83949
G1 X88.364 Y119.331 E145.90182
G1 X111.202 Y142.169 E148.66698
G1 X110.474 Y142.169 E148.72932
G1 X87.636 Y119.331 E151.49448
G1 X86.908 Y119.331 E151.55681
G1 X109.746 Y142.169 E154.32198
G1 X109.018 Y142.169 E154.38431
G1 X86.18 Y119.331 E157.14948
G1 X85.452 Y119.331 E157.21181
G1 X108.29 Y142.169 E159.97697
G1 X107.562 Y142.169 E160.03931
G1 X84.724 Y119.331 E162.80447
G1 X83.996 Y119.331 E162.8668
G1 X106.834 Y142.169 E165.63197
G1 X106.106 Y142.169 E165.6943
G1 X83.268 Y119.331 E168.45947
G1 X82.54 Y119.331 E168.5218
G1 X105.378 Y142.169 E171.28696
G1 X104.65 Y142.169 E171.3493
G1 X81.812 Y119.331 E174.11446
G1 X81.084 Y119.331 E174.17679
G1 X103.922 Y142.169 E176.94196
G1 X103.194 Y142.169 E177.00429
G1 X92.331 Y131.306 E178.31951
G1 X92.331 Y132.034 E178.38184
G1 X102.466 Y142.169 E179.60891
G1 X101.737 Y142.169 E179.67124
G1 X92.331 Y132.763 E180.81015
G1 X92.331 Y133.491 E180.87249
G1 X101.009 Y142.169 E181.92325
G1 X100.281 Y142.169 E181.98558
G1 X92.331 Y134.219 E182.94819
G1 X92.331 Y134.947 E183.01052
G1 X99.553 Y142.169 E183.88498
G1 X98.825 Y142.169 E183.94731
G1 X92.331 Y135.675 E184.73362
G1 X92.331 Y136.403 E184.79595
G1 X98.097 Y142.169 E185.4941
G1 X97.369 Y142.169 E185.55644
G1 X92.331 Y137.131 E186.16644
G1 X92.331 Y137.859 E186.22877
G1 X96.641 Y142.169 E186.75062
G1 X95.913 Y142.169 E186.81295
G1 X92.331 Y138.587 E187.24665
G1 X92.331 Y139.315 E187.30898
G1 X95.185 Y142.169 E187.65452
G1 X94.457 Y142.169 E187.71686
G1 X92.331 Y140.043 E187.97425
G1 X92.331 Y140.771 E188.03658
G1 X93.729 Y142.169 E188.20582
G1 X93.001 Y142.169 E188.26816
G1 X91.663 Y140.831 E188.43015
G1 X90.935 Y140.831 E188.49249
G1 X92.273 Y142.169 E188.65448
G1 X91.545 Y142.169 E188.71682
G1 X89.975 Y140.6 E188.90683
G1 X87.752 Y142.131 F7800
;TYPE:Internal infill
;WIDTH:0.675
G1 F3600
G1 X90.046 Y142.131 E189.13159
G1 X89.177 Y141.262 E189.25208
G1 X85.902 Y142.131 E189.58408
G1 X86.24 Y140.869 E189.71219
G1 X83.217 Y140.869 E190.00839
G1 X82.855 Y141.23 E190.05854
G1 X82.5 Y141.133 F7800
;TYPE:Top solid infill
;WIDTH:0.60066
G1 F1200
G1 X82.198 Y140.831 E190.09506
G1 X81.47 Y140.831 E190.1574
G1 X81.972 Y141.333 E190.21819
G1 X81.608 Y141.697 E190.26227
G1 X80.51 Y140.6 E190.39515
G1 X79.9 Y139.99 F7800
G1 F1200
G1 X65.257 Y125.346 E192.16812
G1 X65.257 Y124.618 E192.23045
G1 X79.669 Y139.03 E193.97541
G1 X79.669 Y138.302 E194.03774
G1 X65.257 Y123.89 E195.7827
G1 X65.257 Y123.162 E195.84503
G1 X79.669 Y137.574 E197.58999
G1 X79.669 Y136.846 E197.65232
G1 X65.257 Y122.434 E199.39728
G1 X65.257 Y121.706 E199.45961
G1 X79.669 Y136.118 E201.20457
G1 X79.669 Y135.39 E201.2669
G1 X65.257 Y120.978 E203.01185
G1 X65.257 Y120.25 E203.07419
G1 X79.669 Y134.662 E204.81914
G1 X79.669 Y133.934 E204.88148
G1 X65.257 Y119.522 E206.62643
G1 X65.257 Y118.794 E206.68877
G1 X79.669 Y133.206 E208.43372
G1 X79.669 Y132.478 E208.49605
G1 X65.257 Y118.066 E210.24101
G1 X65.257 Y117.338 E210.30334
G1 X79.669 Y131.749 E212.0483
G1 X79.669 Y131.021 E212.11063
G1 X65.257 Y116.61 E213.85559
G1 X65.257 Y115.881 E213.91792
G1 X80.045 Y130.669 E215.70836
G1 X80.773 Y130.669 E215.77069
G1 X65.257 Y115.153 E217.64928
G1 X65.257 Y114.425 E217.71161
G1 X81.501 Y130.669 E219.67835
G1 X82.229 Y130.669 E219.74068
G1 X65.331 Y113.771 E221.78662
G1 X65.331 Y113.043 E221.84896
G1 X83.188 Y130.9 E224.01107
G1 E221.01107 F2400
G92 E0
G1 X81.408 Y142.225 F7800
G1 E3 F2400
G1 F1200
G1 X65.257 Y126.074 E4.95545
G1 X65.257 Y126.802 E5.01779
G1 X80.624 Y142.169 E6.87833
G1 X79.896 Y142.169 E6.94066
G1 X65.257 Y127.53 E8.71306
G1 X65.257 Y128.259 E8.77539
G1 X79.168 Y142.169 E10.45963
G1 X78.439 Y142.169 E10.52196
G1 X65.257 Y128.987 E12.11805
G1 X65.257 Y129.715 E12.18038
G1 X77.711 Y142.169 E13.68832
G1 X76.983 Y142.169 E13.75065
G1 X65.257 Y130.443 E15.17043
G1 X65.257 Y131.171 E15.23277
G1 X76.255 Y142.169 E16.5644
G1 X75.527 Y142.169 E16.62673
G1 X65.257 Y131.899 E17.87021
G1 X65.257 Y132.627 E17.93254
G1 X74.799 Y142.169 E19.08787
G1 X74.071 Y142.169 E19.1502
G1 X65.257 Y133.355 E20.21738
G1 X65.257 Y134.083 E20.27971
G1 X73.343 Y142.169 E21.25873
G1 X72.615 Y142.169 E21.32106
G1 X65.257 Y134.811 E22.21193
G1 X65.257 Y135.539 E22.27427
G1 X71.887 Y142.169 E23.07698
G1 X71.159 Y142.169 E23.13932
G1 X65.257 Y136.267 E23.85388
G1 X65.257 Y136.995 E23.91622
G1 X70.431 Y142.169 E24.54263
G1 X69.703 Y142.169 E24.60496
G1 X65.257 Y137.723 E25.14322
G1 X65.257 Y138.451 E25.20556
G1 X68.975 Y142.169 E25.65567
G1 X68.247 Y142.169 E25.718
G1 X65.257 Y139.18 E26.07995
G1 X65.257 Y139.908 E26.14229
G1 X67.518 Y142.169 E26.41609
G1 X66.79 Y142.169 E26.47843
G1 X65.026 Y140.404 E26.69209
G1 X61.989 Y142.131 F7800
;TYPE:Internal infill
;WIDTH:0.675
G1 F3600
G1 X58.454 Y142.131 E27.03844
G1 X60.246 Y135.445 E27.71667
G1 X60.335 Y135.322 E27.73151
G1 X64.705 Y139.693 E28.33712
G1 X64.705 Y138.67 E28.43739
G1 X53.369 Y141.707 E29.58733
G1 X53.369 Y140.854 E29.67093
G1 X54.646 Y142.131 E29.84791
G1 X58.16 Y142.131 E30.19218
G1 X53.369 Y136.093 F7800
G1 F3600
G1 X53.369 Y132.558 E30.53853
G1 X54.352 Y132.295 E30.63824
G1 X54.651 Y131.692 E30.7042
G1 X55.04 Y131.19 E30.76643
G1 X55.516 Y130.77 E30.82866
G1 X55.683 Y130.671 E30.84767
G1 X53.369 Y128.356 E31.16842
G1 X53.369 Y126.966 E31.30463
G1 X56.878 Y113.869 E32.63316
G1 X54.83 Y113.869 E32.83385
G1 X53.369 Y114.26 E32.98206
G1 X53.369 Y115.858 E33.13865
G1 X64.705 Y127.195 E34.70951
G1 X64.705 Y129.521 E34.93735
G1 X59.611 Y130.886 E35.45409
G1 X59.308 Y130.651 E35.49164
G1 X58.742 Y130.362 E35.55387
G1 X58.125 Y130.183 E35.61682
G1 X57.476 Y130.129 E35.68063
G1 X57.074 Y130.156 E35.72013
G1 X56.64 Y130.239 E35.76339
G1 X56.285 Y130.367 E35.80043
G1 E32.80043 F2400
G92 E0
G1 X60.474 Y135.063 F7800
G1 E3 F2400
G1 F3600
G1 X60.638 Y134.742 E3.03531
G1 X60.815 Y134.132 E3.09754
G1 X60.875 Y133.5 E3.15977
G1 X60.847 Y133.203 E3.18902
G1 X64.705 Y118.801 E4.64983
G1 X64.705 Y114.697 E5.05193
G1 X63.877 Y113.869 E5.16676
G1 X60.342 Y113.869 E5.5131
G1 X64.705 Y120.371 F7800
G1 F3600
G1 X53.369 Y123.409 E6.66305
G1 X53.369 Y119.874 E7.00939
G1 X53 Y113.132 F7800
;TYPE:Gap fill
;WIDTH:0.821683
G1 F1200
G1 X53 Y84.868 E10.46811
G1 X53.369 Y82.925 F7800
;TYPE:Internal infill
;WIDTH:0.675
G1 F3600
G1 X53.369 Y84.131 E10.58632
G1 X55.697 Y84.131 E10.81445
G1 X57.645 Y76.862 E11.55181
G1 X57.478 Y76.873 E11.56813
G1 X56.868 Y76.815 E11.62824
G1 X56.708 Y76.769 E11.64449
G1 X53.369 Y77.663 E11.98327
G1 X53.369 Y78.364 E12.05194
G1 X59.136 Y84.131 E12.85103
G1 X59.631 Y84.131 E12.89962
G1 X59.631 Y81.092 E13.19738
G1 X60.061 Y75.017 F7800
;TYPE:Gap fill
;WIDTH:0.527987
G1 F1200
G1 X60.155 Y74.529 E13.23391
;WIDTH:0.512361
G1 X60.178 Y74.364 E13.24575
;WIDTH:0.465306
G1 X60.202 Y74.199 E13.25629
;WIDTH:0.418252
G1 X60.225 Y74.034 E13.26552
;WIDTH:0.371198
G1 X60.228 Y74.007 E13.26679
;WIDTH:0.366153
G1 X60.251 Y73.511 E13.28993
;WIDTH:0.319379
G1 X60.251 Y73.489 E13.29079
;WIDTH:0.365209
G1 X60.228 Y73.003 E13.31339
;WIDTH:0.369039
G1 X60.226 Y72.981 E13.31443
;WIDTH:0.403075
G1 X60.174 Y72.566 E13.33648
G1 X59.861 Y72.267 F7800
;WIDTH:0.177693
G1 F1200
G1 X59.919 Y72.346 E13.33798
;WIDTH:0.179652
G1 X59.923 Y72.352 E13.3381
;WIDTH:0.219291
G1 X59.983 Y72.451 E13.34065
;WIDTH:0.25893
G1 X60.043 Y72.549 E13.34397
;WIDTH:0.298569
G1 X60.103 Y72.647 E13.34805
;WIDTH:0.30418
G1 X60.368 Y73.111 E13.36745
G1 X59.779 Y71.214 F7800
;WIDTH:0.172571
G1 F1200
G1 X59.735 Y71.114 E13.36902
;WIDTH:0.196101
G1 X59.724 Y71.09 E13.36951
;WIDTH:0.196101
G1 X59.558 Y70.985 E13.3731
G1 X57.675 Y67.869 F7800
;TYPE:Internal infill
;WIDTH:0.675
G1 F3600
G1 X59.631 Y67.869 E13.56475
G1 X59.631 Y69.447 E13.71945
G1 X59.355 Y70.481 E13.82426
G1 X59.262 Y70.627 E13.84124
G1 X58.742 Y70.362 E13.89836
G1 X58.125 Y70.183 E13.96131
G1 X57.645 Y70.143 E14.00855
G1 X55.371 Y67.869 E14.32368
G1 X55.779 Y67.869 E14.36367
G1 X53.369 Y68.514 E14.60815
G1 X53.369 Y72.049 E14.9545
M106 S122.4
;LAYER_CHANGE
;Z:2.25
;HEIGHT:0.4
G1 Z2.25 F7800
G1 E11.9545 F2400
G92 E0
G1 X60.272 Y132.561 F7800
G1 E3 F2400
;TYPE:Perimeter
G1 F1800
G1 X60.38 Y132.965 E3.04107
G1 X60.431 Y133.5 E3.09368
G1 X60.379 Y134.049 E3.14773
G1 X60.225 Y134.579 E3.20178
G1 X59.981 Y135.057 E3.25438
G1 X59.756 Y135.367 E3.29185
G1 X59.495 Y135.645 E3.32932
G1 X59.07 Y135.975 E3.38193
G1 X58.579 Y136.225 E3.43597
G1 X58.049 Y136.379 E3.49002
G1 X57.5 Y136.431 E3.54407
G1 X56.951 Y136.379 E3.59811
G1 X56.421 Y136.225 E3.65216
G1 X55.93 Y135.975 E3.70621
G1 X55.494 Y135.636 E3.76025
G1 X55.125 Y135.218 E3.81489
G1 X54.835 Y134.713 E3.87197
G1 X54.714 Y134.402 E3.90465
G1 X54.62 Y134.035 E3.94182
G1 X54.569 Y133.5 E3.99443
G1 X54.621 Y132.951 E4.04848
G1 X54.775 Y132.421 E4.10252
G1 X55.025 Y131.93 E4.15657
G1 X55.364 Y131.494 E4.21062
G1 X55.777 Y131.129 E4.26467
G1 X56.252 Y130.848 E4.31871
G1 X56.757 Y130.666 E4.37132
G1 X57.13 Y130.595 E4.40849
G1 X57.463 Y130.572 E4.44117
G1 X58.043 Y130.619 E4.49825
G1 X58.579 Y130.775 E4.55289
G1 X59.07 Y131.025 E4.60693
G1 X59.506 Y131.364 E4.66098
G1 X59.871 Y131.777 E4.71503
G1 X60.144 Y132.24 E4.76764
G1 X60.238 Y132.477 E4.79265
G1 X59.724 Y132.777 F7800
;TYPE:External perimeter
G1 F1800
G1 X59.798 Y133.067 E4.82195
G1 X59.839 Y133.5 E4.86455
G1 X59.798 Y133.938 E4.90769
G1 X59.675 Y134.361 E4.95082
G1 X59.477 Y134.749 E4.99343
G1 X59.302 Y134.99 E5.02272
G1 X59.097 Y135.208 E5.05202
G1 X58.753 Y135.475 E5.09463
G1 X58.361 Y135.675 E5.13776
G1 X57.938 Y135.798 E5.18089
G1 X57.5 Y135.839 E5.22403
G1 X57.062 Y135.798 E5.26716
G1 X56.639 Y135.675 E5.31029
G1 X56.247 Y135.475 E5.35343
G1 X55.899 Y135.205 E5.39656
G1 X55.606 Y134.873 E5.43991
G1 X55.368 Y134.458 E5.4868
G1 X55.276 Y134.221 E5.51168
G1 X55.202 Y133.933 E5.54086
G1 X55.161 Y133.5 E5.58347
G1 X55.202 Y133.062 E5.62661
G1 X55.325 Y132.639 E5.66974
G1 X55.525 Y132.247 E5.71287
G1 X55.795 Y131.899 E5.75601
G1 X56.125 Y131.608 E5.79914
G1 X56.504 Y131.384 E5.84228
G1 X56.913 Y131.236 E5.88488
G1 X57.206 Y131.18 E5.91407
G1 X57.459 Y131.163 E5.93894
G1 X57.936 Y131.202 E5.98584
G1 X58.361 Y131.325 E6.02919
G1 X58.753 Y131.525 E6.07232
G1 X59.101 Y131.795 E6.11545
G1 X59.392 Y132.125 E6.15858
G1 X59.614 Y132.499 E6.2012
G1 X59.691 Y132.694 E6.22167
G1 X60.017 Y132.837 F7800
G1 E3.22167 F2400
G92 E0
G1 X64.927 Y84.427 F7800
G1 E3 F2400
;TYPE:Perimeter
G1 F4800
G1 X67.073 Y84.427 E3.21033
G1 X67.073 Y140.427 E8.69707
G1 X135.073 Y140.427 E15.35955
G1 X135.073 Y142.573 E15.56987
G1 X52.927 Y142.573 E23.61841
G1 X52.927 Y113.427 E26.47413
G1 X64.927 Y113.427 E27.64986
G1 X64.927 Y84.517 E30.48239
G1 X64.337 Y85.162 F7800
;TYPE:External perimeter
G1 F2400
G1 X64.337 Y112.838 E33.19392
G1 X53.662 Y112.838 E34.23983
G1 X53.662 Y85.162 E36.95136
G1 X64.247 Y85.162 E37.98846
G1 X64.89 Y84.928 F7800
G1 E34.98846 F2400
G92 E0
G1 X57.793 Y75.82 F7800
G1 E3 F2400
G1 F1800
G1 X57.495 Y75.839 E3.02929
G1 X57.062 Y75.798 E3.0719
G1 X56.639 Y75.675 E3.11503
G1 X56.251 Y75.477 E3.15765
G1 X56.01 Y75.302 E3.18694
G1 X55.792 Y75.097 E3.21623
G1 X55.525 Y74.753 E3.25884
G1 X55.325 Y74.361 E3.30197
G1 X55.202 Y73.938 E3.34511
G1 X55.161 Y73.5 E3.38824
G1 X55.202 Y73.062 E3.43137
G1 X55.325 Y72.639 E3.47451
G1 X55.525 Y72.247 E3.51764
G1 X55.795 Y71.899 E3.56077
G1 X56.125 Y71.608 E3.60391
G1 X56.504 Y71.384 E3.64704
G1 X56.913 Y71.236 E3.68965
G1 X57.206 Y71.18 E3.71884
G1 X57.459 Y71.163 E3.74371
G1 X57.936 Y71.202 E3.7906
G1 X58.361 Y71.325 E3.83395
G1 X58.753 Y71.525 E3.87709
G1 X59.101 Y71.795 E3.92022
G1 X59.392 Y72.125 E3.96335
G1 X59.614 Y72.499 E4.00596
G1 X59.724 Y72.777 E4.03525
G1 X59.798 Y73.067 E4.06455
G1 X59.839 Y73.5 E4.10716
G1 X59.798 Y73.938 E4.15029
G1 X59.675 Y74.361 E4.19342
G1 X59.475 Y74.753 E4.23655
G1 X59.205 Y75.101 E4.27969
G1 X58.875 Y75.392 E4.32282
G1 X58.496 Y75.616 E4.36596
G1 X58.087 Y75.764 E4.40857
G1 X57.881 Y75.803 E4.42904
G1 X57.68 Y76.096 F7800
G1 X57.992 Y76.382
;TYPE:Perimeter
G1 F4800
G1 X58.243 Y76.334 E4.45406
G1 X58.748 Y76.152 E4.50667
G1 X59.223 Y75.871 E4.56071
G1 X59.636 Y75.506 E4.61476
G1 X59.834 Y75.251 E4.6464
G1 X60.073 Y75.333 E4.67115
G1 X60.073 Y84.573 E5.57649
G1 X52.927 Y84.573 E6.27671
G1 X52.927 Y67.427 E7.9567
G1 X60.073 Y67.427 E8.65691
G1 X60.073 Y72.007 E9.10566
G1 X59.506 Y71.364 E9.18968
G1 X59.07 Y71.025 E9.24372
G1 X58.579 Y70.775 E9.29777
G1 X58.043 Y70.619 E9.35241
G1 X57.463 Y70.572 E9.40949
G1 X57.13 Y70.595 E9.44216
G1 X56.757 Y70.666 E9.47934
G1 X56.252 Y70.848 E9.53195
G1 X55.777 Y71.129 E9.58599
G1 X55.364 Y71.494 E9.64004
G1 X55.025 Y71.93 E9.69409
G1 X54.775 Y72.421 E9.74813
G1 X54.621 Y72.951 E9.80218
G1 X54.569 Y73.5 E9.85623
G1 X54.621 Y74.049 E9.91027
G1 X54.775 Y74.579 E9.96432
G1 X55.025 Y75.07 E10.01837
G1 X55.355 Y75.495 E10.07098
G1 X55.633 Y75.756 E10.10844
G1 X55.943 Y75.981 E10.14591
G1 X56.421 Y76.225 E10.19852
G1 X56.951 Y76.379 E10.25256
G1 X57.485 Y76.429 E10.30518
G1 X57.903 Y76.398 E10.34625
G1 X60.662 Y83.837 F7800
;TYPE:External perimeter
G1 F2400
G1 X67.662 Y83.837 E11.03209
G1 X67.662 Y139.838 E16.51884
G1 X135.663 Y139.838 E23.18131
G1 X135.663 Y143.163 E23.50709
G1 X52.337 Y143.163 E31.67107
G1 X52.337 Y66.837 E39.14921
G1 X60.662 Y66.837 E39.96487
G1 X60.662 Y83.747 E41.62167
G1 X60.753 Y84.431 F7800
G1 X60.368 Y84.5
;TYPE:Gap fill
;WIDTH:0.821683
G1 F1200
G1 X64.632 Y84.5 E42.14348
G1 X65.369 Y86.829 F7800
;TYPE:Internal infill
;WIDTH:0.675
G1 F3600
G1 X65.369 Y90.364 E42.48983
G1 X66.631 Y91.627 E42.66482
G1 X66.631 Y92.408 E42.7413
G1 X65.369 Y92.746 E42.86941
G1 X65.369 Y96.281 E43.21575
G1 X66.631 Y98.022 F7800
G1 F3600
G1 X66.631 Y101.557 E43.5621
G1 X65.369 Y101.896 E43.69021
G1 X65.369 Y102.862 E43.78494
G1 X66.631 Y104.125 E43.95993
G1 X66.631 Y107.66 E44.30628
G1 X56.285 Y130.367 F7800
G1 F3600
G1 X56.64 Y130.239 E44.34332
G1 X57.073 Y130.156 E44.38649
G1 X57.465 Y130.129 E44.42501
G1 X58.124 Y130.183 E44.48974
G1 X58.742 Y130.362 E44.55284
G1 X59.308 Y130.651 E44.61507
G1 X59.611 Y130.886 E44.65263
G1 X66.631 Y129.005 E45.36473
G1 X66.631 Y129.121 E45.37617
G1 X53.369 Y115.858 E47.2139
G1 X53.369 Y114.26 E47.37049
G1 X54.83 Y113.869 E47.5187
G1 X56.878 Y113.869 E47.71939
G1 X53.369 Y126.966 E49.04792
G1 X53.369 Y128.356 E49.18413
G1 X55.683 Y130.671 E49.50488
G1 X55.516 Y130.77 E49.52389
G1 X55.04 Y131.19 E49.58612
G1 X54.651 Y131.692 E49.64835
G1 X54.352 Y132.295 E49.71431
G1 X53.369 Y132.558 E49.81403
G1 X53.369 Y136.093 E50.16037
G1 X53.369 Y72.049 F7800
G1 F3600
G1 X53.369 Y68.514 E50.50672
G1 X55.779 Y67.869 E50.7512
G1 X55.371 Y67.869 E50.7912
G1 X57.646 Y70.144 E51.10644
G1 X58.124 Y70.183 E51.15344
G1 X58.742 Y70.362 E51.21654
G1 X59.262 Y70.627 E51.27366
G1 X59.355 Y70.481 E51.29065
G1 X59.631 Y69.447 E51.39546
G1 X59.631 Y67.869 E51.55015
G1 X57.675 Y67.869 E51.7418
G1 X59.558 Y70.985 F7800
;TYPE:Gap fill
;WIDTH:0.196102
G1 F1200
G1 X59.724 Y71.09 E51.74539
;WIDTH:0.196101
G1 X59.735 Y71.114 E51.74589
;WIDTH:0.172567
G1 X59.779 Y71.214 E51.74746
G1 X60.368 Y73.111 F7800
;WIDTH:0.30419
G1 F1200
G1 X60.103 Y72.647 E51.76685
;WIDTH:0.298578
G1 X60.043 Y72.549 E51.77093
;WIDTH:0.258938
G1 X59.983 Y72.451 E51.77425
;WIDTH:0.219298
G1 X59.923 Y72.352 E51.77681
;WIDTH:0.179659
G1 X59.919 Y72.346 E51.77692
;WIDTH:0.177699
G1 X59.861 Y72.267 E51.77842
G1 X60.174 Y72.566 F7800
;WIDTH:0.403079
G1 F1200
G1 X60.226 Y72.981 E51.80047
;WIDTH:0.369039
G1 X60.228 Y73.003 E51.80152
;WIDTH:0.365209
G1 X60.251 Y73.489 E51.82412
;WIDTH:0.319379
G1 X60.251 Y73.511 E51.82497
;WIDTH:0.366153
G1 X60.228 Y74.007 E51.84812
;WIDTH:0.371196
G1 X60.225 Y74.034 E51.84938
;WIDTH:0.418255
G1 X60.202 Y74.199 E51.85862
;WIDTH:0.465314
G1 X60.178 Y74.364 E51.86915
;WIDTH:0.512372
G1 X60.155 Y74.529 E51.881
;WIDTH:0.527998
G1 X60.061 Y75.017 E51.91753
G1 X59.631 Y81.092 F7800
;TYPE:Internal infill
;WIDTH:0.675
G1 F3600
G1 X59.631 Y84.131 E52.21529
G1 X59.136 Y84.131 E52.26388
G1 X53.369 Y78.364 E53.06296
G1 X53.369 Y77.663 E53.13164
G1 X56.708 Y76.769 E53.47042
G1 X56.868 Y76.815 E53.48667
G1 X57.478 Y76.873 E53.54678
G1 X57.645 Y76.862 E53.5631
G1 X55.697 Y84.131 E54.30045
G1 X53.369 Y84.131 E54.52858
G1 X53.369 Y82.925 E54.6468
G1 X53 Y84.868 F7800
;TYPE:Gap fill
;WIDTH:0.821683
G1 F1200
G1 X53 Y113.132 E58.10551
G1 X53.369 Y119.874 F7800
;TYPE:Internal infill
;WIDTH:0.675
G1 F3600
G1 X53.369 Y123.409 E58.45186
G1 X66.631 Y119.855 E59.79717
G1 X66.631 Y116.623 E60.11384
G1 X63.877 Y113.869 E60.49555
G1 X65.369 Y113.869 E60.64171
G1 X65.369 Y111.045 E60.91839
G1 X66.631 Y110.706 E61.04649
G1 X66.631 Y111.613 E61.13535
G1 X60.847 Y133.203 E63.32527
G1 X60.875 Y133.5 E63.35452
G1 X60.815 Y134.132 E63.41675
G1 X60.638 Y134.742 E63.47898
G1 X60.474 Y135.063 E63.51429
G1 X66.631 Y134.619 F7800
G1 F3600
G1 X66.631 Y138.154 E63.86064
G1 X53.369 Y141.707 E65.20595
G1 X53.369 Y140.854 E65.28955
G1 X54.646 Y142.131 E65.46653
G1 X58.454 Y142.131 E65.83966
G1 X60.246 Y135.445 E66.5179
G1 X60.335 Y135.322 E66.53273
G1 X67.144 Y142.131 E67.4762
G1 X67.603 Y142.131 E67.52122
G1 X67.942 Y140.869 E67.64932
G1 X71.477 Y140.869 E67.99567
G1 X73.217 Y142.131 F7800
G1 F3600
G1 X76.752 Y142.131 E68.34201
G1 X77.091 Y140.869 E68.47012
G1 X78.379 Y140.869 E68.59631
G1 X79.642 Y142.131 E68.77131
G1 X83.177 Y142.131 E69.11765
G1 X82.705 Y140.869 F7800
G1 F3600
G1 X86.24 Y140.869 E69.464
G1 X85.902 Y142.131 E69.59211
G1 X90.644 Y140.869 E70.073
G1 X90.877 Y140.869 E70.09576
G1 X92.14 Y142.131 E70.27075
G1 X95.051 Y142.131 E70.55596
G1 X95.389 Y140.869 E70.68407
G1 X103.375 Y140.869 E71.46648
G1 X104.638 Y142.131 E71.64148
G1 X104.2 Y142.131 E71.68437
G1 X104.538 Y140.869 E71.81248
G1 X108.073 Y140.869 E72.15882
G1 X109.814 Y142.131 F7800
G1 F3600
G1 X113.349 Y142.131 E72.50517
G1 X113.687 Y140.869 E72.63328
G1 X115.873 Y140.869 E72.84739
G1 X117.136 Y142.131 E73.02238
G1 X120.076 Y142.131 E73.31049
G1 X124.79 Y140.869 E73.78859
G1 X128.371 Y140.869 E74.13945
G1 X129.634 Y142.131 E74.31445
G1 X131.647 Y142.131 E74.51174
G1 X131.986 Y140.869 E74.63985
G1 X134.631 Y140.869 E74.89908
G1 X134.631 Y141.758 E74.98619
G1 X126.033 Y142.131 F7800
G1 F3600
G1 X122.498 Y142.131 E75.33254
G1 X122.836 Y140.869 E75.46064
G1 X119.302 Y140.869 E75.80699
G1 E72.80699 F2400
G92 E0
G1 X112.08 Y74.881 F7800
G1 E3 F2400
;TYPE:Perimeter
G1 F1800
G1 X111.861 Y75.234 E3.04068
G1 X111.506 Y75.636 E3.09329
G1 X111.07 Y75.975 E3.14734
G1 X110.579 Y76.225 E3.20138
G1 X110.049 Y76.379 E3.25543
G1 X109.5 Y76.431 E3.30948
G1 X108.951 Y76.379 E3.36352
G1 X108.421 Y76.225 E3.41757
G1 X107.93 Y75.975 E3.47161
G1 X107.494 Y75.636 E3.52566
G1 X107.129 Y75.223 E3.57971
G1 X106.856 Y74.76 E3.63232
G1 X106.715 Y74.405 E3.66978
G1 X106.62 Y74.035 E3.70725
G1 X106.569 Y73.5 E3.75986
G1 X106.621 Y72.951 E3.81391
G1 X106.775 Y72.421 E3.86796
G1 X107.025 Y71.93 E3.922
G1 X107.364 Y71.494 E3.97605
G1 X107.777 Y71.129 E4.03009
G1 X108.252 Y70.848 E4.08414
G1 X108.757 Y70.666 E4.13675
G1 X109.13 Y70.595 E4.17392
G1 X109.463 Y70.572 E4.2066
G1 X110.043 Y70.619 E4.26368
G1 X110.579 Y70.775 E4.31832
G1 X111.07 Y71.025 E4.37236
G1 X111.506 Y71.364 E4.42641
G1 X111.861 Y71.766 E4.47902
G1 X112.066 Y72.089 E4.51649
G1 X112.229 Y72.435 E4.55395
G1 X112.379 Y72.951 E4.60656
G1 X112.431 Y73.5 E4.66061
G1 X112.378 Y74.055 E4.71524
G1 X112.209 Y74.613 E4.77233
G1 X112.119 Y74.8 E4.79266
G1 X111.549 Y74.627 F7800
;TYPE:External perimeter
G1 F1800
G1 X111.389 Y74.879 E4.82193
G1 X111.101 Y75.205 E4.86454
G1 X110.753 Y75.475 E4.90767
G1 X110.361 Y75.675 E4.9508
G1 X109.938 Y75.798 E4.99394
G1 X109.5 Y75.839 E5.03707
G1 X109.062 Y75.798 E5.08021
G1 X108.639 Y75.675 E5.12334
G1 X108.247 Y75.475 E5.16647
G1 X107.899 Y75.205 E5.20961
G1 X107.608 Y74.875 E5.25274
G1 X107.386 Y74.5 E5.29535
G1 X107.276 Y74.223 E5.32464
G1 X107.202 Y73.933 E5.35393
G1 X107.161 Y73.5 E5.39654
G1 X107.202 Y73.062 E5.43968
G1 X107.325 Y72.639 E5.48281
G1 X107.525 Y72.247 E5.52594
G1 X107.795 Y71.899 E5.56908
G1 X108.125 Y71.608 E5.61221
G1 X108.504 Y71.384 E5.65534
G1 X108.913 Y71.236 E5.69795
G1 X109.206 Y71.18 E5.72714
G1 X109.459 Y71.163 E5.75201
G1 X109.936 Y71.202 E5.79891
G1 X110.361 Y71.325 E5.84225
G1 X110.753 Y71.525 E5.88539
G1 X111.101 Y71.795 E5.92852
G1 X111.389 Y72.121 E5.97113
G1 X111.549 Y72.374 E6.00042
G1 X111.676 Y72.644 E6.02972
G1 X111.798 Y73.062 E6.07233
G1 X111.839 Y73.5 E6.11546
G1 X111.797 Y73.94 E6.15881
G1 X111.658 Y74.398 E6.2057
G1 X111.588 Y74.545 E6.22167
G1 X111.706 Y74.881 F7800
G1 X108.927 Y82.573
;TYPE:Perimeter
G1 F4800
G1 X105.927 Y82.573 E6.5156
G1 X105.927 Y67.427 E7.99964
G1 X113.073 Y67.427 E8.69985
G1 X113.073 Y123.573 E14.20097
G1 X108.927 Y123.573 E14.60725
G1 X108.927 Y82.663 E18.61552
G1 X108.338 Y83.162 F7800
;TYPE:External perimeter
G1 F2400
G1 X105.338 Y83.162 E18.90945
G1 X105.338 Y66.837 E20.50893
G1 X113.663 Y66.837 E21.3246
G1 X113.663 Y124.163 E26.94116
G1 X108.338 Y124.163 E27.46289
G1 X108.338 Y83.252 E31.47116
G1 X108.312 Y82.563 F7800
G1 X112.631 Y83.617
;TYPE:Internal infill
G1 F3600
G1 X112.631 Y80.082 E31.8175
G1 X106.369 Y81.76 E32.45278
G1 X106.369 Y81.373 E32.49078
G1 X107.127 Y82.131 E32.59592
G1 X109.369 Y82.131 E32.81551
G1 X109.369 Y84.373 E33.03509
G1 X112.631 Y87.636 E33.48721
G1 X112.631 Y89.231 E33.64357
G1 X109.369 Y90.106 E33.97454
G1 X109.369 Y88.696 E34.11262
G1 X112.631 Y76.519 E35.34783
G1 X112.631 Y75.643 E35.43369
G1 X112.572 Y75.733 E35.4443
G1 X112.217 Y75.498 E35.48599
G1 X111.81 Y75.96 E35.54629
G1 X111.308 Y76.349 E35.60852
G1 X110.742 Y76.638 E35.67075
G1 X110.513 Y76.704 E35.69417
G1 X112.779 Y74.398 F7800
;TYPE:Gap fill
;WIDTH:0.261262
G1 F1200
G1 X112.561 Y74.756 E35.7064
;WIDTH:0.256624
G1 X112.46 Y74.909 E35.71161
;WIDTH:0.211732
G1 X112.359 Y75.062 E35.71544
G1 X112.62 Y74.819 F7800
;WIDTH:0.335936
G1 F1200
G1 X112.654 Y74.589 E35.72511
;WIDTH:0.290042
G1 X112.688 Y74.359 E35.73301
;WIDTH:0.244149
G1 X112.723 Y74.129 E35.73913
;WIDTH:0.198256
G1 X112.724 Y74.118 E35.73934
;WIDTH:0.196062
G1 X112.74 Y73.767 E35.74577
G1 X112.74 Y73.233 F7800
;WIDTH:0.195313
G1 F1200
G1 X112.724 Y72.89 E35.75201
;WIDTH:0.197283
G1 X112.723 Y72.88 E35.7522
;WIDTH:0.242061
G1 X112.69 Y72.649 E35.75827
;WIDTH:0.286839
G1 X112.657 Y72.417 E35.76607
;WIDTH:0.331617
G1 X112.624 Y72.186 E35.77562
G1 X112.359 Y71.938 F7800
;WIDTH:0.202643
G1 F1200
G1 X112.436 Y72.056 E35.77835
;WIDTH:0.238446
G1 X112.514 Y72.173 E35.78191
;WIDTH:0.274249
G1 X112.591 Y72.291 E35.78632
;WIDTH:0.279735
G1 X112.779 Y72.603 E35.79808
G1 X111.928 Y71.575 F7800
;TYPE:Solid infill
;WIDTH:0.691819
G1 F1200
G1 X112.631 Y70.872 E35.8983
G1 X112.631 Y70.015 E35.98466
G1 X111.695 Y70.951 E36.11809
G1 X111.308 Y70.651 E36.16745
G1 X111.196 Y70.593 E36.18017
G1 X112.631 Y69.158 E36.38479
G1 X112.631 Y68.301 E36.47115
G1 X110.609 Y70.324 E36.75943
G1 X110.124 Y70.183 E36.81031
G1 X109.91 Y70.165 E36.83193
G1 X112.207 Y67.869 E37.15925
G1 X111.35 Y67.869 E37.24561
G1 X109.059 Y70.159 E37.57201
G1 X108.64 Y70.239 E37.61501
G1 X108.063 Y70.447 E37.67683
G1 X107.7 Y70.661 E37.71937
G1 X110.493 Y67.869 E38.1174
G1 X109.636 Y67.869 E38.20377
G1 X106.426 Y71.078 E38.66115
G1 X106.369 Y71.067 E38.66709
G1 X106.369 Y70.279 E38.74651
G1 X108.779 Y67.869 E39.09
G1 X107.922 Y67.869 E39.17637
G1 X106.369 Y69.422 E39.39773
G1 X106.369 Y68.565 E39.48409
G1 X107.33 Y67.603 E39.6211
G1 X106.221 Y71.881 F7800
;TYPE:Gap fill
;WIDTH:0.310225
G1 F1200
G1 X106.846 Y71.66 E39.64583
G1 X106.503 Y71.542 F7800
;WIDTH:0.380576
G1 F1200
G1 X106.363 Y72.273 E39.68226
;WIDTH:0.37016
G1 X106.342 Y72.424 E39.68952
;WIDTH:0.326942
G1 X106.32 Y72.576 E39.69567
;WIDTH:0.283724
G1 X106.299 Y72.728 E39.70071
;WIDTH:0.240505
G1 X106.277 Y72.88 E39.70466
;WIDTH:0.197288
G1 X106.276 Y72.89 E39.70485
;WIDTH:0.195319
G1 X106.26 Y73.233 E39.71109
G1 X106.26 Y73.767 F7800
;WIDTH:0.193491
G1 F1200
G1 X106.275 Y74.09 E39.71688
;WIDTH:0.194967
G1 X106.276 Y74.099 E39.71703
;WIDTH:0.230684
G1 X106.294 Y74.24 E39.72047
;WIDTH:0.266401
G1 X106.312 Y74.382 E39.72474
;WIDTH:0.302119
G1 X106.329 Y74.523 E39.72987
;WIDTH:0.306469
G1 X106.332 Y74.537 E39.73038
;WIDTH:0.327841
G1 X106.342 Y74.593 E39.73267
;WIDTH:0.327841
G1 X106.407 Y74.699 E39.73769
;WIDTH:0.285015
G1 X106.472 Y74.805 E39.74181
;WIDTH:0.242189
G1 X106.537 Y74.911 E39.74505
;WIDTH:0.199363
G1 X106.542 Y74.919 E39.74522
;WIDTH:0.196993
G1 X106.66 Y75.081 E39.74893
G1 E36.74893 F2400
G92 E0
G1 X109.369 Y93.336 F7800
G1 E3 F2400
;TYPE:Internal infill
;WIDTH:0.675
G1 F3600
G1 X109.369 Y96.871 E3.34635
G1 X112.631 Y100.134 E3.79846
G1 X112.631 Y98.381 E3.97021
G1 X109.369 Y99.255 E4.30119
G1 X109.369 Y102.79 E4.64753
G1 X109.369 Y114.018 F7800
G1 F3600
G1 X109.369 Y117.553 E4.99388
G1 X112.631 Y116.679 E5.32485
G1 X112.631 Y112.631 E5.7214
G1 X109.369 Y109.369 E6.17352
G1 X109.369 Y108.404 E6.26802
G1 X112.631 Y107.53 E6.599
G1 X112.631 Y110.664 E6.90608
G1 X109.369 Y122.841 E8.14129
G1 X109.369 Y123.131 E8.16971
G1 X110.634 Y123.131 E8.29365
G1 X109.369 Y121.866 E8.46893
G1 E5.46893 F2400
G92 E0
G1 X149.284 Y116.22 F7800
G1 E3 F2400
;TYPE:External perimeter
G1 F1800
G1 X149.202 Y115.938 E3.02876
G1 X149.161 Y115.5 E3.0719
G1 X149.202 Y115.062 E3.11503
G1 X149.325 Y114.639 E3.15816
G1 X149.525 Y114.247 E3.2013
G1 X149.795 Y113.899 E3.24443
G1 X150.125 Y113.608 E3.28756
G1 X150.504 Y113.384 E3.3307
G1 X150.913 Y113.236 E3.37331
G1 X151.206 Y113.18 E3.40249
G1 X151.459 Y113.163 E3.42737
G1 X151.936 Y113.202 E3.47426
G1 X152.361 Y113.325 E3.51761
G1 X152.753 Y113.525 E3.56074
G1 X153.101 Y113.795 E3.60388
G1 X153.389 Y114.121 E3.64649
G1 X153.549 Y114.374 E3.67578
G1 X153.676 Y114.644 E3.70507
G1 X153.798 Y115.062 E3.74768
G1 X153.839 Y115.5 E3.79081
G1 X153.798 Y115.938 E3.83395
G1 X153.676 Y116.356 E3.87656
G1 X153.549 Y116.626 E3.90585
G1 X153.389 Y116.879 E3.93514
G1 X153.101 Y117.205 E3.97775
G1 X152.753 Y117.475 E4.02088
G1 X152.361 Y117.675 E4.06401
G1 X151.938 Y117.798 E4.10715
G1 X151.5 Y117.839 E4.15028
G1 X151.067 Y117.798 E4.19289
G1 X150.777 Y117.724 E4.22219
G1 X150.499 Y117.614 E4.25148
G1 X150.125 Y117.392 E4.29409
G1 X149.795 Y117.101 E4.33722
G1 X149.525 Y116.753 E4.38035
G1 X149.309 Y116.307 E4.42895
G1 X148.995 Y116.173 F7800
G1 E1.42895 F2400
G92 E0
G1 X151.17 Y76.408 F7800
G1 E3 F2400
;TYPE:Perimeter
G1 F1800
G1 X150.757 Y76.334 E3.04107
G1 X150.252 Y76.152 E3.09368
G1 X149.777 Y75.871 E3.14773
G1 X149.364 Y75.506 E3.20177
G1 X149.025 Y75.07 E3.25582
G1 X148.775 Y74.579 E3.30987
G1 X148.621 Y74.049 E3.36392
G1 X148.569 Y73.5 E3.41796
G1 X148.621 Y72.951 E3.47201
G1 X148.775 Y72.421 E3.52606
G1 X149.025 Y71.93 E3.5801
G1 X149.364 Y71.494 E3.63415
G1 X149.777 Y71.129 E3.6882
G1 X150.252 Y70.848 E3.74224
G1 X150.757 Y70.666 E3.79485
G1 X151.13 Y70.595 E3.83203
G1 X151.463 Y70.572 E3.8647
G1 X152.043 Y70.619 E3.92178
G1 X152.579 Y70.775 E3.97642
G1 X153.07 Y71.025 E4.03046
G1 X153.506 Y71.364 E4.08451
G1 X153.861 Y71.766 E4.13712
G1 X154.066 Y72.089 E4.17459
G1 X154.229 Y72.435 E4.21205
G1 X154.379 Y72.951 E4.26466
G1 X154.431 Y73.5 E4.31871
G1 X154.379 Y74.049 E4.37276
G1 X154.229 Y74.565 E4.42537
G1 X154.066 Y74.911 E4.46283
G1 X153.861 Y75.234 E4.5003
G1 X153.506 Y75.636 E4.55291
G1 X153.07 Y75.975 E4.60696
G1 X152.579 Y76.225 E4.661
G1 X152.049 Y76.379 E4.71505
G1 X151.515 Y76.429 E4.76766
G1 X151.26 Y76.413 E4.79267
G1 X151.207 Y75.82 F7800
;TYPE:External perimeter
G1 F1800
G1 X150.913 Y75.764 E4.82197
G1 X150.504 Y75.616 E4.86458
G1 X150.125 Y75.392 E4.90771
G1 X149.795 Y75.101 E4.95084
G1 X149.525 Y74.753 E4.99398
G1 X149.325 Y74.361 E5.03711
G1 X149.202 Y73.938 E5.08025
G1 X149.161 Y73.5 E5.12338
G1 X149.202 Y73.062 E5.16651
G1 X149.325 Y72.639 E5.20965
G1 X149.525 Y72.247 E5.25278
G1 X149.795 Y71.899 E5.29591
G1 X150.125 Y71.608 E5.33905
G1 X150.504 Y71.384 E5.38218
G1 X150.913 Y71.236 E5.42479
G1 X151.206 Y71.18 E5.45398
G1 X151.459 Y71.163 E5.47885
G1 X151.936 Y71.202 E5.52574
G1 X152.361 Y71.325 E5.56909
G1 X152.753 Y71.525 E5.61222
G1 X153.101 Y71.795 E5.65536
G1 X153.389 Y72.121 E5.69797
G1 X153.549 Y72.374 E5.72726
G1 X153.676 Y72.644 E5.75655
G1 X153.798 Y73.062 E5.79916
G1 X153.839 Y73.5 E5.8423
G1 X153.798 Y73.938 E5.88543
G1 X153.676 Y74.356 E5.92804
G1 X153.549 Y74.626 E5.95733
G1 X153.389 Y74.879 E5.98662
G1 X153.101 Y75.205 E6.02923
G1 X152.753 Y75.475 E6.07237
G1 X152.361 Y75.675 E6.1155
G1 X151.938 Y75.798 E6.15863
G1 X151.505 Y75.839 E6.20124
G1 X151.297 Y75.825 E6.22172
G1 X151.029 Y76.06 F7800
G1 E3.22172 F2400
G92 E0
G1 X154.927 Y115.916 F7800
G1 E3 F2400
;TYPE:Perimeter
G1 F4800
G1 X154.344 Y116.422 E3.07564
G1 X154.431 Y115.5 E3.16639
G1 X154.344 Y114.578 E3.25713
G1 X154.927 Y115.084 E3.33277
G1 X154.927 Y82.573 E6.51808
G1 X147.927 Y82.573 E7.20392
G1 X147.927 Y67.427 E8.68796
G1 X157.073 Y67.427 E9.58413
G1 X157.073 Y124.573 E15.18322
G1 X154.927 Y124.573 E15.39355
G1 X154.927 Y116.006 E16.23295
G1 X154.338 Y117.208 F7800
;TYPE:External perimeter
G1 F2400
G1 X153.355 Y118.06 E16.3604
G1 X153.023 Y118.271 E16.39891
G1 X152.664 Y118.44 E16.43781
G1 X152.286 Y118.562 E16.47671
G1 X151.896 Y118.637 E16.51561
G1 X151.497 Y118.662 E16.55477
G1 X150.913 Y118.607 E16.61231
G1 X150.523 Y118.507 E16.65174
G1 X150.154 Y118.361 E16.69064
G1 X149.806 Y118.17 E16.72954
G1 X149.339 Y117.809 E16.78734
G1 X149.065 Y117.517 E16.8265
G1 X148.83 Y117.194 E16.86567
G1 X148.639 Y116.846 E16.90457
G1 X148.493 Y116.477 E16.94347
G1 X148.394 Y116.092 E16.98237
G1 X148.344 Y115.699 E17.02128
G1 X148.362 Y115.109 E17.07907
G1 X148.438 Y114.714 E17.1185
G1 X148.562 Y114.331 E17.15792
G1 X148.726 Y113.981 E17.19579
G1 X148.941 Y113.644 E17.23496
G1 X149.195 Y113.336 E17.27412
G1 X149.487 Y113.062 E17.31328
G1 X149.972 Y112.732 E17.3708
G1 X150.339 Y112.559 E17.41049
G1 X150.902 Y112.395 E17.46802
G1 X151.304 Y112.344 E17.50771
G1 X151.891 Y112.362 E17.56524
G1 X152.289 Y112.438 E17.60493
G1 X152.846 Y112.639 E17.66297
G1 X153.355 Y112.94 E17.7209
G1 X154.338 Y113.792 E17.84835
G1 X154.338 Y83.162 E20.8494
G1 X147.338 Y83.162 E21.53525
G1 X147.338 Y66.837 E23.13473
G1 X157.663 Y66.837 E24.14635
G1 X157.663 Y125.163 E29.86089
G1 X154.338 Y125.163 E30.18667
G1 X154.338 Y117.298 E30.95726
G1 X153.995 Y116.715 F7800
G1 X154.009 Y116.832
;TYPE:Gap fill
;WIDTH:0.412359
G1 F1200
G1 X153.749 Y117.135 E30.97892
;WIDTH:0.3786
G1 X153.733 Y117.151 E30.98004
;WIDTH:0.373744
G1 X153.56 Y117.323 E30.9917
;WIDTH:0.341273
G1 X153.387 Y117.494 E31.00204
;WIDTH:0.308803
G1 X153.372 Y117.509 E31.00282
;WIDTH:0.326872
G1 X153.106 Y117.726 E31.01658
;WIDTH:0.326872
G1 X152.981 Y117.814 E31.02271
;WIDTH:0.312461
G1 X152.963 Y117.826 E31.02351
;WIDTH:0.327716
G1 X152.823 Y117.906 E31.03003
;WIDTH:0.327717
G1 X152.523 Y118.053 E31.04347
;WIDTH:0.317389
G1 X152.513 Y118.058 E31.04389
;WIDTH:0.317389
G1 X152.502 Y118.061 E31.04431
;WIDTH:0.327716
G1 X152.183 Y118.159 E31.05775
;WIDTH:0.327716
G1 X152.025 Y118.197 E31.06427
;WIDTH:0.312461
G1 X152.004 Y118.201 E31.06507
;WIDTH:0.327693
G1 X151.844 Y118.224 E31.07158
;WIDTH:0.327692
G1 X151.511 Y118.25 E31.08503
;WIDTH:0.317333
G1 X151.498 Y118.251 E31.08554
;WIDTH:0.317332
G1 X151.489 Y118.25 E31.08587
;WIDTH:0.328093
G1 X151.144 Y118.223 E31.09981
;WIDTH:0.328094
G1 X151.005 Y118.205 E31.10545
;WIDTH:0.319296
G1 X150.996 Y118.204 E31.1058
;WIDTH:0.319081
G1 X150.987 Y118.202 E31.10616
;WIDTH:0.318722
G1 X150.657 Y118.117 E31.11935
;WIDTH:0.318948
G1 X150.65 Y118.115 E31.11964
;WIDTH:0.318947
G1 X150.643 Y118.113 E31.11992
;WIDTH:0.318719
G1 X150.329 Y117.988 E31.13301
;WIDTH:0.31872
G1 X150.327 Y117.987 E31.13311
;WIDTH:0.318385
G1 X150.311 Y117.979 E31.13382
;WIDTH:0.327712
G1 X150.029 Y117.818 E31.14686
;WIDTH:0.327712
G1 X149.894 Y117.729 E31.15337
;WIDTH:0.312459
G1 X149.876 Y117.717 E31.15418
;WIDTH:0.328829
G1 X149.741 Y117.608 E31.1612
;WIDTH:0.328829
G1 X149.629 Y117.51 E31.16721
;WIDTH:0.328829
G1 X149.504 Y117.389 E31.17423
;WIDTH:0.312504
G1 X149.49 Y117.373 E31.17504
;WIDTH:0.327559
G1 X149.386 Y117.252 E31.18145
;WIDTH:0.327561
G1 X149.184 Y116.983 E31.19498
;WIDTH:0.31737
G1 X149.177 Y116.974 E31.19541
;WIDTH:0.317371
G1 X149.172 Y116.964 E31.19582
;WIDTH:0.327709
G1 X149.016 Y116.669 E31.20926
;WIDTH:0.327709
G1 X148.949 Y116.521 E31.21578
;WIDTH:0.312459
G1 X148.941 Y116.502 E31.21658
;WIDTH:0.327715
G1 X148.889 Y116.348 E31.22309
;WIDTH:0.327714
G1 X148.801 Y116.026 E31.23654
;WIDTH:0.317385
G1 X148.798 Y116.015 E31.23696
;WIDTH:0.317385
G1 X148.797 Y116.005 E31.23738
;WIDTH:0.327714
G1 X148.76 Y115.672 E31.25082
;WIDTH:0.327715
G1 X148.752 Y115.511 E31.25733
;WIDTH:0.312463
G1 X148.752 Y115.489 E31.25814
;WIDTH:0.328834
G1 X148.76 Y115.316 E31.26516
;WIDTH:0.328835
G1 X148.774 Y115.168 E31.27117
;WIDTH:0.32883
G1 X148.799 Y114.996 E31.27819
;WIDTH:0.312461
G1 X148.803 Y114.975 E31.279
;WIDTH:0.327717
G1 X148.841 Y114.817 E31.28551
;WIDTH:0.327716
G1 X148.939 Y114.498 E31.29895
;WIDTH:0.318593
G1 X148.946 Y114.477 E31.2998
;WIDTH:0.318717
G1 X148.947 Y114.476 E31.29983
;WIDTH:0.328828
G1 X149.015 Y114.331 E31.30634
;WIDTH:0.32883
G1 X149.088 Y114.188 E31.31283
;WIDTH:0.328829
G1 X149.174 Y114.037 E31.31985
;WIDTH:0.312509
G1 X149.186 Y114.019 E31.32065
;WIDTH:0.327564
G1 X149.277 Y113.888 E31.32706
;WIDTH:0.327564
G1 X149.488 Y113.625 E31.3406
;WIDTH:0.317357
G1 X149.495 Y113.617 E31.34102
;WIDTH:0.317358
G1 X149.503 Y113.61 E31.34144
;WIDTH:0.32756
G1 X149.752 Y113.383 E31.35497
;WIDTH:0.32756
G1 X149.876 Y113.283 E31.36138
;WIDTH:0.312506
G1 X149.894 Y113.271 E31.36219
;WIDTH:0.328829
G1 X150.039 Y113.175 E31.36921
;WIDTH:0.32883
G1 X150.167 Y113.1 E31.37521
;WIDTH:0.32883
G1 X150.32 Y113.018 E31.38224
;WIDTH:0.312336
G1 X150.34 Y113.009 E31.38305
;WIDTH:0.327714
G1 X150.492 Y112.946 E31.38966
;WIDTH:0.327716
G1 X150.796 Y112.842 E31.4026
;WIDTH:0.318398
G1 X150.814 Y112.837 E31.4033
;WIDTH:0.320198
G1 X150.827 Y112.833 E31.40386
;WIDTH:0.324879
G1 X150.973 Y112.803 E31.40979
;WIDTH:0.324877
G1 X151.147 Y112.776 E31.41676
;WIDTH:0.313756
G1 X151.16 Y112.774 E31.41728
;WIDTH:0.323226
G1 X151.33 Y112.758 E31.42401
;WIDTH:0.323226
G1 X151.453 Y112.753 E31.42887
;WIDTH:0.314771
G1 X151.47 Y112.753 E31.42953
;WIDTH:0.332143
G1 X151.684 Y112.762 E31.4383
;WIDTH:0.332141
G1 X151.832 Y112.775 E31.44438
;WIDTH:0.330231
G1 X151.999 Y112.798 E31.45123
;WIDTH:0.312095
G1 X152.021 Y112.802 E31.45208
;WIDTH:0.327712
G1 X152.185 Y112.841 E31.45886
;WIDTH:0.327711
G1 X152.502 Y112.939 E31.47221
;WIDTH:0.318598
G1 X152.523 Y112.946 E31.47305
;WIDTH:0.318714
G1 X152.523 Y112.947 E31.47308
;WIDTH:0.328811
G1 X152.669 Y113.015 E31.47958
;WIDTH:0.32881
G1 X152.814 Y113.089 E31.48617
;WIDTH:0.328687
G1 X152.963 Y113.174 E31.4931
;WIDTH:0.312505
G1 X152.981 Y113.186 E31.4939
;WIDTH:0.326877
G1 X153.106 Y113.274 E31.50003
;WIDTH:0.326876
G1 X153.372 Y113.491 E31.51379
;WIDTH:0.308802
G1 X153.387 Y113.506 E31.51457
;WIDTH:0.341273
G1 X153.56 Y113.677 E31.52491
;WIDTH:0.373743
G1 X153.733 Y113.849 E31.53657
;WIDTH:0.378598
G1 X153.749 Y113.865 E31.53769
;WIDTH:0.412354
G1 X154.009 Y114.168 E31.55935
G1 X154.015 Y114.623 F7800
;WIDTH:0.177688
G1 F1200
G1 X153.997 Y114.527 E31.56085
;WIDTH:0.179648
G1 X153.995 Y114.52 E31.56096
;WIDTH:0.219291
G1 X153.965 Y114.408 E31.56352
;WIDTH:0.258934
G1 X153.934 Y114.297 E31.56684
;WIDTH:0.298578
G1 X153.904 Y114.186 E31.57092
;WIDTH:0.304188
G1 X153.744 Y113.668 E31.59062
G1 X154.717 Y115.292 F7800
;WIDTH:0.267953
G1 F1200
G1 X154.818 Y115.5 E31.59762
;WIDTH:0.267953
G1 X154.717 Y115.708 E31.60462
G1 X154.015 Y116.377 F7800
;WIDTH:0.177696
G1 F1200
G1 X153.997 Y116.473 E31.60612
;WIDTH:0.179656
G1 X153.995 Y116.48 E31.60624
;WIDTH:0.219296
G1 X153.965 Y116.592 E31.60879
;WIDTH:0.258934
G1 X153.934 Y116.703 E31.61211
;WIDTH:0.298573
G1 X153.904 Y116.814 E31.61619
;WIDTH:0.304183
G1 X153.744 Y117.332 E31.63589
G1 X156.631 Y122.673 F7800
;TYPE:Internal infill
;WIDTH:0.675
G1 F3600
G1 X156.631 Y119.138 E31.98224
G1 X155.369 Y117.875 E32.15723
G1 X155.369 Y115.724 E32.36794
G1 X155.529 Y115.646 E32.38537
G1 X155.458 Y115.5 E32.40132
G1 X155.529 Y115.354 E32.41727
G1 X155.369 Y115.276 E32.43471
G1 X155.369 Y114.377 E32.52281
G1 X156.631 Y114.038 E32.65092
G1 X156.631 Y117.179 E32.95864
G1 X155.369 Y121.892 E33.43674
G1 X155.369 Y123.526 E33.59678
G1 X156.631 Y123.187 E33.72488
G1 X156.631 Y124.131 E33.81738
G1 X155.369 Y124.131 E33.94112
G1 X155.369 Y123.82 E33.97161
G1 X156.631 Y110.175 F7800
G1 F3600
G1 X156.631 Y106.64 E34.31795
G1 X155.369 Y105.377 E34.49295
G1 X155.369 Y105.228 E34.50757
G1 X156.631 Y104.889 E34.63567
G1 X156.631 Y101.354 E34.98202
G1 X155.369 Y99.613 F7800
G1 F3600
G1 X155.369 Y96.078 E35.32836
G1 X156.631 Y95.74 E35.45647
G1 X156.631 Y94.142 E35.61306
G1 X155.369 Y92.879 E35.78806
G1 X155.369 Y87.747 E36.29083
G1 X156.631 Y83.034 E36.76892
G1 X156.631 Y81.644 E36.90513
G1 X151.831 Y76.843 E37.57028
G1 X151.522 Y76.873 E37.60074
G1 X151.077 Y76.845 E37.64434
G1 X150.64 Y76.761 E37.68793
G1 X150.063 Y76.553 E37.74804
G1 X149.516 Y76.23 E37.81027
G1 X149.346 Y76.08 E37.83257
G1 X148.369 Y79.727 E38.2025
G1 X148.369 Y79.656 E38.20944
G1 X156.631 Y77.442 E39.04759
G1 X156.631 Y73.907 E39.39393
G1 E36.39393 F2400
G92 E0
G1 X148.221 Y75.119 F7800
G1 E3 F2400
;TYPE:Gap fill
;WIDTH:0.310237
G1 F1200
G1 X148.846 Y75.34 E3.02473
G1 X148.503 Y75.458 F7800
;WIDTH:0.380577
G1 F1200
G1 X148.363 Y74.727 E3.06116
;WIDTH:0.370159
G1 X148.342 Y74.576 E3.06842
;WIDTH:0.32694
G1 X148.32 Y74.424 E3.07457
;WIDTH:0.283721
G1 X148.299 Y74.272 E3.07961
;WIDTH:0.240503
G1 X148.277 Y74.12 E3.08356
;WIDTH:0.197285
G1 X148.276 Y74.11 E3.08375
;WIDTH:0.195315
G1 X148.26 Y73.767 E3.08999
G1 X148.26 Y73.233 F7800
;WIDTH:0.195317
G1 F1200
G1 X148.276 Y72.89 E3.09623
;WIDTH:0.197286
G1 X148.277 Y72.88 E3.09642
;WIDTH:0.240502
G1 X148.299 Y72.728 E3.10037
;WIDTH:0.283719
G1 X148.32 Y72.576 E3.10541
;WIDTH:0.326936
G1 X148.342 Y72.424 E3.11156
;WIDTH:0.370154
G1 X148.363 Y72.273 E3.11881
;WIDTH:0.380572
G1 X148.503 Y71.542 E3.15525
G1 X148.846 Y71.66 F7800
;WIDTH:0.310229
G1 F1200
G1 X148.221 Y71.881 E3.17998
G1 X150.925 Y70.184 F7800
;TYPE:Internal infill
;WIDTH:0.675
G1 F3600
G1 X151.546 Y67.869 E3.41488
G1 X155.354 Y67.869 E3.78801
G1 X156.631 Y69.146 E3.96499
G1 X156.631 Y68.293 E4.04859
G1 X148.369 Y70.507 E4.88673
G1 X148.369 Y67.869 E5.1452
G1 X149.265 Y67.869 E5.23308
G1 E2.23308 F2400
G92 E0
G1 X155.369 Y86.929 F7800
G1 E3 F2400
G1 F3600
G1 X156.631 Y86.591 E3.12811
G1 X156.631 Y90.126 E3.47445
;LAYER_CHANGE
;Z:2.65
;HEIGHT:0.4
G1 Z2.65 F7800
G1 E.47445 F2400
G92 E0
G1 X60.272 Y132.561 F7800
G1 E3 F2400
;TYPE:Perimeter
G1 F1800
G1 X60.38 Y132.965 E3.04107
G1 X60.431 Y133.5 E3.09368
G1 X60.378 Y134.056 E3.14842
G1 X60.205 Y134.622 E3.20639
G1 X60.064 Y134.914 E3.23815
G1 X59.861 Y135.234 E3.27524
G1 X59.506 Y135.636 E3.32786
G1 X59.07 Y135.975 E3.3819
G1 X58.579 Y136.225 E3.43595
G1 X58.049 Y136.379 E3.48999
G1 X57.5 Y136.431 E3.54404
G1 X56.951 Y136.379 E3.59809
G1 X56.421 Y136.225 E3.65214
G1 X55.93 Y135.975 E3.70618
G1 X55.494 Y135.636 E3.76023
G1 X55.129 Y135.223 E3.81428
G1 X54.856 Y134.76 E3.86689
G1 X54.715 Y134.405 E3.90435
G1 X54.62 Y134.035 E3.94182
G1 X54.569 Y133.5 E3.99443
G1 X54.621 Y132.951 E4.04847
G1 X54.775 Y132.421 E4.10252
G1 X55.025 Y131.93 E4.15657
G1 X55.364 Y131.494 E4.21061
G1 X55.777 Y131.129 E4.26466
G1 X56.252 Y130.848 E4.31871
G1 X56.757 Y130.666 E4.37132
G1 X57.129 Y130.595 E4.40842
G1 X57.453 Y130.572 E4.44017
G1 X58.042 Y130.619 E4.49814
G1 X58.579 Y130.775 E4.55288
G1 X59.07 Y131.025 E4.60693
G1 X59.506 Y131.364 E4.66097
G1 X59.871 Y131.777 E4.71502
G1 X60.144 Y132.24 E4.76763
G1 X60.238 Y132.477 E4.79265
G1 X59.724 Y132.777 F7800
;TYPE:External perimeter
G1 F1800
G1 X59.798 Y133.067 E4.82194
G1 X59.839 Y133.5 E4.86455
G1 X59.797 Y133.941 E4.90793
G1 X59.654 Y134.407 E4.95567
G1 X59.548 Y134.628 E4.97969
G1 X59.389 Y134.879 E5.00884
G1 X59.101 Y135.205 E5.05146
G1 X58.753 Y135.475 E5.09459
G1 X58.361 Y135.675 E5.13772
G1 X57.938 Y135.798 E5.18086
G1 X57.5 Y135.839 E5.22399
G1 X57.062 Y135.798 E5.26713
G1 X56.639 Y135.675 E5.31026
G1 X56.247 Y135.475 E5.35339
G1 X55.899 Y135.205 E5.39652
G1 X55.608 Y134.875 E5.43966
G1 X55.386 Y134.5 E5.48227
G1 X55.276 Y134.223 E5.51156
G1 X55.202 Y133.933 E5.54085
G1 X55.161 Y133.5 E5.58346
G1 X55.202 Y133.062 E5.62659
G1 X55.325 Y132.639 E5.66973
G1 X55.525 Y132.247 E5.71286
G1 X55.795 Y131.899 E5.75599
G1 X56.125 Y131.608 E5.79913
G1 X56.504 Y131.384 E5.84226
G1 X56.913 Y131.236 E5.88487
G1 X57.206 Y131.181 E5.91403
G1 X57.45 Y131.163 E5.93805
G1 X57.936 Y131.202 E5.98579
G1 X58.361 Y131.325 E6.02917
G1 X58.753 Y131.525 E6.0723
G1 X59.101 Y131.795 E6.11544
G1 X59.392 Y132.125 E6.15857
G1 X59.614 Y132.5 E6.20118
G1 X59.691 Y132.694 E6.22165
G1 X60.017 Y132.837 F7800
G1 E3.22165 F2400
G92 E0
G1 X64.927 Y84.427 F7800
G1 E3 F2400
;TYPE:Perimeter
G1 F4800
G1 X67.073 Y84.427 E3.21033
G1 X67.073 Y140.427 E8.69707
G1 X135.073 Y140.427 E15.35955
G1 X135.073 Y142.573 E15.56987
G1 X52.927 Y142.573 E23.61841
G1 X52.927 Y113.427 E26.47413
G1 X64.927 Y113.427 E27.64986
G1 X64.927 Y84.517 E30.48239
G1 X64.337 Y85.162 F7800
;TYPE:External perimeter
G1 F2400
G1 X64.337 Y112.838 E33.19392
G1 X53.662 Y112.838 E34.23983
G1 X53.662 Y85.162 E36.95136
G1 X64.247 Y85.162 E37.98846
G1 X64.89 Y84.928 F7800
G1 E34.98846 F2400
G92 E0
G1 X57.793 Y75.82 F7800
G1 E3 F2400
G1 F1800
G1 X57.495 Y75.839 E3.02929
G1 X57.062 Y75.798 E3.0719
G1 X56.639 Y75.675 E3.11503
G1 X56.251 Y75.477 E3.15765
G1 X56.01 Y75.302 E3.18694
G1 X55.792 Y75.097 E3.21623
G1 X55.525 Y74.753 E3.25884
G1 X55.325 Y74.361 E3.30197
G1 X55.202 Y73.938 E3.3451
G1 X55.161 Y73.5 E3.38824
G1 X55.202 Y73.062 E3.43137
G1 X55.325 Y72.639 E3.47451
G1 X55.525 Y72.247 E3.51764
G1 X55.795 Y71.899 E3.56077
G1 X56.125 Y71.608 E3.60391
G1 X56.504 Y71.384 E3.64704
G1 X56.913 Y71.236 E3.68965
G1 X57.206 Y71.181 E3.71881
G1 X57.45 Y71.163 E3.74283
G1 X57.936 Y71.202 E3.79056
G1 X58.361 Y71.325 E3.83395
G1 X58.753 Y71.525 E3.87708
G1 X59.101 Y71.795 E3.92021
G1 X59.392 Y72.125 E3.96335
G1 X59.614 Y72.5 E4.00596
G1 X59.724 Y72.777 E4.03525
G1 X59.798 Y73.067 E4.06454
G1 X59.839 Y73.5 E4.10715
G1 X59.798 Y73.938 E4.15029
G1 X59.675 Y74.361 E4.19342
G1 X59.475 Y74.753 E4.23655
G1 X59.205 Y75.101 E4.27969
G1 X58.875 Y75.392 E4.32282
G1 X58.496 Y75.616 E4.36595
G1 X58.087 Y75.764 E4.40856
G1 X57.881 Y75.803 E4.42904
G1 X57.68 Y76.096 F7800
G1 X57.992 Y76.382
;TYPE:Perimeter
G1 F4800
G1 X58.243 Y76.334 E4.45405
G1 X58.748 Y76.152 E4.50666
G1 X59.223 Y75.871 E4.56071
G1 X59.636 Y75.506 E4.61475
G1 X59.834 Y75.251 E4.64639
G1 X60.073 Y75.333 E4.67114
G1 X60.073 Y84.573 E5.57649
G1 X52.927 Y84.573 E6.27671
G1 X52.927 Y67.427 E7.9567
G1 X60.073 Y67.427 E8.65691
G1 X60.073 Y72.007 E9.10566
G1 X59.506 Y71.364 E9.18967
G1 X59.07 Y71.025 E9.24372
G1 X58.579 Y70.775 E9.29777
G1 X58.042 Y70.619 E9.3525
G1 X57.453 Y70.572 E9.41048
G1 X57.129 Y70.595 E9.44223
G1 X56.757 Y70.666 E9.47933
G1 X56.252 Y70.848 E9.53194
G1 X55.777 Y71.129 E9.58599
G1 X55.364 Y71.494 E9.64004
G1 X55.025 Y71.93 E9.69408
G1 X54.775 Y72.421 E9.74813
G1 X54.621 Y72.951 E9.80217
G1 X54.569 Y73.5 E9.85622
G1 X54.621 Y74.049 E9.91027
G1 X54.775 Y74.579 E9.96432
G1 X55.025 Y75.07 E10.01836
G1 X55.355 Y75.495 E10.07097
G1 X55.633 Y75.756 E10.10844
G1 X55.943 Y75.981 E10.1459
G1 X56.421 Y76.225 E10.19851
G1 X56.951 Y76.379 E10.25256
G1 X57.485 Y76.429 E10.30517
G1 X57.903 Y76.398 E10.34624
G1 X60.662 Y83.837 F7800
;TYPE:External perimeter
G1 F2400
G1 X67.662 Y83.837 E11.03208
G1 X67.662 Y139.838 E16.51883
G1 X135.663 Y139.838 E23.1813
G1 X135.663 Y143.163 E23.50708
G1 X52.337 Y143.163 E31.67106
G1 X52.337 Y66.837 E39.1492
G1 X60.662 Y66.837 E39.96487
G1 X60.662 Y83.747 E41.62167
G1 X60.753 Y84.431 F7800
G1 X60.368 Y84.5
;TYPE:Gap fill
;WIDTH:0.821683
G1 F1200
G1 X64.632 Y84.5 E42.14347
G1 X65.369 Y86.829 F7800
;TYPE:Internal infill
;WIDTH:0.675
G1 F3600
G1 X65.369 Y90.364 E42.48982
G1 X66.631 Y91.627 E42.66482
G1 X66.631 Y92.408 E42.7413
G1 X65.369 Y92.746 E42.8694
G1 X65.369 Y96.281 E43.21575
G1 X66.631 Y98.022 F7800
G1 F3600
G1 X66.631 Y101.557 E43.56209
G1 X65.369 Y101.896 E43.6902
G1 X65.369 Y102.862 E43.78493
G1 X66.631 Y104.125 E43.95993
G1 X66.631 Y107.66 E44.30627
G1 X56.285 Y130.367 F7800
G1 F3600
G1 X56.64 Y130.239 E44.34332
G1 X57.072 Y130.156 E44.38638
G1 X57.454 Y130.129 E44.42393
G1 X58.122 Y130.182 E44.48958
G1 X58.742 Y130.362 E44.55283
G1 X59.308 Y130.651 E44.61506
G1 X59.611 Y130.886 E44.65262
G1 X66.631 Y129.005 E45.36472
G1 X66.631 Y129.121 E45.37616
G1 X53.369 Y115.858 E47.21389
G1 X53.369 Y114.26 E47.37048
G1 X54.83 Y113.869 E47.51869
G1 X56.878 Y113.869 E47.71938
G1 X53.369 Y126.966 E49.04792
G1 X53.369 Y128.356 E49.18412
G1 X55.683 Y130.671 E49.50488
G1 X55.516 Y130.77 E49.52388
G1 X55.04 Y131.19 E49.58611
G1 X54.651 Y131.692 E49.64834
G1 X54.352 Y132.295 E49.71431
G1 X53.369 Y132.558 E49.81402
G1 X53.369 Y136.093 E50.16036
G1 X53.369 Y72.049 F7800
G1 F3600
G1 X53.369 Y68.514 E50.50671
G1 X55.779 Y67.869 E50.75119
G1 X55.371 Y67.869 E50.79119
G1 X57.647 Y70.144 E51.10655
G1 X58.122 Y70.182 E51.15332
G1 X58.742 Y70.362 E51.21657
G1 X59.262 Y70.627 E51.27369
G1 X59.355 Y70.481 E51.29067
G1 X59.631 Y69.447 E51.39548
G1 X59.631 Y67.869 E51.55017
G1 X57.675 Y67.869 E51.74182
G1 X59.558 Y70.985 F7800
;TYPE:Gap fill
;WIDTH:0.196102
G1 F1200
G1 X59.724 Y71.09 E51.74542
;WIDTH:0.196101
G1 X59.735 Y71.114 E51.74591
;WIDTH:0.172567
G1 X59.779 Y71.214 E51.74748
G1 X60.368 Y73.111 F7800
;WIDTH:0.304184
G1 F1200
G1 X60.103 Y72.647 E51.76688
;WIDTH:0.298572
G1 X60.043 Y72.549 E51.77095
;WIDTH:0.258934
G1 X59.983 Y72.451 E51.77427
;WIDTH:0.219297
G1 X59.923 Y72.352 E51.77683
;WIDTH:0.179659
G1 X59.919 Y72.346 E51.77695
;WIDTH:0.177701
G1 X59.861 Y72.267 E51.77845
G1 X60.174 Y72.566 F7800
;WIDTH:0.403077
G1 F1200
G1 X60.226 Y72.981 E51.8005
;WIDTH:0.369039
G1 X60.228 Y73.003 E51.80154
;WIDTH:0.365209
G1 X60.251 Y73.489 E51.82414
;WIDTH:0.319379
G1 X60.251 Y73.511 E51.82499
;WIDTH:0.366153
G1 X60.228 Y74.007 E51.84814
;WIDTH:0.371196
G1 X60.225 Y74.034 E51.84941
;WIDTH:0.418255
G1 X60.202 Y74.199 E51.85864
;WIDTH:0.465313
G1 X60.178 Y74.364 E51.86918
;WIDTH:0.51237
G1 X60.155 Y74.529 E51.88102
;WIDTH:0.527997
G1 X60.061 Y75.017 E51.91755
G1 X59.631 Y81.092 F7800
;TYPE:Internal infill
;WIDTH:0.675
G1 F3600
G1 X59.631 Y84.131 E52.21531
G1 X59.136 Y84.131 E52.2639
G1 X53.369 Y78.364 E53.06299
G1 X53.369 Y77.663 E53.13166
G1 X56.708 Y76.769 E53.47044
G1 X56.868 Y76.815 E53.48669
G1 X57.478 Y76.873 E53.5468
G1 X57.645 Y76.862 E53.56312
G1 X55.697 Y84.131 E54.30048
G1 X53.369 Y84.131 E54.5286
G1 X53.369 Y82.925 E54.64682
G1 X53 Y84.868 F7800
;TYPE:Gap fill
;WIDTH:0.821683
G1 F1200
G1 X53 Y113.132 E58.10554
G1 X53.369 Y119.874 F7800
;TYPE:Internal infill
;WIDTH:0.675
G1 F3600
G1 X53.369 Y123.409 E58.45188
G1 X66.631 Y119.855 E59.79719
G1 X66.631 Y116.623 E60.11387
G1 X63.877 Y113.869 E60.49557
G1 X65.369 Y113.869 E60.64173
G1 X65.369 Y111.045 E60.91841
G1 X66.631 Y110.706 E61.04652
G1 X66.631 Y111.613 E61.13537
G1 X60.847 Y133.203 E63.32529
G1 X60.875 Y133.5 E63.35454
G1 X60.814 Y134.143 E63.41779
G1 X60.617 Y134.783 E63.48344
G1 X60.482 Y135.066 E63.51416
G1 X66.631 Y134.619 F7800
G1 F3600
G1 X66.631 Y138.154 E63.86051
G1 X53.369 Y141.707 E65.20582
G1 X53.369 Y140.854 E65.28942
G1 X54.646 Y142.131 E65.4664
G1 X58.454 Y142.131 E65.83953
G1 X60.242 Y135.458 E66.51642
G1 X60.331 Y135.319 E66.53263
G1 X67.144 Y142.131 E67.47663
G1 X67.603 Y142.131 E67.52165
G1 X67.942 Y140.869 E67.64976
G1 X71.477 Y140.869 E67.99611
G1 X73.217 Y142.131 F7800
G1 F3600
G1 X76.752 Y142.131 E68.34245
G1 X77.091 Y140.869 E68.47056
G1 X78.379 Y140.869 E68.59675
G1 X79.642 Y142.131 E68.77174
G1 X83.177 Y142.131 E69.11809
G1 X82.705 Y140.869 F7800
G1 F3600
G1 X86.24 Y140.869 E69.46444
G1 X85.902 Y142.131 E69.59254
G1 X90.644 Y140.869 E70.07344
G1 X90.877 Y140.869 E70.09619
G1 X92.14 Y142.131 E70.27119
G1 X95.051 Y142.131 E70.5564
G1 X95.389 Y140.869 E70.68451
G1 X103.375 Y140.869 E71.46692
G1 X104.638 Y142.131 E71.64191
G1 X104.2 Y142.131 E71.68481
G1 X104.538 Y140.869 E71.81291
G1 X108.073 Y140.869 E72.15926
G1 X109.814 Y142.131 F7800
G1 F3600
G1 X113.349 Y142.131 E72.50561
G1 X113.687 Y140.869 E72.63371
G1 X115.873 Y140.869 E72.84782
G1 X117.136 Y142.131 E73.02282
G1 X120.076 Y142.131 E73.31093
G1 X124.79 Y140.869 E73.78902
G1 X128.371 Y140.869 E74.13989
G1 X129.634 Y142.131 E74.31488
G1 X131.647 Y142.131 E74.51218
G1 X131.986 Y140.869 E74.64028
G1 X134.631 Y140.869 E74.89952
G1 X134.631 Y141.758 E74.98663
G1 X126.033 Y142.131 F7800
G1 F3600
G1 X122.498 Y142.131 E75.33298
G1 X122.836 Y140.869 E75.46108
G1 X119.302 Y140.869 E75.80743
G1 E72.80743 F2400
G92 E0
G1 X112.046 Y74.942 F7800
G1 E3 F2400
;TYPE:Perimeter
G1 F1800
G1 X111.861 Y75.234 E3.03384
G1 X111.506 Y75.636 E3.08644
G1 X111.07 Y75.975 E3.14049
G1 X110.579 Y76.225 E3.19454
G1 X110.049 Y76.379 E3.24858
G1 X109.515 Y76.429 E3.30119
G1 X109.133 Y76.405 E3.33866
G1 X108.757 Y76.334 E3.37613
G1 X108.252 Y76.152 E3.42874
G1 X107.777 Y75.871 E3.48278
G1 X107.364 Y75.506 E3.53683
G1 X107.025 Y75.07 E3.59088
G1 X106.775 Y74.579 E3.64493
G1 X106.621 Y74.049 E3.69897
G1 X106.569 Y73.5 E3.75302
G1 X106.621 Y72.951 E3.80706
G1 X106.775 Y72.421 E3.86111
G1 X107.025 Y71.93 E3.91516
G1 X107.364 Y71.494 E3.9692
G1 X107.777 Y71.129 E4.02325
G1 X108.252 Y70.848 E4.0773
G1 X108.757 Y70.666 E4.12991
G1 X109.129 Y70.595 E4.16701
G1 X109.453 Y70.572 E4.19876
G1 X110.042 Y70.619 E4.25673
G1 X110.579 Y70.775 E4.31147
G1 X111.07 Y71.025 E4.36552
G1 X111.506 Y71.364 E4.41956
G1 X111.861 Y71.766 E4.47217
G1 X112.066 Y72.089 E4.50964
G1 X112.229 Y72.435 E4.54711
G1 X112.379 Y72.951 E4.59972
G1 X112.431 Y73.5 E4.65376
G1 X112.379 Y74.049 E4.70781
G1 X112.229 Y74.565 E4.76042
G1 X112.089 Y74.863 E4.7927
G1 X111.549 Y74.626 F7800
;TYPE:External perimeter
G1 F1800
G1 X111.389 Y74.879 E4.82199
G1 X111.101 Y75.205 E4.8646
G1 X110.753 Y75.475 E4.90773
G1 X110.361 Y75.675 E4.95087
G1 X109.938 Y75.798 E4.994
G1 X109.505 Y75.839 E5.03661
G1 X109.207 Y75.82 E5.0659
G1 X108.913 Y75.764 E5.09519
G1 X108.504 Y75.616 E5.1378
G1 X108.125 Y75.392 E5.18094
G1 X107.795 Y75.101 E5.22407
G1 X107.525 Y74.753 E5.2672
G1 X107.325 Y74.361 E5.31034
G1 X107.202 Y73.938 E5.35347
G1 X107.161 Y73.5 E5.3966
G1 X107.202 Y73.062 E5.43974
G1 X107.325 Y72.639 E5.48287
G1 X107.525 Y72.247 E5.526
G1 X107.795 Y71.899 E5.56914
G1 X108.125 Y71.608 E5.61227
G1 X108.504 Y71.384 E5.65541
G1 X108.913 Y71.236 E5.69802
G1 X109.206 Y71.181 E5.72718
G1 X109.45 Y71.163 E5.75119
G1 X109.936 Y71.202 E5.79893
G1 X110.361 Y71.325 E5.84231
G1 X110.753 Y71.525 E5.88545
G1 X111.101 Y71.795 E5.92858
G1 X111.389 Y72.121 E5.97119
G1 X111.549 Y72.374 E6.00048
G1 X111.676 Y72.644 E6.02977
G1 X111.798 Y73.062 E6.07238
G1 X111.839 Y73.5 E6.11552
G1 X111.798 Y73.938 E6.15865
G1 X111.676 Y74.356 E6.20126
G1 X111.587 Y74.545 E6.22173
G1 X111.706 Y74.881 F7800
G1 X108.927 Y82.573
;TYPE:Perimeter
G1 F4800
G1 X105.927 Y82.573 E6.51567
G1 X105.927 Y67.427 E7.9997
G1 X113.073 Y67.427 E8.69992
G1 X113.073 Y123.573 E14.20103
G1 X108.927 Y123.573 E14.60732
G1 X108.927 Y82.663 E18.61558
G1 X108.338 Y83.162 F7800
;TYPE:External perimeter
G1 F2400
G1 X105.338 Y83.162 E18.90951
G1 X105.338 Y66.837 E20.509
G1 X113.663 Y66.837 E21.32466
G1 X113.663 Y124.163 E26.94122
G1 X108.338 Y124.163 E27.46296
G1 X108.338 Y83.252 E31.47122
G1 X108.312 Y82.563 F7800
G1 X112.631 Y83.617
;TYPE:Internal infill
G1 F3600
G1 X112.631 Y80.082 E31.81756
G1 X106.369 Y81.76 E32.45284
G1 X106.369 Y81.373 E32.49084
G1 X107.127 Y82.131 E32.59599
G1 X109.369 Y82.131 E32.81557
G1 X109.369 Y84.373 E33.03515
G1 X112.631 Y87.636 E33.48727
G1 X112.631 Y89.231 E33.64363
G1 X109.369 Y90.106 E33.9746
G1 X109.369 Y88.696 E34.11269
G1 X112.631 Y76.519 E35.34789
G1 X112.631 Y75.637 E35.43433
G1 X112.571 Y75.729 E35.44519
G1 X112.217 Y75.497 E35.4866
G1 X111.81 Y75.96 E35.54699
G1 X111.308 Y76.349 E35.60923
G1 X110.742 Y76.638 E35.67146
G1 X110.519 Y76.703 E35.69424
G1 X112.779 Y74.397 F7800
;TYPE:Gap fill
;WIDTH:0.279721
G1 F1200
G1 X112.591 Y74.709 E35.706
;WIDTH:0.274235
G1 X112.514 Y74.827 E35.7104
;WIDTH:0.238437
G1 X112.436 Y74.944 E35.71397
;WIDTH:0.202638
G1 X112.359 Y75.062 E35.7167
G1 X112.624 Y74.814 F7800
;WIDTH:0.331615
G1 F1200
G1 X112.657 Y74.583 E35.72624
;WIDTH:0.286838
G1 X112.69 Y74.351 E35.73404
;WIDTH:0.242061
G1 X112.723 Y74.12 E35.74011
;WIDTH:0.197286
G1 X112.724 Y74.11 E35.7403
;WIDTH:0.195317
G1 X112.74 Y73.767 E35.74654
G1 X112.74 Y73.233 F7800
;WIDTH:0.195315
G1 F1200
G1 X112.724 Y72.89 E35.75278
;WIDTH:0.197285
G1 X112.723 Y72.88 E35.75298
;WIDTH:0.24206
G1 X112.69 Y72.649 E35.75904
;WIDTH:0.286838
G1 X112.657 Y72.417 E35.76685
;WIDTH:0.331615
G1 X112.624 Y72.186 E35.77639
G1 X112.359 Y71.938 F7800
;WIDTH:0.202642
G1 F1200
G1 X112.436 Y72.056 E35.77912
;WIDTH:0.238443
G1 X112.514 Y72.173 E35.78269
;WIDTH:0.274244
G1 X112.591 Y72.291 E35.78709
;WIDTH:0.279731
G1 X112.779 Y72.603 E35.79885
G1 X112.897 Y68.868 F7800
;TYPE:Solid infill
;WIDTH:0.709779
G1 F1200
G1 X111.897 Y67.869 E35.94554
G1 X111.015 Y67.869 E36.03709
G1 X112.631 Y69.485 E36.27435
G1 X112.631 Y70.368 E36.36591
G1 X110.132 Y67.869 E36.73265
G1 X109.25 Y67.869 E36.82421
G1 X112.631 Y71.25 E37.32043
G1 X112.631 Y71.363 E37.33217
G1 X112.571 Y71.271 E37.34367
G1 X112.217 Y71.503 E37.38752
G1 X111.81 Y71.04 E37.45148
G1 X111.308 Y70.651 E37.51739
G1 X110.985 Y70.486 E37.55504
G1 X108.367 Y67.869 E37.93912
G1 X107.485 Y67.869 E38.03068
G1 X109.771 Y70.154 E38.3661
G1 X109.454 Y70.129 E38.39905
G1 X109.072 Y70.156 E38.43882
G1 X108.92 Y70.185 E38.45492
G1 X106.603 Y67.869 E38.79491
G1 X106.369 Y67.869 E38.81921
G1 X106.369 Y68.517 E38.88647
G1 X108.236 Y70.384 E39.16051
G1 X108.063 Y70.447 E39.17958
G1 X107.656 Y70.687 E39.22861
G1 X106.369 Y69.399 E39.4176
G1 X106.369 Y70.282 E39.50916
G1 X107.354 Y71.267 E39.65373
G1 X106.221 Y71.881 F7800
;TYPE:Gap fill
;WIDTH:0.310232
G1 F1200
G1 X106.846 Y71.66 E39.67846
G1 X106.503 Y71.542 F7800
;WIDTH:0.380575
G1 F1200
G1 X106.363 Y72.273 E39.7149
;WIDTH:0.370158
G1 X106.342 Y72.424 E39.72215
;WIDTH:0.326941
G1 X106.32 Y72.576 E39.7283
;WIDTH:0.283724
G1 X106.299 Y72.728 E39.73334
;WIDTH:0.240506
G1 X106.277 Y72.88 E39.73729
;WIDTH:0.197288
G1 X106.276 Y72.89 E39.73748
;WIDTH:0.195319
G1 X106.26 Y73.233 E39.74372
G1 X106.26 Y73.767 F7800
;WIDTH:0.195319
G1 F1200
G1 X106.276 Y74.11 E39.74996
;WIDTH:0.197289
G1 X106.277 Y74.12 E39.75015
;WIDTH:0.240503
G1 X106.299 Y74.272 E39.7541
;WIDTH:0.283717
G1 X106.32 Y74.424 E39.75914
;WIDTH:0.326932
G1 X106.342 Y74.576 E39.76529
;WIDTH:0.370147
G1 X106.363 Y74.727 E39.77254
;WIDTH:0.380563
G1 X106.503 Y75.458 E39.80898
G1 X106.846 Y75.34 F7800
;WIDTH:0.310252
G1 F1200
G1 X106.221 Y75.119 E39.83371
G1 E36.83371 F2400
G92 E0
G1 X109.369 Y93.336 F7800
G1 E3 F2400
;TYPE:Internal infill
;WIDTH:0.675
G1 F3600
G1 X109.369 Y96.871 E3.34635
G1 X112.631 Y100.134 E3.79846
G1 X112.631 Y98.381 E3.97021
G1 X109.369 Y99.255 E4.30119
G1 X109.369 Y102.79 E4.64753
G1 X109.369 Y114.018 F7800
G1 F3600
G1 X109.369 Y117.553 E4.99388
G1 X112.631 Y116.679 E5.32485
G1 X112.631 Y112.631 E5.7214
G1 X109.369 Y109.369 E6.17352
G1 X109.369 Y108.404 E6.26802
G1 X112.631 Y107.53 E6.599
G1 X112.631 Y110.664 E6.90608
G1 X109.369 Y122.841 E8.14129
G1 X109.369 Y123.131 E8.16971
G1 X110.634 Y123.131 E8.29365
G1 X109.369 Y121.866 E8.46893
G1 E5.46893 F2400
G92 E0
G1 X149.284 Y116.22 F7800
G1 E3 F2400
;TYPE:External perimeter
G1 F1800
G1 X149.202 Y115.938 E3.02876
G1 X149.161 Y115.5 E3.0719
G1 X149.202 Y115.062 E3.11503
G1 X149.325 Y114.639 E3.15816
G1 X149.525 Y114.247 E3.2013
G1 X149.795 Y113.899 E3.24443
G1 X150.125 Y113.608 E3.28756
G1 X150.504 Y113.384 E3.3307
G1 X150.913 Y113.236 E3.37331
G1 X151.206 Y113.181 E3.40247
G1 X151.45 Y113.163 E3.42648
G1 X151.936 Y113.202 E3.47422
G1 X152.361 Y113.325 E3.5176
G1 X152.753 Y113.525 E3.56074
G1 X153.103 Y113.797 E3.60412
G1 X153.42 Y114.167 E3.65186
G1 X153.55 Y114.375 E3.67588
G1 X153.676 Y114.644 E3.70504
G1 X153.798 Y115.062 E3.74765
G1 X153.839 Y115.5 E3.79078
G1 X153.798 Y115.938 E3.83391
G1 X153.676 Y116.356 E3.87652
G1 X153.549 Y116.626 E3.90581
G1 X153.389 Y116.879 E3.9351
G1 X153.101 Y117.205 E3.97771
G1 X152.753 Y117.475 E4.02085
G1 X152.361 Y117.675 E4.06398
G1 X151.938 Y117.798 E4.10712
G1 X151.5 Y117.839 E4.15025
G1 X151.067 Y117.798 E4.19286
G1 X150.777 Y117.724 E4.22215
G1 X150.5 Y117.614 E4.25144
G1 X150.125 Y117.392 E4.29405
G1 X149.795 Y117.101 E4.33719
G1 X149.525 Y116.753 E4.38032
G1 X149.309 Y116.307 E4.42892
G1 X148.995 Y116.173 F7800
G1 E1.42892 F2400
G92 E0
G1 X151.17 Y76.408 F7800
G1 E3 F2400
;TYPE:Perimeter
G1 F1800
G1 X150.757 Y76.334 E3.04107
G1 X150.252 Y76.152 E3.09368
G1 X149.777 Y75.871 E3.14773
G1 X149.364 Y75.506 E3.20177
G1 X149.025 Y75.07 E3.25582
G1 X148.775 Y74.579 E3.30987
G1 X148.621 Y74.049 E3.36392
G1 X148.569 Y73.5 E3.41796
G1 X148.621 Y72.951 E3.47201
G1 X148.775 Y72.421 E3.52606
G1 X149.025 Y71.93 E3.5801
G1 X149.364 Y71.494 E3.63415
G1 X149.777 Y71.129 E3.6882
G1 X150.252 Y70.848 E3.74224
G1 X150.757 Y70.666 E3.79485
G1 X151.129 Y70.595 E3.83195
G1 X151.453 Y70.572 E3.86371
G1 X152.042 Y70.619 E3.92168
G1 X152.579 Y70.775 E3.97641
G1 X153.07 Y71.025 E4.03046
G1 X153.506 Y71.364 E4.08451
G1 X153.861 Y71.766 E4.13712
G1 X154.066 Y72.089 E4.17458
G1 X154.229 Y72.435 E4.21205
G1 X154.379 Y72.951 E4.26466
G1 X154.431 Y73.5 E4.31871
G1 X154.379 Y74.049 E4.37275
G1 X154.229 Y74.565 E4.42536
G1 X154.066 Y74.911 E4.46283
G1 X153.861 Y75.234 E4.5003
G1 X153.506 Y75.636 E4.55291
G1 X153.07 Y75.975 E4.60695
G1 X152.579 Y76.225 E4.661
G1 X152.049 Y76.379 E4.71504
G1 X151.515 Y76.429 E4.76765
G1 X151.26 Y76.413 E4.79267
G1 X151.207 Y75.82 F7800
;TYPE:External perimeter
G1 F1800
G1 X150.913 Y75.764 E4.82196
G1 X150.504 Y75.616 E4.86457
G1 X150.125 Y75.392 E4.90771
G1 X149.795 Y75.101 E4.95084
G1 X149.525 Y74.753 E4.99397
G1 X149.325 Y74.361 E5.03711
G1 X149.202 Y73.938 E5.08024
G1 X149.161 Y73.5 E5.12337
G1 X149.202 Y73.062 E5.16651
G1 X149.325 Y72.639 E5.20964
G1 X149.525 Y72.247 E5.25278
G1 X149.795 Y71.899 E5.29591
G1 X150.125 Y71.608 E5.33904
G1 X150.504 Y71.384 E5.38218
G1 X150.913 Y71.236 E5.42479
G1 X151.206 Y71.181 E5.45395
G1 X151.45 Y71.163 E5.47796
G1 X151.936 Y71.202 E5.5257
G1 X152.361 Y71.325 E5.56908
G1 X152.753 Y71.525 E5.61222
G1 X153.101 Y71.795 E5.65535
G1 X153.389 Y72.121 E5.69796
G1 X153.549 Y72.374 E5.72725
G1 X153.676 Y72.644 E5.75654
G1 X153.798 Y73.062 E5.79915
G1 X153.839 Y73.5 E5.84229
G1 X153.798 Y73.938 E5.88542
G1 X153.676 Y74.356 E5.92803
G1 X153.549 Y74.626 E5.95732
G1 X153.389 Y74.879 E5.98661
G1 X153.101 Y75.205 E6.02922
G1 X152.753 Y75.475 E6.07236
G1 X152.361 Y75.675 E6.11549
G1 X151.938 Y75.798 E6.15862
G1 X151.505 Y75.839 E6.20123
G1 X151.297 Y75.825 E6.22171
G1 X151.029 Y76.06 F7800
G1 E3.22171 F2400
G92 E0
G1 X154.927 Y115.916 F7800
G1 E3 F2400
;TYPE:Perimeter
G1 F4800
G1 X154.344 Y116.422 E3.07564
G1 X154.431 Y115.5 E3.16639
G1 X154.344 Y114.578 E3.25713
G1 X154.927 Y115.084 E3.33277
G1 X154.927 Y82.573 E6.51808
G1 X147.927 Y82.573 E7.20392
G1 X147.927 Y67.427 E8.68796
G1 X157.073 Y67.427 E9.58413
G1 X157.073 Y124.573 E15.18322
G1 X154.927 Y124.573 E15.39355
G1 X154.927 Y116.006 E16.23294
G1 X154.338 Y117.208 F7800
;TYPE:External perimeter
G1 F2400
G1 X153.355 Y118.06 E16.36039
G1 X153.023 Y118.271 E16.3989
G1 X152.664 Y118.44 E16.43781
G1 X152.282 Y118.564 E16.47713
G1 X151.699 Y118.656 E16.53499
G1 X151.301 Y118.656 E16.57393
G1 X150.908 Y118.606 E16.61283
G1 X150.518 Y118.506 E16.65226
G1 X149.977 Y118.271 E16.71005
G1 X149.642 Y118.058 E16.74895
G1 X149.336 Y117.805 E16.78786
G1 X149.064 Y117.515 E16.82676
G1 X148.83 Y117.194 E16.86566
G1 X148.639 Y116.846 E16.90457
G1 X148.493 Y116.477 E16.94347
G1 X148.394 Y116.092 E16.98237
G1 X148.344 Y115.698 E17.02131
G1 X148.344 Y115.319 E17.05842
G1 X148.362 Y115.108 E17.07923
G1 X148.438 Y114.714 E17.11855
G1 X148.637 Y114.158 E17.17634
G1 X148.833 Y113.801 E17.21629
G1 X149.195 Y113.336 E17.27408
G1 X149.488 Y113.06 E17.3135
G1 X149.976 Y112.73 E17.37121
G1 X150.358 Y112.552 E17.4125
G1 X150.901 Y112.395 E17.4679
G1 X151.325 Y112.344 E17.50971
G1 X151.891 Y112.362 E17.5652
G1 X152.286 Y112.438 E17.60462
G1 X152.846 Y112.639 E17.66294
G1 X153.355 Y112.94 E17.72086
G1 X154.338 Y113.792 E17.8483
G1 X154.338 Y83.162 E20.84936
G1 X147.338 Y83.162 E21.5352
G1 X147.338 Y66.837 E23.13468
G1 X157.663 Y66.837 E24.1463
G1 X157.663 Y125.163 E29.86084
G1 X154.338 Y125.163 E30.18662
G1 X154.338 Y117.298 E30.95721
G1 X153.995 Y116.715 F7800
G1 X154.009 Y116.832
;TYPE:Gap fill
;WIDTH:0.41236
G1 F1200
G1 X153.749 Y117.135 E30.97888
;WIDTH:0.378605
G1 X153.733 Y117.151 E30.97999
;WIDTH:0.373749
G1 X153.56 Y117.323 E30.99165
;WIDTH:0.341277
G1 X153.387 Y117.494 E31.00199
;WIDTH:0.308805
G1 X153.372 Y117.509 E31.00277
;WIDTH:0.326874
G1 X153.106 Y117.726 E31.01653
;WIDTH:0.326874
G1 X152.981 Y117.814 E31.02266
;WIDTH:0.312462
G1 X152.963 Y117.826 E31.02347
;WIDTH:0.327717
G1 X152.823 Y117.906 E31.02998
;WIDTH:0.327718
G1 X152.523 Y118.053 E31.04342
;WIDTH:0.31739
G1 X152.513 Y118.057 E31.04384
;WIDTH:0.317391
G1 X152.502 Y118.061 E31.04426
;WIDTH:0.328014
G1 X152.174 Y118.162 E31.05811
G1 X152.026 Y118.199 E31.06424
;WIDTH:0.317904
G1 X152.006 Y118.204 E31.06504
;WIDTH:0.317929
G1 X152.005 Y118.204 E31.06508
;WIDTH:0.327782
G1 X151.673 Y118.24 E31.0785
;WIDTH:0.327783
G1 X151.511 Y118.248 E31.08505
;WIDTH:0.312461
G1 X151.489 Y118.248 E31.08585
;WIDTH:0.327714
G1 X151.328 Y118.24 E31.09236
;WIDTH:0.327715
G1 X151.005 Y118.204 E31.1054
;WIDTH:0.31839
G1 X150.987 Y118.202 E31.10611
;WIDTH:0.318723
G1 X150.985 Y118.201 E31.10621
;WIDTH:0.318722
G1 X150.657 Y118.117 E31.1193
;WIDTH:0.319641
G1 X150.643 Y118.113 E31.11987
;WIDTH:0.320198
G1 X150.639 Y118.112 E31.12005
;WIDTH:0.324884
G1 X150.5 Y118.059 E31.12597
;WIDTH:0.324883
G1 X150.328 Y117.985 E31.13342
;WIDTH:0.313402
G1 X150.312 Y117.977 E31.13409
;WIDTH:0.327714
G1 X150.177 Y117.906 E31.1402
;WIDTH:0.327717
G1 X149.892 Y117.731 E31.15365
;WIDTH:0.317384
G1 X149.883 Y117.725 E31.15407
;WIDTH:0.317383
G1 X149.875 Y117.718 E31.15449
;WIDTH:0.327712
G1 X149.621 Y117.501 E31.16793
;WIDTH:0.327713
G1 X149.504 Y117.389 E31.17444
;WIDTH:0.312459
G1 X149.49 Y117.373 E31.17525
;WIDTH:0.327714
G1 X149.385 Y117.25 E31.18176
;WIDTH:0.327713
G1 X149.184 Y116.983 E31.1952
;WIDTH:0.317384
G1 X149.178 Y116.974 E31.19562
;WIDTH:0.317385
G1 X149.172 Y116.964 E31.19604
;WIDTH:0.327711
G1 X149.016 Y116.669 E31.20949
;WIDTH:0.327709
G1 X148.949 Y116.521 E31.216
;WIDTH:0.312459
G1 X148.941 Y116.502 E31.2168
;WIDTH:0.327715
G1 X148.889 Y116.348 E31.22332
;WIDTH:0.327714
G1 X148.801 Y116.026 E31.23676
;WIDTH:0.317387
G1 X148.798 Y116.015 E31.23718
;WIDTH:0.317387
G1 X148.797 Y116.005 E31.2376
;WIDTH:0.327739
G1 X148.76 Y115.672 E31.25108
;WIDTH:0.327737
G1 X148.752 Y115.511 E31.25756
;WIDTH:0.312893
G1 X148.752 Y115.489 E31.25837
;WIDTH:0.327508
G1 X148.759 Y115.337 E31.26448
;WIDTH:0.328607
G1 X148.775 Y115.165 E31.27146
;WIDTH:0.328605
G1 X148.799 Y114.996 E31.27837
;WIDTH:0.312463
G1 X148.803 Y114.975 E31.27918
;WIDTH:0.327716
G1 X148.841 Y114.817 E31.28569
;WIDTH:0.327719
G1 X148.939 Y114.498 E31.29914
;WIDTH:0.318592
G1 X148.946 Y114.477 E31.29998
;WIDTH:0.318718
G1 X148.947 Y114.476 E31.30001
;WIDTH:0.328083
G1 X149.01 Y114.341 E31.30602
;WIDTH:0.328084
G1 X149.172 Y114.036 E31.31996
;WIDTH:0.318589
G1 X149.183 Y114.017 E31.32081
;WIDTH:0.318716
G1 X149.184 Y114.016 E31.32084
;WIDTH:0.328086
G1 X149.271 Y113.895 E31.32685
;WIDTH:0.328086
G1 X149.488 Y113.625 E31.34079
;WIDTH:0.317383
G1 X149.495 Y113.617 E31.34121
;WIDTH:0.317383
G1 X149.503 Y113.61 E31.34163
;WIDTH:0.328087
G1 X149.759 Y113.377 E31.35557
;WIDTH:0.328089
G1 X149.874 Y113.282 E31.36158
;WIDTH:0.31872
G1 X149.874 Y113.281 E31.36162
;WIDTH:0.318589
G1 X149.892 Y113.269 E31.36246
;WIDTH:0.327655
G1 X150.176 Y113.095 E31.37583
;WIDTH:0.327657
G1 X150.321 Y113.019 E31.38241
;WIDTH:0.311401
G1 X150.34 Y113.01 E31.38321
;WIDTH:0.327712
G1 X150.51 Y112.94 E31.39061
;WIDTH:0.327711
G1 X150.796 Y112.842 E31.40276
;WIDTH:0.318479
G1 X150.814 Y112.837 E31.40347
;WIDTH:0.320178
G1 X150.827 Y112.834 E31.404
;WIDTH:0.324823
G1 X150.972 Y112.804 E31.40988
;WIDTH:0.324825
G1 X151.146 Y112.776 E31.4169
;WIDTH:0.312844
G1 X151.159 Y112.775 E31.41741
;WIDTH:0.32223
G1 X151.35 Y112.756 E31.42492
;WIDTH:0.32223
G1 X151.443 Y112.753 E31.4286
;WIDTH:0.315452
G1 X151.46 Y112.753 E31.42926
;WIDTH:0.332705
G1 X151.683 Y112.762 E31.43842
;WIDTH:0.332707
G1 X151.832 Y112.775 E31.44455
;WIDTH:0.330456
G1 X151.998 Y112.798 E31.45136
;WIDTH:0.312176
G1 X152.021 Y112.802 E31.45222
;WIDTH:0.327712
G1 X152.183 Y112.841 E31.45893
;WIDTH:0.32771
G1 X152.502 Y112.939 E31.47237
;WIDTH:0.318591
G1 X152.523 Y112.946 E31.47322
;WIDTH:0.318717
G1 X152.524 Y112.947 E31.47325
;WIDTH:0.328829
G1 X152.669 Y113.015 E31.47976
;WIDTH:0.328832
G1 X152.812 Y113.088 E31.48625
;WIDTH:0.328831
G1 X152.963 Y113.174 E31.49327
;WIDTH:0.312459
G1 X152.981 Y113.186 E31.49407
;WIDTH:0.326872
G1 X153.106 Y113.274 E31.50021
;WIDTH:0.326874
G1 X153.376 Y113.495 E31.51416
;WIDTH:0.308774
G1 X153.392 Y113.51 E31.515
;WIDTH:0.348901
G1 X153.583 Y113.702 E31.52683
;WIDTH:0.389028
G1 X153.773 Y113.894 E31.54046
;WIDTH:0.394181
G1 X153.789 Y113.911 E31.54165
;WIDTH:0.410893
G1 X154.009 Y114.168 E31.55997
G1 X154.015 Y114.623 F7800
;WIDTH:0.177693
G1 F1200
G1 X153.997 Y114.527 E31.56146
;WIDTH:0.179653
G1 X153.995 Y114.52 E31.56158
;WIDTH:0.218995
G1 X153.965 Y114.409 E31.56411
;WIDTH:0.258339
G1 X153.935 Y114.299 E31.5674
;WIDTH:0.297682
G1 X153.905 Y114.189 E31.57143
;WIDTH:0.302851
G1 X153.746 Y113.669 E31.59104
G1 X154.717 Y115.292 F7800
;WIDTH:0.267967
G1 F1200
G1 X154.818 Y115.5 E31.59804
;WIDTH:0.267966
G1 X154.717 Y115.708 E31.60505
G1 X154.015 Y116.377 F7800
;WIDTH:0.177698
G1 F1200
G1 X153.997 Y116.473 E31.60655
;WIDTH:0.179658
G1 X153.995 Y116.48 E31.60666
;WIDTH:0.219294
G1 X153.965 Y116.592 E31.60922
;WIDTH:0.258931
G1 X153.934 Y116.703 E31.61254
;WIDTH:0.298569
G1 X153.904 Y116.814 E31.61662
;WIDTH:0.304181
G1 X153.744 Y117.332 E31.63631
G1 X156.631 Y122.673 F7800
;TYPE:Internal infill
;WIDTH:0.675
G1 F3600
G1 X156.631 Y119.138 E31.98266
G1 X155.369 Y117.875 E32.15765
G1 X155.369 Y115.724 E32.36836
G1 X155.529 Y115.646 E32.3858
G1 X155.458 Y115.5 E32.40174
G1 X155.529 Y115.354 E32.41769
G1 X155.369 Y115.276 E32.43513
G1 X155.369 Y114.377 E32.52324
G1 X156.631 Y114.038 E32.65134
G1 X156.631 Y117.179 E32.95907
G1 X155.369 Y121.892 E33.43716
G1 X155.369 Y123.526 E33.5972
G1 X156.631 Y123.187 E33.72531
G1 X156.631 Y124.131 E33.81781
G1 X155.369 Y124.131 E33.94155
G1 X155.369 Y123.82 E33.97203
G1 X156.631 Y110.175 F7800
G1 F3600
G1 X156.631 Y106.64 E34.31838
G1 X155.369 Y105.377 E34.49337
G1 X155.369 Y105.228 E34.50799
G1 X156.631 Y104.889 E34.6361
G1 X156.631 Y101.354 E34.98244
G1 X155.369 Y99.613 F7800
G1 F3600
G1 X155.369 Y96.078 E35.32879
G1 X156.631 Y95.74 E35.45689
G1 X156.631 Y94.142 E35.61349
G1 X155.369 Y92.879 E35.78848
G1 X155.369 Y87.747 E36.29125
G1 X156.631 Y83.034 E36.76934
G1 X156.631 Y81.644 E36.90555
G1 X151.831 Y76.843 E37.5707
G1 X151.522 Y76.873 E37.60116
G1 X151.077 Y76.845 E37.64476
G1 X150.64 Y76.761 E37.68836
G1 X150.063 Y76.553 E37.74847
G1 X149.516 Y76.23 E37.8107
G1 X149.346 Y76.08 E37.83299
G1 X148.369 Y79.727 E38.20292
G1 X148.369 Y79.656 E38.20987
G1 X156.631 Y77.442 E39.04801
G1 X156.631 Y73.907 E39.39436
G1 E36.39436 F2400
G92 E0
G1 X148.221 Y75.119 F7800
G1 E3 F2400
;TYPE:Gap fill
;WIDTH:0.310222
G1 F1200
G1 X148.846 Y75.34 E3.02473
G1 X148.503 Y75.458 F7800
;WIDTH:0.380571
G1 F1200
G1 X148.363 Y74.727 E3.06116
;WIDTH:0.370153
G1 X148.342 Y74.576 E3.06841
;WIDTH:0.326936
G1 X148.32 Y74.424 E3.07456
;WIDTH:0.283718
G1 X148.299 Y74.272 E3.07961
;WIDTH:0.240501
G1 X148.277 Y74.12 E3.08355
;WIDTH:0.197285
G1 X148.276 Y74.11 E3.08375
;WIDTH:0.195315
G1 X148.26 Y73.767 E3.08999
G1 X148.26 Y73.233 F7800
G1 F1200
G1 X148.276 Y72.89 E3.09623
;WIDTH:0.197283
G1 X148.277 Y72.88 E3.09642
;WIDTH:0.240502
G1 X148.299 Y72.728 E3.10036
;WIDTH:0.283719
G1 X148.32 Y72.576 E3.10541
;WIDTH:0.326936
G1 X148.342 Y72.424 E3.11156
;WIDTH:0.370153
G1 X148.363 Y72.273 E3.11881
;WIDTH:0.38057
G1 X148.503 Y71.542 E3.15524
G1 X148.846 Y71.66 F7800
;WIDTH:0.310229
G1 F1200
G1 X148.221 Y71.881 E3.17997
G1 X150.925 Y70.184 F7800
;TYPE:Internal infill
;WIDTH:0.675
G1 F3600
G1 X151.546 Y67.869 E3.41488
G1 X155.354 Y67.869 E3.78801
G1 X156.631 Y69.146 E3.96499
G1 X156.631 Y68.293 E4.04859
G1 X148.369 Y70.507 E4.88673
G1 X148.369 Y67.869 E5.1452
G1 X149.265 Y67.869 E5.23308
G1 E2.23308 F2400
G92 E0
G1 X155.369 Y86.929 F7800
G1 E3 F2400
G1 F3600
G1 X156.631 Y86.591 E3.12811
G1 X156.631 Y90.126 E3.47445
;LAYER_CHANGE
;Z:3.05
;HEIGHT:0.4
G1 Z3.05 F7800
G1 E.47445 F2400
G92 E0
G1 X60.272 Y132.561 F7800
G1 E3 F2400
;TYPE:Perimeter
G1 F1800
G1 X60.38 Y132.965 E3.04107
G1 X60.431 Y133.5 E3.09368
G1 X60.379 Y134.049 E3.14773
G1 X60.225 Y134.579 E3.20178
G1 X59.981 Y135.057 E3.25439
G1 X59.756 Y135.367 E3.29185
G1 X59.495 Y135.645 E3.32932
G1 X59.07 Y135.975 E3.38193
G1 X58.579 Y136.225 E3.43597
G1 X58.049 Y136.379 E3.49002
G1 X57.5 Y136.431 E3.54407
G1 X56.951 Y136.379 E3.59811
G1 X56.421 Y136.225 E3.65216
G1 X55.93 Y135.975 E3.70621
G1 X55.494 Y135.636 E3.76025
G1 X55.124 Y135.217 E3.81509
G1 X54.827 Y134.694 E3.87395
G1 X54.714 Y134.401 E3.90479
G1 X54.62 Y134.035 E3.94181
G1 X54.569 Y133.5 E3.99442
G1 X54.621 Y132.951 E4.04847
G1 X54.775 Y132.421 E4.10252
G1 X55.025 Y131.93 E4.15656
G1 X55.364 Y131.494 E4.21061
G1 X55.777 Y131.129 E4.26466
G1 X56.252 Y130.848 E4.31871
G1 X56.757 Y130.666 E4.37132
G1 X57.129 Y130.595 E4.40834
G1 X57.442 Y130.573 E4.43917
G1 X58.041 Y130.619 E4.49804
G1 X58.579 Y130.775 E4.55287
G1 X59.07 Y131.025 E4.60692
G1 X59.506 Y131.364 E4.66097
G1 X59.871 Y131.777 E4.71501
G1 X60.144 Y132.24 E4.76762
G1 X60.238 Y132.477 E4.79264
G1 X59.724 Y132.777 F7800
;TYPE:External perimeter
G1 F1800
G1 X59.798 Y133.067 E4.82193
G1 X59.839 Y133.5 E4.86454
G1 X59.798 Y133.938 E4.90768
G1 X59.675 Y134.361 E4.95081
G1 X59.477 Y134.749 E4.99342
G1 X59.302 Y134.99 E5.02271
G1 X59.097 Y135.208 E5.052
G1 X58.753 Y135.475 E5.09461
G1 X58.361 Y135.675 E5.13775
G1 X57.938 Y135.798 E5.18088
G1 X57.5 Y135.839 E5.22401
G1 X57.062 Y135.798 E5.26715
G1 X56.639 Y135.675 E5.31028
G1 X56.247 Y135.475 E5.35341
G1 X55.899 Y135.205 E5.39655
G1 X55.606 Y134.873 E5.43997
G1 X55.361 Y134.442 E5.48855
G1 X55.276 Y134.221 E5.51171
G1 X55.202 Y133.933 E5.54084
G1 X55.161 Y133.5 E5.58345
G1 X55.202 Y133.062 E5.62659
G1 X55.325 Y132.639 E5.66972
G1 X55.525 Y132.247 E5.71285
G1 X55.795 Y131.899 E5.75598
G1 X56.125 Y131.608 E5.79912
G1 X56.504 Y131.384 E5.84225
G1 X56.913 Y131.236 E5.88486
G1 X57.205 Y131.181 E5.91399
G1 X57.441 Y131.163 E5.93715
G1 X57.935 Y131.202 E5.98574
G1 X58.361 Y131.325 E6.02916
G1 X58.753 Y131.525 E6.07229
G1 X59.101 Y131.795 E6.11542
G1 X59.392 Y132.125 E6.15856
G1 X59.614 Y132.5 E6.20117
G1 X59.691 Y132.694 E6.22164
G1 X60.017 Y132.837 F7800
G1 E3.22164 F2400
G92 E0
G1 X64.927 Y84.427 F7800
G1 E3 F2400
;TYPE:Perimeter
G1 F4800
G1 X67.073 Y84.427 E3.21033
G1 X67.073 Y140.427 E8.69707
G1 X135.073 Y140.427 E15.35955
G1 X135.073 Y142.573 E15.56987
G1 X52.927 Y142.573 E23.61841
G1 X52.927 Y113.427 E26.47413
G1 X64.927 Y113.427 E27.64986
G1 X64.927 Y84.517 E30.48239
G1 X64.337 Y85.162 F7800
;TYPE:External perimeter
G1 F2400
G1 X64.337 Y112.838 E33.19392
G1 X53.662 Y112.838 E34.23983
G1 X53.662 Y85.162 E36.95136
G1 X64.247 Y85.162 E37.98846
G1 X64.89 Y84.928 F7800
G1 E34.98846 F2400
G92 E0
G1 X57.793 Y75.82 F7800
G1 E3 F2400
G1 F1800
G1 X57.495 Y75.839 E3.02929
G1 X57.067 Y75.798 E3.07138
G1 X56.779 Y75.724 E3.10051
G1 X56.558 Y75.639 E3.12367
G1 X56.127 Y75.394 E3.17225
G1 X55.795 Y75.101 E3.21567
G1 X55.525 Y74.753 E3.2588
G1 X55.325 Y74.361 E3.30194
G1 X55.202 Y73.938 E3.34507
G1 X55.161 Y73.5 E3.38821
G1 X55.202 Y73.062 E3.43134
G1 X55.325 Y72.639 E3.47447
G1 X55.525 Y72.247 E3.51761
G1 X55.795 Y71.899 E3.56074
G1 X56.125 Y71.608 E3.60387
G1 X56.504 Y71.384 E3.64701
G1 X56.913 Y71.236 E3.68962
G1 X57.205 Y71.181 E3.71875
G1 X57.441 Y71.163 E3.74191
G1 X57.935 Y71.202 E3.79049
G1 X58.361 Y71.325 E3.83391
G1 X58.753 Y71.525 E3.87704
G1 X59.101 Y71.795 E3.92018
G1 X59.392 Y72.125 E3.96331
G1 X59.614 Y72.5 E4.00592
G1 X59.724 Y72.777 E4.03521
G1 X59.798 Y73.067 E4.0645
G1 X59.839 Y73.5 E4.10711
G1 X59.798 Y73.938 E4.15025
G1 X59.675 Y74.361 E4.19338
G1 X59.475 Y74.753 E4.23651
G1 X59.205 Y75.101 E4.27965
G1 X58.875 Y75.392 E4.32278
G1 X58.496 Y75.616 E4.36592
G1 X58.087 Y75.764 E4.40853
G1 X57.881 Y75.803 E4.429
G1 X57.68 Y76.096 F7800
G1 X57.992 Y76.382
;TYPE:Perimeter
G1 F4800
G1 X58.243 Y76.334 E4.45402
G1 X58.748 Y76.152 E4.50663
G1 X59.223 Y75.871 E4.56067
G1 X59.636 Y75.506 E4.61472
G1 X59.834 Y75.251 E4.64635
G1 X60.073 Y75.333 E4.6711
G1 X60.073 Y84.573 E5.57645
G1 X52.927 Y84.573 E6.27667
G1 X52.927 Y67.427 E7.95666
G1 X60.073 Y67.427 E8.65687
G1 X60.073 Y72.007 E9.10562
G1 X59.506 Y71.364 E9.18964
G1 X59.07 Y71.025 E9.24368
G1 X58.579 Y70.775 E9.29773
G1 X58.041 Y70.619 E9.35256
G1 X57.442 Y70.573 E9.41143
G1 X57.129 Y70.595 E9.44227
G1 X56.757 Y70.666 E9.47929
G1 X56.252 Y70.848 E9.5319
G1 X55.777 Y71.129 E9.58595
G1 X55.364 Y71.494 E9.63999
G1 X55.025 Y71.93 E9.69404
G1 X54.775 Y72.421 E9.74809
G1 X54.621 Y72.951 E9.80213
G1 X54.569 Y73.5 E9.85618
G1 X54.621 Y74.049 E9.91023
G1 X54.775 Y74.579 E9.96428
G1 X55.025 Y75.07 E10.01832
G1 X55.364 Y75.506 E10.07237
G1 X55.783 Y75.876 E10.1272
G1 X56.306 Y76.173 E10.18607
G1 X56.599 Y76.286 E10.21691
G1 X56.965 Y76.38 E10.25393
G1 X57.485 Y76.429 E10.3051
G1 X57.903 Y76.398 E10.34617
G1 X60.662 Y83.837 F7800
;TYPE:External perimeter
G1 F2400
G1 X67.662 Y83.837 E11.03201
G1 X67.662 Y139.838 E16.51876
G1 X135.663 Y139.838 E23.18124
G1 X135.663 Y143.163 E23.50701
G1 X52.337 Y143.163 E31.67099
G1 X52.337 Y66.837 E39.14913
G1 X60.662 Y66.837 E39.9648
G1 X60.662 Y83.747 E41.6216
G1 X60.753 Y84.431 F7800
G1 X60.368 Y84.5
;TYPE:Gap fill
;WIDTH:0.821683
G1 F1200
G1 X64.632 Y84.5 E42.1434
G1 X65.369 Y86.829 F7800
;TYPE:Internal infill
;WIDTH:0.675
G1 F3600
G1 X65.369 Y90.364 E42.48975
G1 X66.631 Y91.627 E42.66475
G1 X66.631 Y92.408 E42.74123
G1 X65.369 Y92.746 E42.86933
G1 X65.369 Y96.281 E43.21568
G1 X66.631 Y98.022 F7800
G1 F3600
G1 X66.631 Y101.557 E43.56203
G1 X65.369 Y101.896 E43.69013
G1 X65.369 Y102.862 E43.78486
G1 X66.631 Y104.125 E43.95986
G1 X66.631 Y107.66 E44.3062
G1 X56.285 Y130.367 F7800
G1 F3600
G1 X56.64 Y130.239 E44.34325
G1 X57.071 Y130.157 E44.38619
G1 X57.443 Y130.13 E44.42279
G1 X58.121 Y130.182 E44.48937
G1 X58.742 Y130.362 E44.55276
G1 X59.308 Y130.651 E44.615
G1 X59.611 Y130.886 E44.65255
G1 X66.631 Y129.005 E45.36466
G1 X66.631 Y129.121 E45.37609
G1 X53.369 Y115.858 E47.21382
G1 X53.369 Y114.26 E47.37041
G1 X54.83 Y113.869 E47.51862
G1 X56.878 Y113.869 E47.71931
G1 X53.369 Y126.966 E49.04785
G1 X53.369 Y128.356 E49.18405
G1 X55.683 Y130.671 E49.50481
G1 X55.516 Y130.77 E49.52381
G1 X55.04 Y131.19 E49.58605
G1 X54.651 Y131.692 E49.64828
G1 X54.352 Y132.295 E49.71424
G1 X53.369 Y132.558 E49.81395
G1 X53.369 Y136.093 E50.1603
G1 X53.369 Y72.049 F7800
G1 F3600
G1 X53.369 Y68.514 E50.50664
G1 X55.779 Y67.869 E50.75113
G1 X55.371 Y67.869 E50.79112
G1 X57.647 Y70.145 E51.10659
G1 X58.121 Y70.182 E51.15313
G1 X58.742 Y70.362 E51.21653
G1 X59.262 Y70.627 E51.27365
G1 X59.355 Y70.481 E51.29063
G1 X59.631 Y69.447 E51.39544
G1 X59.631 Y67.869 E51.55013
G1 X57.675 Y67.869 E51.74178
G1 X59.558 Y70.985 F7800
;TYPE:Gap fill
;WIDTH:0.196102
G1 F1200
G1 X59.724 Y71.09 E51.74538
;WIDTH:0.196103
G1 X59.735 Y71.114 E51.74587
;WIDTH:0.172579
G1 X59.779 Y71.214 E51.74744
G1 X60.368 Y73.111 F7800
;WIDTH:0.304184
G1 F1200
G1 X60.103 Y72.647 E51.76684
;WIDTH:0.298572
G1 X60.043 Y72.549 E51.77091
;WIDTH:0.258934
G1 X59.983 Y72.451 E51.77423
;WIDTH:0.219296
G1 X59.923 Y72.352 E51.77679
;WIDTH:0.179659
G1 X59.919 Y72.346 E51.7769
;WIDTH:0.177699
G1 X59.861 Y72.267 E51.7784
G1 X60.174 Y72.566 F7800
;WIDTH:0.403079
G1 F1200
G1 X60.226 Y72.981 E51.80046
;WIDTH:0.369039
G1 X60.228 Y73.003 E51.8015
;WIDTH:0.365209
G1 X60.251 Y73.489 E51.8241
;WIDTH:0.319379
G1 X60.251 Y73.511 E51.82495
;WIDTH:0.366153
G1 X60.228 Y74.007 E51.8481
;WIDTH:0.371196
G1 X60.225 Y74.034 E51.84937
;WIDTH:0.418255
G1 X60.202 Y74.199 E51.8586
;WIDTH:0.465313
G1 X60.178 Y74.364 E51.86914
;WIDTH:0.51237
G1 X60.155 Y74.529 E51.88098
;WIDTH:0.527997
G1 X60.061 Y75.017 E51.91751
G1 X59.631 Y81.092 F7800
;TYPE:Internal infill
;WIDTH:0.675
G1 F3600
G1 X59.631 Y84.131 E52.21527
G1 X59.136 Y84.131 E52.26386
G1 X53.369 Y78.364 E53.06295
G1 X53.369 Y77.663 E53.13162
G1 X56.705 Y76.77 E53.47003
G1 X56.889 Y76.817 E53.48869
G1 X57.478 Y76.873 E53.54668
G1 X57.645 Y76.862 E53.563
G1 X55.697 Y84.131 E54.30036
G1 X53.369 Y84.131 E54.52848
G1 X53.369 Y82.925 E54.6467
G1 X53 Y84.868 F7800
;TYPE:Gap fill
;WIDTH:0.821683
G1 F1200
G1 X53 Y113.132 E58.10541
G1 X53.369 Y119.874 F7800
;TYPE:Internal infill
;WIDTH:0.675
G1 F3600
G1 X53.369 Y123.409 E58.45176
G1 X66.631 Y119.855 E59.79707
G1 X66.631 Y116.623 E60.11375
G1 X63.877 Y113.869 E60.49545
G1 X65.369 Y113.869 E60.64161
G1 X65.369 Y111.045 E60.91829
G1 X66.631 Y110.706 E61.04639
G1 X66.631 Y111.613 E61.13525
G1 X60.847 Y133.203 E63.32517
G1 X60.875 Y133.5 E63.35442
G1 X60.815 Y134.132 E63.41665
G1 X60.638 Y134.742 E63.47888
G1 X60.474 Y135.063 E63.51419
G1 X66.631 Y134.619 F7800
G1 F3600
G1 X66.631 Y138.154 E63.86054
G1 X53.369 Y141.707 E65.20585
G1 X53.369 Y140.854 E65.28945
G1 X54.646 Y142.131 E65.46643
G1 X58.454 Y142.131 E65.83956
G1 X60.246 Y135.445 E66.5178
G1 X60.335 Y135.322 E66.53263
G1 X67.144 Y142.131 E67.4761
G1 X67.603 Y142.131 E67.52112
G1 X67.942 Y140.869 E67.64922
G1 X71.477 Y140.869 E67.99557
G1 X73.217 Y142.131 F7800
G1 F3600
G1 X76.752 Y142.131 E68.34192
G1 X77.091 Y140.869 E68.47002
G1 X78.379 Y140.869 E68.59621
G1 X79.642 Y142.131 E68.77121
G1 X83.177 Y142.131 E69.11756
G1 X82.705 Y140.869 F7800
G1 F3600
G1 X86.24 Y140.869 E69.4639
G1 X85.902 Y142.131 E69.59201
G1 X90.644 Y140.869 E70.0729
G1 X90.877 Y140.869 E70.09566
G1 X92.14 Y142.131 E70.27065
G1 X95.051 Y142.131 E70.55586
G1 X95.389 Y140.869 E70.68397
G1 X103.375 Y140.869 E71.46638
G1 X104.638 Y142.131 E71.64138
G1 X104.2 Y142.131 E71.68427
G1 X104.538 Y140.869 E71.81238
G1 X108.073 Y140.869 E72.15873
G1 X109.814 Y142.131 F7800
G1 F3600
G1 X113.349 Y142.131 E72.50507
G1 X113.687 Y140.869 E72.63318
G1 X115.873 Y140.869 E72.84729
G1 X117.136 Y142.131 E73.02228
G1 X120.076 Y142.131 E73.31039
G1 X124.79 Y140.869 E73.78849
G1 X128.371 Y140.869 E74.13935
G1 X129.634 Y142.131 E74.31435
G1 X131.647 Y142.131 E74.51164
G1 X131.986 Y140.869 E74.63975
G1 X134.631 Y140.869 E74.89898
G1 X134.631 Y141.758 E74.98609
G1 X126.033 Y142.131 F7800
G1 F3600
G1 X122.498 Y142.131 E75.33244
G1 X122.836 Y140.869 E75.46055
G1 X119.302 Y140.869 E75.80689
G1 E72.80689 F2400
G92 E0
G1 X112.082 Y74.877 F7800
G1 E3 F2400
;TYPE:Perimeter
G1 F1800
G1 X111.861 Y75.234 E3.04107
G1 X111.506 Y75.636 E3.09368
G1 X111.07 Y75.975 E3.14773
G1 X110.579 Y76.225 E3.20177
G1 X110.049 Y76.379 E3.25582
G1 X109.5 Y76.431 E3.30987
G1 X108.951 Y76.379 E3.36392
G1 X108.421 Y76.225 E3.41796
G1 X107.93 Y75.975 E3.47201
G1 X107.494 Y75.636 E3.52605
G1 X107.129 Y75.223 E3.5801
G1 X106.856 Y74.76 E3.63271
G1 X106.715 Y74.405 E3.67018
G1 X106.62 Y74.035 E3.70764
G1 X106.569 Y73.5 E3.76025
G1 X106.621 Y72.951 E3.8143
G1 X106.775 Y72.421 E3.86835
G1 X107.025 Y71.93 E3.92239
G1 X107.364 Y71.494 E3.97644
G1 X107.777 Y71.129 E4.03049
G1 X108.252 Y70.848 E4.08453
G1 X108.757 Y70.666 E4.13714
G1 X109.129 Y70.595 E4.17416
G1 X109.442 Y70.573 E4.205
G1 X110.041 Y70.619 E4.26387
G1 X110.579 Y70.775 E4.3187
G1 X111.07 Y71.025 E4.37275
G1 X111.506 Y71.364 E4.4268
G1 X111.861 Y71.766 E4.47941
G1 X112.066 Y72.089 E4.51687
G1 X112.229 Y72.435 E4.55434
G1 X112.379 Y72.951 E4.60695
G1 X112.431 Y73.5 E4.661
G1 X112.379 Y74.049 E4.71504
G1 X112.229 Y74.565 E4.76765
G1 X112.12 Y74.796 E4.79267
G1 X111.549 Y74.626 F7800
;TYPE:External perimeter
G1 F1800
G1 X111.389 Y74.879 E4.82196
G1 X111.101 Y75.205 E4.86457
G1 X110.753 Y75.475 E4.9077
G1 X110.361 Y75.675 E4.95084
G1 X109.938 Y75.798 E4.99397
G1 X109.5 Y75.839 E5.0371
G1 X109.062 Y75.798 E5.08024
G1 X108.639 Y75.675 E5.12337
G1 X108.247 Y75.475 E5.1665
G1 X107.899 Y75.205 E5.20964
G1 X107.608 Y74.875 E5.25277
G1 X107.386 Y74.5 E5.29538
G1 X107.276 Y74.223 E5.32467
G1 X107.202 Y73.933 E5.35396
G1 X107.161 Y73.5 E5.39658
G1 X107.202 Y73.062 E5.43971
G1 X107.325 Y72.639 E5.48284
G1 X107.525 Y72.247 E5.52598
G1 X107.795 Y71.899 E5.56911
G1 X108.125 Y71.608 E5.61224
G1 X108.504 Y71.384 E5.65538
G1 X108.913 Y71.236 E5.69799
G1 X109.205 Y71.181 E5.72712
G1 X109.441 Y71.163 E5.75028
G1 X109.935 Y71.202 E5.79886
G1 X110.361 Y71.325 E5.84228
G1 X110.753 Y71.525 E5.88541
G1 X111.101 Y71.795 E5.92855
G1 X111.389 Y72.121 E5.97116
G1 X111.549 Y72.374 E6.00045
G1 X111.676 Y72.644 E6.02974
G1 X111.798 Y73.062 E6.07235
G1 X111.839 Y73.5 E6.11548
G1 X111.798 Y73.938 E6.15862
G1 X111.676 Y74.356 E6.20123
G1 X111.587 Y74.545 E6.2217
G1 X111.706 Y74.881 F7800
G1 X108.927 Y82.573
;TYPE:Perimeter
G1 F4800
G1 X105.927 Y82.573 E6.51563
G1 X105.927 Y67.427 E7.99967
G1 X113.073 Y67.427 E8.69988
G1 X113.073 Y123.573 E14.201
G1 X108.927 Y123.573 E14.60728
G1 X108.927 Y82.663 E18.61555
G1 X108.338 Y83.162 F7800
;TYPE:External perimeter
G1 F2400
G1 X105.338 Y83.162 E18.90948
G1 X105.338 Y66.837 E20.50896
G1 X113.663 Y66.837 E21.32463
G1 X113.663 Y124.163 E26.94119
G1 X108.338 Y124.163 E27.46292
G1 X108.338 Y83.252 E31.47119
G1 X108.312 Y82.563 F7800
G1 X112.631 Y83.617
;TYPE:Internal infill
G1 F3600
G1 X112.631 Y80.082 E31.81753
G1 X106.369 Y81.76 E32.45281
G1 X106.369 Y81.373 E32.49081
G1 X107.127 Y82.131 E32.59595
G1 X109.369 Y82.131 E32.81554
G1 X109.369 Y84.373 E33.03512
G1 X112.631 Y87.636 E33.48724
G1 X112.631 Y89.231 E33.6436
G1 X109.369 Y90.106 E33.97457
G1 X109.369 Y88.696 E34.11265
G1 X112.631 Y76.519 E35.34786
G1 X112.631 Y75.637 E35.4343
G1 X112.571 Y75.729 E35.44515
G1 X112.217 Y75.497 E35.48656
G1 X111.81 Y75.96 E35.54696
G1 X111.308 Y76.349 E35.60919
G1 X110.742 Y76.638 E35.67142
G1 X110.519 Y76.703 E35.6942
G1 X112.779 Y74.397 F7800
;TYPE:Gap fill
;WIDTH:0.279733
G1 F1200
G1 X112.591 Y74.709 E35.70596
;WIDTH:0.274247
G1 X112.514 Y74.827 E35.71037
;WIDTH:0.238445
G1 X112.436 Y74.944 E35.71393
;WIDTH:0.202643
G1 X112.359 Y75.062 E35.71666
G1 X112.624 Y74.814 F7800
;WIDTH:0.33162
G1 F1200
G1 X112.657 Y74.583 E35.72621
;WIDTH:0.28684
G1 X112.69 Y74.351 E35.73401
;WIDTH:0.24206
G1 X112.723 Y74.12 E35.74008
;WIDTH:0.197282
G1 X112.724 Y74.11 E35.74027
;WIDTH:0.195313
G1 X112.74 Y73.767 E35.74651
G1 X112.74 Y73.233 F7800
;WIDTH:0.195313
G1 F1200
G1 X112.724 Y72.89 E35.75275
;WIDTH:0.197283
G1 X112.723 Y72.88 E35.75295
;WIDTH:0.24206
G1 X112.69 Y72.649 E35.75901
;WIDTH:0.286837
G1 X112.657 Y72.417 E35.76682
;WIDTH:0.331615
G1 X112.624 Y72.186 E35.77636
G1 X112.359 Y71.938 F7800
;WIDTH:0.202638
G1 F1200
G1 X112.436 Y72.056 E35.77909
;WIDTH:0.238436
G1 X112.514 Y72.173 E35.78266
;WIDTH:0.274234
G1 X112.591 Y72.291 E35.78706
;WIDTH:0.279721
G1 X112.779 Y72.603 E35.79882
G1 X111.912 Y71.557 F7800
;TYPE:Solid infill
;WIDTH:0.689702
G1 F1200
G1 X112.631 Y70.837 E35.90099
G1 X112.631 Y69.983 E35.98675
G1 X111.678 Y70.937 E36.12222
G1 X111.308 Y70.651 E36.16916
G1 X111.177 Y70.584 E36.18396
G1 X112.631 Y69.129 E36.39053
G1 X112.631 Y68.275 E36.47629
G1 X110.589 Y70.318 E36.76637
G1 X110.121 Y70.182 E36.81531
G1 X109.889 Y70.164 E36.83869
G1 X112.184 Y67.869 E37.16468
G1 X111.33 Y67.869 E37.25044
G1 X109.035 Y70.163 E37.57635
G1 X108.64 Y70.239 E37.61673
G1 X108.063 Y70.447 E37.67834
G1 X107.66 Y70.685 E37.72543
G1 X110.476 Y67.869 E38.12546
G1 X109.622 Y67.869 E38.21122
G1 X106.415 Y71.076 E38.6667
G1 X106.369 Y71.067 E38.67146
G1 X106.369 Y70.268 E38.75166
G1 X108.768 Y67.869 E39.09246
G1 X107.914 Y67.869 E39.17822
G1 X106.369 Y69.414 E39.39775
G1 X106.369 Y68.56 E39.48351
G1 X107.325 Y67.603 E39.6194
G1 X106.221 Y71.881 F7800
;TYPE:Gap fill
;WIDTH:0.310241
G1 F1200
G1 X106.846 Y71.66 E39.64414
G1 X106.503 Y71.542 F7800
;WIDTH:0.380575
G1 F1200
G1 X106.363 Y72.273 E39.68057
;WIDTH:0.370158
G1 X106.342 Y72.424 E39.68782
;WIDTH:0.326941
G1 X106.32 Y72.576 E39.69397
;WIDTH:0.283724
G1 X106.299 Y72.728 E39.69902
;WIDTH:0.240506
G1 X106.277 Y72.88 E39.70296
;WIDTH:0.197288
G1 X106.276 Y72.89 E39.70315
;WIDTH:0.195319
G1 X106.26 Y73.233 E39.70939
G1 X106.26 Y73.767 F7800
;WIDTH:0.193495
G1 F1200
G1 X106.275 Y74.09 E39.71518
;WIDTH:0.194971
G1 X106.276 Y74.099 E39.71534
;WIDTH:0.230686
G1 X106.294 Y74.24 E39.71877
;WIDTH:0.266403
G1 X106.312 Y74.382 E39.72305
;WIDTH:0.302121
G1 X106.329 Y74.523 E39.72818
;WIDTH:0.306471
G1 X106.332 Y74.537 E39.72869
;WIDTH:0.327845
G1 X106.342 Y74.593 E39.73098
;WIDTH:0.327845
G1 X106.407 Y74.699 E39.73599
;WIDTH:0.285018
G1 X106.472 Y74.805 E39.74012
;WIDTH:0.242192
G1 X106.537 Y74.911 E39.74336
;WIDTH:0.199365
G1 X106.542 Y74.919 E39.74352
;WIDTH:0.196994
G1 X106.66 Y75.081 E39.74723
G1 E36.74723 F2400
G92 E0
G1 X109.369 Y93.336 F7800
G1 E3 F2400
;TYPE:Internal infill
;WIDTH:0.675
G1 F3600
G1 X109.369 Y96.871 E3.34635
G1 X112.631 Y100.134 E3.79846
G1 X112.631 Y98.381 E3.97021
G1 X109.369 Y99.255 E4.30119
G1 X109.369 Y102.79 E4.64753
G1 X109.369 Y114.018 F7800
G1 F3600
G1 X109.369 Y117.553 E4.99388
G1 X112.631 Y116.679 E5.32485
G1 X112.631 Y112.631 E5.7214
G1 X109.369 Y109.369 E6.17352
G1 X109.369 Y108.404 E6.26802
G1 X112.631 Y107.53 E6.59899
G1 X112.631 Y110.664 E6.90608
G1 X109.369 Y122.841 E8.14129
G1 X109.369 Y123.131 E8.16971
G1 X110.634 Y123.131 E8.29365
G1 X109.369 Y121.866 E8.46892
G1 E5.46892 F2400
G92 E0
G1 X149.284 Y116.22 F7800
G1 E3 F2400
;TYPE:External perimeter
G1 F1800
G1 X149.202 Y115.938 E3.02876
G1 X149.161 Y115.5 E3.0719
G1 X149.202 Y115.062 E3.11503
G1 X149.325 Y114.639 E3.15816
G1 X149.525 Y114.247 E3.2013
G1 X149.795 Y113.899 E3.24443
G1 X150.125 Y113.608 E3.28756
G1 X150.504 Y113.384 E3.3307
G1 X150.913 Y113.236 E3.37331
G1 X151.205 Y113.181 E3.40244
G1 X151.441 Y113.163 E3.4256
G1 X151.935 Y113.202 E3.47418
G1 X152.361 Y113.325 E3.5176
G1 X152.753 Y113.525 E3.56073
G1 X153.097 Y113.792 E3.60335
G1 X153.302 Y114.01 E3.63264
G1 X153.477 Y114.251 E3.66193
G1 X153.675 Y114.639 E3.70454
G1 X153.798 Y115.062 E3.74767
G1 X153.839 Y115.5 E3.7908
G1 X153.797 Y115.941 E3.83423
G1 X153.651 Y116.415 E3.88281
G1 X153.548 Y116.628 E3.90597
G1 X153.389 Y116.879 E3.9351
G1 X153.101 Y117.205 E3.97771
G1 X152.753 Y117.475 E4.02084
G1 X152.361 Y117.675 E4.06398
G1 X151.938 Y117.798 E4.10711
G1 X151.5 Y117.839 E4.15024
G1 X151.067 Y117.798 E4.19285
G1 X150.777 Y117.724 E4.22214
G1 X150.499 Y117.614 E4.25144
G1 X150.125 Y117.392 E4.29405
G1 X149.795 Y117.101 E4.33718
G1 X149.525 Y116.753 E4.38031
G1 X149.309 Y116.307 E4.42891
G1 X148.995 Y116.173 F7800
G1 E1.42891 F2400
G92 E0
G1 X151.17 Y76.408 F7800
G1 E3 F2400
;TYPE:Perimeter
G1 F1800
G1 X150.757 Y76.334 E3.04107
G1 X150.252 Y76.152 E3.09368
G1 X149.777 Y75.871 E3.14773
G1 X149.364 Y75.506 E3.20177
G1 X149.025 Y75.07 E3.25582
G1 X148.775 Y74.579 E3.30987
G1 X148.621 Y74.049 E3.36391
G1 X148.569 Y73.5 E3.41796
G1 X148.621 Y72.951 E3.47201
G1 X148.775 Y72.421 E3.52606
G1 X149.025 Y71.93 E3.5801
G1 X149.364 Y71.494 E3.63415
G1 X149.777 Y71.129 E3.6882
G1 X150.252 Y70.848 E3.74224
G1 X150.757 Y70.666 E3.79485
G1 X151.129 Y70.595 E3.83187
G1 X151.442 Y70.573 E3.86271
G1 X152.041 Y70.619 E3.92158
G1 X152.579 Y70.775 E3.97641
G1 X153.07 Y71.025 E4.03046
G1 X153.506 Y71.364 E4.0845
G1 X153.861 Y71.766 E4.13712
G1 X154.066 Y72.089 E4.17458
G1 X154.229 Y72.435 E4.21205
G1 X154.379 Y72.951 E4.26466
G1 X154.431 Y73.5 E4.3187
G1 X154.379 Y74.049 E4.37275
G1 X154.229 Y74.565 E4.42536
G1 X154.066 Y74.911 E4.46283
G1 X153.861 Y75.234 E4.50029
G1 X153.506 Y75.636 E4.5529
G1 X153.07 Y75.975 E4.60695
G1 X152.579 Y76.225 E4.661
G1 X152.049 Y76.379 E4.71504
G1 X151.515 Y76.429 E4.76765
G1 X151.26 Y76.413 E4.79267
G1 X151.207 Y75.82 F7800
;TYPE:External perimeter
G1 F1800
G1 X150.913 Y75.764 E4.82196
G1 X150.504 Y75.616 E4.86457
G1 X150.125 Y75.392 E4.9077
G1 X149.795 Y75.101 E4.95084
G1 X149.525 Y74.753 E4.99397
G1 X149.325 Y74.361 E5.0371
G1 X149.202 Y73.938 E5.08024
G1 X149.161 Y73.5 E5.12337
G1 X149.202 Y73.062 E5.1665
G1 X149.325 Y72.639 E5.20964
G1 X149.525 Y72.247 E5.25277
G1 X149.795 Y71.899 E5.29591
G1 X150.125 Y71.608 E5.33904
G1 X150.504 Y71.384 E5.38217
G1 X150.913 Y71.236 E5.42478
G1 X151.205 Y71.181 E5.45391
G1 X151.441 Y71.163 E5.47708
G1 X151.935 Y71.202 E5.52566
G1 X152.361 Y71.325 E5.56908
G1 X152.753 Y71.525 E5.61221
G1 X153.101 Y71.795 E5.65534
G1 X153.389 Y72.121 E5.69795
G1 X153.549 Y72.374 E5.72725
G1 X153.676 Y72.644 E5.75654
G1 X153.798 Y73.062 E5.79915
G1 X153.839 Y73.5 E5.84228
G1 X153.798 Y73.938 E5.88541
G1 X153.676 Y74.356 E5.92802
G1 X153.549 Y74.626 E5.95732
G1 X153.389 Y74.879 E5.98661
G1 X153.101 Y75.205 E6.02922
G1 X152.753 Y75.475 E6.07235
G1 X152.361 Y75.675 E6.11548
G1 X151.938 Y75.798 E6.15862
G1 X151.505 Y75.839 E6.20123
G1 X151.297 Y75.825 E6.2217
G1 X151.029 Y76.06 F7800
G1 E3.2217 F2400
G92 E0
G1 X154.927 Y115.916 F7800
G1 E3 F2400
;TYPE:Perimeter
G1 F4800
G1 X154.344 Y116.422 E3.07564
G1 X154.431 Y115.5 E3.16639
G1 X154.344 Y114.578 E3.25713
G1 X154.927 Y115.084 E3.33277
G1 X154.927 Y82.573 E6.51808
G1 X147.927 Y82.573 E7.20392
G1 X147.927 Y67.427 E8.68796
G1 X157.073 Y67.427 E9.58413
G1 X157.073 Y124.573 E15.18322
G1 X154.927 Y124.573 E15.39355
G1 X154.927 Y116.006 E16.23294
G1 X154.338 Y117.208 F7800
;TYPE:External perimeter
G1 F2400
G1 X153.355 Y118.06 E16.36039
G1 X153.023 Y118.271 E16.3989
G1 X152.664 Y118.44 E16.43781
G1 X152.286 Y118.562 E16.47671
G1 X151.898 Y118.637 E16.51546
G1 X151.455 Y118.66 E16.55887
G1 X150.913 Y118.607 E16.6123
G1 X150.523 Y118.507 E16.65173
G1 X150.154 Y118.361 E16.69063
G1 X149.806 Y118.17 E16.72953
G1 X149.339 Y117.809 E16.78733
G1 X149.064 Y117.515 E16.82675
G1 X148.83 Y117.194 E16.86565
G1 X148.639 Y116.846 E16.90456
G1 X148.493 Y116.477 E16.94346
G1 X148.394 Y116.092 E16.98236
G1 X148.344 Y115.698 E17.02133
G1 X148.343 Y115.34 E17.05636
G1 X148.362 Y115.107 E17.07929
G1 X148.438 Y114.714 E17.11854
G1 X148.637 Y114.158 E17.17633
G1 X148.833 Y113.801 E17.21628
G1 X149.195 Y113.336 E17.27407
G1 X149.488 Y113.06 E17.31349
G1 X149.975 Y112.73 E17.37113
G1 X150.378 Y112.545 E17.41454
G1 X150.901 Y112.395 E17.46782
G1 X151.346 Y112.343 E17.51174
G1 X151.891 Y112.362 E17.56518
G1 X152.286 Y112.438 E17.60461
G1 X152.846 Y112.639 E17.66292
G1 X153.355 Y112.94 E17.72084
G1 X154.338 Y113.792 E17.84829
G1 X154.338 Y83.162 E20.84934
G1 X147.338 Y83.162 E21.53518
G1 X147.338 Y66.837 E23.13466
G1 X157.663 Y66.837 E24.14628
G1 X157.663 Y125.163 E29.86083
G1 X154.338 Y125.163 E30.1866
G1 X154.338 Y117.298 E30.95719
G1 X153.995 Y116.715 F7800
G1 X154.009 Y116.832
;TYPE:Gap fill
;WIDTH:0.41236
G1 F1200
G1 X153.749 Y117.135 E30.97886
;WIDTH:0.378603
G1 X153.733 Y117.151 E30.97997
;WIDTH:0.373747
G1 X153.56 Y117.323 E30.99163
;WIDTH:0.341276
G1 X153.387 Y117.494 E31.00197
;WIDTH:0.308803
G1 X153.372 Y117.509 E31.00275
;WIDTH:0.326873
G1 X153.106 Y117.726 E31.01651
;WIDTH:0.326872
G1 X152.981 Y117.814 E31.02264
;WIDTH:0.312461
G1 X152.963 Y117.826 E31.02345
;WIDTH:0.327715
G1 X152.823 Y117.906 E31.02996
;WIDTH:0.327716
G1 X152.522 Y118.053 E31.0434
;WIDTH:0.317386
G1 X152.513 Y118.058 E31.04382
;WIDTH:0.317385
G1 X152.502 Y118.061 E31.04424
;WIDTH:0.327715
G1 X152.183 Y118.159 E31.05769
;WIDTH:0.327717
G1 X152.025 Y118.197 E31.0642
;WIDTH:0.312462
G1 X152.004 Y118.201 E31.065
;WIDTH:0.327393
G1 X151.847 Y118.223 E31.07137
;WIDTH:0.327394
G1 X151.511 Y118.248 E31.08494
;WIDTH:0.314887
G1 X151.489 Y118.249 E31.08576
;WIDTH:0.319493
G1 X151.458 Y118.248 E31.08696
;WIDTH:0.328177
G1 X151.145 Y118.223 E31.0996
;WIDTH:0.328175
G1 X151.005 Y118.205 E31.1053
;WIDTH:0.319297
G1 X150.996 Y118.204 E31.10566
;WIDTH:0.319081
G1 X150.987 Y118.202 E31.10601
;WIDTH:0.318722
G1 X150.657 Y118.117 E31.11921
;WIDTH:0.318949
G1 X150.65 Y118.115 E31.11949
;WIDTH:0.318947
G1 X150.643 Y118.113 E31.11977
;WIDTH:0.318721
G1 X150.329 Y117.988 E31.13286
;WIDTH:0.31872
G1 X150.327 Y117.987 E31.13297
;WIDTH:0.318386
G1 X150.311 Y117.979 E31.13367
;WIDTH:0.327713
G1 X150.029 Y117.818 E31.14671
;WIDTH:0.327712
G1 X149.894 Y117.729 E31.15323
;WIDTH:0.312459
G1 X149.876 Y117.717 E31.15403
;WIDTH:0.328827
G1 X149.741 Y117.608 E31.16105
;WIDTH:0.328829
G1 X149.629 Y117.51 E31.16706
;WIDTH:0.328828
G1 X149.504 Y117.389 E31.17408
;WIDTH:0.312459
G1 X149.49 Y117.373 E31.17489
;WIDTH:0.327712
G1 X149.385 Y117.25 E31.1814
;WIDTH:0.327713
G1 X149.184 Y116.983 E31.19485
;WIDTH:0.317385
G1 X149.178 Y116.974 E31.19526
;WIDTH:0.317385
G1 X149.172 Y116.964 E31.19568
;WIDTH:0.327711
G1 X149.016 Y116.669 E31.20913
;WIDTH:0.327711
G1 X148.949 Y116.521 E31.21564
;WIDTH:0.312459
G1 X148.941 Y116.502 E31.21645
;WIDTH:0.327714
G1 X148.889 Y116.348 E31.22296
;WIDTH:0.327714
G1 X148.801 Y116.026 E31.2364
;WIDTH:0.317386
G1 X148.798 Y116.015 E31.23682
;WIDTH:0.317387
G1 X148.797 Y116.005 E31.23724
;WIDTH:0.327761
G1 X148.76 Y115.671 E31.25075
;WIDTH:0.32776
G1 X148.752 Y115.511 E31.2572
;WIDTH:0.313318
G1 X148.752 Y115.489 E31.25801
;WIDTH:0.326303
G1 X148.758 Y115.357 E31.26331
;WIDTH:0.32844
G1 X148.775 Y115.164 E31.27114
;WIDTH:0.328439
G1 X148.799 Y114.996 E31.27799
;WIDTH:0.312462
G1 X148.803 Y114.975 E31.27879
;WIDTH:0.327717
G1 X148.841 Y114.817 E31.2853
;WIDTH:0.327716
G1 X148.939 Y114.498 E31.29875
;WIDTH:0.318594
G1 X148.946 Y114.477 E31.29959
;WIDTH:0.318719
G1 X148.947 Y114.476 E31.29963
;WIDTH:0.328084
G1 X149.01 Y114.342 E31.30563
;WIDTH:0.328085
G1 X149.172 Y114.036 E31.31958
;WIDTH:0.318587
G1 X149.183 Y114.017 E31.32042
;WIDTH:0.318717
G1 X149.184 Y114.016 E31.32045
;WIDTH:0.328086
G1 X149.271 Y113.895 E31.32646
;WIDTH:0.328088
G1 X149.488 Y113.625 E31.34041
;WIDTH:0.317386
G1 X149.495 Y113.617 E31.34082
;WIDTH:0.317386
G1 X149.503 Y113.61 E31.34124
;WIDTH:0.328086
G1 X149.759 Y113.377 E31.35519
;WIDTH:0.328088
G1 X149.874 Y113.282 E31.36119
;WIDTH:0.318718
G1 X149.874 Y113.281 E31.36123
;WIDTH:0.318587
G1 X149.892 Y113.269 E31.36207
;WIDTH:0.327607
G1 X150.174 Y113.096 E31.37537
;WIDTH:0.327607
G1 X150.321 Y113.019 E31.38202
;WIDTH:0.310535
G1 X150.34 Y113.01 E31.38281
;WIDTH:0.327702
G1 X150.529 Y112.933 E31.39101
;WIDTH:0.327702
G1 X150.796 Y112.842 E31.40237
;WIDTH:0.318569
G1 X150.813 Y112.837 E31.40307
;WIDTH:0.320158
G1 X150.826 Y112.834 E31.40358
;WIDTH:0.324777
G1 X150.97 Y112.804 E31.40943
;WIDTH:0.324777
G1 X151.146 Y112.777 E31.41648
;WIDTH:0.312015
G1 X151.159 Y112.775 E31.41697
;WIDTH:0.321142
G1 X151.369 Y112.755 E31.42525
;WIDTH:0.321141
G1 X151.433 Y112.753 E31.42776
;WIDTH:0.316246
G1 X151.451 Y112.753 E31.42842
;WIDTH:0.33325
G1 X151.683 Y112.763 E31.43798
G1 X151.832 Y112.775 E31.44415
;WIDTH:0.330674
G1 X151.997 Y112.797 E31.45093
;WIDTH:0.31214
G1 X152.02 Y112.802 E31.4518
;WIDTH:0.327711
G1 X152.183 Y112.841 E31.45854
;WIDTH:0.327712
G1 X152.502 Y112.939 E31.47198
;WIDTH:0.318589
G1 X152.523 Y112.946 E31.47283
;WIDTH:0.318718
G1 X152.524 Y112.947 E31.47286
;WIDTH:0.328828
G1 X152.669 Y113.015 E31.47936
;WIDTH:0.328833
G1 X152.812 Y113.088 E31.48585
;WIDTH:0.328832
G1 X152.963 Y113.174 E31.49288
;WIDTH:0.31246
G1 X152.981 Y113.186 E31.49368
;WIDTH:0.326871
G1 X153.106 Y113.274 E31.49981
;WIDTH:0.326872
G1 X153.364 Y113.485 E31.51317
;WIDTH:0.308941
G1 X153.377 Y113.497 E31.51382
;WIDTH:0.343733
G1 X153.623 Y113.733 E31.52845
;WIDTH:0.346426
G1 X153.634 Y113.745 E31.52916
;WIDTH:0.378548
G1 X153.73 Y113.849 E31.53604
;WIDTH:0.410671
G1 X153.826 Y113.953 E31.54368
;WIDTH:0.41067
G1 X153.847 Y114.011 E31.54702
;WIDTH:0.377989
G1 X153.855 Y114.033 E31.54814
;WIDTH:0.367539
G1 X153.889 Y114.152 E31.55394
;WIDTH:0.321188
G1 X153.924 Y114.271 E31.55878
;WIDTH:0.274837
G1 X153.958 Y114.389 E31.56266
;WIDTH:0.228486
G1 X153.993 Y114.508 E31.5656
;WIDTH:0.182135
G1 X153.995 Y114.517 E31.56574
;WIDTH:0.179583
G1 X154.015 Y114.623 E31.56743
G1 X154.717 Y115.292 F7800
;WIDTH:0.267971
G1 F1200
G1 X154.818 Y115.5 E31.57444
;WIDTH:0.267969
G1 X154.717 Y115.708 E31.58144
G1 X154.018 Y116.346 F7800
;WIDTH:0.198998
G1 F1200
G1 X153.98 Y116.54 E31.58515
;WIDTH:0.201416
G1 X153.978 Y116.548 E31.58532
;WIDTH:0.250905
G1 X153.94 Y116.683 E31.58916
;WIDTH:0.300393
G1 X153.903 Y116.818 E31.59416
;WIDTH:0.30567
G1 X153.742 Y117.334 E31.61391
G1 X156.631 Y122.673 F7800
;TYPE:Internal infill
;WIDTH:0.675
G1 F3600
G1 X156.631 Y119.138 E31.96026
G1 X155.369 Y117.875 E32.13526
G1 X155.369 Y115.724 E32.34597
G1 X155.529 Y115.646 E32.36341
G1 X155.458 Y115.5 E32.37935
G1 X155.529 Y115.354 E32.39529
G1 X155.369 Y115.276 E32.41273
G1 X155.369 Y114.377 E32.50084
G1 X156.631 Y114.038 E32.62894
G1 X156.631 Y117.179 E32.93667
G1 X155.369 Y121.892 E33.41476
G1 X155.369 Y123.526 E33.5748
G1 X156.631 Y123.187 E33.70291
G1 X156.631 Y124.131 E33.79541
G1 X155.369 Y124.131 E33.91915
G1 X155.369 Y123.82 E33.94963
G1 X156.631 Y110.175 F7800
G1 F3600
G1 X156.631 Y106.64 E34.29598
G1 X155.369 Y105.377 E34.47097
G1 X155.369 Y105.228 E34.48559
G1 X156.631 Y104.889 E34.6137
G1 X156.631 Y101.354 E34.96004
G1 X155.369 Y99.613 F7800
G1 F3600
G1 X155.369 Y96.078 E35.30639
G1 X156.631 Y95.74 E35.4345
G1 X156.631 Y94.142 E35.59109
G1 X155.369 Y92.879 E35.76608
G1 X155.369 Y87.747 E36.26885
G1 X156.631 Y83.034 E36.74695
G1 X156.631 Y81.644 E36.88315
G1 X151.831 Y76.843 E37.54831
G1 X151.522 Y76.873 E37.57876
G1 X151.077 Y76.845 E37.62236
G1 X150.64 Y76.761 E37.66596
G1 X150.063 Y76.553 E37.72607
G1 X149.516 Y76.23 E37.7883
G1 X149.346 Y76.08 E37.8106
G1 X148.369 Y79.727 E38.18052
G1 X148.369 Y79.656 E38.18747
G1 X156.631 Y77.442 E39.02561
G1 X156.631 Y73.907 E39.37196
G1 E36.37196 F2400
G92 E0
G1 X148.221 Y75.119 F7800
G1 E3 F2400
;TYPE:Gap fill
;WIDTH:0.310236
G1 F1200
G1 X148.846 Y75.34 E3.02473
G1 X148.503 Y75.458 F7800
;WIDTH:0.380569
G1 F1200
G1 X148.363 Y74.727 E3.06116
;WIDTH:0.370153
G1 X148.342 Y74.576 E3.06842
;WIDTH:0.326937
G1 X148.32 Y74.424 E3.07456
;WIDTH:0.283721
G1 X148.299 Y74.272 E3.07961
;WIDTH:0.240506
G1 X148.277 Y74.12 E3.08355
;WIDTH:0.197289
G1 X148.276 Y74.11 E3.08375
;WIDTH:0.195319
G1 X148.26 Y73.767 E3.08999
G1 X148.26 Y73.233 F7800
;WIDTH:0.195317
G1 F1200
G1 X148.276 Y72.89 E3.09623
;WIDTH:0.197286
G1 X148.277 Y72.88 E3.09642
;WIDTH:0.240501
G1 X148.299 Y72.728 E3.10037
;WIDTH:0.283718
G1 X148.32 Y72.576 E3.10541
;WIDTH:0.326934
G1 X148.342 Y72.424 E3.11156
;WIDTH:0.370151
G1 X148.363 Y72.273 E3.11881
;WIDTH:0.380569
G1 X148.503 Y71.542 E3.15525
G1 X148.846 Y71.66 F7800
;WIDTH:0.310229
G1 F1200
G1 X148.221 Y71.881 E3.17998
G1 X150.925 Y70.184 F7800
;TYPE:Internal infill
;WIDTH:0.675
G1 F3600
G1 X151.546 Y67.869 E3.41488
G1 X155.354 Y67.869 E3.78801
G1 X156.631 Y69.146 E3.96499
G1 X156.631 Y68.293 E4.04859
G1 X148.369 Y70.507 E4.88673
G1 X148.369 Y67.869 E5.1452
G1 X149.265 Y67.869 E5.23308
G1 E2.23308 F2400
G92 E0
G1 X155.369 Y86.929 F7800
G1 E3 F2400
G1 F3600
G1 X156.631 Y86.591 E3.12811
G1 X156.631 Y90.126 E3.47445
M106 S124.95
;LAYER_CHANGE
;Z:3.45
;HEIGHT:0.4
G1 Z3.45 F7800
G1 E.47445 F2400
G92 E0
G1 X60.339 Y132.771 F7800
G1 E3 F2400
;TYPE:Perimeter
G1 F1800
G1 X60.425 Y133.316 E3.05405
G1 X60.408 Y133.867 E3.10809
G1 X60.287 Y134.406 E3.16214
G1 X60.068 Y134.912 E3.21619
G1 X59.766 Y135.356 E3.2688
G1 X59.505 Y135.635 E3.30626
G1 X59.21 Y135.879 E3.34373
G1 X58.748 Y136.152 E3.39634
G1 X58.229 Y136.339 E3.45038
G1 X57.684 Y136.425 E3.50443
G1 X57.133 Y136.408 E3.55848
G1 X56.587 Y136.286 E3.61329
G1 X56.041 Y136.039 E3.67193
G1 X55.775 Y135.866 E3.703
G1 X55.484 Y135.625 E3.74004
G1 X55.129 Y135.223 E3.79265
G1 X54.848 Y134.748 E3.8467
G1 X54.661 Y134.229 E3.90074
G1 X54.575 Y133.684 E3.95479
G1 X54.592 Y133.133 E4.00884
G1 X54.709 Y132.609 E4.06145
G1 X54.849 Y132.257 E4.09849
G1 X54.999 Y131.978 E4.12956
G1 X55.358 Y131.499 E4.1882
G1 X55.777 Y131.129 E4.24301
G1 X56.252 Y130.848 E4.29706
G1 X56.778 Y130.659 E4.35186
G1 X57.371 Y130.575 E4.41051
G1 X57.688 Y130.578 E4.44158
G1 X58.063 Y130.625 E4.47862
G1 X58.579 Y130.775 E4.53123
G1 X59.07 Y131.025 E4.58527
G1 X59.506 Y131.364 E4.63932
G1 X59.871 Y131.777 E4.69337
G1 X60.152 Y132.252 E4.74741
G1 X60.308 Y132.686 E4.79264
G1 X59.716 Y132.78 F7800
;TYPE:External perimeter
G1 F1800
G1 X59.766 Y132.918 E4.80701
G1 X59.834 Y133.353 E4.85015
G1 X59.821 Y133.793 E4.89328
G1 X59.725 Y134.223 E4.93641
G1 X59.55 Y134.627 E4.97955
G1 X59.305 Y134.987 E5.02216
G1 X59.101 Y135.204 E5.05145
G1 X58.87 Y135.395 E5.08074
G1 X58.496 Y135.616 E5.12335
G1 X58.082 Y135.766 E5.16648
G1 X57.647 Y135.834 E5.20962
G1 X57.207 Y135.821 E5.25275
G1 X56.774 Y135.724 E5.29616
G1 X56.325 Y135.52 E5.34453
G1 X56.124 Y135.391 E5.36791
G1 X55.895 Y135.201 E5.39704
G1 X55.608 Y134.875 E5.43965
G1 X55.384 Y134.496 E5.48279
G1 X55.234 Y134.082 E5.52592
G1 X55.166 Y133.647 E5.56906
G1 X55.179 Y133.207 E5.61219
G1 X55.274 Y132.782 E5.6548
G1 X55.384 Y132.506 E5.68394
G1 X55.497 Y132.296 E5.70731
G1 X55.793 Y131.901 E5.75568
G1 X56.125 Y131.608 E5.79909
G1 X56.504 Y131.384 E5.84223
G1 X56.921 Y131.234 E5.88564
G1 X57.41 Y131.164 E5.93401
G1 X57.648 Y131.167 E5.95739
G1 X57.943 Y131.204 E5.98652
G1 X58.361 Y131.325 E6.02913
G1 X58.753 Y131.525 E6.07227
G1 X59.101 Y131.795 E6.1154
G1 X59.392 Y132.125 E6.15853
G1 X59.616 Y132.504 E6.20167
G1 X59.685 Y132.696 E6.22161
G1 X59.861 Y132.801 F7800
G1 E3.22161 F2400
G92 E0
G1 X64.927 Y84.427 F7800
G1 E3 F2400
;TYPE:Perimeter
G1 F4800
G1 X67.073 Y84.427 E3.21033
G1 X67.073 Y140.427 E8.69707
G1 X135.073 Y140.427 E15.35955
G1 X135.073 Y142.573 E15.56987
G1 X52.927 Y142.573 E23.61841
G1 X52.927 Y113.427 E26.47413
G1 X64.927 Y113.427 E27.64986
G1 X64.927 Y84.517 E30.48239
G1 X64.337 Y85.162 F7800
;TYPE:External perimeter
G1 F2400
G1 X64.337 Y112.838 E33.19392
G1 X53.662 Y112.838 E34.23983
G1 X53.662 Y85.162 E36.95136
G1 X64.247 Y85.162 E37.98846
G1 X64.89 Y84.928 F7800
G1 E34.98846 F2400
G92 E0
G1 X57.792 Y75.811 F7800
G1 E3 F2400
G1 F1800
G1 X57.647 Y75.834 E3.01437
G1 X57.212 Y75.821 E3.05698
G1 X56.919 Y75.765 E3.08627
G1 X56.634 Y75.672 E3.11556
G1 X56.247 Y75.475 E3.15817
G1 X55.899 Y75.205 E3.20131
G1 X55.608 Y74.875 E3.24444
G1 X55.384 Y74.496 E3.28758
G1 X55.234 Y74.082 E3.33071
G1 X55.166 Y73.647 E3.37384
G1 X55.179 Y73.207 E3.41698
G1 X55.274 Y72.782 E3.45959
G1 X55.384 Y72.506 E3.48872
G1 X55.497 Y72.296 E3.5121
G1 X55.793 Y71.901 E3.56047
G1 X56.125 Y71.608 E3.60388
G1 X56.504 Y71.384 E3.64702
G1 X56.921 Y71.234 E3.69043
G1 X57.41 Y71.164 E3.7388
G1 X57.648 Y71.167 E3.76217
G1 X57.943 Y71.204 E3.79131
G1 X58.361 Y71.325 E3.83392
G1 X58.753 Y71.525 E3.87705
G1 X59.101 Y71.795 E3.92018
G1 X59.392 Y72.125 E3.96332
G1 X59.616 Y72.504 E4.00645
G1 X59.766 Y72.918 E4.04959
G1 X59.834 Y73.353 E4.09272
G1 X59.821 Y73.793 E4.13585
G1 X59.725 Y74.223 E4.17899
G1 X59.55 Y74.627 E4.22212
G1 X59.302 Y74.991 E4.26525
G1 X58.995 Y75.298 E4.30786
G1 X58.753 Y75.474 E4.33715
G1 X58.491 Y75.618 E4.36645
G1 X58.082 Y75.766 E4.40906
G1 X57.881 Y75.797 E4.429
G1 X57.744 Y75.95 F7800
G1 X57.973 Y76.379
;TYPE:Perimeter
G1 F4800
G1 X58.229 Y76.339 E4.4544
G1 X58.734 Y76.157 E4.50701
G1 X59.069 Y75.973 E4.54448
G1 X59.379 Y75.748 E4.58194
G1 X59.758 Y75.368 E4.63456
G1 X59.824 Y75.272 E4.64599
G1 X60.073 Y75.348 E4.67157
G1 X60.073 Y84.573 E5.5754
G1 X52.927 Y84.573 E6.27561
G1 X52.927 Y67.427 E7.9556
G1 X60.073 Y67.427 E8.65582
G1 X60.073 Y72.007 E9.10457
G1 X59.506 Y71.364 E9.18858
G1 X59.07 Y71.025 E9.24263
G1 X58.579 Y70.775 E9.29667
G1 X58.063 Y70.625 E9.34928
G1 X57.688 Y70.578 E9.38632
G1 X57.371 Y70.575 E9.41739
G1 X56.778 Y70.659 E9.47604
G1 X56.252 Y70.848 E9.53084
G1 X55.777 Y71.129 E9.58489
G1 X55.358 Y71.499 E9.6397
G1 X54.999 Y71.978 E9.69834
G1 X54.849 Y72.257 E9.72941
G1 X54.709 Y72.609 E9.76645
G1 X54.592 Y73.133 E9.81906
G1 X54.575 Y73.684 E9.87311
G1 X54.661 Y74.229 E9.92716
G1 X54.848 Y74.748 E9.9812
G1 X55.129 Y75.223 E10.03525
G1 X55.494 Y75.636 E10.0893
G1 X55.93 Y75.975 E10.14334
G1 X56.408 Y76.218 E10.19595
G1 X56.772 Y76.336 E10.23342
G1 X57.147 Y76.408 E10.27089
G1 X57.684 Y76.425 E10.32349
G1 X57.884 Y76.393 E10.34332
G1 X60.662 Y83.837 F7800
;TYPE:External perimeter
G1 F2400
G1 X67.662 Y83.837 E11.02917
G1 X67.662 Y139.838 E16.51591
G1 X135.663 Y139.838 E23.17839
G1 X135.663 Y143.163 E23.50416
G1 X52.337 Y143.163 E31.66814
G1 X52.337 Y66.837 E39.14628
G1 X60.662 Y66.837 E39.96195
G1 X60.662 Y83.747 E41.61875
G1 X60.753 Y84.431 F7800
G1 X60.368 Y84.5
;TYPE:Gap fill
;WIDTH:0.821683
G1 F1200
G1 X64.632 Y84.5 E42.14056
G1 X65.369 Y86.829 F7800
;TYPE:Internal infill
;WIDTH:0.675
G1 F3600
G1 X65.369 Y90.364 E42.4869
G1 X66.631 Y91.627 E42.6619
G1 X66.631 Y92.408 E42.73838
G1 X65.369 Y92.746 E42.86648
G1 X65.369 Y96.281 E43.21283
G1 X66.631 Y98.022 F7800
G1 F3600
G1 X66.631 Y101.557 E43.55918
G1 X65.369 Y101.896 E43.68728
G1 X65.369 Y102.862 E43.78201
G1 X66.631 Y104.125 E43.95701
G1 X66.631 Y107.66 E44.30335
G1 E41.30335 F2400
G92 E0
G1 X53.369 Y72.049 F7800
G1 E3 F2400
G1 F3600
G1 X53.369 Y68.514 E3.34635
G1 X55.779 Y67.869 E3.59083
G1 X55.371 Y67.869 E3.63083
G1 X57.638 Y70.135 E3.94494
G1 X58.153 Y70.191 E3.99575
G1 X58.742 Y70.362 E4.05586
G1 X59.262 Y70.627 E4.11298
G1 X59.355 Y70.481 E4.12995
G1 X59.631 Y69.447 E4.23478
G1 X59.631 Y67.869 E4.38947
G1 X57.675 Y67.869 E4.58112
G1 X59.558 Y70.985 F7800
;TYPE:Gap fill
;WIDTH:0.196094
G1 F1200
G1 X59.724 Y71.09 E4.58471
;WIDTH:0.196095
G1 X59.735 Y71.114 E4.5852
;WIDTH:0.172579
G1 X59.779 Y71.214 E4.58678
G1 X59.861 Y72.267 F7800
;WIDTH:0.179594
G1 F1200
G1 X59.924 Y72.354 E4.58846
;WIDTH:0.182145
G1 X59.929 Y72.362 E4.58861
;WIDTH:0.229448
G1 X59.994 Y72.47 E4.59162
;WIDTH:0.27675
G1 X60.058 Y72.579 E4.59563
;WIDTH:0.324052
G1 X60.122 Y72.688 E4.60063
;WIDTH:0.371355
G1 X60.186 Y72.796 E4.60662
;WIDTH:0.384581
G1 X60.2 Y72.821 E4.60803
;WIDTH:0.399549
G1 X60.211 Y72.846 E4.60943
;WIDTH:0.399549
G1 X60.23 Y73.081 E4.62173
;WIDTH:0.362543
G1 X60.248 Y73.316 E4.63258
;WIDTH:0.325535
G1 X60.249 Y73.338 E4.63348
;WIDTH:0.339698
G1 X60.241 Y73.834 E4.65442
;WIDTH:0.342729
G1 X60.239 Y73.858 E4.65544
;WIDTH:0.37923
G1 X60.221 Y74.024 E4.66356
;WIDTH:0.415731
G1 X60.203 Y74.189 E4.67268
;WIDTH:0.452233
G1 X60.185 Y74.354 E4.68282
;WIDTH:0.463345
G1 X60.076 Y75.041 E4.72647
G1 X59.631 Y81.092 F7800
;TYPE:Internal infill
;WIDTH:0.675
G1 F3600
G1 X59.631 Y84.131 E5.02423
G1 X59.136 Y84.131 E5.07282
G1 X53.369 Y78.364 E5.87191
G1 X53.369 Y77.663 E5.94058
G1 X56.696 Y76.772 E6.27811
G1 X57.099 Y76.849 E6.31827
G1 X57.644 Y76.866 E6.37169
G1 X55.697 Y84.131 E7.10868
G1 X53.369 Y84.131 E7.3368
G1 X53.369 Y82.925 E7.45502
G1 X53 Y84.868 F7800
;TYPE:Gap fill
;WIDTH:0.821683
G1 F1200
G1 X53 Y113.132 E10.91373
G1 X53.369 Y119.874 F7800
;TYPE:Internal infill
;WIDTH:0.675
G1 F3600
G1 X53.369 Y123.409 E11.26008
G1 X66.631 Y119.855 E12.60539
G1 X66.631 Y116.623 E12.92206
G1 X63.877 Y113.869 E13.30377
G1 X65.369 Y113.869 E13.44993
G1 X65.369 Y111.045 E13.72661
G1 X66.631 Y110.706 E13.85471
G1 X66.631 Y111.613 E13.94357
G1 X60.852 Y133.184 E16.13161
G1 X60.769 Y132.661 E16.18353
G1 X60.553 Y132.063 E16.24576
G1 X60.23 Y131.516 E16.30799
G1 X59.81 Y131.04 E16.37023
G1 X59.611 Y130.886 E16.3949
G1 X66.631 Y129.005 E17.10701
G1 X66.631 Y129.121 E17.11844
G1 X53.369 Y115.858 E18.95617
G1 X53.369 Y114.26 E19.11277
G1 X54.83 Y113.869 E19.26097
G1 X56.878 Y113.869 E19.46167
G1 X53.369 Y126.966 E20.7902
G1 X53.369 Y128.356 E20.92641
G1 X55.683 Y130.671 E21.24716
G1 X55.516 Y130.77 E21.26616
G1 X55.031 Y131.198 E21.32952
G1 X54.625 Y131.739 E21.39587
G1 X54.447 Y132.071 E21.43271
G1 X54.359 Y132.293 E21.45613
G1 X53.369 Y132.558 E21.55662
G1 X53.369 Y136.093 E21.90297
G1 X66.631 Y134.619 F7800
G1 F3600
G1 X66.631 Y138.154 E22.24932
G1 X53.369 Y141.707 E23.59463
G1 X53.369 Y140.854 E23.67823
G1 X54.646 Y142.131 E23.85521
G1 X58.454 Y142.131 E24.22834
G1 X60.249 Y135.432 E24.90792
G1 X60.328 Y135.316 E24.92165
G1 X67.144 Y142.131 E25.86604
G1 X67.603 Y142.131 E25.91106
G1 X67.942 Y140.869 E26.03917
G1 X71.477 Y140.869 E26.38551
G1 X73.217 Y142.131 F7800
G1 F3600
G1 X76.752 Y142.131 E26.73186
G1 X77.091 Y140.869 E26.85996
G1 X78.379 Y140.869 E26.98616
G1 X79.642 Y142.131 E27.16115
G1 X83.177 Y142.131 E27.5075
G1 X82.705 Y140.869 F7800
G1 F3600
G1 X86.24 Y140.869 E27.85385
G1 X85.902 Y142.131 E27.98195
G1 X90.644 Y140.869 E28.46285
G1 X90.877 Y140.869 E28.4856
G1 X92.14 Y142.131 E28.6606
G1 X95.051 Y142.131 E28.94581
G1 X95.389 Y140.869 E29.07391
G1 X103.375 Y140.869 E29.85632
G1 X104.638 Y142.131 E30.03132
G1 X104.2 Y142.131 E30.07422
G1 X104.538 Y140.869 E30.20232
G1 X108.073 Y140.869 E30.54867
G1 X109.814 Y142.131 F7800
G1 F3600
G1 X113.349 Y142.131 E30.89501
G1 X113.687 Y140.869 E31.02312
G1 X115.873 Y140.869 E31.23723
G1 X117.136 Y142.131 E31.41223
G1 X120.076 Y142.131 E31.70034
G1 X124.79 Y140.869 E32.17843
G1 X128.371 Y140.869 E32.52929
G1 X129.634 Y142.131 E32.70429
G1 X131.647 Y142.131 E32.90159
G1 X131.986 Y140.869 E33.02969
G1 X134.631 Y140.869 E33.28893
G1 X134.631 Y141.758 E33.37604
G1 X126.033 Y142.131 F7800
G1 F3600
G1 X122.498 Y142.131 E33.72238
G1 X122.836 Y140.869 E33.85049
G1 X119.302 Y140.869 E34.19684
G1 E31.19684 F2400
G92 E0
G1 X112.074 Y74.898 F7800
G1 E3 F2400
;TYPE:Perimeter
G1 F1800
G1 X111.872 Y75.218 E3.03704
G1 X111.672 Y75.464 E3.06811
G1 X111.229 Y75.867 E3.12675
G1 X110.748 Y76.152 E3.18156
G1 X110.229 Y76.339 E3.23561
G1 X109.684 Y76.425 E3.28966
G1 X109.133 Y76.408 E3.3437
G1 X108.594 Y76.287 E3.39775
G1 X108.088 Y76.068 E3.45179
G1 X107.644 Y75.766 E3.50441
G1 X107.368 Y75.508 E3.54144
G1 X107.164 Y75.265 E3.57251
G1 X106.851 Y74.755 E3.63116
G1 X106.661 Y74.229 E3.68597
G1 X106.575 Y73.684 E3.74001
G1 X106.592 Y73.133 E3.79406
G1 X106.709 Y72.609 E3.84667
G1 X106.85 Y72.253 E3.88413
G1 X107.034 Y71.918 E3.9216
G1 X107.364 Y71.494 E3.97421
G1 X107.777 Y71.129 E4.02826
G1 X108.252 Y70.848 E4.08231
G1 X108.778 Y70.659 E4.13711
G1 X109.371 Y70.575 E4.19576
G1 X109.688 Y70.578 E4.22683
G1 X110.063 Y70.625 E4.26387
G1 X110.579 Y70.775 E4.31648
G1 X111.07 Y71.025 E4.37052
G1 X111.506 Y71.364 E4.42457
G1 X111.871 Y71.777 E4.47862
G1 X112.152 Y72.252 E4.53266
G1 X112.339 Y72.771 E4.58671
G1 X112.425 Y73.316 E4.64076
G1 X112.408 Y73.867 E4.6948
G1 X112.287 Y74.406 E4.74885
G1 X112.11 Y74.816 E4.79264
G1 X111.392 Y74.873 F7800
;TYPE:External perimeter
G1 F1800
G1 X111.242 Y75.058 E4.81602
G1 X110.877 Y75.391 E4.86439
G1 X110.496 Y75.616 E4.9078
G1 X110.082 Y75.766 E4.95093
G1 X109.647 Y75.834 E4.99407
G1 X109.207 Y75.821 E5.0372
G1 X108.777 Y75.725 E5.08033
G1 X108.373 Y75.55 E5.12347
G1 X108.013 Y75.305 E5.16608
G1 X107.797 Y75.102 E5.19521
G1 X107.643 Y74.919 E5.21859
G1 X107.385 Y74.499 E5.26696
G1 X107.234 Y74.082 E5.31037
G1 X107.166 Y73.647 E5.3535
G1 X107.179 Y73.207 E5.39664
G1 X107.274 Y72.782 E5.43925
G1 X107.384 Y72.504 E5.46854
G1 X107.528 Y72.242 E5.49783
G1 X107.795 Y71.899 E5.54044
G1 X108.125 Y71.608 E5.58357
G1 X108.504 Y71.384 E5.62671
G1 X108.921 Y71.234 E5.67012
G1 X109.41 Y71.164 E5.71849
G1 X109.648 Y71.167 E5.74187
G1 X109.943 Y71.204 E5.771
G1 X110.361 Y71.325 E5.81361
G1 X110.753 Y71.525 E5.85675
G1 X111.101 Y71.795 E5.89988
G1 X111.392 Y72.125 E5.94301
G1 X111.616 Y72.504 E5.98615
G1 X111.766 Y72.918 E6.02928
G1 X111.834 Y73.353 E6.07241
G1 X111.821 Y73.793 E6.11555
G1 X111.725 Y74.223 E6.15868
G1 X111.552 Y74.622 E6.20129
G1 X111.441 Y74.797 E6.22161
G1 X111.493 Y75.089 F7800
G1 X108.927 Y82.573
;TYPE:Perimeter
G1 F4800
G1 X105.927 Y82.573 E6.51554
G1 X105.927 Y67.427 E7.99958
G1 X113.073 Y67.427 E8.69979
G1 X113.073 Y123.573 E14.20091
G1 X108.927 Y123.573 E14.60719
G1 X108.927 Y82.663 E18.61546
G1 X108.338 Y83.162 F7800
;TYPE:External perimeter
G1 F2400
G1 X105.338 Y83.162 E18.90939
G1 X105.338 Y66.837 E20.50887
G1 X113.663 Y66.837 E21.32454
G1 X113.663 Y124.163 E26.9411
G1 X108.338 Y124.163 E27.46283
G1 X108.338 Y83.252 E31.47109
G1 X108.312 Y82.563 F7800
G1 X112.631 Y83.617
;TYPE:Internal infill
G1 F3600
G1 X112.631 Y80.082 E31.81744
G1 X106.369 Y81.76 E32.45272
G1 X106.369 Y81.373 E32.49072
G1 X107.127 Y82.131 E32.59586
G1 X109.369 Y82.131 E32.81544
G1 X109.369 Y84.373 E33.03503
G1 X112.631 Y87.636 E33.48715
G1 X112.631 Y89.231 E33.64351
G1 X109.369 Y90.106 E33.97448
G1 X109.369 Y88.696 E34.11256
G1 X112.631 Y76.519 E35.34777
G1 X112.631 Y75.641 E35.43376
G1 X112.266 Y75.42 E35.47558
G1 X111.994 Y75.768 E35.5189
G1 X111.493 Y76.224 E35.58525
G1 X110.937 Y76.553 E35.64861
G1 X110.5 Y76.711 E35.69408
G1 X112.397 Y74.982 F7800
;TYPE:Gap fill
;WIDTH:0.210255
G1 F1200
G1 X112.487 Y74.835 E35.69765
;WIDTH:0.253669
G1 X112.576 Y74.687 E35.70248
;WIDTH:0.297083
G1 X112.666 Y74.539 E35.70855
;WIDTH:0.300756
G1 X112.671 Y74.529 E35.70895
;WIDTH:0.300755
G1 X112.672 Y74.52 E35.70927
;WIDTH:0.298402
G1 X112.696 Y74.308 E35.71681
;WIDTH:0.254548
G1 X112.719 Y74.096 E35.7228
;WIDTH:0.210694
G1 X112.743 Y73.884 E35.72723
G1 X112.741 Y73.192 F7800
;WIDTH:0.203543
G1 F1200
G1 X112.722 Y72.939 E35.7322
;WIDTH:0.240245
G1 X112.702 Y72.685 E35.73873
;WIDTH:0.243969
G1 X112.7 Y72.671 E35.73912
;WIDTH:0.28972
G1 X112.677 Y72.54 E35.74363
;WIDTH:0.335471
G1 X112.654 Y72.409 E35.74915
;WIDTH:0.335469
G1 X112.594 Y72.308 E35.75401
;WIDTH:0.291573
G1 X112.535 Y72.207 E35.75802
;WIDTH:0.247677
G1 X112.475 Y72.106 E35.76117
;WIDTH:0.203779
G1 X112.469 Y72.097 E35.76139
;WIDTH:0.200655
G1 X112.34 Y71.919 E35.76559
G1 X112.897 Y68.867 F7800
;TYPE:Solid infill
;WIDTH:0.709038
G1 F1200
G1 X111.899 Y67.869 E35.91187
G1 X111.017 Y67.869 E36.00321
G1 X112.631 Y69.483 E36.23981
G1 X112.631 Y70.364 E36.33115
G1 X110.136 Y67.869 E36.69691
G1 X109.255 Y67.869 E36.78825
G1 X112.631 Y71.245 E37.2832
G1 X112.631 Y71.398 E37.29902
G1 X112.519 Y71.243 E37.31894
G1 X112.196 Y71.477 E37.36031
G1 X111.81 Y71.04 E37.42072
G1 X111.308 Y70.651 E37.48655
G1 X110.997 Y70.492 E37.52278
G1 X108.373 Y67.869 E37.90729
G1 X107.492 Y67.869 E37.99863
G1 X109.766 Y70.142 E38.33189
G1 X109.342 Y70.133 E38.37579
G1 X108.933 Y70.191 E38.41865
G1 X106.611 Y67.869 E38.75899
G1 X106.369 Y67.869 E38.78407
G1 X106.369 Y68.508 E38.85033
G1 X108.243 Y70.382 E39.12501
G1 X108.063 Y70.447 E39.14478
G1 X107.663 Y70.683 E39.19299
G1 X106.369 Y69.389 E39.38268
G1 X106.369 Y70.27 E39.47402
G1 X107.36 Y71.262 E39.61929
G1 X106.523 Y71.549 F7800
;TYPE:Gap fill
;WIDTH:0.471601
G1 F1200
G1 X106.409 Y72.058 E39.65276
;WIDTH:0.460915
G1 X106.389 Y72.164 E39.6595
;WIDTH:0.420465
G1 X106.368 Y72.27 E39.6655
;WIDTH:0.380015
G1 X106.348 Y72.376 E39.67078
;WIDTH:0.339565
G1 X106.328 Y72.482 E39.67534
;WIDTH:0.299116
G1 X106.325 Y72.499 E39.67593
;WIDTH:0.294135
G1 X106.303 Y72.705 E39.68309
;WIDTH:0.251704
G1 X106.28 Y72.91 E39.6888
;WIDTH:0.209272
G1 X106.257 Y73.116 E39.69304
G1 X106.259 Y73.808 F7800
;WIDTH:0.203541
G1 F1200
G1 X106.279 Y74.061 E39.69802
;WIDTH:0.240241
G1 X106.298 Y74.315 E39.70454
;WIDTH:0.243963
G1 X106.3 Y74.329 E39.70493
;WIDTH:0.28432
G1 X106.32 Y74.445 E39.70881
;WIDTH:0.324675
G1 X106.341 Y74.56 E39.71347
;WIDTH:0.324674
G1 X106.406 Y74.674 E39.71867
;WIDTH:0.278481
G1 X106.471 Y74.787 E39.72286
;WIDTH:0.232288
G1 X106.537 Y74.9 E39.72604
;WIDTH:0.186093
G1 X106.542 Y74.909 E39.72621
;WIDTH:0.183516
G1 X106.631 Y75.032 E39.72868
G1 E36.72868 F2400
G92 E0
G1 X109.369 Y93.336 F7800
G1 E3 F2400
;TYPE:Internal infill
;WIDTH:0.675
G1 F3600
G1 X109.369 Y96.871 E3.34635
G1 X112.631 Y100.134 E3.79846
G1 X112.631 Y98.381 E3.97021
G1 X109.369 Y99.255 E4.30119
G1 X109.369 Y102.79 E4.64753
G1 X109.369 Y114.018 F7800
G1 F3600
G1 X109.369 Y117.553 E4.99388
G1 X112.631 Y116.679 E5.32485
G1 X112.631 Y112.631 E5.7214
G1 X109.369 Y109.369 E6.17352
G1 X109.369 Y108.404 E6.26802
G1 X112.631 Y107.53 E6.59899
G1 X112.631 Y110.664 E6.90608
G1 X109.369 Y122.841 E8.14129
G1 X109.369 Y123.131 E8.16971
G1 X110.634 Y123.131 E8.29365
G1 X109.369 Y121.866 E8.46892
G1 E5.46892 F2400
G92 E0
G1 X149.284 Y116.22 F7800
G1 E3 F2400
;TYPE:External perimeter
G1 F1800
G1 X149.234 Y116.082 E3.01442
G1 X149.166 Y115.647 E3.05756
G1 X149.179 Y115.207 E3.10069
G1 X149.274 Y114.782 E3.1433
G1 X149.384 Y114.504 E3.17259
G1 X149.528 Y114.242 E3.20188
G1 X149.795 Y113.899 E3.24449
G1 X150.125 Y113.608 E3.28763
G1 X150.504 Y113.384 E3.33076
G1 X150.921 Y113.234 E3.37417
G1 X151.41 Y113.164 E3.42254
G1 X151.648 Y113.167 E3.44592
G1 X151.943 Y113.204 E3.47505
G1 X152.361 Y113.325 E3.51766
G1 X152.753 Y113.525 E3.5608
G1 X153.101 Y113.795 E3.60393
G1 X153.392 Y114.125 E3.64707
G1 X153.616 Y114.504 E3.6902
G1 X153.766 Y114.918 E3.73333
G1 X153.834 Y115.353 E3.77647
G1 X153.821 Y115.788 E3.81908
G1 X153.765 Y116.08 E3.84821
G1 X153.693 Y116.308 E3.87159
G1 X153.477 Y116.751 E3.91996
G1 X153.205 Y117.101 E3.96337
G1 X152.875 Y117.392 E4.0065
G1 X152.496 Y117.616 E4.04964
G1 X152.082 Y117.766 E4.09277
G1 X151.647 Y117.834 E4.1359
G1 X151.207 Y117.821 E4.17904
G1 X150.782 Y117.726 E4.22165
G1 X150.504 Y117.616 E4.25094
G1 X150.242 Y117.472 E4.28023
G1 X149.899 Y117.205 E4.32284
G1 X149.608 Y116.875 E4.36598
G1 X149.384 Y116.496 E4.40911
G1 X149.315 Y116.305 E4.429
G1 X149.139 Y116.2 F7800
G1 E1.429 F2400
G92 E0
G1 X150.221 Y76.132 F7800
G1 E3 F2400
;TYPE:Perimeter
G1 F1800
G1 X149.918 Y75.966 E3.03384
G1 X149.494 Y75.636 E3.08644
G1 X149.129 Y75.223 E3.14049
G1 X148.848 Y74.748 E3.19454
G1 X148.661 Y74.229 E3.24858
G1 X148.575 Y73.684 E3.30263
G1 X148.592 Y73.133 E3.35668
G1 X148.709 Y72.609 E3.40929
G1 X148.85 Y72.253 E3.44675
G1 X149.034 Y71.918 E3.48422
G1 X149.364 Y71.494 E3.53683
G1 X149.777 Y71.129 E3.59088
G1 X150.252 Y70.848 E3.64492
G1 X150.778 Y70.659 E3.69973
G1 X151.371 Y70.575 E3.75837
G1 X151.688 Y70.578 E3.78944
G1 X152.063 Y70.625 E3.82648
G1 X152.579 Y70.775 E3.87909
G1 X153.07 Y71.025 E3.93314
G1 X153.506 Y71.364 E3.98719
G1 X153.871 Y71.777 E4.04123
G1 X154.152 Y72.252 E4.09528
G1 X154.339 Y72.771 E4.14933
G1 X154.425 Y73.316 E4.20337
G1 X154.408 Y73.867 E4.25742
G1 X154.287 Y74.406 E4.31147
G1 X154.074 Y74.898 E4.36408
G1 X153.872 Y75.218 E4.40112
G1 X153.672 Y75.464 E4.43219
G1 X153.229 Y75.867 E4.49083
G1 X152.748 Y76.152 E4.54564
G1 X152.229 Y76.339 E4.59968
G1 X151.684 Y76.425 E4.65373
G1 X151.133 Y76.408 E4.70778
G1 X150.609 Y76.291 E4.76039
G1 X150.302 Y76.169 E4.79267
G1 X150.504 Y75.616 F7800
;TYPE:External perimeter
G1 F1800
G1 X150.242 Y75.472 E4.82196
G1 X149.899 Y75.205 E4.86457
G1 X149.608 Y74.875 E4.9077
G1 X149.384 Y74.496 E4.95084
G1 X149.234 Y74.082 E4.99397
G1 X149.166 Y73.647 E5.0371
G1 X149.179 Y73.207 E5.08024
G1 X149.274 Y72.782 E5.12285
G1 X149.384 Y72.504 E5.15214
G1 X149.528 Y72.242 E5.18143
G1 X149.795 Y71.899 E5.22404
G1 X150.125 Y71.608 E5.26717
G1 X150.504 Y71.384 E5.31031
G1 X150.921 Y71.234 E5.35372
G1 X151.41 Y71.164 E5.40209
G1 X151.648 Y71.167 E5.42547
G1 X151.943 Y71.204 E5.4546
G1 X152.361 Y71.325 E5.49721
G1 X152.753 Y71.525 E5.54035
G1 X153.101 Y71.795 E5.58348
G1 X153.392 Y72.125 E5.62661
G1 X153.616 Y72.504 E5.66975
G1 X153.766 Y72.918 E5.71288
G1 X153.834 Y73.353 E5.75601
G1 X153.821 Y73.793 E5.79915
G1 X153.725 Y74.223 E5.84228
G1 X153.552 Y74.622 E5.88489
G1 X153.392 Y74.873 E5.91403
G1 X153.242 Y75.058 E5.9374
G1 X152.877 Y75.391 E5.98577
G1 X152.496 Y75.616 E6.02918
G1 X152.082 Y75.766 E6.07232
G1 X151.647 Y75.834 E6.11545
G1 X151.207 Y75.821 E6.15859
G1 X150.782 Y75.726 E6.2012
G1 X150.588 Y75.649 E6.22167
G1 X150.261 Y75.789 F7800
G1 E3.22167 F2400
G92 E0
G1 X154.927 Y115.916 F7800
G1 E3 F2400
;TYPE:Perimeter
G1 F4800
G1 X154.581 Y116.216 E3.04488
G1 X154.363 Y116.091 E3.06952
G1 X154.408 Y115.853 E3.09328
G1 X154.425 Y115.316 E3.14589
G1 X154.302 Y114.542 E3.22265
G1 X154.927 Y115.084 E3.30363
G1 X154.927 Y82.573 E6.48893
G1 X147.927 Y82.573 E7.17478
G1 X147.927 Y67.427 E8.65881
G1 X157.073 Y67.427 E9.55498
G1 X157.073 Y124.573 E15.15408
G1 X154.927 Y124.573 E15.3644
G1 X154.927 Y116.006 E16.2038
G1 X154.338 Y117.208 F7800
;TYPE:External perimeter
G1 F2400
G1 X153.355 Y118.06 E16.33125
G1 X153.023 Y118.271 E16.36976
G1 X152.664 Y118.44 E16.40867
G1 X152.286 Y118.562 E16.44757
G1 X151.704 Y118.656 E16.50536
G1 X151.301 Y118.656 E16.54479
G1 X150.908 Y118.606 E16.58369
G1 X150.523 Y118.507 E16.62259
G1 X150.154 Y118.361 E16.6615
G1 X149.806 Y118.17 E16.7004
G1 X149.339 Y117.809 E16.7582
G1 X149.064 Y117.515 E16.79762
G1 X148.83 Y117.194 E16.83652
G1 X148.639 Y116.846 E16.87543
G1 X148.493 Y116.477 E16.91433
G1 X148.394 Y116.092 E16.95323
G1 X148.344 Y115.699 E16.99214
G1 X148.344 Y115.296 E17.03156
G1 X148.438 Y114.714 E17.08935
G1 X148.637 Y114.158 E17.14715
G1 X148.833 Y113.801 E17.18709
G1 X149.195 Y113.336 E17.24488
G1 X149.487 Y113.062 E17.28406
G1 X149.976 Y112.73 E17.342
G1 X150.336 Y112.56 E17.381
G1 X150.9 Y112.395 E17.43859
G1 X151.361 Y112.343 E17.48407
G1 X151.9 Y112.364 E17.53691
G1 X152.286 Y112.438 E17.57541
G1 X152.844 Y112.638 E17.63348
G1 X153.354 Y112.939 E17.69155
G1 X154.338 Y113.792 E17.81909
G1 X154.338 Y83.162 E20.82014
G1 X147.338 Y83.162 E21.50599
G1 X147.338 Y66.837 E23.10547
G1 X157.663 Y66.837 E24.11709
G1 X157.663 Y125.163 E29.83163
G1 X154.338 Y125.163 E30.15741
G1 X154.338 Y117.298 E30.928
G1 X153.995 Y116.715 F7800
G1 X153.86 Y117.01
;TYPE:Gap fill
;WIDTH:0.430953
G1 F1200
G1 X154.357 Y116.428 E30.97196
G1 X153.86 Y117.01 F7800
;WIDTH:0.420449
G1 F1200
G1 X153.687 Y117.193 E30.98597
;WIDTH:0.371102
G1 X153.514 Y117.376 E30.99791
;WIDTH:0.321753
G1 X153.498 Y117.391 E30.99878
;WIDTH:0.319493
G1 X153.125 Y117.718 E31.01805
;WIDTH:0.31717
G1 X153.109 Y117.73 E31.01881
;WIDTH:0.317216
G1 X153.108 Y117.731 E31.01889
;WIDTH:0.327715
G1 X152.823 Y117.906 E31.03233
;WIDTH:0.327716
G1 X152.68 Y117.982 E31.03885
;WIDTH:0.312462
G1 X152.66 Y117.991 E31.03965
;WIDTH:0.327716
G1 X152.511 Y118.053 E31.04616
;WIDTH:0.327717
G1 X152.194 Y118.161 E31.05961
;WIDTH:0.317388
G1 X152.184 Y118.164 E31.06003
;WIDTH:0.317386
G1 X152.173 Y118.166 E31.06045
;WIDTH:0.328089
G1 X151.832 Y118.226 E31.07439
;WIDTH:0.328087
G1 X151.684 Y118.245 E31.0804
;WIDTH:0.318721
G1 X151.684 Y118.245 E31.08043
;WIDTH:0.318595
G1 X151.662 Y118.245 E31.08127
;WIDTH:0.327715
G1 X151.328 Y118.24 E31.09472
;WIDTH:0.327715
G1 X151.166 Y118.227 E31.10123
;WIDTH:0.31246
G1 X151.145 Y118.225 E31.10204
;WIDTH:0.327713
G1 X150.986 Y118.197 E31.10855
;WIDTH:0.327711
G1 X150.67 Y118.121 E31.12159
;WIDTH:0.318386
G1 X150.653 Y118.116 E31.1223
;WIDTH:0.318718
G1 X150.65 Y118.115 E31.1224
;WIDTH:0.318719
G1 X150.336 Y117.991 E31.13549
;WIDTH:0.318951
G1 X150.329 Y117.988 E31.13577
;WIDTH:0.31895
G1 X150.323 Y117.985 E31.13606
;WIDTH:0.318722
G1 X150.026 Y117.822 E31.14915
;WIDTH:0.318722
G1 X150.024 Y117.82 E31.14925
;WIDTH:0.318387
G1 X150.009 Y117.81 E31.14995
;WIDTH:0.328083
G1 X149.74 Y117.608 E31.16349
;WIDTH:0.328083
G1 X149.626 Y117.513 E31.1695
;WIDTH:0.318715
G1 X149.625 Y117.513 E31.16953
;WIDTH:0.318588
G1 X149.61 Y117.497 E31.17038
;WIDTH:0.327715
G1 X149.385 Y117.25 E31.18382
;WIDTH:0.327713
G1 X149.283 Y117.124 E31.19034
;WIDTH:0.312459
G1 X149.271 Y117.106 E31.19114
;WIDTH:0.327711
G1 X149.182 Y116.971 E31.19765
;WIDTH:0.327711
G1 X149.016 Y116.681 E31.2111
;WIDTH:0.31738
G1 X149.011 Y116.671 E31.21152
;WIDTH:0.31738
G1 X149.007 Y116.661 E31.21194
;WIDTH:0.327711
G1 X148.889 Y116.348 E31.22538
;WIDTH:0.327712
G1 X148.841 Y116.194 E31.23189
;WIDTH:0.312461
G1 X148.836 Y116.173 E31.2327
;WIDTH:0.327715
G1 X148.803 Y116.014 E31.23921
;WIDTH:0.327714
G1 X148.756 Y115.684 E31.25265
;WIDTH:0.317391
G1 X148.755 Y115.673 E31.25307
;WIDTH:0.317391
G1 X148.755 Y115.662 E31.25349
;WIDTH:0.328088
G1 X148.76 Y115.316 E31.26744
;WIDTH:0.328087
G1 X148.769 Y115.167 E31.27344
;WIDTH:0.318714
G1 X148.77 Y115.166 E31.27348
;WIDTH:0.318582
G1 X148.773 Y115.145 E31.27432
;WIDTH:0.327709
G1 X148.841 Y114.817 E31.28777
;WIDTH:0.32771
G1 X148.881 Y114.671 E31.29388
;WIDTH:0.313402
G1 X148.886 Y114.654 E31.29455
;WIDTH:0.324886
G1 X148.95 Y114.478 E31.30199
;WIDTH:0.324887
G1 X149.007 Y114.34 E31.30792
;WIDTH:0.320196
G1 X149.009 Y114.336 E31.3081
;WIDTH:0.319639
G1 X149.015 Y114.323 E31.30867
;WIDTH:0.318719
G1 X149.179 Y114.024 E31.32186
;WIDTH:0.319077
G1 X149.184 Y114.016 E31.32221
;WIDTH:0.319293
G1 X149.189 Y114.009 E31.32257
;WIDTH:0.328085
G1 X149.271 Y113.895 E31.32821
;WIDTH:0.328088
G1 X149.488 Y113.625 E31.34215
;WIDTH:0.317385
G1 X149.495 Y113.617 E31.34257
;WIDTH:0.317387
G1 X149.503 Y113.61 E31.34299
;WIDTH:0.327909
G1 X149.755 Y113.38 E31.3567
;WIDTH:0.327909
G1 X149.875 Y113.282 E31.36296
;WIDTH:0.316163
G1 X149.893 Y113.269 E31.36379
;WIDTH:0.3204
G1 X149.924 Y113.248 E31.36528
;WIDTH:0.327921
G1 X150.175 Y113.095 E31.37711
;WIDTH:0.32792
G1 X150.32 Y113.018 E31.38372
;WIDTH:0.312461
G1 X150.34 Y113.009 E31.38452
;WIDTH:0.327714
G1 X150.489 Y112.947 E31.39103
;WIDTH:0.327715
G1 X150.811 Y112.837 E31.40469
;WIDTH:0.317803
G1 X150.827 Y112.832 E31.40536
;WIDTH:0.318136
G1 X150.833 Y112.831 E31.40561
;WIDTH:0.329098
G1 X150.969 Y112.806 E31.41119
;WIDTH:0.329096
G1 X151.374 Y112.755 E31.42771
;WIDTH:0.31787
G1 X151.377 Y112.754 E31.42781
;WIDTH:0.317828
G1 X151.392 Y112.754 E31.42838
;WIDTH:0.316447
G1 X151.669 Y112.761 E31.43903
;WIDTH:0.308656
G1 X151.682 Y112.762 E31.43951
;WIDTH:0.323571
G1 X151.853 Y112.776 E31.4463
;WIDTH:0.323571
G1 X152.018 Y112.802 E31.45287
;WIDTH:0.313401
G1 X152.035 Y112.805 E31.45355
;WIDTH:0.327711
G1 X152.183 Y112.841 E31.45966
;WIDTH:0.327711
G1 X152.502 Y112.939 E31.4731
;WIDTH:0.318587
G1 X152.523 Y112.946 E31.47395
;WIDTH:0.318716
G1 X152.524 Y112.947 E31.47398
;WIDTH:0.328473
G1 X152.664 Y113.013 E31.48025
;WIDTH:0.328474
G1 X152.866 Y113.118 E31.48941
;WIDTH:0.32508
G1 X152.964 Y113.174 E31.4939
;WIDTH:0.313791
G1 X152.982 Y113.185 E31.49472
;WIDTH:0.326994
G1 X153.105 Y113.272 E31.50076
;WIDTH:0.326995
G1 X153.372 Y113.491 E31.51462
;WIDTH:0.308803
G1 X153.387 Y113.506 E31.51539
;WIDTH:0.341943
G1 X153.564 Y113.681 E31.52598
;WIDTH:0.375082
G1 X153.74 Y113.856 E31.53793
;WIDTH:0.377446
G1 X153.749 Y113.865 E31.53857
;WIDTH:0.377447
G1 X153.755 Y113.879 E31.53927
;WIDTH:0.371348
G1 X153.797 Y113.997 E31.54527
;WIDTH:0.324047
G1 X153.84 Y114.116 E31.55027
;WIDTH:0.276746
G1 X153.883 Y114.235 E31.55427
;WIDTH:0.229445
G1 X153.926 Y114.354 E31.55729
;WIDTH:0.182143
G1 X153.928 Y114.362 E31.55743
;WIDTH:0.179593
G1 X153.955 Y114.467 E31.55912
G1 X156.631 Y110.175 F7800
;TYPE:Internal infill
;WIDTH:0.675
G1 F3600
G1 X156.631 Y106.64 E31.90547
G1 X155.369 Y105.377 E32.08046
G1 X155.369 Y105.228 E32.09508
G1 X156.631 Y104.889 E32.22319
G1 X156.631 Y101.354 E32.56953
G1 X155.369 Y99.613 F7800
G1 F3600
G1 X155.369 Y96.078 E32.91588
G1 X156.631 Y95.74 E33.04398
G1 X156.631 Y94.142 E33.20058
G1 X155.369 Y92.879 E33.37557
G1 X155.369 Y87.747 E33.87834
G1 X156.631 Y83.034 E34.35643
G1 X156.631 Y81.644 E34.49264
G1 X151.836 Y76.848 E35.1571
G1 X151.712 Y76.868 E35.16942
G1 X151.077 Y76.848 E35.23165
G1 X150.478 Y76.714 E35.29176
G1 X150.065 Y76.55 E35.33536
G1 X149.675 Y76.336 E35.37896
G1 X149.345 Y76.081 E35.41977
G1 X148.369 Y79.727 E35.7896
G1 X148.369 Y79.656 E35.79654
G1 X156.631 Y77.442 E36.63469
G1 X156.631 Y73.907 E36.98103
G1 E33.98103 F2400
G92 E0
G1 X148.66 Y75.081 F7800
G1 E3 F2400
;TYPE:Gap fill
;WIDTH:0.200664
G1 F1200
G1 X148.531 Y74.903 E3.0042
;WIDTH:0.203789
G1 X148.525 Y74.894 E3.00442
;WIDTH:0.247682
G1 X148.465 Y74.793 E3.00757
;WIDTH:0.291576
G1 X148.406 Y74.692 E3.01158
;WIDTH:0.33547
G1 X148.346 Y74.591 E3.01644
;WIDTH:0.335469
G1 X148.323 Y74.46 E3.02197
;WIDTH:0.289716
G1 X148.3 Y74.329 E3.02648
;WIDTH:0.243965
G1 X148.298 Y74.315 E3.02687
;WIDTH:0.240241
G1 X148.279 Y74.061 E3.03339
;WIDTH:0.203541
G1 X148.259 Y73.808 E3.03837
G1 X148.257 Y73.116 F7800
;WIDTH:0.209273
G1 F1200
G1 X148.28 Y72.91 E3.04261
;WIDTH:0.251705
G1 X148.303 Y72.705 E3.04832
;WIDTH:0.294138
G1 X148.325 Y72.499 E3.05548
;WIDTH:0.299118
G1 X148.328 Y72.482 E3.05608
;WIDTH:0.339568
G1 X148.348 Y72.376 E3.06063
;WIDTH:0.380019
G1 X148.368 Y72.27 E3.06591
;WIDTH:0.42047
G1 X148.389 Y72.164 E3.07192
;WIDTH:0.460921
G1 X148.409 Y72.058 E3.07865
;WIDTH:0.471609
G1 X148.523 Y71.549 E3.11213
G1 X150.923 Y70.192 F7800
;TYPE:Internal infill
;WIDTH:0.675
G1 F3600
G1 X151.546 Y67.869 E3.3478
G1 X155.354 Y67.869 E3.72092
G1 X156.631 Y69.146 E3.8979
G1 X156.631 Y68.293 E3.9815
G1 X148.369 Y70.507 E4.81965
G1 X148.369 Y67.869 E5.07812
G1 X149.265 Y67.869 E5.16599
G1 E2.16599 F2400
G92 E0
G1 X155.369 Y86.929 F7800
G1 E3 F2400
G1 F3600
G1 X156.631 Y86.591 E3.12811
G1 X156.631 Y90.126 E3.47445
G1 X156.631 Y122.673 F7800
G1 F3600
G1 X156.631 Y119.138 E3.8208
G1 X155.369 Y117.875 E3.99579
G1 X155.369 Y114.377 E4.33852
G1 X156.631 Y114.038 E4.46663
G1 X156.631 Y117.179 E4.77435
G1 X155.369 Y121.892 E5.25245
G1 X155.369 Y123.526 E5.41248
G1 X156.631 Y123.187 E5.54059
G1 X156.631 Y124.131 E5.63309
G1 X155.369 Y124.131 E5.75683
G1 X155.369 Y123.82 E5.78731
;LAYER_CHANGE
;Z:3.85
;HEIGHT:0.4
G1 Z3.85 F7800
G1 E2.78731 F2400
G92 E0
G1 X60.339 Y132.771 F7800
G1 E3 F2400
;TYPE:Perimeter
G1 F1800
G1 X60.425 Y133.316 E3.05405
G1 X60.408 Y133.867 E3.10809
G1 X60.287 Y134.406 E3.16214
G1 X60.068 Y134.912 E3.21619
G1 X59.766 Y135.356 E3.2688
G1 X59.505 Y135.635 E3.30626
G1 X59.21 Y135.879 E3.34373
G1 X58.748 Y136.152 E3.39634
G1 X58.229 Y136.339 E3.45039
G1 X57.684 Y136.425 E3.50443
G1 X57.133 Y136.408 E3.55848
G1 X56.588 Y136.286 E3.61319
G1 X56.05 Y136.044 E3.67094
G1 X55.776 Y135.867 E3.70292
G1 X55.484 Y135.625 E3.74004
G1 X55.129 Y135.223 E3.79266
G1 X54.848 Y134.748 E3.8467
G1 X54.661 Y134.229 E3.90075
G1 X54.575 Y133.684 E3.95479
G1 X54.592 Y133.133 E4.00884
G1 X54.709 Y132.609 E4.06145
G1 X54.85 Y132.253 E4.09892
G1 X55.034 Y131.918 E4.13638
G1 X55.364 Y131.494 E4.18899
G1 X55.777 Y131.129 E4.24304
G1 X56.252 Y130.848 E4.29709
G1 X56.778 Y130.659 E4.3518
G1 X57.361 Y130.575 E4.40955
G1 X57.687 Y130.578 E4.44153
G1 X58.063 Y130.625 E4.47865
G1 X58.579 Y130.775 E4.53126
G1 X59.07 Y131.025 E4.58531
G1 X59.506 Y131.364 E4.63935
G1 X59.871 Y131.777 E4.6934
G1 X60.152 Y132.252 E4.74745
G1 X60.308 Y132.686 E4.79267
G1 X59.716 Y132.78 F7800
;TYPE:External perimeter
G1 F1800
G1 X59.766 Y132.918 E4.80705
G1 X59.834 Y133.353 E4.85018
G1 X59.821 Y133.793 E4.89331
G1 X59.725 Y134.223 E4.93645
G1 X59.55 Y134.627 E4.97958
G1 X59.305 Y134.987 E5.02219
G1 X59.101 Y135.204 E5.05148
G1 X58.87 Y135.395 E5.08077
G1 X58.496 Y135.616 E5.12338
G1 X58.082 Y135.766 E5.16652
G1 X57.647 Y135.834 E5.20965
G1 X57.207 Y135.821 E5.25278
G1 X56.775 Y135.724 E5.29616
G1 X56.332 Y135.525 E5.34369
G1 X56.125 Y135.391 E5.36792
G1 X55.895 Y135.201 E5.39708
G1 X55.608 Y134.875 E5.43969
G1 X55.384 Y134.496 E5.48283
G1 X55.234 Y134.082 E5.52596
G1 X55.166 Y133.647 E5.56909
G1 X55.179 Y133.207 E5.61223
G1 X55.274 Y132.782 E5.65484
G1 X55.384 Y132.504 E5.68413
G1 X55.528 Y132.242 E5.71342
G1 X55.795 Y131.899 E5.75603
G1 X56.125 Y131.608 E5.79916
G1 X56.504 Y131.384 E5.8423
G1 X56.921 Y131.234 E5.88567
G1 X57.401 Y131.165 E5.9332
G1 X57.648 Y131.167 E5.95743
G1 X57.943 Y131.204 E5.9866
G1 X58.361 Y131.325 E6.02921
G1 X58.753 Y131.525 E6.07234
G1 X59.101 Y131.795 E6.11547
G1 X59.392 Y132.125 E6.1586
G1 X59.616 Y132.504 E6.20174
G1 X59.685 Y132.696 E6.22168
G1 X59.861 Y132.801 F7800
G1 E3.22168 F2400
G92 E0
G1 X64.927 Y84.427 F7800
G1 E3 F2400
;TYPE:Perimeter
G1 F4800
G1 X67.073 Y84.427 E3.21033
G1 X67.073 Y140.427 E8.69707
G1 X135.073 Y140.427 E15.35955
G1 X135.073 Y142.573 E15.56987
G1 X52.927 Y142.573 E23.61841
G1 X52.927 Y113.427 E26.47413
G1 X64.927 Y113.427 E27.64986
G1 X64.927 Y84.517 E30.48239
G1 X64.337 Y85.162 F7800
;TYPE:External perimeter
G1 F2400
G1 X64.337 Y112.838 E33.19392
G1 X53.662 Y112.838 E34.23983
G1 X53.662 Y85.162 E36.95136
G1 X64.247 Y85.162 E37.98846
G1 X64.89 Y84.928 F7800
G1 E34.98846 F2400
G92 E0
G1 X57.792 Y75.811 F7800
G1 E3 F2400
G1 F1800
G1 X57.647 Y75.834 E3.01437
G1 X57.212 Y75.821 E3.05698
G1 X56.919 Y75.765 E3.08627
G1 X56.634 Y75.672 E3.11556
G1 X56.247 Y75.475 E3.15818
G1 X55.899 Y75.205 E3.20131
G1 X55.608 Y74.875 E3.24444
G1 X55.384 Y74.496 E3.28757
G1 X55.234 Y74.082 E3.33071
G1 X55.166 Y73.647 E3.37384
G1 X55.179 Y73.207 E3.41698
G1 X55.274 Y72.782 E3.45959
G1 X55.384 Y72.504 E3.48888
G1 X55.528 Y72.242 E3.51817
G1 X55.795 Y71.899 E3.56078
G1 X56.125 Y71.608 E3.60391
G1 X56.504 Y71.384 E3.64705
G1 X56.921 Y71.234 E3.69042
G1 X57.401 Y71.165 E3.73795
G1 X57.648 Y71.167 E3.76218
G1 X57.943 Y71.204 E3.79134
G1 X58.361 Y71.325 E3.83395
G1 X58.753 Y71.525 E3.87709
G1 X59.101 Y71.795 E3.92022
G1 X59.392 Y72.125 E3.96335
G1 X59.616 Y72.504 E4.00649
G1 X59.766 Y72.918 E4.04962
G1 X59.834 Y73.353 E4.09276
G1 X59.821 Y73.793 E4.13589
G1 X59.725 Y74.223 E4.17902
G1 X59.55 Y74.627 E4.22216
G1 X59.302 Y74.991 E4.26529
G1 X58.995 Y75.298 E4.3079
G1 X58.753 Y75.474 E4.33719
G1 X58.491 Y75.618 E4.36648
G1 X58.082 Y75.766 E4.40909
G1 X57.881 Y75.797 E4.42904
G1 X57.744 Y75.95 F7800
G1 X57.973 Y76.379
;TYPE:Perimeter
G1 F4800
G1 X58.229 Y76.339 E4.45444
G1 X58.734 Y76.157 E4.50705
G1 X59.069 Y75.973 E4.54452
G1 X59.379 Y75.748 E4.58198
G1 X59.758 Y75.368 E4.63459
G1 X59.824 Y75.272 E4.64602
G1 X60.073 Y75.348 E4.6716
G1 X60.073 Y84.573 E5.57543
G1 X52.927 Y84.573 E6.27565
G1 X52.927 Y67.427 E7.95564
G1 X60.073 Y67.427 E8.65585
G1 X60.073 Y72.007 E9.1046
G1 X59.506 Y71.364 E9.18862
G1 X59.07 Y71.025 E9.24266
G1 X58.579 Y70.775 E9.29671
G1 X58.063 Y70.625 E9.34932
G1 X57.687 Y70.578 E9.38644
G1 X57.361 Y70.575 E9.41842
G1 X56.778 Y70.659 E9.47617
G1 X56.252 Y70.848 E9.53088
G1 X55.777 Y71.129 E9.58493
G1 X55.364 Y71.494 E9.63898
G1 X55.034 Y71.918 E9.69159
G1 X54.85 Y72.253 E9.72905
G1 X54.709 Y72.609 E9.76652
G1 X54.592 Y73.133 E9.81913
G1 X54.575 Y73.684 E9.87318
G1 X54.661 Y74.229 E9.92722
G1 X54.848 Y74.748 E9.98127
G1 X55.129 Y75.223 E10.03531
G1 X55.494 Y75.636 E10.08936
G1 X55.93 Y75.975 E10.14341
G1 X56.408 Y76.218 E10.19602
G1 X56.772 Y76.336 E10.23349
G1 X57.147 Y76.408 E10.27095
G1 X57.684 Y76.425 E10.32356
G1 X57.884 Y76.393 E10.34339
G1 X60.662 Y83.837 F7800
;TYPE:External perimeter
G1 F2400
G1 X67.662 Y83.837 E11.02923
G1 X67.662 Y139.838 E16.51598
G1 X135.663 Y139.838 E23.17845
G1 X135.663 Y143.163 E23.50423
G1 X52.337 Y143.163 E31.66821
G1 X52.337 Y66.837 E39.14635
G1 X60.662 Y66.837 E39.96201
G1 X60.662 Y83.747 E41.61881
G1 X60.753 Y84.431 F7800
G1 X60.368 Y84.5
;TYPE:Gap fill
;WIDTH:0.821683
G1 F1200
G1 X64.632 Y84.5 E42.14062
G1 X65.369 Y86.829 F7800
;TYPE:Internal infill
;WIDTH:0.675
G1 F3600
G1 X65.369 Y90.364 E42.48697
G1 X66.631 Y91.627 E42.66196
G1 X66.631 Y92.408 E42.73844
G1 X65.369 Y92.746 E42.86655
G1 X65.369 Y96.281 E43.21289
G1 X66.631 Y98.022 F7800
G1 F3600
G1 X66.631 Y101.557 E43.55924
G1 X65.369 Y101.896 E43.68735
G1 X65.369 Y102.862 E43.78208
G1 X66.631 Y104.125 E43.95707
G1 X66.631 Y107.66 E44.30342
G1 E41.30342 F2400
G92 E0
G1 X53.369 Y72.049 F7800
G1 E3 F2400
G1 F3600
G1 X53.369 Y68.514 E3.34635
G1 X55.779 Y67.869 E3.59083
G1 X55.371 Y67.869 E3.63083
G1 X57.638 Y70.135 E3.94494
G1 X58.153 Y70.191 E3.99575
G1 X58.742 Y70.362 E4.05586
G1 X59.262 Y70.627 E4.11298
G1 X59.355 Y70.481 E4.12996
G1 X59.631 Y69.447 E4.23477
G1 X59.631 Y67.869 E4.38947
G1 X57.675 Y67.869 E4.58112
G1 X59.558 Y70.985 F7800
;TYPE:Gap fill
;WIDTH:0.196098
G1 F1200
G1 X59.724 Y71.09 E4.58471
;WIDTH:0.196099
G1 X59.735 Y71.114 E4.5852
;WIDTH:0.172579
G1 X59.779 Y71.214 E4.58677
G1 X59.861 Y72.267 F7800
;WIDTH:0.179597
G1 F1200
G1 X59.924 Y72.354 E4.58846
;WIDTH:0.18215
G1 X59.929 Y72.362 E4.58861
;WIDTH:0.229452
G1 X59.994 Y72.47 E4.59162
;WIDTH:0.276754
G1 X60.058 Y72.579 E4.59563
;WIDTH:0.324057
G1 X60.122 Y72.688 E4.60063
;WIDTH:0.371359
G1 X60.186 Y72.796 E4.60662
;WIDTH:0.384585
G1 X60.2 Y72.821 E4.60803
;WIDTH:0.399549
G1 X60.211 Y72.846 E4.60942
;WIDTH:0.399551
G1 X60.23 Y73.081 E4.62173
;WIDTH:0.362544
G1 X60.248 Y73.316 E4.63258
;WIDTH:0.325535
G1 X60.249 Y73.338 E4.63348
;WIDTH:0.339698
G1 X60.241 Y73.834 E4.65441
;WIDTH:0.34273
G1 X60.239 Y73.858 E4.65544
;WIDTH:0.37923
G1 X60.221 Y74.024 E4.66356
;WIDTH:0.415731
G1 X60.203 Y74.189 E4.67268
;WIDTH:0.452233
G1 X60.185 Y74.354 E4.68282
;WIDTH:0.463344
G1 X60.076 Y75.041 E4.72647
G1 X59.631 Y81.092 F7800
;TYPE:Internal infill
;WIDTH:0.675
G1 F3600
G1 X59.631 Y84.131 E5.02423
G1 X59.136 Y84.131 E5.07282
G1 X53.369 Y78.364 E5.8719
G1 X53.369 Y77.663 E5.94058
G1 X56.696 Y76.772 E6.2781
G1 X57.099 Y76.849 E6.31827
G1 X57.644 Y76.866 E6.37169
G1 X55.697 Y84.131 E7.10867
G1 X53.369 Y84.131 E7.3368
G1 X53.369 Y82.925 E7.45502
G1 X53 Y84.868 F7800
;TYPE:Gap fill
;WIDTH:0.821683
G1 F1200
G1 X53 Y113.132 E10.91373
G1 X53.369 Y119.874 F7800
;TYPE:Internal infill
;WIDTH:0.675
G1 F3600
G1 X53.369 Y123.409 E11.26008
G1 X66.631 Y119.855 E12.60539
G1 X66.631 Y116.623 E12.92206
G1 X63.877 Y113.869 E13.30377
G1 X65.369 Y113.869 E13.44993
G1 X65.369 Y111.045 E13.72661
G1 X66.631 Y110.706 E13.85471
G1 X66.631 Y111.613 E13.94357
G1 X60.852 Y133.184 E16.1316
G1 X60.769 Y132.661 E16.18353
G1 X60.553 Y132.063 E16.24576
G1 X60.23 Y131.516 E16.30799
G1 X59.81 Y131.04 E16.37022
G1 X59.611 Y130.886 E16.3949
G1 X66.631 Y129.005 E17.10701
G1 X66.631 Y129.121 E17.11844
G1 X53.369 Y115.858 E18.95617
G1 X53.369 Y114.26 E19.11277
G1 X54.83 Y113.869 E19.26097
G1 X56.878 Y113.869 E19.46166
G1 X53.369 Y126.966 E20.7902
G1 X53.369 Y128.356 E20.92641
G1 X55.683 Y130.671 E21.24716
G1 X55.516 Y130.77 E21.26616
G1 X55.04 Y131.19 E21.3284
G1 X54.664 Y131.675 E21.3885
G1 X54.45 Y132.065 E21.4321
G1 X54.359 Y132.293 E21.45615
G1 X53.369 Y132.558 E21.55665
G1 X53.369 Y136.093 E21.90299
G1 X66.631 Y134.619 F7800
G1 F3600
G1 X66.631 Y138.154 E22.24934
G1 X53.369 Y141.707 E23.59465
G1 X53.369 Y140.854 E23.67825
G1 X54.646 Y142.131 E23.85523
G1 X58.454 Y142.131 E24.22836
G1 X60.249 Y135.432 E24.90795
G1 X60.328 Y135.316 E24.92167
G1 X67.144 Y142.131 E25.86606
G1 X67.603 Y142.131 E25.91108
G1 X67.942 Y140.869 E26.03919
G1 X71.477 Y140.869 E26.38554
G1 X73.217 Y142.131 F7800
G1 F3600
G1 X76.752 Y142.131 E26.73188
G1 X77.091 Y140.869 E26.85999
G1 X78.379 Y140.869 E26.98618
G1 X79.642 Y142.131 E27.16118
G1 X83.177 Y142.131 E27.50752
G1 X82.705 Y140.869 F7800
G1 F3600
G1 X86.24 Y140.869 E27.85387
G1 X85.902 Y142.131 E27.98197
G1 X90.644 Y140.869 E28.46287
G1 X90.877 Y140.869 E28.48562
G1 X92.14 Y142.131 E28.66062
G1 X95.051 Y142.131 E28.94583
G1 X95.389 Y140.869 E29.07394
G1 X103.375 Y140.869 E29.85635
G1 X104.638 Y142.131 E30.03134
G1 X104.2 Y142.131 E30.07424
G1 X104.538 Y140.869 E30.20234
G1 X108.073 Y140.869 E30.54869
G1 X109.814 Y142.131 F7800
G1 F3600
G1 X113.349 Y142.131 E30.89504
G1 X113.687 Y140.869 E31.02314
G1 X115.873 Y140.869 E31.23725
G1 X117.136 Y142.131 E31.41225
G1 X120.076 Y142.131 E31.70036
G1 X124.79 Y140.869 E32.17846
G1 X128.371 Y140.869 E32.52932
G1 X129.634 Y142.131 E32.70431
G1 X131.647 Y142.131 E32.90161
G1 X131.986 Y140.869 E33.02971
G1 X134.631 Y140.869 E33.28895
G1 X134.631 Y141.758 E33.37606
G1 X126.033 Y142.131 F7800
G1 F3600
G1 X122.498 Y142.131 E33.72241
G1 X122.836 Y140.869 E33.85051
G1 X119.302 Y140.869 E34.19686
G1 E31.19686 F2400
G92 E0
G1 X111.89 Y75.189 F7800
G1 E3 F2400
;TYPE:Perimeter
G1 F1800
G1 X111.665 Y75.471 E3.0354
G1 X111.229 Y75.868 E3.09315
G1 X110.748 Y76.152 E3.14787
G1 X110.229 Y76.339 E3.20191
G1 X109.684 Y76.425 E3.25596
G1 X109.133 Y76.408 E3.31
G1 X108.594 Y76.287 E3.36405
G1 X108.088 Y76.068 E3.4181
G1 X107.644 Y75.766 E3.47071
G1 X107.368 Y75.507 E3.50782
G1 X107.158 Y75.257 E3.53981
G1 X106.85 Y74.754 E3.59756
G1 X106.661 Y74.229 E3.65227
G1 X106.575 Y73.684 E3.70632
G1 X106.592 Y73.133 E3.76036
G1 X106.709 Y72.609 E3.81297
G1 X106.85 Y72.253 E3.85044
G1 X107.034 Y71.918 E3.88791
G1 X107.364 Y71.494 E3.94052
G1 X107.777 Y71.129 E3.99456
G1 X108.252 Y70.848 E4.04861
G1 X108.778 Y70.659 E4.10332
G1 X109.361 Y70.575 E4.16107
G1 X109.687 Y70.578 E4.19306
G1 X110.063 Y70.625 E4.23017
G1 X110.579 Y70.775 E4.28278
G1 X111.07 Y71.025 E4.33683
G1 X111.506 Y71.364 E4.39088
G1 X111.871 Y71.777 E4.44492
G1 X112.152 Y72.252 E4.49897
G1 X112.339 Y72.771 E4.55302
G1 X112.425 Y73.316 E4.60706
G1 X112.408 Y73.867 E4.66111
G1 X112.287 Y74.406 E4.71516
G1 X112.074 Y74.898 E4.76777
G1 X111.938 Y75.113 E4.79263
G1 X111.392 Y74.873 F7800
;TYPE:External perimeter
G1 F1800
G1 X111.236 Y75.065 E4.81689
G1 X110.877 Y75.391 E4.86441
G1 X110.496 Y75.616 E4.90779
G1 X110.082 Y75.766 E4.95092
G1 X109.647 Y75.834 E4.99406
G1 X109.207 Y75.821 E5.03719
G1 X108.777 Y75.725 E5.08033
G1 X108.373 Y75.55 E5.12346
G1 X108.013 Y75.305 E5.16607
G1 X107.796 Y75.101 E5.19523
G1 X107.637 Y74.912 E5.21946
G1 X107.384 Y74.498 E5.26699
G1 X107.234 Y74.082 E5.31037
G1 X107.166 Y73.647 E5.3535
G1 X107.179 Y73.207 E5.39663
G1 X107.274 Y72.782 E5.43924
G1 X107.384 Y72.504 E5.46854
G1 X107.528 Y72.242 E5.49783
G1 X107.795 Y71.899 E5.54044
G1 X108.125 Y71.608 E5.58357
G1 X108.504 Y71.384 E5.6267
G1 X108.921 Y71.234 E5.67008
G1 X109.401 Y71.165 E5.71761
G1 X109.648 Y71.167 E5.74184
G1 X109.943 Y71.204 E5.771
G1 X110.361 Y71.325 E5.81361
G1 X110.753 Y71.525 E5.85674
G1 X111.101 Y71.795 E5.89988
G1 X111.392 Y72.125 E5.94301
G1 X111.616 Y72.504 E5.98614
G1 X111.766 Y72.918 E6.02928
G1 X111.834 Y73.353 E6.07241
G1 X111.821 Y73.793 E6.11555
G1 X111.725 Y74.223 E6.15868
G1 X111.552 Y74.622 E6.20129
G1 X111.441 Y74.797 E6.22161
G1 X111.497 Y75.098 F7800
G1 X108.927 Y82.573
;TYPE:Perimeter
G1 F4800
G1 X105.927 Y82.573 E6.51554
G1 X105.927 Y67.427 E7.99958
G1 X113.073 Y67.427 E8.69979
G1 X113.073 Y123.573 E14.20091
G1 X108.927 Y123.573 E14.60719
G1 X108.927 Y82.663 E18.61545
G1 X108.338 Y83.162 F7800
;TYPE:External perimeter
G1 F2400
G1 X105.338 Y83.162 E18.90939
G1 X105.338 Y66.837 E20.50887
G1 X113.663 Y66.837 E21.32453
G1 X113.663 Y124.163 E26.9411
G1 X108.338 Y124.163 E27.46283
G1 X108.338 Y83.252 E31.47109
G1 X108.312 Y82.563 F7800
G1 X112.631 Y83.617
;TYPE:Internal infill
G1 F3600
G1 X112.631 Y80.082 E31.81744
G1 X106.369 Y81.76 E32.45271
G1 X106.369 Y81.373 E32.49071
G1 X107.127 Y82.131 E32.59586
G1 X109.369 Y82.131 E32.81544
G1 X109.369 Y84.373 E33.03503
G1 X112.631 Y87.636 E33.48714
G1 X112.631 Y89.231 E33.6435
G1 X109.369 Y90.106 E33.97448
G1 X109.369 Y88.696 E34.11256
G1 X112.631 Y76.519 E35.34777
G1 X112.631 Y75.646 E35.43328
G1 X112.264 Y75.423 E35.47536
G1 X111.987 Y75.776 E35.51938
G1 X111.492 Y76.225 E35.5848
G1 X110.937 Y76.553 E35.64801
G1 X110.494 Y76.713 E35.69408
G1 X112.395 Y74.986 F7800
;TYPE:Gap fill
;WIDTH:0.210872
G1 F1200
G1 X112.486 Y74.837 E35.6977
;WIDTH:0.254905
G1 X112.576 Y74.688 E35.70259
;WIDTH:0.298938
G1 X112.667 Y74.539 E35.70876
;WIDTH:0.301635
G1 X112.671 Y74.532 E35.70907
;WIDTH:0.301634
G1 X112.672 Y74.52 E35.70949
;WIDTH:0.298402
G1 X112.696 Y74.308 E35.71703
;WIDTH:0.254548
G1 X112.719 Y74.096 E35.72302
;WIDTH:0.210694
G1 X112.743 Y73.884 E35.72745
G1 X112.741 Y73.192 F7800
;WIDTH:0.203543
G1 F1200
G1 X112.722 Y72.939 E35.73242
;WIDTH:0.240245
G1 X112.702 Y72.685 E35.73895
;WIDTH:0.243969
G1 X112.7 Y72.671 E35.73934
;WIDTH:0.289718
G1 X112.677 Y72.54 E35.74385
;WIDTH:0.335467
G1 X112.654 Y72.409 E35.74937
;WIDTH:0.335468
G1 X112.594 Y72.308 E35.75423
;WIDTH:0.291567
G1 X112.535 Y72.207 E35.75824
;WIDTH:0.247667
G1 X112.475 Y72.106 E35.76139
;WIDTH:0.203765
G1 X112.469 Y72.097 E35.76161
;WIDTH:0.200641
G1 X112.34 Y71.919 E35.76581
G1 X111.913 Y71.557 F7800
;TYPE:Solid infill
;WIDTH:0.689771
G1 F1200
G1 X112.631 Y70.838 E35.86792
G1 X112.631 Y69.984 E35.9537
G1 X111.678 Y70.938 E36.08911
G1 X111.308 Y70.651 E36.13613
G1 X111.178 Y70.584 E36.15086
G1 X112.631 Y69.13 E36.35738
G1 X112.631 Y68.276 E36.44316
G1 X110.59 Y70.318 E36.73318
G1 X110.153 Y70.191 E36.77882
G1 X109.895 Y70.159 E36.80497
G1 X112.185 Y67.869 E37.13024
G1 X111.331 Y67.869 E37.21602
G1 X109.022 Y70.178 E37.54398
G1 X108.67 Y70.228 E37.57966
G1 X108.063 Y70.447 E37.64445
G1 X107.661 Y70.685 E37.69141
G1 X110.477 Y67.869 E38.09138
G1 X109.623 Y67.869 E38.17716
G1 X106.418 Y71.073 E38.63231
G1 X106.369 Y71.062 E38.63742
G1 X106.369 Y70.269 E38.7171
G1 X108.769 Y67.869 E39.05799
G1 X107.915 Y67.869 E39.14377
G1 X106.369 Y69.415 E39.36336
G1 X106.369 Y68.56 E39.44914
G1 X107.326 Y67.603 E39.58507
G1 X106.523 Y71.549 F7800
;TYPE:Gap fill
;WIDTH:0.471618
G1 F1200
G1 X106.409 Y72.058 E39.61854
;WIDTH:0.460929
G1 X106.389 Y72.164 E39.62528
;WIDTH:0.420474
G1 X106.368 Y72.27 E39.63128
;WIDTH:0.38002
G1 X106.348 Y72.376 E39.63657
;WIDTH:0.339565
G1 X106.328 Y72.483 E39.64112
;WIDTH:0.299111
G1 X106.325 Y72.499 E39.64171
;WIDTH:0.294131
G1 X106.303 Y72.705 E39.64888
;WIDTH:0.251701
G1 X106.28 Y72.91 E39.65458
;WIDTH:0.209271
G1 X106.257 Y73.116 E39.65883
G1 X106.259 Y73.808 F7800
;WIDTH:0.203541
G1 F1200
G1 X106.279 Y74.061 E39.6638
;WIDTH:0.240241
G1 X106.298 Y74.315 E39.67033
;WIDTH:0.243963
G1 X106.3 Y74.329 E39.67072
;WIDTH:0.283746
G1 X106.32 Y74.443 E39.67453
;WIDTH:0.323527
G1 X106.34 Y74.557 E39.6791
;WIDTH:0.323526
G1 X106.406 Y74.671 E39.6843
;WIDTH:0.277322
G1 X106.471 Y74.785 E39.68848
;WIDTH:0.231118
G1 X106.537 Y74.899 E39.69166
;WIDTH:0.184914
G1 X106.542 Y74.907 E39.69182
;WIDTH:0.1824
G1 X106.626 Y75.024 E39.69414
G1 E36.69414 F2400
G92 E0
G1 X109.369 Y93.336 F7800
G1 E3 F2400
;TYPE:Internal infill
;WIDTH:0.675
G1 F3600
G1 X109.369 Y96.871 E3.34635
G1 X112.631 Y100.134 E3.79846
G1 X112.631 Y98.381 E3.97021
G1 X109.369 Y99.255 E4.30119
G1 X109.369 Y102.79 E4.64753
G1 X109.369 Y114.018 F7800
G1 F3600
G1 X109.369 Y117.553 E4.99388
G1 X112.631 Y116.679 E5.32485
G1 X112.631 Y112.631 E5.7214
G1 X109.369 Y109.369 E6.17352
G1 X109.369 Y108.404 E6.26802
G1 X112.631 Y107.53 E6.59899
G1 X112.631 Y110.664 E6.90608
G1 X109.369 Y122.841 E8.14129
G1 X109.369 Y123.131 E8.16971
G1 X110.634 Y123.131 E8.29365
G1 X109.369 Y121.866 E8.46892
G1 E5.46892 F2400
G92 E0
G1 X149.284 Y116.22 F7800
G1 E3 F2400
;TYPE:External perimeter
G1 F1800
G1 X149.234 Y116.082 E3.01442
G1 X149.166 Y115.647 E3.05756
G1 X149.179 Y115.207 E3.10069
G1 X149.274 Y114.782 E3.1433
G1 X149.384 Y114.504 E3.17259
G1 X149.528 Y114.242 E3.20188
G1 X149.795 Y113.899 E3.24449
G1 X150.125 Y113.608 E3.28763
G1 X150.504 Y113.384 E3.33076
G1 X150.921 Y113.234 E3.37414
G1 X151.401 Y113.165 E3.42166
G1 X151.648 Y113.167 E3.44589
G1 X151.943 Y113.204 E3.47506
G1 X152.361 Y113.325 E3.51767
G1 X152.753 Y113.525 E3.5608
G1 X153.101 Y113.795 E3.60394
G1 X153.392 Y114.125 E3.64707
G1 X153.616 Y114.504 E3.6902
G1 X153.766 Y114.918 E3.73334
G1 X153.834 Y115.353 E3.77647
G1 X153.821 Y115.788 E3.81908
G1 X153.765 Y116.081 E3.84837
G1 X153.672 Y116.366 E3.87766
G1 X153.475 Y116.753 E3.92027
G1 X153.205 Y117.101 E3.96341
G1 X152.875 Y117.392 E4.00654
G1 X152.496 Y117.616 E4.04967
G1 X152.082 Y117.766 E4.09281
G1 X151.647 Y117.834 E4.13594
G1 X151.207 Y117.821 E4.17907
G1 X150.782 Y117.726 E4.22168
G1 X150.504 Y117.616 E4.25098
G1 X150.242 Y117.472 E4.28027
G1 X149.899 Y117.205 E4.32288
G1 X149.608 Y116.875 E4.36601
G1 X149.384 Y116.496 E4.40914
G1 X149.315 Y116.305 E4.42904
G1 X149.139 Y116.2 F7800
G1 E1.42904 F2400
G92 E0
G1 X149.805 Y75.886 F7800
G1 E3 F2400
;TYPE:Perimeter
G1 F1800
G1 X149.484 Y75.625 E3.0405
G1 X149.129 Y75.223 E3.09311
G1 X148.848 Y74.748 E3.14716
G1 X148.661 Y74.229 E3.20121
G1 X148.575 Y73.684 E3.25526
G1 X148.592 Y73.133 E3.3093
G1 X148.709 Y72.609 E3.36191
G1 X148.85 Y72.253 E3.39938
G1 X149.034 Y71.918 E3.43685
G1 X149.364 Y71.494 E3.48945
G1 X149.777 Y71.129 E3.5435
G1 X150.252 Y70.848 E3.59755
G1 X150.778 Y70.659 E3.65226
G1 X151.361 Y70.575 E3.71001
G1 X151.687 Y70.578 E3.74199
G1 X152.063 Y70.625 E3.77911
G1 X152.579 Y70.775 E3.83172
G1 X153.07 Y71.025 E3.88577
G1 X153.506 Y71.364 E3.93981
G1 X153.871 Y71.777 E3.99386
G1 X154.152 Y72.252 E4.04791
G1 X154.339 Y72.771 E4.10196
G1 X154.425 Y73.316 E4.156
G1 X154.408 Y73.867 E4.21005
G1 X154.287 Y74.406 E4.2641
G1 X154.074 Y74.898 E4.3167
G1 X153.871 Y75.218 E4.35382
G1 X153.665 Y75.471 E4.38581
G1 X153.229 Y75.868 E4.44356
G1 X152.748 Y76.152 E4.49827
G1 X152.229 Y76.339 E4.55232
G1 X151.684 Y76.425 E4.60636
G1 X151.133 Y76.408 E4.66041
G1 X150.588 Y76.286 E4.71512
G1 X150.05 Y76.044 E4.77287
G1 X149.881 Y75.935 E4.79263
G1 X150.125 Y75.391 F7800
;TYPE:External perimeter
G1 F1800
G1 X149.895 Y75.201 E4.82179
G1 X149.608 Y74.875 E4.8644
G1 X149.384 Y74.496 E4.90754
G1 X149.234 Y74.082 E4.95067
G1 X149.166 Y73.647 E4.9938
G1 X149.179 Y73.207 E5.03694
G1 X149.274 Y72.782 E5.07955
G1 X149.384 Y72.504 E5.10884
G1 X149.528 Y72.242 E5.13813
G1 X149.795 Y71.899 E5.18074
G1 X150.125 Y71.608 E5.22387
G1 X150.504 Y71.384 E5.26701
G1 X150.921 Y71.234 E5.31038
G1 X151.401 Y71.165 E5.35791
G1 X151.648 Y71.167 E5.38214
G1 X151.943 Y71.204 E5.41131
G1 X152.361 Y71.325 E5.45391
G1 X152.753 Y71.525 E5.49705
G1 X153.101 Y71.795 E5.54018
G1 X153.392 Y72.125 E5.58332
G1 X153.616 Y72.504 E5.62645
G1 X153.766 Y72.918 E5.66958
G1 X153.834 Y73.353 E5.71272
G1 X153.821 Y73.793 E5.75585
G1 X153.725 Y74.223 E5.79899
G1 X153.552 Y74.622 E5.84159
G1 X153.392 Y74.873 E5.87076
G1 X153.236 Y75.065 E5.89499
G1 X152.877 Y75.391 E5.94252
G1 X152.496 Y75.616 E5.98589
G1 X152.082 Y75.766 E6.02903
G1 X151.647 Y75.834 E6.07216
G1 X151.207 Y75.821 E6.11529
G1 X150.775 Y75.724 E6.15867
G1 X150.332 Y75.525 E6.2062
G1 X150.2 Y75.44 E6.22161
G1 X149.854 Y75.514 F7800
G1 E3.22161 F2400
G92 E0
G1 X154.927 Y115.916 F7800
G1 E3 F2400
;TYPE:Perimeter
G1 F4800
G1 X154.581 Y116.216 E3.04488
G1 X154.363 Y116.091 E3.06952
G1 X154.408 Y115.853 E3.09328
G1 X154.425 Y115.316 E3.14588
G1 X154.302 Y114.542 E3.22265
G1 X154.927 Y115.084 E3.30363
G1 X154.927 Y82.573 E6.48893
G1 X147.927 Y82.573 E7.17478
G1 X147.927 Y67.427 E8.65881
G1 X157.073 Y67.427 E9.55498
G1 X157.073 Y124.573 E15.15408
G1 X154.927 Y124.573 E15.3644
G1 X154.927 Y116.006 E16.2038
G1 X154.338 Y117.208 F7800
;TYPE:External perimeter
G1 F2400
G1 X153.355 Y118.06 E16.33125
G1 X153.023 Y118.271 E16.36976
G1 X152.664 Y118.44 E16.40867
G1 X152.286 Y118.562 E16.44757
G1 X151.704 Y118.656 E16.50536
G1 X151.301 Y118.656 E16.54478
G1 X150.908 Y118.606 E16.58369
G1 X150.523 Y118.507 E16.62259
G1 X150.156 Y118.362 E16.66123
G1 X149.739 Y118.124 E16.7083
G1 X149.333 Y117.802 E16.75904
G1 X149.064 Y117.515 E16.79759
G1 X148.83 Y117.194 E16.83649
G1 X148.639 Y116.846 E16.87539
G1 X148.493 Y116.477 E16.9143
G1 X148.394 Y116.092 E16.9532
G1 X148.344 Y115.699 E16.9921
G1 X148.362 Y115.109 E17.0499
G1 X148.438 Y114.714 E17.08932
G1 X148.562 Y114.331 E17.12875
G1 X148.726 Y113.981 E17.16662
G1 X148.942 Y113.642 E17.20604
G1 X149.193 Y113.338 E17.24468
G1 X149.549 Y113.015 E17.29175
G1 X149.98 Y112.728 E17.34249
G1 X150.336 Y112.56 E17.38104
G1 X150.719 Y112.436 E17.42046
G1 X151.301 Y112.344 E17.47825
G1 X151.704 Y112.344 E17.51768
G1 X152.286 Y112.438 E17.57547
G1 X152.846 Y112.639 E17.63378
G1 X153.355 Y112.94 E17.6917
G1 X154.338 Y113.792 E17.81915
G1 X154.338 Y83.162 E20.8202
G1 X147.338 Y83.162 E21.50605
G1 X147.338 Y66.837 E23.10553
G1 X157.663 Y66.837 E24.11715
G1 X157.663 Y125.163 E29.83169
G1 X154.338 Y125.163 E30.15747
G1 X154.338 Y117.298 E30.92806
G1 X153.995 Y116.715 F7800
G1 X153.877 Y116.99
;TYPE:Gap fill
;WIDTH:0.428739
G1 F1200
G1 X153.856 Y117.014 E30.92989
;WIDTH:0.419405
G1 X153.685 Y117.195 E30.94372
;WIDTH:0.37058
G1 X153.514 Y117.376 E30.95551
;WIDTH:0.321755
G1 X153.498 Y117.391 E30.95638
;WIDTH:0.319494
G1 X153.125 Y117.718 E30.97565
;WIDTH:0.317169
G1 X153.109 Y117.73 E30.97641
;WIDTH:0.317216
G1 X153.108 Y117.731 E30.97649
;WIDTH:0.327715
G1 X152.823 Y117.906 E30.98993
;WIDTH:0.327716
G1 X152.68 Y117.982 E30.99644
;WIDTH:0.31246
G1 X152.66 Y117.991 E30.99725
;WIDTH:0.327716
G1 X152.511 Y118.053 E31.00376
;WIDTH:0.327715
G1 X152.194 Y118.161 E31.01721
;WIDTH:0.317387
G1 X152.184 Y118.164 E31.01762
;WIDTH:0.317388
G1 X152.173 Y118.166 E31.01805
;WIDTH:0.328088
G1 X151.832 Y118.226 E31.03199
;WIDTH:0.328089
G1 X151.684 Y118.245 E31.038
;WIDTH:0.318723
G1 X151.684 Y118.245 E31.03803
;WIDTH:0.318595
G1 X151.662 Y118.245 E31.03887
;WIDTH:0.327716
G1 X151.328 Y118.24 E31.05232
;WIDTH:0.327717
G1 X151.166 Y118.227 E31.05883
;WIDTH:0.31246
G1 X151.145 Y118.225 E31.05963
;WIDTH:0.327712
G1 X150.986 Y118.197 E31.06615
;WIDTH:0.327711
G1 X150.67 Y118.121 E31.07919
;WIDTH:0.318385
G1 X150.653 Y118.116 E31.07989
;WIDTH:0.318721
G1 X150.65 Y118.115 E31.08
;WIDTH:0.318721
G1 X150.336 Y117.991 E31.09309
;WIDTH:0.318728
G1 X150.335 Y117.991 E31.09314
;WIDTH:0.318726
G1 X150.323 Y117.984 E31.09365
;WIDTH:0.317746
G1 X150.026 Y117.818 E31.10679
;WIDTH:0.313372
G1 X150.011 Y117.808 E31.10747
;WIDTH:0.320186
G1 X149.97 Y117.782 E31.10935
;WIDTH:0.320187
G1 X149.626 Y117.512 E31.12641
;WIDTH:0.317156
G1 X149.611 Y117.499 E31.12713
;WIDTH:0.31721
G1 X149.61 Y117.497 E31.12725
;WIDTH:0.327714
G1 X149.385 Y117.25 E31.14069
;WIDTH:0.327714
G1 X149.283 Y117.124 E31.1472
;WIDTH:0.312461
G1 X149.271 Y117.106 E31.14801
;WIDTH:0.327713
G1 X149.182 Y116.971 E31.15452
;WIDTH:0.327711
G1 X149.016 Y116.681 E31.16796
;WIDTH:0.317379
G1 X149.011 Y116.671 E31.16838
;WIDTH:0.31738
G1 X149.007 Y116.661 E31.1688
;WIDTH:0.327712
G1 X148.889 Y116.348 E31.18225
;WIDTH:0.327712
G1 X148.841 Y116.194 E31.18876
;WIDTH:0.312461
G1 X148.836 Y116.173 E31.18956
;WIDTH:0.327714
G1 X148.803 Y116.014 E31.19608
;WIDTH:0.327714
G1 X148.756 Y115.684 E31.20952
;WIDTH:0.317389
G1 X148.755 Y115.673 E31.20994
;WIDTH:0.317389
G1 X148.755 Y115.662 E31.21036
;WIDTH:0.328085
G1 X148.76 Y115.316 E31.2243
;WIDTH:0.328087
G1 X148.769 Y115.167 E31.23031
;WIDTH:0.318716
G1 X148.77 Y115.166 E31.23034
;WIDTH:0.318583
G1 X148.773 Y115.145 E31.23119
;WIDTH:0.327708
G1 X148.841 Y114.817 E31.24463
;WIDTH:0.32771
G1 X148.881 Y114.671 E31.25074
;WIDTH:0.313403
G1 X148.886 Y114.654 E31.25142
;WIDTH:0.324886
G1 X148.95 Y114.478 E31.25886
;WIDTH:0.324886
G1 X149.008 Y114.336 E31.26496
;WIDTH:0.320057
G1 X149.011 Y114.329 E31.26525
;WIDTH:0.320055
G1 X149.015 Y114.322 E31.26554
;WIDTH:0.324881
G1 X149.087 Y114.187 E31.27164
;WIDTH:0.324879
G1 X149.182 Y114.025 E31.27908
;WIDTH:0.313403
G1 X149.192 Y114.011 E31.27976
;WIDTH:0.327714
G1 X149.279 Y113.886 E31.28587
;WIDTH:0.327715
G1 X149.488 Y113.625 E31.29931
;WIDTH:0.317215
G1 X149.491 Y113.622 E31.2995
;WIDTH:0.317165
G1 X149.503 Y113.61 E31.30015
;WIDTH:0.322353
G1 X149.803 Y113.341 E31.31601
;WIDTH:0.322355
G1 X149.877 Y113.284 E31.31967
;WIDTH:0.309747
G1 X149.894 Y113.272 E31.32045
;WIDTH:0.326954
G1 X150.184 Y113.09 E31.33418
;WIDTH:0.326953
G1 X150.32 Y113.018 E31.34035
;WIDTH:0.312463
G1 X150.34 Y113.009 E31.34115
;WIDTH:0.327716
G1 X150.489 Y112.947 E31.34766
;WIDTH:0.327717
G1 X150.81 Y112.838 E31.36129
;WIDTH:0.317908
G1 X150.827 Y112.832 E31.36199
;WIDTH:0.318203
G1 X150.833 Y112.831 E31.3622
;WIDTH:0.329308
G1 X150.974 Y112.805 E31.36802
;WIDTH:0.329309
G1 X151.327 Y112.758 E31.38246
;WIDTH:0.323277
G1 X151.364 Y112.755 E31.38393
;WIDTH:0.318005
G1 X151.382 Y112.754 E31.3846
;WIDTH:0.319028
G1 X151.669 Y112.756 E31.39572
;WIDTH:0.319947
G1 X151.682 Y112.756 E31.39626
;WIDTH:0.320199
G1 X151.684 Y112.756 E31.39634
;WIDTH:0.324883
G1 X151.833 Y112.773 E31.40226
;WIDTH:0.324884
G1 X152.018 Y112.802 E31.40971
;WIDTH:0.313401
G1 X152.035 Y112.805 E31.41038
;WIDTH:0.327712
G1 X152.183 Y112.841 E31.41649
;WIDTH:0.327711
G1 X152.502 Y112.939 E31.42994
;WIDTH:0.318589
G1 X152.523 Y112.946 E31.43078
;WIDTH:0.318717
G1 X152.524 Y112.947 E31.43081
;WIDTH:0.328829
G1 X152.669 Y113.015 E31.43732
;WIDTH:0.328832
G1 X152.812 Y113.088 E31.44381
;WIDTH:0.328831
G1 X152.963 Y113.174 E31.45083
;WIDTH:0.312461
G1 X152.981 Y113.186 E31.45164
;WIDTH:0.326872
G1 X153.106 Y113.274 E31.45777
;WIDTH:0.326872
G1 X153.372 Y113.491 E31.47153
;WIDTH:0.308802
G1 X153.387 Y113.506 E31.47231
;WIDTH:0.34194
G1 X153.564 Y113.681 E31.48289
;WIDTH:0.375079
G1 X153.74 Y113.856 E31.49484
;WIDTH:0.377446
G1 X153.749 Y113.865 E31.49548
;WIDTH:0.377446
G1 X153.755 Y113.879 E31.49618
;WIDTH:0.371353
G1 X153.797 Y113.997 E31.50218
;WIDTH:0.324051
G1 X153.84 Y114.116 E31.50718
;WIDTH:0.276749
G1 X153.883 Y114.235 E31.51118
;WIDTH:0.229447
G1 X153.926 Y114.354 E31.5142
;WIDTH:0.182145
G1 X153.928 Y114.362 E31.51434
;WIDTH:0.179594
G1 X153.955 Y114.467 E31.51603
G1 X154.042 Y116.246 F7800
;WIDTH:0.530841
G1 F1200
G1 X154.1 Y116.416 E31.52935
;WIDTH:0.561516
G1 X154.157 Y116.587 E31.54358
;WIDTH:0.608438
G1 X154.167 Y116.62 E31.54654
;WIDTH:0.608438
G1 X154.095 Y116.712 E31.55675
;WIDTH:0.563513
G1 X154.022 Y116.805 E31.56608
;WIDTH:0.518588
G1 X153.95 Y116.897 E31.57454
;WIDTH:0.473663
G1 X153.877 Y116.99 E31.58212
G1 X156.631 Y122.673 F7800
;TYPE:Internal infill
;WIDTH:0.675
G1 F3600
G1 X156.631 Y119.138 E31.92846
G1 X155.369 Y117.875 E32.10346
G1 X155.369 Y114.377 E32.44619
G1 X156.631 Y114.038 E32.57429
G1 X156.631 Y117.179 E32.88201
G1 X155.369 Y121.892 E33.36011
G1 X155.369 Y123.526 E33.52015
G1 X156.631 Y123.187 E33.64825
G1 X156.631 Y124.131 E33.74075
G1 X155.369 Y124.131 E33.86449
G1 X155.369 Y123.82 E33.89498
G1 X156.631 Y110.175 F7800
G1 F3600
G1 X156.631 Y106.64 E34.24132
G1 X155.369 Y105.377 E34.41632
G1 X155.369 Y105.228 E34.43094
G1 X156.631 Y104.889 E34.55904
G1 X156.631 Y101.354 E34.90539
G1 X155.369 Y99.613 F7800
G1 F3600
G1 X155.369 Y96.078 E35.25174
G1 X156.631 Y95.74 E35.37984
G1 X156.631 Y94.142 E35.53643
G1 X155.369 Y92.879 E35.71143
G1 X155.369 Y87.747 E36.2142
G1 X156.631 Y83.034 E36.69229
G1 X156.631 Y81.644 E36.8285
G1 X151.836 Y76.848 E37.49296
G1 X151.712 Y76.868 E37.50528
G1 X151.077 Y76.848 E37.56751
G1 X150.447 Y76.707 E37.63072
G1 X149.839 Y76.433 E37.69614
G1 X149.514 Y76.224 E37.73394
G1 X149.345 Y76.084 E37.75552
G1 X148.369 Y79.727 E38.12504
G1 X148.369 Y79.656 E38.13199
G1 X156.631 Y77.442 E38.97013
G1 X156.631 Y73.907 E39.31648
G1 E36.31648 F2400
G92 E0
G1 X148.66 Y75.081 F7800
G1 E3 F2400
;TYPE:Gap fill
;WIDTH:0.200647
G1 F1200
G1 X148.531 Y74.903 E3.0042
;WIDTH:0.20377
G1 X148.525 Y74.894 E3.00442
;WIDTH:0.247669
G1 X148.465 Y74.793 E3.00757
;WIDTH:0.291568
G1 X148.406 Y74.692 E3.01158
;WIDTH:0.335466
G1 X148.346 Y74.591 E3.01644
;WIDTH:0.335465
G1 X148.323 Y74.46 E3.02197
;WIDTH:0.289714
G1 X148.3 Y74.329 E3.02648
;WIDTH:0.243963
G1 X148.298 Y74.315 E3.02687
;WIDTH:0.240241
G1 X148.279 Y74.061 E3.03339
;WIDTH:0.203541
G1 X148.259 Y73.808 E3.03837
G1 X148.257 Y73.116 F7800
;WIDTH:0.209272
G1 F1200
G1 X148.28 Y72.91 E3.04261
;WIDTH:0.251704
G1 X148.303 Y72.705 E3.04832
;WIDTH:0.294136
G1 X148.325 Y72.499 E3.05548
;WIDTH:0.299116
G1 X148.328 Y72.482 E3.05607
;WIDTH:0.339568
G1 X148.348 Y72.376 E3.06063
;WIDTH:0.380019
G1 X148.368 Y72.27 E3.06591
;WIDTH:0.42047
G1 X148.389 Y72.164 E3.07192
;WIDTH:0.460921
G1 X148.409 Y72.058 E3.07865
;WIDTH:0.471611
G1 X148.523 Y71.549 E3.11212
G1 X150.923 Y70.192 F7800
;TYPE:Internal infill
;WIDTH:0.675
G1 F3600
G1 X151.546 Y67.869 E3.34777
G1 X155.354 Y67.869 E3.7209
G1 X156.631 Y69.146 E3.89788
G1 X156.631 Y68.293 E3.98148
G1 X148.369 Y70.507 E4.81962
G1 X148.369 Y67.869 E5.07809
G1 X149.265 Y67.869 E5.16596
G1 E2.16596 F2400
G92 E0
G1 X155.369 Y86.929 F7800
G1 E3 F2400
G1 F3600
G1 X156.631 Y86.591 E3.12811
G1 X156.631 Y90.126 E3.47445
;LAYER_CHANGE
;Z:4.25
;HEIGHT:0.4
G1 Z4.25 F7800
G1 E.47445 F2400
G92 E0
G1 X60.339 Y132.771 F7800
G1 E3 F2400
;TYPE:Perimeter
G1 F1800
G1 X60.425 Y133.316 E3.05405
G1 X60.408 Y133.867 E3.10809
G1 X60.287 Y134.406 E3.16214
G1 X60.068 Y134.912 E3.21619
G1 X59.758 Y135.368 E3.27023
G1 X59.379 Y135.748 E3.32284
G1 X59.069 Y135.973 E3.36031
G1 X58.734 Y136.157 E3.39777
G1 X58.229 Y136.339 E3.45038
G1 X57.684 Y136.425 E3.50443
G1 X57.133 Y136.408 E3.55848
G1 X56.589 Y136.286 E3.61309
G1 X56.059 Y136.049 E3.66995
G1 X55.777 Y135.867 E3.70286
G1 X55.484 Y135.625 E3.74004
G1 X55.129 Y135.223 E3.79266
G1 X54.848 Y134.748 E3.8467
G1 X54.661 Y134.229 E3.90075
G1 X54.575 Y133.684 E3.9548
G1 X54.592 Y133.133 E4.00884
G1 X54.709 Y132.609 E4.06145
G1 X54.849 Y132.256 E4.09864
G1 X55.009 Y131.96 E4.13155
G1 X55.359 Y131.498 E4.18841
G1 X55.777 Y131.129 E4.24302
G1 X56.252 Y130.848 E4.29707
G1 X56.777 Y130.659 E4.35168
G1 X57.351 Y130.576 E4.40854
G1 X57.687 Y130.578 E4.44144
G1 X58.063 Y130.625 E4.47863
G1 X58.579 Y130.775 E4.53124
G1 X59.07 Y131.025 E4.58529
G1 X59.506 Y131.364 E4.63934
G1 X59.871 Y131.777 E4.69339
G1 X60.152 Y132.252 E4.74743
G1 X60.308 Y132.686 E4.79266
G1 X59.716 Y132.78 F7800
;TYPE:External perimeter
G1 F1800
G1 X59.766 Y132.918 E4.80703
G1 X59.834 Y133.353 E4.85017
G1 X59.821 Y133.793 E4.8933
G1 X59.725 Y134.223 E4.93643
G1 X59.55 Y134.627 E4.97957
G1 X59.302 Y134.991 E5.0227
G1 X58.995 Y135.298 E5.06531
G1 X58.753 Y135.474 E5.0946
G1 X58.491 Y135.618 E5.12389
G1 X58.082 Y135.766 E5.1665
G1 X57.647 Y135.834 E5.20964
G1 X57.207 Y135.821 E5.25277
G1 X56.775 Y135.724 E5.29611
G1 X56.34 Y135.529 E5.34279
G1 X56.125 Y135.391 E5.36788
G1 X55.895 Y135.201 E5.39707
G1 X55.608 Y134.875 E5.43968
G1 X55.384 Y134.496 E5.48282
G1 X55.234 Y134.082 E5.52595
G1 X55.166 Y133.647 E5.56908
G1 X55.179 Y133.207 E5.61222
G1 X55.274 Y132.782 E5.65483
G1 X55.384 Y132.505 E5.68402
G1 X55.506 Y132.28 E5.70911
G1 X55.793 Y131.9 E5.75579
G1 X56.125 Y131.608 E5.79913
G1 X56.504 Y131.384 E5.84226
G1 X56.92 Y131.234 E5.8856
G1 X57.392 Y131.165 E5.93229
G1 X57.648 Y131.167 E5.95737
G1 X57.943 Y131.204 E5.98656
G1 X58.361 Y131.325 E6.02917
G1 X58.753 Y131.525 E6.07231
G1 X59.101 Y131.795 E6.11544
G1 X59.392 Y132.125 E6.15858
G1 X59.616 Y132.504 E6.20171
G1 X59.685 Y132.696 E6.22165
G1 X59.861 Y132.801 F7800
G1 E3.22165 F2400
G92 E0
G1 X64.927 Y84.427 F7800
G1 E3 F2400
;TYPE:Perimeter
G1 F4800
G1 X67.073 Y84.427 E3.21033
G1 X67.073 Y140.427 E8.69707
G1 X135.073 Y140.427 E15.35955
G1 X135.073 Y142.573 E15.56987
G1 X52.927 Y142.573 E23.61841
G1 X52.927 Y113.427 E26.47413
G1 X64.927 Y113.427 E27.64986
G1 X64.927 Y84.517 E30.48239
G1 X64.337 Y85.162 F7800
;TYPE:External perimeter
G1 F2400
G1 X64.337 Y112.838 E33.19392
G1 X53.662 Y112.838 E34.23983
G1 X53.662 Y85.162 E36.95136
G1 X64.247 Y85.162 E37.98846
G1 X64.89 Y84.928 F7800
G1 E34.98846 F2400
G92 E0
G1 X57.792 Y75.811 F7800
G1 E3 F2400
G1 F1800
G1 X57.647 Y75.834 E3.01437
G1 X57.207 Y75.821 E3.0575
G1 X56.777 Y75.725 E3.10064
G1 X56.371 Y75.549 E3.14398
G1 X55.98 Y75.276 E3.19066
G1 X55.795 Y75.1 E3.21575
G1 X55.605 Y74.87 E3.24494
G1 X55.384 Y74.496 E3.28755
G1 X55.234 Y74.082 E3.33068
G1 X55.166 Y73.647 E3.37382
G1 X55.179 Y73.207 E3.41695
G1 X55.274 Y72.782 E3.45956
G1 X55.384 Y72.505 E3.48875
G1 X55.506 Y72.28 E3.51384
G1 X55.793 Y71.9 E3.56052
G1 X56.125 Y71.608 E3.60386
G1 X56.504 Y71.384 E3.647
G1 X56.92 Y71.234 E3.69034
G1 X57.392 Y71.165 E3.73702
G1 X57.648 Y71.167 E3.76211
G1 X57.943 Y71.204 E3.7913
G1 X58.361 Y71.325 E3.83391
G1 X58.753 Y71.525 E3.87704
G1 X59.101 Y71.795 E3.92018
G1 X59.392 Y72.125 E3.96331
G1 X59.616 Y72.504 E4.00645
G1 X59.766 Y72.918 E4.04958
G1 X59.834 Y73.353 E4.09271
G1 X59.821 Y73.793 E4.13584
G1 X59.725 Y74.223 E4.17898
G1 X59.55 Y74.627 E4.22211
G1 X59.302 Y74.991 E4.26525
G1 X58.995 Y75.298 E4.30786
G1 X58.753 Y75.474 E4.33715
G1 X58.491 Y75.618 E4.36644
G1 X58.082 Y75.766 E4.40905
G1 X57.881 Y75.797 E4.42899
G1 X57.744 Y75.95 F7800
G1 X57.973 Y76.379
;TYPE:Perimeter
G1 F4800
G1 X58.229 Y76.339 E4.4544
G1 X58.734 Y76.157 E4.50701
G1 X59.069 Y75.973 E4.54447
G1 X59.379 Y75.748 E4.58194
G1 X59.758 Y75.368 E4.63455
G1 X59.824 Y75.272 E4.64598
G1 X60.073 Y75.348 E4.67156
G1 X60.073 Y84.573 E5.57539
G1 X52.927 Y84.573 E6.27561
G1 X52.927 Y67.427 E7.9556
G1 X60.073 Y67.427 E8.65581
G1 X60.073 Y72.007 E9.10456
G1 X59.506 Y71.364 E9.18857
G1 X59.07 Y71.025 E9.24262
G1 X58.579 Y70.775 E9.29667
G1 X58.063 Y70.625 E9.34928
G1 X57.687 Y70.578 E9.38647
G1 X57.351 Y70.576 E9.41937
G1 X56.777 Y70.659 E9.47624
G1 X56.252 Y70.848 E9.53084
G1 X55.777 Y71.129 E9.58489
G1 X55.359 Y71.498 E9.6395
G1 X55.009 Y71.96 E9.69636
G1 X54.849 Y72.256 E9.72927
G1 X54.709 Y72.609 E9.76646
G1 X54.592 Y73.133 E9.81907
G1 X54.575 Y73.684 E9.87312
G1 X54.661 Y74.229 E9.92716
G1 X54.848 Y74.748 E9.98121
G1 X55.121 Y75.21 E10.03382
G1 X55.363 Y75.503 E10.07101
G1 X55.607 Y75.734 E10.10392
G1 X56.083 Y76.066 E10.16078
G1 X56.594 Y76.287 E10.21539
G1 X57.133 Y76.408 E10.26943
G1 X57.684 Y76.425 E10.32348
G1 X57.884 Y76.393 E10.34331
G1 X60.662 Y83.837 F7800
;TYPE:External perimeter
G1 F2400
G1 X67.662 Y83.837 E11.02915
G1 X67.662 Y139.838 E16.51589
G1 X135.663 Y139.838 E23.17837
G1 X135.663 Y143.163 E23.50415
G1 X52.337 Y143.163 E31.66813
G1 X52.337 Y66.837 E39.14627
G1 X60.662 Y66.837 E39.96193
G1 X60.662 Y83.747 E41.61873
G1 X60.753 Y84.431 F7800
G1 X60.368 Y84.5
;TYPE:Gap fill
;WIDTH:0.821683
G1 F1200
G1 X64.632 Y84.5 E42.14054
G1 X65.369 Y86.829 F7800
;TYPE:Internal infill
;WIDTH:0.675
G1 F3600
G1 X65.369 Y90.364 E42.48689
G1 X66.631 Y91.627 E42.66188
G1 X66.631 Y92.408 E42.73836
G1 X65.369 Y92.746 E42.86647
G1 X65.369 Y96.281 E43.21281
G1 X66.631 Y98.022 F7800
G1 F3600
G1 X66.631 Y101.557 E43.55916
G1 X65.369 Y101.896 E43.68727
G1 X65.369 Y102.862 E43.782
G1 X66.631 Y104.125 E43.95699
G1 X66.631 Y107.66 E44.30334
G1 E41.30334 F2400
G92 E0
G1 X53.369 Y72.049 F7800
G1 E3 F2400
G1 F3600
G1 X53.369 Y68.514 E3.34635
G1 X55.779 Y67.869 E3.59083
G1 X55.371 Y67.869 E3.63083
G1 X57.638 Y70.135 E3.94493
G1 X58.153 Y70.191 E3.99575
G1 X58.742 Y70.362 E4.05586
G1 X59.262 Y70.627 E4.11298
G1 X59.355 Y70.481 E4.12996
G1 X59.631 Y69.447 E4.23477
G1 X59.631 Y67.869 E4.38947
G1 X57.675 Y67.869 E4.58112
G1 X59.558 Y70.985 F7800
;TYPE:Gap fill
;WIDTH:0.196097
G1 F1200
G1 X59.724 Y71.09 E4.58471
;WIDTH:0.196097
G1 X59.735 Y71.114 E4.5852
;WIDTH:0.172571
G1 X59.779 Y71.214 E4.58677
G1 X59.861 Y72.267 F7800
;WIDTH:0.179593
G1 F1200
G1 X59.924 Y72.354 E4.58846
;WIDTH:0.182145
G1 X59.929 Y72.362 E4.58861
;WIDTH:0.229447
G1 X59.994 Y72.47 E4.59162
;WIDTH:0.276749
G1 X60.058 Y72.579 E4.59563
;WIDTH:0.324052
G1 X60.122 Y72.688 E4.60063
;WIDTH:0.371355
G1 X60.186 Y72.796 E4.60662
;WIDTH:0.384579
G1 X60.2 Y72.821 E4.60802
;WIDTH:0.399549
G1 X60.211 Y72.846 E4.60942
;WIDTH:0.399549
G1 X60.23 Y73.081 E4.62173
;WIDTH:0.362543
G1 X60.248 Y73.316 E4.63258
;WIDTH:0.325535
G1 X60.249 Y73.338 E4.63347
;WIDTH:0.339698
G1 X60.241 Y73.834 E4.65441
;WIDTH:0.342729
G1 X60.239 Y73.858 E4.65544
;WIDTH:0.37923
G1 X60.221 Y74.024 E4.66356
;WIDTH:0.415731
G1 X60.203 Y74.189 E4.67268
;WIDTH:0.452232
G1 X60.185 Y74.354 E4.68281
;WIDTH:0.463344
G1 X60.076 Y75.041 E4.72647
G1 X59.631 Y81.092 F7800
;TYPE:Internal infill
;WIDTH:0.675
G1 F3600
G1 X59.631 Y84.131 E5.02423
G1 X59.136 Y84.131 E5.07282
G1 X53.369 Y78.364 E5.8719
G1 X53.369 Y77.663 E5.94058
G1 X56.714 Y76.767 E6.27997
G1 X57.077 Y76.848 E6.31638
G1 X57.644 Y76.866 E6.37192
G1 X55.697 Y84.131 E7.1089
G1 X53.369 Y84.131 E7.33703
G1 X53.369 Y82.925 E7.45525
G1 X53 Y84.868 F7800
;TYPE:Gap fill
;WIDTH:0.821683
G1 F1200
G1 X53 Y113.132 E10.91396
G1 X53.369 Y119.874 F7800
;TYPE:Internal infill
;WIDTH:0.675
G1 F3600
G1 X53.369 Y123.409 E11.26031
G1 X66.631 Y119.855 E12.60562
G1 X66.631 Y116.623 E12.92229
G1 X63.877 Y113.869 E13.304
G1 X65.369 Y113.869 E13.45016
G1 X65.369 Y111.045 E13.72684
G1 X66.631 Y110.706 E13.85494
G1 X66.631 Y111.613 E13.94379
G1 X60.852 Y133.184 E16.13183
G1 X60.769 Y132.661 E16.18376
G1 X60.553 Y132.063 E16.24599
G1 X60.23 Y131.516 E16.30822
G1 X59.81 Y131.04 E16.37045
G1 X59.611 Y130.886 E16.39513
G1 X66.631 Y129.005 E17.10723
G1 X66.631 Y129.121 E17.11867
G1 X53.369 Y115.858 E18.9564
G1 X53.369 Y114.26 E19.11299
G1 X54.83 Y113.869 E19.2612
G1 X56.878 Y113.869 E19.46189
G1 X53.369 Y126.966 E20.79043
G1 X53.369 Y128.356 E20.92663
G1 X55.683 Y130.671 E21.24739
G1 X55.516 Y130.77 E21.26639
G1 X55.034 Y131.196 E21.32945
G1 X54.637 Y131.721 E21.39395
G1 X54.448 Y132.068 E21.43272
G1 X54.359 Y132.293 E21.45636
G1 X53.369 Y132.558 E21.55686
G1 X53.369 Y136.093 E21.9032
G1 X66.631 Y134.619 F7800
G1 F3600
G1 X66.631 Y138.154 E22.24955
G1 X53.369 Y141.707 E23.59486
G1 X53.369 Y140.854 E23.67846
G1 X54.646 Y142.131 E23.85544
G1 X58.454 Y142.131 E24.22857
G1 X60.249 Y135.432 E24.90816
G1 X60.328 Y135.316 E24.92188
G1 X67.144 Y142.131 E25.86627
G1 X67.603 Y142.131 E25.91129
G1 X67.942 Y140.869 E26.0394
G1 X71.477 Y140.869 E26.38575
G1 X73.217 Y142.131 F7800
G1 F3600
G1 X76.752 Y142.131 E26.73209
G1 X77.091 Y140.869 E26.8602
G1 X78.379 Y140.869 E26.98639
G1 X79.642 Y142.131 E27.16139
G1 X83.177 Y142.131 E27.50773
G1 X82.705 Y140.869 F7800
G1 F3600
G1 X86.24 Y140.869 E27.85408
G1 X85.902 Y142.131 E27.98218
G1 X90.644 Y140.869 E28.46308
G1 X90.877 Y140.869 E28.48583
G1 X92.14 Y142.131 E28.66083
G1 X95.051 Y142.131 E28.94604
G1 X95.389 Y140.869 E29.07415
G1 X103.375 Y140.869 E29.85656
G1 X104.638 Y142.131 E30.03155
G1 X104.2 Y142.131 E30.07445
G1 X104.538 Y140.869 E30.20255
G1 X108.073 Y140.869 E30.5489
G1 X109.814 Y142.131 F7800
G1 F3600
G1 X113.349 Y142.131 E30.89525
G1 X113.687 Y140.869 E31.02335
G1 X115.873 Y140.869 E31.23746
G1 X117.136 Y142.131 E31.41246
G1 X120.076 Y142.131 E31.70057
G1 X124.79 Y140.869 E32.17867
G1 X128.371 Y140.869 E32.52953
G1 X129.634 Y142.131 E32.70452
G1 X131.647 Y142.131 E32.90182
G1 X131.986 Y140.869 E33.02992
G1 X134.631 Y140.869 E33.28916
G1 X134.631 Y141.758 E33.37627
G1 X126.033 Y142.131 F7800
G1 F3600
G1 X122.498 Y142.131 E33.72262
G1 X122.836 Y140.869 E33.85072
G1 X119.302 Y140.869 E34.19707
G1 E31.19707 F2400
G92 E0
G1 X111.89 Y75.189 F7800
G1 E3 F2400
;TYPE:Perimeter
G1 F1800
G1 X111.658 Y75.479 E3.03639
G1 X111.228 Y75.868 E3.09326
G1 X110.748 Y76.152 E3.14787
G1 X110.229 Y76.339 E3.20191
G1 X109.684 Y76.425 E3.25596
G1 X109.133 Y76.408 E3.31
G1 X108.594 Y76.287 E3.36405
G1 X108.088 Y76.068 E3.4181
G1 X107.644 Y75.766 E3.47071
G1 X107.367 Y75.507 E3.5079
G1 X107.152 Y75.249 E3.54081
G1 X106.85 Y74.753 E3.59767
G1 X106.661 Y74.229 E3.65228
G1 X106.575 Y73.684 E3.70632
G1 X106.592 Y73.133 E3.76037
G1 X106.709 Y72.609 E3.81298
G1 X106.85 Y72.253 E3.85045
G1 X107.034 Y71.918 E3.88791
G1 X107.364 Y71.494 E3.94052
G1 X107.777 Y71.129 E3.99457
G1 X108.252 Y70.848 E4.04861
G1 X108.777 Y70.659 E4.10322
G1 X109.351 Y70.576 E4.16009
G1 X109.687 Y70.578 E4.19299
G1 X110.063 Y70.625 E4.23018
G1 X110.579 Y70.775 E4.28279
G1 X111.07 Y71.025 E4.33684
G1 X111.506 Y71.364 E4.39088
G1 X111.871 Y71.777 E4.44493
G1 X112.152 Y72.252 E4.49898
G1 X112.339 Y72.771 E4.55303
G1 X112.425 Y73.316 E4.60707
G1 X112.408 Y73.867 E4.66112
G1 X112.287 Y74.406 E4.71517
G1 X112.074 Y74.898 E4.76778
G1 X111.938 Y75.113 E4.79264
G1 X111.392 Y74.873 F7800
;TYPE:External perimeter
G1 F1800
G1 X111.23 Y75.072 E4.81778
G1 X110.877 Y75.391 E4.86446
G1 X110.496 Y75.616 E4.9078
G1 X110.082 Y75.766 E4.95094
G1 X109.647 Y75.834 E4.99407
G1 X109.207 Y75.821 E5.0372
G1 X108.777 Y75.725 E5.08034
G1 X108.373 Y75.55 E5.12347
G1 X108.013 Y75.305 E5.16608
G1 X107.796 Y75.101 E5.19527
G1 X107.632 Y74.905 E5.22036
G1 X107.384 Y74.498 E5.26705
G1 X107.234 Y74.082 E5.31038
G1 X107.166 Y73.647 E5.35352
G1 X107.179 Y73.207 E5.39665
G1 X107.274 Y72.782 E5.43926
G1 X107.384 Y72.504 E5.46855
G1 X107.528 Y72.242 E5.49784
G1 X107.795 Y71.899 E5.54045
G1 X108.125 Y71.608 E5.58359
G1 X108.504 Y71.384 E5.62672
G1 X108.92 Y71.234 E5.67006
G1 X109.392 Y71.165 E5.71674
G1 X109.648 Y71.167 E5.74183
G1 X109.943 Y71.204 E5.77102
G1 X110.361 Y71.325 E5.81363
G1 X110.753 Y71.525 E5.85676
G1 X111.101 Y71.795 E5.8999
G1 X111.392 Y72.125 E5.94303
G1 X111.616 Y72.504 E5.98617
G1 X111.766 Y72.918 E6.0293
G1 X111.834 Y73.353 E6.07243
G1 X111.821 Y73.793 E6.11557
G1 X111.725 Y74.223 E6.1587
G1 X111.552 Y74.622 E6.20131
G1 X111.441 Y74.797 E6.22163
G1 X111.5 Y75.106 F7800
G1 X108.927 Y82.573
;TYPE:Perimeter
G1 F4800
G1 X105.927 Y82.573 E6.51556
G1 X105.927 Y67.427 E7.9996
G1 X113.073 Y67.427 E8.69981
G1 X113.073 Y123.573 E14.20093
G1 X108.927 Y123.573 E14.60721
G1 X108.927 Y82.663 E18.61548
G1 X108.338 Y83.162 F7800
;TYPE:External perimeter
G1 F2400
G1 X105.338 Y83.162 E18.90941
G1 X105.338 Y66.837 E20.50889
G1 X113.663 Y66.837 E21.32456
G1 X113.663 Y124.163 E26.94112
G1 X108.338 Y124.163 E27.46285
G1 X108.338 Y83.252 E31.47111
G1 X108.312 Y82.563 F7800
G1 X112.631 Y83.617
;TYPE:Internal infill
G1 F3600
G1 X112.631 Y80.082 E31.81746
G1 X106.369 Y81.76 E32.45274
G1 X106.369 Y81.373 E32.49074
G1 X107.127 Y82.131 E32.59588
G1 X109.369 Y82.131 E32.81546
G1 X109.369 Y84.373 E33.03505
G1 X112.631 Y87.636 E33.48717
G1 X112.631 Y89.231 E33.64353
G1 X109.369 Y90.106 E33.9745
G1 X109.369 Y88.696 E34.11258
G1 X112.631 Y76.519 E35.34779
G1 X112.631 Y75.651 E35.43286
G1 X112.263 Y75.426 E35.47517
G1 X111.979 Y75.784 E35.51993
G1 X111.491 Y76.226 E35.58442
G1 X110.937 Y76.553 E35.64749
G1 X110.489 Y76.715 E35.6941
G1 X112.394 Y74.989 F7800
;TYPE:Gap fill
;WIDTH:0.211446
G1 F1200
G1 X112.485 Y74.839 E35.69776
;WIDTH:0.256051
G1 X112.576 Y74.689 E35.70272
;WIDTH:0.300656
G1 X112.667 Y74.54 E35.70898
;WIDTH:0.302507
G1 X112.67 Y74.535 E35.7092
;WIDTH:0.302506
G1 X112.672 Y74.52 E35.70972
;WIDTH:0.298404
G1 X112.696 Y74.308 E35.71726
;WIDTH:0.254549
G1 X112.719 Y74.096 E35.72324
;WIDTH:0.210695
G1 X112.743 Y73.884 E35.72767
G1 X112.741 Y73.192 F7800
;WIDTH:0.203543
G1 F1200
G1 X112.722 Y72.939 E35.73265
;WIDTH:0.240245
G1 X112.702 Y72.685 E35.73917
;WIDTH:0.243969
G1 X112.7 Y72.671 E35.73956
;WIDTH:0.28972
G1 X112.677 Y72.54 E35.74407
;WIDTH:0.335471
G1 X112.654 Y72.409 E35.7496
;WIDTH:0.335469
G1 X112.594 Y72.308 E35.75446
;WIDTH:0.29157
G1 X112.535 Y72.207 E35.75847
;WIDTH:0.247671
G1 X112.475 Y72.106 E35.76162
;WIDTH:0.203773
G1 X112.469 Y72.097 E35.76184
;WIDTH:0.200649
G1 X112.34 Y71.919 E35.76604
G1 X112.897 Y68.867 F7800
;TYPE:Solid infill
;WIDTH:0.709039
G1 F1200
G1 X111.899 Y67.869 E35.91232
G1 X111.017 Y67.869 E36.00366
G1 X112.631 Y69.483 E36.24025
G1 X112.631 Y70.364 E36.33159
G1 X110.136 Y67.869 E36.69736
G1 X109.255 Y67.869 E36.7887
G1 X112.631 Y71.245 E37.28365
G1 X112.631 Y71.398 E37.29947
G1 X112.519 Y71.243 E37.31939
G1 X112.196 Y71.477 E37.36076
G1 X111.81 Y71.04 E37.42118
G1 X111.308 Y70.651 E37.487
G1 X110.997 Y70.492 E37.52323
G1 X108.373 Y67.869 E37.90775
G1 X107.492 Y67.869 E37.99909
G1 X109.766 Y70.142 E38.33234
G1 X109.32 Y70.134 E38.37852
G1 X108.932 Y70.19 E38.41915
G1 X106.611 Y67.869 E38.75942
G1 X106.369 Y67.869 E38.78451
G1 X106.369 Y68.508 E38.85076
G1 X108.243 Y70.382 E39.12545
G1 X108.063 Y70.447 E39.14522
G1 X107.663 Y70.683 E39.19343
G1 X106.369 Y69.389 E39.38312
G1 X106.369 Y70.27 E39.47446
G1 X107.36 Y71.262 E39.61972
G1 X106.523 Y71.549 F7800
;TYPE:Gap fill
;WIDTH:0.471621
G1 F1200
G1 X106.409 Y72.058 E39.6532
;WIDTH:0.460932
G1 X106.389 Y72.164 E39.65993
;WIDTH:0.420478
G1 X106.368 Y72.27 E39.66594
;WIDTH:0.380024
G1 X106.348 Y72.376 E39.67122
;WIDTH:0.339569
G1 X106.328 Y72.482 E39.67577
;WIDTH:0.299115
G1 X106.325 Y72.499 E39.67636
;WIDTH:0.294133
G1 X106.303 Y72.705 E39.68353
;WIDTH:0.251702
G1 X106.28 Y72.91 E39.68923
;WIDTH:0.209272
G1 X106.257 Y73.116 E39.69348
G1 X106.259 Y73.808 F7800
;WIDTH:0.203542
G1 F1200
G1 X106.279 Y74.061 E39.69845
;WIDTH:0.240243
G1 X106.298 Y74.315 E39.70498
;WIDTH:0.243965
G1 X106.3 Y74.329 E39.70537
;WIDTH:0.283218
G1 X106.32 Y74.442 E39.70912
;WIDTH:0.322469
G1 X106.34 Y74.554 E39.71361
;WIDTH:0.322471
G1 X106.405 Y74.669 E39.7188
;WIDTH:0.276278
G1 X106.471 Y74.783 E39.72299
;WIDTH:0.230085
G1 X106.537 Y74.898 E39.72615
;WIDTH:0.183893
G1 X106.542 Y74.906 E39.72631
;WIDTH:0.181436
G1 X106.622 Y75.017 E39.72849
G1 E36.72849 F2400
G92 E0
G1 X109.369 Y93.336 F7800
G1 E3 F2400
;TYPE:Internal infill
;WIDTH:0.675
G1 F3600
G1 X109.369 Y96.871 E3.34635
G1 X112.631 Y100.134 E3.79846
G1 X112.631 Y98.381 E3.97021
G1 X109.369 Y99.255 E4.30119
G1 X109.369 Y102.79 E4.64753
G1 X109.369 Y114.018 F7800
G1 F3600
G1 X109.369 Y117.553 E4.99388
G1 X112.631 Y116.679 E5.32485
G1 X112.631 Y112.631 E5.7214
G1 X109.369 Y109.369 E6.17352
G1 X109.369 Y108.404 E6.26802
G1 X112.631 Y107.53 E6.59899
G1 X112.631 Y110.664 E6.90608
G1 X109.369 Y122.841 E8.14129
G1 X109.369 Y123.131 E8.16971
G1 X110.634 Y123.131 E8.29365
G1 X109.369 Y121.866 E8.46892
G1 E5.46892 F2400
G92 E0
G1 X149.284 Y116.22 F7800
G1 E3 F2400
;TYPE:External perimeter
G1 F1800
G1 X149.234 Y116.082 E3.01442
G1 X149.166 Y115.647 E3.05756
G1 X149.179 Y115.207 E3.10069
G1 X149.274 Y114.782 E3.1433
G1 X149.384 Y114.505 E3.17249
G1 X149.506 Y114.28 E3.19758
G1 X149.793 Y113.9 E3.24426
G1 X150.125 Y113.608 E3.2876
G1 X150.504 Y113.384 E3.33073
G1 X150.92 Y113.234 E3.37407
G1 X151.392 Y113.165 E3.42076
G1 X151.648 Y113.167 E3.44585
G1 X151.943 Y113.204 E3.47504
G1 X152.361 Y113.325 E3.51765
G1 X152.753 Y113.525 E3.56078
G1 X153.101 Y113.795 E3.60392
G1 X153.392 Y114.125 E3.64705
G1 X153.616 Y114.504 E3.69018
G1 X153.766 Y114.918 E3.73332
G1 X153.834 Y115.353 E3.77645
G1 X153.821 Y115.793 E3.81958
G1 X153.725 Y116.223 E3.86272
G1 X153.552 Y116.622 E3.90533
G1 X153.392 Y116.873 E3.93452
G1 X153.23 Y117.072 E3.95961
G1 X152.877 Y117.391 E4.00629
G1 X152.496 Y117.616 E4.04963
G1 X152.082 Y117.766 E4.09276
G1 X151.647 Y117.834 E4.1359
G1 X151.207 Y117.821 E4.17903
G1 X150.782 Y117.726 E4.22164
G1 X150.504 Y117.616 E4.25093
G1 X150.242 Y117.472 E4.28022
G1 X149.899 Y117.205 E4.32283
G1 X149.608 Y116.875 E4.36597
G1 X149.384 Y116.496 E4.4091
G1 X149.315 Y116.305 E4.42899
G1 X149.139 Y116.2 F7800
G1 E1.42899 F2400
G92 E0
G1 X149.389 Y75.527 F7800
G1 E3 F2400
;TYPE:Perimeter
G1 F1800
G1 X149.121 Y75.21 E3.04062
G1 X148.848 Y74.748 E3.09323
G1 X148.661 Y74.229 E3.14728
G1 X148.575 Y73.684 E3.20132
G1 X148.592 Y73.133 E3.25537
G1 X148.709 Y72.609 E3.30798
G1 X148.85 Y72.253 E3.34545
G1 X149.034 Y71.918 E3.38291
G1 X149.364 Y71.494 E3.43552
G1 X149.777 Y71.129 E3.48957
G1 X150.252 Y70.848 E3.54362
G1 X150.777 Y70.659 E3.59822
G1 X151.351 Y70.576 E3.65509
G1 X151.687 Y70.578 E3.68799
G1 X152.063 Y70.625 E3.72518
G1 X152.579 Y70.775 E3.77779
G1 X153.07 Y71.025 E3.83184
G1 X153.506 Y71.364 E3.88589
G1 X153.871 Y71.777 E3.93993
G1 X154.152 Y72.252 E3.99398
G1 X154.339 Y72.771 E4.04803
G1 X154.425 Y73.316 E4.10207
G1 X154.408 Y73.867 E4.15612
G1 X154.287 Y74.406 E4.21017
G1 X154.074 Y74.898 E4.26278
G1 X153.871 Y75.219 E4.29996
G1 X153.658 Y75.479 E4.33287
G1 X153.228 Y75.868 E4.38974
G1 X152.748 Y76.152 E4.44434
G1 X152.229 Y76.339 E4.49839
G1 X151.684 Y76.425 E4.55244
G1 X151.133 Y76.408 E4.60648
G1 X150.594 Y76.287 E4.66053
G1 X150.083 Y76.066 E4.71514
G1 X149.607 Y75.734 E4.772
G1 X149.454 Y75.589 E4.79264
G1 X149.795 Y75.1 F7800
;TYPE:External perimeter
G1 F1800
G1 X149.605 Y74.87 E4.82183
G1 X149.384 Y74.496 E4.86444
G1 X149.234 Y74.082 E4.90757
G1 X149.166 Y73.647 E4.95071
G1 X149.179 Y73.207 E4.99384
G1 X149.274 Y72.782 E5.03645
G1 X149.384 Y72.504 E5.06574
G1 X149.528 Y72.242 E5.09503
G1 X149.795 Y71.899 E5.13764
G1 X150.125 Y71.608 E5.18078
G1 X150.504 Y71.384 E5.22391
G1 X150.92 Y71.234 E5.26725
G1 X151.392 Y71.165 E5.31393
G1 X151.648 Y71.167 E5.33902
G1 X151.943 Y71.204 E5.36821
G1 X152.361 Y71.325 E5.41082
G1 X152.753 Y71.525 E5.45396
G1 X153.101 Y71.795 E5.49709
G1 X153.392 Y72.125 E5.54022
G1 X153.616 Y72.504 E5.58336
G1 X153.766 Y72.918 E5.62649
G1 X153.834 Y73.353 E5.66962
G1 X153.821 Y73.793 E5.71276
G1 X153.725 Y74.223 E5.75589
G1 X153.552 Y74.622 E5.7985
G1 X153.392 Y74.873 E5.82769
G1 X153.23 Y75.072 E5.85278
G1 X152.877 Y75.391 E5.89946
G1 X152.496 Y75.616 E5.9428
G1 X152.082 Y75.766 E5.98594
G1 X151.647 Y75.834 E6.02907
G1 X151.207 Y75.821 E6.0722
G1 X150.777 Y75.725 E6.11534
G1 X150.371 Y75.549 E6.15867
G1 X149.98 Y75.276 E6.20536
G1 X149.86 Y75.162 E6.22163
G1 X149.506 Y75.171 F7800
G1 E3.22163 F2400
G92 E0
G1 X154.927 Y115.916 F7800
G1 E3 F2400
;TYPE:Perimeter
G1 F4800
G1 X154.578 Y116.219 E3.04522
G1 X154.358 Y116.088 E3.07028
G1 X154.408 Y115.867 E3.09239
G1 X154.425 Y115.316 E3.14643
G1 X154.302 Y114.542 E3.22319
G1 X154.927 Y115.084 E3.30417
G1 X154.927 Y82.573 E6.48948
G1 X147.927 Y82.573 E7.17532
G1 X147.927 Y67.427 E8.65936
G1 X157.073 Y67.427 E9.55553
G1 X157.073 Y124.573 E15.15462
G1 X154.927 Y124.573 E15.36495
G1 X154.927 Y116.006 E16.20435
G1 X154.338 Y117.208 F7800
;TYPE:External perimeter
G1 F2400
G1 X153.355 Y118.06 E16.3318
G1 X153.023 Y118.271 E16.37031
G1 X152.664 Y118.44 E16.40921
G1 X152.286 Y118.562 E16.44811
G1 X151.704 Y118.656 E16.50591
G1 X151.301 Y118.656 E16.54533
G1 X150.908 Y118.606 E16.58424
G1 X150.523 Y118.507 E16.62314
G1 X150.157 Y118.362 E16.66172
G1 X149.722 Y118.112 E16.71089
G1 X149.333 Y117.803 E16.75954
G1 X149.064 Y117.515 E16.79813
G1 X148.83 Y117.194 E16.83704
G1 X148.639 Y116.846 E16.87594
G1 X148.493 Y116.477 E16.91485
G1 X148.394 Y116.092 E16.95375
G1 X148.344 Y115.699 E16.99265
G1 X148.362 Y115.109 E17.05044
G1 X148.438 Y114.714 E17.08987
G1 X148.635 Y114.161 E17.14736
G1 X148.885 Y113.726 E17.19652
G1 X149.198 Y113.333 E17.24569
G1 X149.637 Y112.945 E17.30316
G1 X149.977 Y112.729 E17.34259
G1 X150.336 Y112.56 E17.38149
G1 X150.719 Y112.436 E17.42091
G1 X151.301 Y112.344 E17.47871
G1 X151.704 Y112.344 E17.51813
G1 X152.286 Y112.438 E17.57593
G1 X152.846 Y112.639 E17.63424
G1 X153.355 Y112.94 E17.69216
G1 X154.338 Y113.792 E17.81961
G1 X154.338 Y83.162 E20.82066
G1 X147.338 Y83.162 E21.5065
G1 X147.338 Y66.837 E23.10599
G1 X157.663 Y66.837 E24.1176
G1 X157.663 Y125.163 E29.83215
G1 X154.338 Y125.163 E30.15792
G1 X154.338 Y117.298 E30.92851
G1 X153.995 Y116.715 F7800
G1 X153.868 Y116.996
;TYPE:Gap fill
;WIDTH:0.43164
G1 F1200
G1 X153.757 Y117.126 E30.93836
;WIDTH:0.382085
G1 X153.745 Y117.139 E30.93923
;WIDTH:0.378006
G1 X153.641 Y117.245 E30.94645
;WIDTH:0.352645
G1 X153.538 Y117.352 E30.95304
;WIDTH:0.327285
G1 X153.525 Y117.364 E30.95377
;WIDTH:0.325549
G1 X153.129 Y117.715 E30.97483
;WIDTH:0.31681
G1 X153.111 Y117.729 E30.97572
;WIDTH:0.317149
G1 X153.109 Y117.73 E30.97579
;WIDTH:0.327716
G1 X152.823 Y117.906 E30.98932
;WIDTH:0.327714
G1 X152.68 Y117.982 E30.99583
;WIDTH:0.312461
G1 X152.66 Y117.991 E30.99663
;WIDTH:0.327715
G1 X152.511 Y118.053 E31.00315
;WIDTH:0.327715
G1 X152.194 Y118.161 E31.01659
;WIDTH:0.317388
G1 X152.184 Y118.164 E31.01701
;WIDTH:0.317388
G1 X152.173 Y118.166 E31.01743
;WIDTH:0.328089
G1 X151.832 Y118.226 E31.03137
;WIDTH:0.328089
G1 X151.684 Y118.245 E31.03738
;WIDTH:0.318721
G1 X151.684 Y118.245 E31.03741
;WIDTH:0.318595
G1 X151.662 Y118.245 E31.03826
;WIDTH:0.327716
G1 X151.328 Y118.24 E31.0517
;WIDTH:0.327715
G1 X151.166 Y118.227 E31.05821
;WIDTH:0.312461
G1 X151.145 Y118.225 E31.05902
;WIDTH:0.327712
G1 X150.986 Y118.197 E31.06553
;WIDTH:0.327713
G1 X150.67 Y118.121 E31.07857
;WIDTH:0.318384
G1 X150.653 Y118.116 E31.07928
;WIDTH:0.318717
G1 X150.65 Y118.115 E31.07938
;WIDTH:0.31872
G1 X150.336 Y117.991 E31.09247
G1 X150.336 Y117.991 F7800
;WIDTH:0.31872
G1 F1200
G1 X150.323 Y117.984 E31.09304
;WIDTH:0.317533
G1 X150.026 Y117.817 E31.10616
;WIDTH:0.312043
G1 X150.011 Y117.808 E31.10683
;WIDTH:0.321428
G1 X149.954 Y117.77 E31.1095
;WIDTH:0.321427
G1 X149.626 Y117.512 E31.12587
;WIDTH:0.317155
G1 X149.612 Y117.5 E31.12656
;WIDTH:0.317212
G1 X149.61 Y117.497 E31.12671
;WIDTH:0.327713
G1 X149.385 Y117.25 E31.14015
;WIDTH:0.327714
G1 X149.283 Y117.124 E31.14667
;WIDTH:0.312459
G1 X149.271 Y117.106 E31.14747
;WIDTH:0.327711
G1 X149.182 Y116.971 E31.15398
;WIDTH:0.327712
G1 X149.016 Y116.681 E31.16743
;WIDTH:0.317379
G1 X149.011 Y116.671 E31.16785
G1 X149.007 Y116.661 E31.16827
;WIDTH:0.32771
G1 X148.889 Y116.348 E31.18171
;WIDTH:0.327712
G1 X148.841 Y116.194 E31.18822
;WIDTH:0.312461
G1 X148.836 Y116.173 E31.18903
;WIDTH:0.327715
G1 X148.803 Y116.014 E31.19554
;WIDTH:0.327714
G1 X148.756 Y115.684 E31.20898
;WIDTH:0.317391
G1 X148.755 Y115.673 E31.2094
;WIDTH:0.317391
G1 X148.755 Y115.662 E31.20982
;WIDTH:0.328088
G1 X148.76 Y115.316 E31.22377
;WIDTH:0.328087
G1 X148.769 Y115.167 E31.22977
;WIDTH:0.318716
G1 X148.77 Y115.166 E31.22981
;WIDTH:0.318584
G1 X148.773 Y115.145 E31.23065
;WIDTH:0.327709
G1 X148.841 Y114.817 E31.2441
;WIDTH:0.327708
G1 X148.881 Y114.671 E31.25021
;WIDTH:0.313401
G1 X148.886 Y114.654 E31.25088
;WIDTH:0.324885
G1 X148.95 Y114.478 E31.25832
;WIDTH:0.324885
G1 X149.004 Y114.346 E31.26398
;WIDTH:0.320414
G1 X149.008 Y114.338 E31.26434
;WIDTH:0.319053
G1 X149.015 Y114.325 E31.26488
;WIDTH:0.317879
G1 X149.159 Y114.067 E31.27631
;WIDTH:0.311478
G1 X149.168 Y114.052 E31.27694
;WIDTH:0.325518
G1 X149.229 Y113.96 E31.28138
;WIDTH:0.32552
G1 X149.485 Y113.63 E31.29802
;WIDTH:0.317059
G1 X149.5 Y113.612 E31.2989
;WIDTH:0.317096
G1 X149.5 Y113.612 E31.29891
;WIDTH:0.328087
G1 X149.759 Y113.377 E31.313
;WIDTH:0.328088
G1 X149.874 Y113.282 E31.31901
;WIDTH:0.318718
G1 X149.874 Y113.281 E31.31904
;WIDTH:0.318589
G1 X149.892 Y113.269 E31.31989
;WIDTH:0.327716
G1 X150.177 Y113.094 E31.33333
;WIDTH:0.327714
G1 X150.32 Y113.018 E31.33985
;WIDTH:0.312463
G1 X150.34 Y113.009 E31.34065
;WIDTH:0.327715
G1 X150.489 Y112.947 E31.34716
;WIDTH:0.327715
G1 X150.809 Y112.838 E31.36077
;WIDTH:0.318023
G1 X150.827 Y112.832 E31.36149
;WIDTH:0.318273
G1 X150.832 Y112.832 E31.36166
;WIDTH:0.329133
G1 X150.974 Y112.805 E31.36752
;WIDTH:0.329131
G1 X151.327 Y112.757 E31.38195
;WIDTH:0.322305
G1 X151.355 Y112.755 E31.38302
;WIDTH:0.318373
G1 X151.372 Y112.755 E31.3837
;WIDTH:0.318963
G1 X151.668 Y112.756 E31.39517
;WIDTH:0.319884
G1 X151.682 Y112.756 E31.39571
;WIDTH:0.320202
G1 X151.684 Y112.756 E31.39581
;WIDTH:0.324885
G1 X151.833 Y112.773 E31.40174
;WIDTH:0.324885
G1 X152.018 Y112.802 E31.40918
;WIDTH:0.3134
G1 X152.035 Y112.805 E31.40986
;WIDTH:0.327711
G1 X152.183 Y112.841 E31.41597
;WIDTH:0.327712
G1 X152.502 Y112.939 E31.42941
;WIDTH:0.318587
G1 X152.523 Y112.946 E31.43026
;WIDTH:0.318714
G1 X152.524 Y112.947 E31.43029
;WIDTH:0.328828
G1 X152.669 Y113.015 E31.43679
;WIDTH:0.32883
G1 X152.812 Y113.088 E31.44329
;WIDTH:0.328831
G1 X152.963 Y113.174 E31.45031
;WIDTH:0.312461
G1 X152.981 Y113.186 E31.45111
;WIDTH:0.326872
G1 X153.106 Y113.274 E31.45724
;WIDTH:0.326874
G1 X153.372 Y113.491 E31.471
;WIDTH:0.308804
G1 X153.387 Y113.506 E31.47178
;WIDTH:0.341945
G1 X153.564 Y113.681 E31.48236
;WIDTH:0.375085
G1 X153.74 Y113.856 E31.49432
;WIDTH:0.377447
G1 X153.749 Y113.865 E31.49496
;WIDTH:0.377447
G1 X153.755 Y113.879 E31.49566
;WIDTH:0.371343
G1 X153.797 Y113.997 E31.50165
;WIDTH:0.324043
G1 X153.84 Y114.116 E31.50665
;WIDTH:0.276742
G1 X153.883 Y114.235 E31.51066
;WIDTH:0.229441
G1 X153.926 Y114.354 E31.51367
;WIDTH:0.182141
G1 X153.928 Y114.362 E31.51382
;WIDTH:0.17959
G1 X153.955 Y114.467 E31.5155
G1 X154.336 Y116.417 F7800
;WIDTH:0.492963
G1 F1200
G1 X153.98 Y116.866 E31.55431
;WIDTH:0.481197
G1 X153.868 Y116.996 E31.56556
G1 X156.631 Y122.673 F7800
;TYPE:Internal infill
;WIDTH:0.675
G1 F3600
G1 X156.631 Y119.138 E31.91191
G1 X155.369 Y117.875 E32.0869
G1 X155.369 Y114.377 E32.42963
G1 X156.631 Y114.038 E32.55774
G1 X156.631 Y117.179 E32.86546
G1 X155.369 Y121.892 E33.34355
G1 X155.369 Y123.526 E33.50359
G1 X156.631 Y123.187 E33.6317
G1 X156.631 Y124.131 E33.7242
G1 X155.369 Y124.131 E33.84794
G1 X155.369 Y123.82 E33.87842
G1 X156.631 Y110.175 F7800
G1 F3600
G1 X156.631 Y106.64 E34.22477
G1 X155.369 Y105.377 E34.39976
G1 X155.369 Y105.228 E34.41438
G1 X156.631 Y104.889 E34.54249
G1 X156.631 Y101.354 E34.88884
G1 X155.369 Y99.613 F7800
G1 F3600
G1 X155.369 Y96.078 E35.23518
G1 X156.631 Y95.74 E35.36329
G1 X156.631 Y94.142 E35.51988
G1 X155.369 Y92.879 E35.69487
G1 X155.369 Y87.747 E36.19764
G1 X156.631 Y83.034 E36.67574
G1 X156.631 Y81.644 E36.81194
G1 X151.836 Y76.848 E37.47641
G1 X151.712 Y76.868 E37.48872
G1 X151.077 Y76.848 E37.55095
G1 X150.457 Y76.709 E37.61318
G1 X149.867 Y76.454 E37.67624
G1 X149.343 Y76.089 E37.73875
G1 X148.369 Y79.727 E38.10775
G1 X148.369 Y79.656 E38.1147
G1 X156.631 Y77.442 E38.95284
G1 X156.631 Y73.907 E39.29918
G1 E36.29918 F2400
G92 E0
G1 X148.606 Y74.991 F7800
G1 E3 F2400
;TYPE:Gap fill
;WIDTH:0.178402
G1 F1200
G1 X148.541 Y74.897 E3.00176
;WIDTH:0.180635
G1 X148.536 Y74.89 E3.0019
;WIDTH:0.22652
G1 X148.47 Y74.774 E3.00502
;WIDTH:0.272406
G1 X148.404 Y74.658 E3.00916
;WIDTH:0.318293
G1 X148.337 Y74.542 E3.01432
;WIDTH:0.318291
G1 X148.319 Y74.436 E3.0185
;WIDTH:0.281127
G1 X148.3 Y74.329 E3.02201
;WIDTH:0.243963
G1 X148.298 Y74.315 E3.0224
;WIDTH:0.240241
G1 X148.279 Y74.061 E3.02892
;WIDTH:0.203541
G1 X148.259 Y73.808 E3.0339
G1 X148.257 Y73.116 F7800
;WIDTH:0.209272
G1 F1200
G1 X148.28 Y72.91 E3.03814
;WIDTH:0.251702
G1 X148.303 Y72.705 E3.04385
;WIDTH:0.294133
G1 X148.325 Y72.499 E3.05101
;WIDTH:0.299114
G1 X148.328 Y72.483 E3.0516
;WIDTH:0.339565
G1 X148.348 Y72.376 E3.05616
;WIDTH:0.380018
G1 X148.368 Y72.27 E3.06144
;WIDTH:0.42047
G1 X148.389 Y72.164 E3.06745
;WIDTH:0.460923
G1 X148.409 Y72.058 E3.07418
;WIDTH:0.47161
G1 X148.523 Y71.549 E3.10765
G1 X150.923 Y70.191 F7800
;TYPE:Internal infill
;WIDTH:0.675
G1 F3600
G1 X151.546 Y67.869 E3.34327
G1 X155.354 Y67.869 E3.7164
G1 X156.631 Y69.146 E3.89338
G1 X156.631 Y68.293 E3.97698
G1 X148.369 Y70.507 E4.81512
G1 X148.369 Y67.869 E5.07359
G1 X149.265 Y67.869 E5.16147
G1 E2.16147 F2400
G92 E0
G1 X155.369 Y86.929 F7800
G1 E3 F2400
G1 F3600
G1 X156.631 Y86.591 E3.12811
G1 X156.631 Y90.126 E3.47445
;LAYER_CHANGE
;Z:4.65
;HEIGHT:0.4
G1 Z4.65 F7800
G1 E.47445 F2400
G92 E0
G1 X60.339 Y132.771 F7800
G1 E3 F2400
;TYPE:Perimeter
G1 F1800
G1 X60.425 Y133.316 E3.05405
G1 X60.408 Y133.867 E3.10809
G1 X60.287 Y134.406 E3.16214
G1 X60.068 Y134.912 E3.21619
G1 X59.766 Y135.356 E3.2688
G1 X59.505 Y135.635 E3.30626
G1 X59.21 Y135.879 E3.34373
G1 X58.748 Y136.152 E3.39634
G1 X58.229 Y136.339 E3.45039
G1 X57.684 Y136.425 E3.50443
G1 X57.133 Y136.408 E3.55848
G1 X56.594 Y136.287 E3.61253
G1 X56.102 Y136.074 E3.66514
G1 X55.779 Y135.869 E3.7026
G1 X55.484 Y135.625 E3.74007
G1 X55.129 Y135.223 E3.79268
G1 X54.848 Y134.748 E3.84673
G1 X54.661 Y134.229 E3.90077
G1 X54.575 Y133.684 E3.95482
G1 X54.592 Y133.133 E4.00886
G1 X54.709 Y132.609 E4.06147
G1 X54.85 Y132.253 E4.09894
G1 X55.034 Y131.918 E4.13641
G1 X55.364 Y131.494 E4.18902
G1 X55.777 Y131.129 E4.24306
G1 X56.252 Y130.848 E4.29711
G1 X56.776 Y130.66 E4.35161
G1 X57.341 Y130.576 E4.40759
G1 X57.686 Y130.578 E4.44143
G1 X58.063 Y130.625 E4.47868
G1 X58.579 Y130.775 E4.53129
G1 X59.07 Y131.025 E4.58534
G1 X59.506 Y131.364 E4.63939
G1 X59.871 Y131.777 E4.69343
G1 X60.152 Y132.252 E4.74748
G1 X60.308 Y132.686 E4.79271
G1 X59.716 Y132.78 F7800
;TYPE:External perimeter
G1 F1800
G1 X59.766 Y132.918 E4.80708
G1 X59.834 Y133.353 E4.85021
G1 X59.821 Y133.793 E4.89334
G1 X59.725 Y134.223 E4.93648
G1 X59.55 Y134.627 E4.97961
G1 X59.305 Y134.987 E5.02222
G1 X59.101 Y135.204 E5.05151
G1 X58.87 Y135.395 E5.0808
G1 X58.496 Y135.616 E5.12342
G1 X58.082 Y135.766 E5.16655
G1 X57.647 Y135.834 E5.20968
G1 X57.207 Y135.821 E5.25281
G1 X56.777 Y135.725 E5.29595
G1 X56.378 Y135.552 E5.33856
G1 X56.126 Y135.392 E5.36785
G1 X55.895 Y135.201 E5.39714
G1 X55.608 Y134.875 E5.43975
G1 X55.384 Y134.496 E5.48289
G1 X55.234 Y134.082 E5.52602
G1 X55.166 Y133.647 E5.56915
G1 X55.179 Y133.207 E5.61229
G1 X55.274 Y132.782 E5.6549
G1 X55.384 Y132.504 E5.68419
G1 X55.528 Y132.242 E5.71348
G1 X55.795 Y131.899 E5.75609
G1 X56.125 Y131.608 E5.79922
G1 X56.504 Y131.384 E5.84236
G1 X56.92 Y131.234 E5.88566
G1 X57.383 Y131.165 E5.9315
G1 X57.648 Y131.167 E5.95745
G1 X57.943 Y131.204 E5.98666
G1 X58.361 Y131.325 E6.02927
G1 X58.753 Y131.525 E6.07241
G1 X59.101 Y131.795 E6.11554
G1 X59.392 Y132.125 E6.15867
G1 X59.616 Y132.504 E6.20181
G1 X59.685 Y132.696 E6.22175
G1 X59.861 Y132.801 F7800
G1 E3.22175 F2400
G92 E0
G1 X64.927 Y84.427 F7800
G1 E3 F2400
;TYPE:Perimeter
G1 F4800
G1 X67.073 Y84.427 E3.21033
G1 X67.073 Y140.427 E8.69707
G1 X135.073 Y140.427 E15.35955
G1 X135.073 Y142.573 E15.56987
G1 X52.927 Y142.573 E23.61841
G1 X52.927 Y113.427 E26.47413
G1 X64.927 Y113.427 E27.64986
G1 X64.927 Y84.517 E30.48239
G1 X64.337 Y85.162 F7800
;TYPE:External perimeter
G1 F2400
G1 X64.337 Y112.838 E33.19392
G1 X53.662 Y112.838 E34.23983
G1 X53.662 Y85.162 E36.95136
G1 X64.247 Y85.162 E37.98846
G1 X64.89 Y84.928 F7800
G1 E34.98846 F2400
G92 E0
G1 X57.792 Y75.811 F7800
G1 E3 F2400
G1 F1800
G1 X57.647 Y75.834 E3.01437
G1 X57.207 Y75.821 E3.0575
G1 X56.776 Y75.724 E3.1008
G1 X56.348 Y75.534 E3.14665
G1 X56.125 Y75.391 E3.1726
G1 X55.895 Y75.201 E3.20181
G1 X55.608 Y74.875 E3.24442
G1 X55.384 Y74.496 E3.28756
G1 X55.234 Y74.082 E3.33069
G1 X55.166 Y73.647 E3.37382
G1 X55.179 Y73.207 E3.41696
G1 X55.274 Y72.782 E3.45957
G1 X55.384 Y72.504 E3.48886
G1 X55.528 Y72.242 E3.51815
G1 X55.795 Y71.899 E3.56076
G1 X56.125 Y71.608 E3.60389
G1 X56.504 Y71.384 E3.64703
G1 X56.92 Y71.234 E3.69033
G1 X57.383 Y71.165 E3.73617
G1 X57.648 Y71.167 E3.76212
G1 X57.943 Y71.204 E3.79133
G1 X58.361 Y71.325 E3.83394
G1 X58.753 Y71.525 E3.87708
G1 X59.101 Y71.795 E3.92021
G1 X59.392 Y72.125 E3.96334
G1 X59.616 Y72.504 E4.00648
G1 X59.766 Y72.918 E4.04961
G1 X59.834 Y73.353 E4.09274
G1 X59.821 Y73.793 E4.13588
G1 X59.725 Y74.223 E4.17901
G1 X59.55 Y74.627 E4.22215
G1 X59.302 Y74.991 E4.26528
G1 X58.995 Y75.298 E4.30789
G1 X58.753 Y75.474 E4.33718
G1 X58.491 Y75.618 E4.36647
G1 X58.082 Y75.766 E4.40908
G1 X57.881 Y75.797 E4.42903
G1 X57.744 Y75.95 F7800
G1 X57.973 Y76.379
;TYPE:Perimeter
G1 F4800
G1 X58.229 Y76.339 E4.45443
G1 X58.734 Y76.157 E4.50704
G1 X59.069 Y75.973 E4.54451
G1 X59.379 Y75.748 E4.58197
G1 X59.758 Y75.368 E4.63458
G1 X59.824 Y75.272 E4.64601
G1 X60.073 Y75.348 E4.67159
G1 X60.073 Y84.573 E5.57542
G1 X52.927 Y84.573 E6.27564
G1 X52.927 Y67.427 E7.95563
G1 X60.073 Y67.427 E8.65584
G1 X60.073 Y72.007 E9.10459
G1 X59.506 Y71.364 E9.18861
G1 X59.07 Y71.025 E9.24265
G1 X58.579 Y70.775 E9.2967
G1 X58.063 Y70.625 E9.34931
G1 X57.686 Y70.578 E9.38656
G1 X57.341 Y70.576 E9.4204
G1 X56.776 Y70.66 E9.47638
G1 X56.252 Y70.848 E9.53088
G1 X55.777 Y71.129 E9.58493
G1 X55.364 Y71.494 E9.63898
G1 X55.034 Y71.918 E9.69159
G1 X54.85 Y72.253 E9.72905
G1 X54.709 Y72.609 E9.76652
G1 X54.592 Y73.133 E9.81913
G1 X54.575 Y73.684 E9.87317
G1 X54.661 Y74.229 E9.92722
G1 X54.848 Y74.748 E9.98127
G1 X55.129 Y75.223 E10.03531
G1 X55.484 Y75.625 E10.08792
G1 X55.777 Y75.868 E10.12518
G1 X56.068 Y76.054 E10.15901
G1 X56.59 Y76.286 E10.21499
G1 X57.133 Y76.408 E10.2695
G1 X57.684 Y76.425 E10.32354
G1 X57.884 Y76.393 E10.34337
G1 X60.662 Y83.837 F7800
;TYPE:External perimeter
G1 F2400
G1 X67.662 Y83.837 E11.02921
G1 X67.662 Y139.838 E16.51596
G1 X135.663 Y139.838 E23.17843
G1 X135.663 Y143.163 E23.50421
G1 X52.337 Y143.163 E31.66819
G1 X52.337 Y66.837 E39.14633
G1 X60.662 Y66.837 E39.96199
G1 X60.662 Y83.747 E41.61879
G1 X60.753 Y84.431 F7800
G1 X60.368 Y84.5
;TYPE:Gap fill
;WIDTH:0.821683
G1 F1200
G1 X64.632 Y84.5 E42.1406
G1 X65.369 Y86.829 F7800
;TYPE:Internal infill
;WIDTH:0.675
G1 F3600
G1 X65.369 Y90.364 E42.48695
G1 X66.631 Y91.627 E42.66194
G1 X66.631 Y92.408 E42.73842
G1 X65.369 Y92.746 E42.86653
G1 X65.369 Y96.281 E43.21288
G1 X66.631 Y98.022 F7800
G1 F3600
G1 X66.631 Y101.557 E43.55922
G1 X65.369 Y101.896 E43.68733
G1 X65.369 Y102.862 E43.78206
G1 X66.631 Y104.125 E43.95705
G1 X66.631 Y107.66 E44.3034
G1 E41.3034 F2400
G92 E0
G1 X53.369 Y72.049 F7800
G1 E3 F2400
G1 F3600
G1 X53.369 Y68.514 E3.34635
G1 X55.779 Y67.869 E3.59083
G1 X55.371 Y67.869 E3.63083
G1 X57.638 Y70.135 E3.94493
G1 X58.153 Y70.191 E3.99575
G1 X58.742 Y70.362 E4.05586
G1 X59.262 Y70.627 E4.11298
G1 X59.355 Y70.481 E4.12996
G1 X59.631 Y69.447 E4.23477
G1 X59.631 Y67.869 E4.38947
G1 X57.675 Y67.869 E4.58112
G1 X59.558 Y70.985 F7800
;TYPE:Gap fill
;WIDTH:0.1961
G1 F1200
G1 X59.724 Y71.09 E4.58471
;WIDTH:0.196099
G1 X59.735 Y71.114 E4.5852
;WIDTH:0.172551
G1 X59.779 Y71.214 E4.58677
G1 X59.861 Y72.267 F7800
;WIDTH:0.17959
G1 F1200
G1 X59.924 Y72.354 E4.58846
;WIDTH:0.182142
G1 X59.929 Y72.362 E4.5886
;WIDTH:0.229442
G1 X59.994 Y72.47 E4.59162
;WIDTH:0.276743
G1 X60.058 Y72.579 E4.59563
;WIDTH:0.324045
G1 X60.122 Y72.688 E4.60063
;WIDTH:0.371346
G1 X60.186 Y72.796 E4.60662
;WIDTH:0.384571
G1 X60.2 Y72.821 E4.60802
;WIDTH:0.399547
G1 X60.211 Y72.846 E4.60942
;WIDTH:0.399549
G1 X60.23 Y73.081 E4.62172
;WIDTH:0.362542
G1 X60.248 Y73.316 E4.63258
;WIDTH:0.325535
G1 X60.249 Y73.338 E4.63347
;WIDTH:0.3397
G1 X60.241 Y73.834 E4.65441
;WIDTH:0.342729
G1 X60.239 Y73.858 E4.65544
;WIDTH:0.379231
G1 X60.221 Y74.024 E4.66355
;WIDTH:0.41573
G1 X60.203 Y74.189 E4.67268
;WIDTH:0.45223
G1 X60.185 Y74.354 E4.68281
;WIDTH:0.463342
G1 X60.076 Y75.041 E4.72647
G1 X59.631 Y81.092 F7800
;TYPE:Internal infill
;WIDTH:0.675
G1 F3600
G1 X59.631 Y84.131 E5.02423
G1 X59.136 Y84.131 E5.07281
G1 X53.369 Y78.364 E5.8719
G1 X53.369 Y77.663 E5.94058
G1 X56.714 Y76.767 E6.27996
G1 X57.077 Y76.848 E6.31637
G1 X57.644 Y76.866 E6.37192
G1 X55.697 Y84.131 E7.1089
G1 X53.369 Y84.131 E7.33703
G1 X53.369 Y82.925 E7.45525
G1 X53 Y84.868 F7800
;TYPE:Gap fill
;WIDTH:0.821683
G1 F1200
G1 X53 Y113.132 E10.91396
G1 X53.369 Y119.874 F7800
;TYPE:Internal infill
;WIDTH:0.675
G1 F3600
G1 X53.369 Y123.409 E11.26031
G1 X66.631 Y119.855 E12.60562
G1 X66.631 Y116.623 E12.92229
G1 X63.877 Y113.869 E13.30399
G1 X65.369 Y113.869 E13.45016
G1 X65.369 Y111.045 E13.72683
G1 X66.631 Y110.706 E13.85494
G1 X66.631 Y111.613 E13.94379
G1 X60.852 Y133.184 E16.13183
G1 X60.769 Y132.661 E16.18376
G1 X60.553 Y132.063 E16.24598
G1 X60.23 Y131.516 E16.30822
G1 X59.81 Y131.04 E16.37045
G1 X59.611 Y130.886 E16.39513
G1 X66.631 Y129.005 E17.10723
G1 X66.631 Y129.121 E17.11867
G1 X53.369 Y115.858 E18.9564
G1 X53.369 Y114.26 E19.11299
G1 X54.83 Y113.869 E19.2612
G1 X56.878 Y113.869 E19.46189
G1 X53.369 Y126.966 E20.79042
G1 X53.369 Y128.356 E20.92663
G1 X55.683 Y130.671 E21.24738
G1 X55.516 Y130.77 E21.26639
G1 X55.04 Y131.19 E21.32862
G1 X54.664 Y131.675 E21.38873
G1 X54.45 Y132.065 E21.43233
G1 X54.359 Y132.293 E21.45638
G1 X53.369 Y132.558 E21.55687
G1 X53.369 Y136.093 E21.90322
G1 X66.631 Y134.619 F7800
G1 F3600
G1 X66.631 Y138.154 E22.24956
G1 X53.369 Y141.707 E23.59488
G1 X53.369 Y140.854 E23.67848
G1 X54.646 Y142.131 E23.85546
G1 X58.454 Y142.131 E24.22858
G1 X60.249 Y135.432 E24.90817
G1 X60.328 Y135.316 E24.9219
G1 X67.144 Y142.131 E25.86629
G1 X67.603 Y142.131 E25.91131
G1 X67.942 Y140.869 E26.03941
G1 X71.477 Y140.869 E26.38576
G1 X73.217 Y142.131 F7800
G1 F3600
G1 X76.752 Y142.131 E26.73211
G1 X77.091 Y140.869 E26.86021
G1 X78.379 Y140.869 E26.98641
G1 X79.642 Y142.131 E27.1614
G1 X83.177 Y142.131 E27.50775
G1 X82.705 Y140.869 F7800
G1 F3600
G1 X86.24 Y140.869 E27.85409
G1 X85.902 Y142.131 E27.9822
G1 X90.644 Y140.869 E28.4631
G1 X90.877 Y140.869 E28.48585
G1 X92.14 Y142.131 E28.66084
G1 X95.051 Y142.131 E28.94606
G1 X95.389 Y140.869 E29.07416
G1 X103.375 Y140.869 E29.85657
G1 X104.638 Y142.131 E30.03157
G1 X104.2 Y142.131 E30.07447
G1 X104.538 Y140.869 E30.20257
G1 X108.073 Y140.869 E30.54892
G1 X109.814 Y142.131 F7800
G1 F3600
G1 X113.349 Y142.131 E30.89526
G1 X113.687 Y140.869 E31.02337
G1 X115.873 Y140.869 E31.23748
G1 X117.136 Y142.131 E31.41247
G1 X120.076 Y142.131 E31.70059
G1 X124.79 Y140.869 E32.17868
G1 X128.371 Y140.869 E32.52954
G1 X129.634 Y142.131 E32.70454
G1 X131.647 Y142.131 E32.90183
G1 X131.986 Y140.869 E33.02994
G1 X134.631 Y140.869 E33.28918
G1 X134.631 Y141.758 E33.37629
G1 X126.033 Y142.131 F7800
G1 F3600
G1 X122.498 Y142.131 E33.72263
G1 X122.836 Y140.869 E33.85074
G1 X119.302 Y140.869 E34.19708
G1 E31.19708 F2400
G92 E0
G1 X112.164 Y74.712 F7800
G1 E3 F2400
;TYPE:Perimeter
G1 F1800
G1 X111.986 Y75.048 E3.0373
G1 X111.64 Y75.503 E3.09329
G1 X111.223 Y75.871 E3.14779
G1 X110.748 Y76.152 E3.20184
G1 X110.229 Y76.339 E3.25588
G1 X109.684 Y76.425 E3.30993
G1 X109.133 Y76.408 E3.36398
G1 X108.594 Y76.287 E3.41802
G1 X108.088 Y76.068 E3.47207
G1 X107.644 Y75.766 E3.52468
G1 X107.367 Y75.506 E3.56193
G1 X107.145 Y75.241 E3.59577
G1 X106.85 Y74.752 E3.65175
G1 X106.661 Y74.229 E3.70625
G1 X106.575 Y73.684 E3.7603
G1 X106.592 Y73.133 E3.81434
G1 X106.709 Y72.609 E3.86695
G1 X106.85 Y72.253 E3.90442
G1 X107.034 Y71.918 E3.94189
G1 X107.364 Y71.494 E3.9945
G1 X107.777 Y71.129 E4.04854
G1 X108.252 Y70.848 E4.10259
G1 X108.776 Y70.66 E4.15709
G1 X109.341 Y70.576 E4.21307
G1 X109.686 Y70.578 E4.24691
G1 X110.063 Y70.625 E4.28416
G1 X110.579 Y70.775 E4.33677
G1 X111.07 Y71.025 E4.39082
G1 X111.506 Y71.364 E4.44486
G1 X111.871 Y71.777 E4.49891
G1 X112.152 Y72.252 E4.55296
G1 X112.339 Y72.771 E4.607
G1 X112.425 Y73.316 E4.66105
G1 X112.408 Y73.867 E4.7151
G1 X112.291 Y74.391 E4.76771
G1 X112.197 Y74.628 E4.79265
G1 X111.616 Y74.495 F7800
;TYPE:External perimeter
G1 F1800
G1 X111.489 Y74.727 E4.81859
G1 X111.206 Y75.1 E4.86444
G1 X110.875 Y75.392 E4.90774
G1 X110.496 Y75.616 E4.95087
G1 X110.082 Y75.766 E4.99401
G1 X109.647 Y75.834 E5.03714
G1 X109.207 Y75.821 E5.08027
G1 X108.777 Y75.725 E5.12341
G1 X108.373 Y75.55 E5.16654
G1 X108.013 Y75.305 E5.20915
G1 X107.796 Y75.101 E5.23836
G1 X107.626 Y74.898 E5.26431
G1 X107.384 Y74.497 E5.31016
G1 X107.234 Y74.082 E5.35346
G1 X107.166 Y73.647 E5.39659
G1 X107.179 Y73.207 E5.43972
G1 X107.274 Y72.782 E5.48233
G1 X107.384 Y72.504 E5.51163
G1 X107.528 Y72.242 E5.54092
G1 X107.795 Y71.899 E5.58353
G1 X108.125 Y71.608 E5.62666
G1 X108.504 Y71.384 E5.6698
G1 X108.92 Y71.234 E5.71309
G1 X109.383 Y71.165 E5.75894
G1 X109.648 Y71.167 E5.78489
G1 X109.943 Y71.204 E5.8141
G1 X110.361 Y71.325 E5.85671
G1 X110.753 Y71.525 E5.89985
G1 X111.101 Y71.795 E5.94298
G1 X111.392 Y72.125 E5.98611
G1 X111.616 Y72.504 E6.02925
G1 X111.766 Y72.918 E6.07238
G1 X111.834 Y73.353 E6.11551
G1 X111.821 Y73.793 E6.15865
G1 X111.726 Y74.218 E6.20126
G1 X111.649 Y74.411 E6.22165
G1 X111.77 Y74.71 F7800
G1 X108.927 Y82.573
;TYPE:Perimeter
G1 F4800
G1 X105.927 Y82.573 E6.51559
G1 X105.927 Y67.427 E7.99962
G1 X113.073 Y67.427 E8.69984
G1 X113.073 Y123.573 E14.20095
G1 X108.927 Y123.573 E14.60724
G1 X108.927 Y82.663 E18.6155
G1 X108.338 Y83.162 F7800
;TYPE:External perimeter
G1 F2400
G1 X105.338 Y83.162 E18.90943
G1 X105.338 Y66.837 E20.50892
G1 X113.663 Y66.837 E21.32458
G1 X113.663 Y124.163 E26.94114
G1 X108.338 Y124.163 E27.46288
G1 X108.338 Y83.252 E31.47114
G1 X108.312 Y82.563 F7800
G1 X112.631 Y83.617
;TYPE:Internal infill
G1 F3600
G1 X112.631 Y80.082 E31.81749
G1 X106.369 Y81.76 E32.45276
G1 X106.369 Y81.373 E32.49076
G1 X107.127 Y82.131 E32.59591
G1 X109.369 Y82.131 E32.81549
G1 X109.369 Y84.373 E33.03507
G1 X112.631 Y87.636 E33.48719
G1 X112.631 Y89.231 E33.64355
G1 X109.369 Y90.106 E33.97452
G1 X109.369 Y88.696 E34.11261
G1 X112.631 Y76.519 E35.34781
G1 X112.631 Y75.938 E35.40477
G1 X111.976 Y75.792 E35.4706
G1 X111.484 Y76.23 E35.53518
G1 X110.937 Y76.553 E35.59741
G1 X110.339 Y76.769 E35.65964
G1 X109.992 Y76.824 E35.69413
G1 X112.478 Y75.451 F7800
;TYPE:Gap fill
;WIDTH:0.470048
G1 F1200
G1 X112.592 Y74.939 E35.72764
;WIDTH:0.459849
G1 X112.612 Y74.833 E35.73431
;WIDTH:0.419666
G1 X112.632 Y74.728 E35.74026
;WIDTH:0.379483
G1 X112.652 Y74.623 E35.74549
;WIDTH:0.3393
G1 X112.672 Y74.517 E35.75001
;WIDTH:0.299116
G1 X112.675 Y74.501 E35.75061
;WIDTH:0.294135
G1 X112.697 Y74.295 E35.75777
;WIDTH:0.251704
G1 X112.72 Y74.09 E35.76348
;WIDTH:0.209272
G1 X112.743 Y73.884 E35.76772
G1 X112.741 Y73.192 F7800
;WIDTH:0.203543
G1 F1200
G1 X112.722 Y72.939 E35.7727
;WIDTH:0.240245
G1 X112.702 Y72.685 E35.77922
;WIDTH:0.243969
G1 X112.7 Y72.671 E35.77961
;WIDTH:0.289718
G1 X112.677 Y72.54 E35.78412
;WIDTH:0.335467
G1 X112.654 Y72.409 E35.78965
;WIDTH:0.335466
G1 X112.594 Y72.308 E35.79451
;WIDTH:0.291571
G1 X112.535 Y72.207 E35.79852
;WIDTH:0.247675
G1 X112.475 Y72.106 E35.80167
;WIDTH:0.203779
G1 X112.469 Y72.097 E35.80188
;WIDTH:0.200655
G1 X112.34 Y71.919 E35.80609
G1 X111.913 Y71.557 F7800
;TYPE:Solid infill
;WIDTH:0.68977
G1 F1200
G1 X112.631 Y70.838 E35.9082
G1 X112.631 Y69.984 E35.99397
G1 X111.678 Y70.938 E36.12939
G1 X111.308 Y70.651 E36.1764
G1 X111.178 Y70.584 E36.19114
G1 X112.631 Y69.13 E36.39765
G1 X112.631 Y68.276 E36.48343
G1 X110.59 Y70.318 E36.77346
G1 X110.153 Y70.191 E36.8191
G1 X109.895 Y70.159 E36.84525
G1 X112.185 Y67.869 E37.17051
G1 X111.331 Y67.869 E37.25629
G1 X109.023 Y70.176 E37.58408
G1 X108.667 Y70.229 E37.62021
G1 X108.063 Y70.447 E37.68469
G1 X107.661 Y70.685 E37.73165
G1 X110.477 Y67.869 E38.13162
G1 X109.623 Y67.869 E38.2174
G1 X106.418 Y71.073 E38.67255
G1 X106.369 Y71.062 E38.67766
G1 X106.369 Y70.269 E38.75733
G1 X108.769 Y67.869 E39.09823
G1 X107.915 Y67.869 E39.18401
G1 X106.369 Y69.415 E39.40359
G1 X106.369 Y68.56 E39.48937
G1 X107.326 Y67.603 E39.6253
G1 X106.523 Y71.549 F7800
;TYPE:Gap fill
;WIDTH:0.471605
G1 F1200
G1 X106.409 Y72.058 E39.65878
;WIDTH:0.460919
G1 X106.389 Y72.164 E39.66551
;WIDTH:0.420468
G1 X106.368 Y72.27 E39.67152
;WIDTH:0.380017
G1 X106.348 Y72.376 E39.6768
;WIDTH:0.339566
G1 X106.328 Y72.483 E39.68135
;WIDTH:0.299116
G1 X106.325 Y72.499 E39.68194
;WIDTH:0.294135
G1 X106.303 Y72.705 E39.68911
;WIDTH:0.251704
G1 X106.28 Y72.91 E39.69481
;WIDTH:0.209272
G1 X106.257 Y73.116 E39.69906
G1 X106.259 Y73.808 F7800
;WIDTH:0.203541
G1 F1200
G1 X106.279 Y74.061 E39.70403
;WIDTH:0.240241
G1 X106.298 Y74.315 E39.71056
;WIDTH:0.243965
G1 X106.3 Y74.329 E39.71095
;WIDTH:0.282728
G1 X106.32 Y74.44 E39.71464
;WIDTH:0.321491
G1 X106.339 Y74.551 E39.71906
;WIDTH:0.321489
G1 X106.405 Y74.666 E39.72425
;WIDTH:0.275328
G1 X106.471 Y74.781 E39.72842
;WIDTH:0.229166
G1 X106.537 Y74.896 E39.73158
;WIDTH:0.183005
G1 X106.542 Y74.904 E39.73174
;WIDTH:0.180601
G1 X106.618 Y75.011 E39.7338
G1 E36.7338 F2400
G92 E0
G1 X109.369 Y93.336 F7800
G1 E3 F2400
;TYPE:Internal infill
;WIDTH:0.675
G1 F3600
G1 X109.369 Y96.871 E3.34635
G1 X112.631 Y100.134 E3.79846
G1 X112.631 Y98.381 E3.97021
G1 X109.369 Y99.255 E4.30119
G1 X109.369 Y102.79 E4.64753
G1 X109.369 Y114.018 F7800
G1 F3600
G1 X109.369 Y117.553 E4.99388
G1 X112.631 Y116.679 E5.32485
G1 X112.631 Y112.631 E5.7214
G1 X109.369 Y109.369 E6.17352
G1 X109.369 Y108.404 E6.26802
G1 X112.631 Y107.53 E6.59899
G1 X112.631 Y110.664 E6.90608
G1 X109.369 Y122.841 E8.14129
G1 X109.369 Y123.131 E8.16971
G1 X110.634 Y123.131 E8.29365
G1 X109.369 Y121.866 E8.46892
G1 E5.46892 F2400
G92 E0
G1 X149.284 Y116.22 F7800
G1 E3 F2400
;TYPE:External perimeter
G1 F1800
G1 X149.234 Y116.082 E3.01442
G1 X149.166 Y115.647 E3.05756
G1 X149.179 Y115.207 E3.10069
G1 X149.274 Y114.782 E3.1433
G1 X149.384 Y114.505 E3.17251
G1 X149.511 Y114.273 E3.19846
G1 X149.794 Y113.9 E3.24431
G1 X150.125 Y113.608 E3.28761
G1 X150.504 Y113.384 E3.33074
G1 X150.92 Y113.234 E3.37404
G1 X151.383 Y113.165 E3.41988
G1 X151.648 Y113.167 E3.44583
G1 X151.943 Y113.204 E3.47505
G1 X152.361 Y113.325 E3.51766
G1 X152.753 Y113.525 E3.56079
G1 X153.101 Y113.795 E3.60392
G1 X153.392 Y114.125 E3.64706
G1 X153.616 Y114.504 E3.69019
G1 X153.766 Y114.918 E3.73332
G1 X153.834 Y115.353 E3.77646
G1 X153.821 Y115.788 E3.81907
G1 X153.765 Y116.081 E3.84828
G1 X153.684 Y116.333 E3.87423
G1 X153.476 Y116.752 E3.92008
G1 X153.205 Y117.101 E3.96338
G1 X152.875 Y117.392 E4.00651
G1 X152.496 Y117.616 E4.04964
G1 X152.082 Y117.766 E4.09278
G1 X151.647 Y117.834 E4.13591
G1 X151.207 Y117.821 E4.17904
G1 X150.782 Y117.726 E4.22165
G1 X150.504 Y117.616 E4.25094
G1 X150.242 Y117.472 E4.28024
G1 X149.899 Y117.205 E4.32285
G1 X149.608 Y116.875 E4.36598
G1 X149.384 Y116.496 E4.40911
G1 X149.315 Y116.305 E4.42901
G1 X149.139 Y116.2 F7800
G1 E1.42901 F2400
G92 E0
G1 X149.81 Y75.889 F7800
G1 E3 F2400
;TYPE:Perimeter
G1 F1800
G1 X149.484 Y75.625 E3.04107
G1 X149.129 Y75.223 E3.09368
G1 X148.848 Y74.748 E3.14773
G1 X148.661 Y74.229 E3.20177
G1 X148.575 Y73.684 E3.25582
G1 X148.592 Y73.133 E3.30987
G1 X148.709 Y72.609 E3.36248
G1 X148.85 Y72.253 E3.39994
G1 X149.034 Y71.918 E3.43741
G1 X149.364 Y71.494 E3.49002
G1 X149.777 Y71.129 E3.54407
G1 X150.252 Y70.848 E3.59811
G1 X150.776 Y70.66 E3.65261
G1 X151.341 Y70.576 E3.7086
G1 X151.686 Y70.578 E3.74243
G1 X152.063 Y70.625 E3.77969
G1 X152.579 Y70.775 E3.83229
G1 X153.07 Y71.025 E3.88634
G1 X153.506 Y71.364 E3.94039
G1 X153.871 Y71.777 E3.99443
G1 X154.152 Y72.252 E4.04848
G1 X154.339 Y72.771 E4.10253
G1 X154.425 Y73.316 E4.15657
G1 X154.408 Y73.853 E4.20918
G1 X154.337 Y74.226 E4.24644
G1 X154.232 Y74.555 E4.28027
G1 X153.977 Y75.067 E4.33625
G1 X153.636 Y75.506 E4.39076
G1 X153.223 Y75.871 E4.4448
G1 X152.748 Y76.152 E4.49885
G1 X152.229 Y76.339 E4.55289
G1 X151.684 Y76.425 E4.60694
G1 X151.133 Y76.408 E4.66099
G1 X150.594 Y76.287 E4.71504
G1 X150.102 Y76.074 E4.76765
G1 X149.886 Y75.937 E4.79266
G1 X150.126 Y75.392 F7800
;TYPE:External perimeter
G1 F1800
G1 X149.895 Y75.201 E4.82195
G1 X149.608 Y74.875 E4.86456
G1 X149.384 Y74.496 E4.9077
G1 X149.234 Y74.082 E4.95083
G1 X149.166 Y73.647 E4.99396
G1 X149.179 Y73.207 E5.0371
G1 X149.274 Y72.782 E5.07971
G1 X149.384 Y72.504 E5.109
G1 X149.528 Y72.242 E5.13829
G1 X149.795 Y71.899 E5.1809
G1 X150.125 Y71.608 E5.22403
G1 X150.504 Y71.384 E5.26717
G1 X150.92 Y71.234 E5.31047
G1 X151.383 Y71.165 E5.35631
G1 X151.648 Y71.167 E5.38226
G1 X151.943 Y71.204 E5.41148
G1 X152.361 Y71.325 E5.45408
G1 X152.753 Y71.525 E5.49722
G1 X153.101 Y71.795 E5.54035
G1 X153.392 Y72.125 E5.58349
G1 X153.616 Y72.504 E5.62662
G1 X153.766 Y72.918 E5.66975
G1 X153.834 Y73.353 E5.71289
G1 X153.821 Y73.788 E5.7555
G1 X153.765 Y74.081 E5.78471
G1 X153.684 Y74.333 E5.81066
G1 X153.476 Y74.752 E5.8565
G1 X153.205 Y75.101 E5.8998
G1 X152.875 Y75.392 E5.94294
G1 X152.496 Y75.616 E5.98607
G1 X152.082 Y75.766 E6.0292
G1 X151.647 Y75.834 E6.07234
G1 X151.207 Y75.821 E6.11547
G1 X150.777 Y75.725 E6.1586
G1 X150.378 Y75.552 E6.20122
G1 X150.202 Y75.44 E6.22169
G1 X149.854 Y75.516 F7800
G1 E3.22169 F2400
G92 E0
G1 X154.927 Y115.916 F7800
G1 E3 F2400
;TYPE:Perimeter
G1 F4800
G1 X154.581 Y116.216 E3.04488
G1 X154.363 Y116.091 E3.06952
G1 X154.408 Y115.853 E3.09328
G1 X154.425 Y115.316 E3.14589
G1 X154.302 Y114.542 E3.22265
G1 X154.927 Y115.084 E3.30363
G1 X154.927 Y82.573 E6.48893
G1 X147.927 Y82.573 E7.17478
G1 X147.927 Y67.427 E8.65881
G1 X157.073 Y67.427 E9.55498
G1 X157.073 Y124.573 E15.15408
G1 X154.927 Y124.573 E15.3644
G1 X154.927 Y116.006 E16.2038
G1 X154.338 Y117.208 F7800
;TYPE:External perimeter
G1 F2400
G1 X153.355 Y118.06 E16.33125
G1 X153.023 Y118.271 E16.36976
G1 X152.664 Y118.44 E16.40866
G1 X152.286 Y118.562 E16.44757
G1 X151.891 Y118.638 E16.48699
G1 X151.301 Y118.656 E16.54478
G1 X150.908 Y118.606 E16.58369
G1 X150.523 Y118.507 E16.62259
G1 X150.157 Y118.362 E16.66113
G1 X149.704 Y118.1 E16.71239
G1 X149.334 Y117.803 E16.75894
G1 X149.064 Y117.515 E16.79758
G1 X148.83 Y117.194 E16.83649
G1 X148.639 Y116.846 E16.87539
G1 X148.493 Y116.477 E16.9143
G1 X148.394 Y116.092 E16.9532
G1 X148.344 Y115.699 E16.9921
G1 X148.362 Y115.109 E17.0499
G1 X148.438 Y114.714 E17.08932
G1 X148.562 Y114.331 E17.12875
G1 X148.726 Y113.981 E17.16662
G1 X148.942 Y113.642 E17.20604
G1 X149.195 Y113.336 E17.24494
G1 X149.488 Y113.06 E17.28437
G1 X149.977 Y112.729 E17.34216
G1 X150.336 Y112.56 E17.38107
G1 X150.902 Y112.395 E17.43886
G1 X151.303 Y112.344 E17.47841
G1 X151.894 Y112.363 E17.53636
G1 X152.286 Y112.438 E17.5755
G1 X152.846 Y112.639 E17.63381
G1 X153.355 Y112.94 E17.69173
G1 X154.338 Y113.792 E17.81918
G1 X154.338 Y83.162 E20.82023
G1 X147.338 Y83.162 E21.50607
G1 X147.338 Y66.837 E23.10556
G1 X157.663 Y66.837 E24.11717
G1 X157.663 Y125.163 E29.83172
G1 X154.338 Y125.163 E30.15749
G1 X154.338 Y117.298 E30.92808
G1 X153.995 Y116.715 F7800
G1 X153.859 Y117.012
;TYPE:Gap fill
;WIDTH:0.420031
G1 F1200
G1 X153.686 Y117.194 E30.94202
;WIDTH:0.370891
G1 X153.514 Y117.376 E30.95391
;WIDTH:0.321751
G1 X153.498 Y117.391 E30.95478
;WIDTH:0.31949
G1 X153.125 Y117.718 E30.97404
;WIDTH:0.317167
G1 X153.109 Y117.73 E30.9748
;WIDTH:0.317213
G1 X153.108 Y117.731 E30.97488
;WIDTH:0.327715
G1 X152.823 Y117.906 E30.98833
;WIDTH:0.327717
G1 X152.68 Y117.982 E30.99484
;WIDTH:0.312463
G1 X152.66 Y117.991 E30.99564
;WIDTH:0.327716
G1 X152.511 Y118.053 E31.00215
;WIDTH:0.327717
G1 X152.194 Y118.161 E31.0156
;WIDTH:0.317387
G1 X152.184 Y118.164 E31.01602
;WIDTH:0.317388
G1 X152.173 Y118.166 E31.01644
;WIDTH:0.328089
G1 X151.832 Y118.226 E31.03038
;WIDTH:0.328089
G1 X151.684 Y118.245 E31.03639
;WIDTH:0.318721
G1 X151.684 Y118.245 E31.03642
;WIDTH:0.318593
G1 X151.662 Y118.245 E31.03727
;WIDTH:0.327717
G1 X151.328 Y118.24 E31.05071
;WIDTH:0.327717
G1 X151.166 Y118.227 E31.05722
;WIDTH:0.312459
G1 X151.145 Y118.225 E31.05803
;WIDTH:0.327712
G1 X150.986 Y118.197 E31.06454
;WIDTH:0.327711
G1 X150.67 Y118.121 E31.07758
;WIDTH:0.318386
G1 X150.653 Y118.116 E31.07829
;WIDTH:0.318718
G1 X150.65 Y118.115 E31.07839
;WIDTH:0.318721
G1 X150.337 Y117.991 E31.09144
;WIDTH:0.318719
G1 X150.336 Y117.991 E31.09148
;WIDTH:0.318577
G1 X150.323 Y117.984 E31.09205
;WIDTH:0.317338
G1 X150.026 Y117.817 E31.10516
;WIDTH:0.310804
G1 X150.011 Y117.807 E31.10582
;WIDTH:0.322659
G1 X149.938 Y117.758 E31.10928
;WIDTH:0.32266
G1 X149.626 Y117.512 E31.12497
;WIDTH:0.317165
G1 X149.613 Y117.501 E31.12561
;WIDTH:0.317212
G1 X149.61 Y117.497 E31.1258
;WIDTH:0.327713
G1 X149.385 Y117.25 E31.13925
;WIDTH:0.327713
G1 X149.283 Y117.124 E31.14576
;WIDTH:0.312458
G1 X149.271 Y117.106 E31.14657
;WIDTH:0.327709
G1 X149.182 Y116.971 E31.15308
;WIDTH:0.327711
G1 X149.016 Y116.681 E31.16652
;WIDTH:0.317376
G1 X149.011 Y116.671 E31.16694
;WIDTH:0.317377
G1 X149.007 Y116.661 E31.16736
;WIDTH:0.327712
G1 X148.889 Y116.348 E31.18081
;WIDTH:0.32771
G1 X148.841 Y116.194 E31.18732
;WIDTH:0.312461
G1 X148.836 Y116.173 E31.18812
;WIDTH:0.327714
G1 X148.803 Y116.014 E31.19463
;WIDTH:0.327716
G1 X148.756 Y115.684 E31.20808
;WIDTH:0.31739
G1 X148.755 Y115.673 E31.2085
;WIDTH:0.317389
G1 X148.755 Y115.662 E31.20892
;WIDTH:0.328085
G1 X148.76 Y115.316 E31.22286
;WIDTH:0.328087
G1 X148.769 Y115.167 E31.22887
;WIDTH:0.318716
G1 X148.77 Y115.166 E31.2289
;WIDTH:0.318583
G1 X148.773 Y115.145 E31.22975
;WIDTH:0.327709
G1 X148.841 Y114.817 E31.24319
;WIDTH:0.32771
G1 X148.881 Y114.671 E31.2493
;WIDTH:0.313403
G1 X148.886 Y114.654 E31.24998
;WIDTH:0.324887
G1 X148.95 Y114.478 E31.25742
;WIDTH:0.324887
G1 X149.008 Y114.337 E31.26346
;WIDTH:0.320158
G1 X149.011 Y114.329 E31.26381
;WIDTH:0.320179
G1 X149.014 Y114.324 E31.26402
;WIDTH:0.324345
G1 X149.086 Y114.187 E31.27019
;WIDTH:0.324345
G1 X149.162 Y114.058 E31.27612
;WIDTH:0.314399
G1 X149.171 Y114.043 E31.27678
;WIDTH:0.330408
G1 X149.28 Y113.887 E31.28451
;WIDTH:0.33041
G1 X149.485 Y113.629 E31.29792
;WIDTH:0.31713
G1 X149.495 Y113.617 E31.29851
G1 X149.5 Y113.612 E31.29881
;WIDTH:0.328086
G1 X149.759 Y113.377 E31.31288
;WIDTH:0.328086
G1 X149.874 Y113.282 E31.31888
;WIDTH:0.318719
G1 X149.874 Y113.281 E31.31892
;WIDTH:0.318589
G1 X149.892 Y113.269 E31.31976
;WIDTH:0.327716
G1 X150.177 Y113.094 E31.33321
;WIDTH:0.327714
G1 X150.32 Y113.018 E31.33972
;WIDTH:0.312463
G1 X150.34 Y113.009 E31.34052
;WIDTH:0.327716
G1 X150.489 Y112.947 E31.34704
;WIDTH:0.327715
G1 X150.809 Y112.838 E31.36061
;WIDTH:0.318144
G1 X150.827 Y112.832 E31.36136
;WIDTH:0.318345
G1 X150.831 Y112.832 E31.3615
;WIDTH:0.328941
G1 X150.974 Y112.805 E31.36738
;WIDTH:0.328943
G1 X151.33 Y112.756 E31.38193
;WIDTH:0.321225
G1 X151.345 Y112.755 E31.38249
;WIDTH:0.31921
G1 X151.362 Y112.755 E31.38318
;WIDTH:0.321094
G1 X151.609 Y112.754 E31.39282
;WIDTH:0.321095
G1 X151.667 Y112.757 E31.39511
;WIDTH:0.316863
G1 X151.681 Y112.758 E31.39565
;WIDTH:0.324469
G1 X151.839 Y112.774 E31.40195
;WIDTH:0.324467
G1 X152.018 Y112.802 E31.40912
;WIDTH:0.313401
G1 X152.035 Y112.805 E31.40979
;WIDTH:0.327711
G1 X152.183 Y112.841 E31.4159
;WIDTH:0.327712
G1 X152.502 Y112.939 E31.42935
;WIDTH:0.318589
G1 X152.523 Y112.946 E31.43019
;WIDTH:0.318717
G1 X152.524 Y112.947 E31.43022
;WIDTH:0.328828
G1 X152.669 Y113.015 E31.43673
;WIDTH:0.32883
G1 X152.812 Y113.088 E31.44322
;WIDTH:0.328829
G1 X152.963 Y113.174 E31.45024
;WIDTH:0.312462
G1 X152.981 Y113.186 E31.45105
;WIDTH:0.326873
G1 X153.106 Y113.274 E31.45718
;WIDTH:0.326874
G1 X153.372 Y113.491 E31.47094
;WIDTH:0.308806
G1 X153.387 Y113.506 E31.47171
;WIDTH:0.341949
G1 X153.564 Y113.681 E31.4823
;WIDTH:0.375091
G1 X153.74 Y113.856 E31.49425
;WIDTH:0.377452
G1 X153.749 Y113.865 E31.49489
;WIDTH:0.377451
G1 X153.755 Y113.879 E31.49559
;WIDTH:0.371345
G1 X153.797 Y113.997 E31.50159
;WIDTH:0.324044
G1 X153.84 Y114.116 E31.50659
;WIDTH:0.276743
G1 X153.883 Y114.235 E31.51059
;WIDTH:0.229443
G1 X153.926 Y114.354 E31.51361
;WIDTH:0.182142
G1 X153.928 Y114.362 E31.51375
;WIDTH:0.17959
G1 X153.955 Y114.467 E31.51544
G1 X154.358 Y116.428 F7800
;WIDTH:0.430056
G1 F1200
G1 X153.859 Y117.012 E31.55942
G1 X156.631 Y122.673 F7800
;TYPE:Internal infill
;WIDTH:0.675
G1 F3600
G1 X156.631 Y119.138 E31.90576
G1 X155.369 Y117.875 E32.08076
G1 X155.369 Y114.377 E32.42349
G1 X156.631 Y114.038 E32.55159
G1 X156.631 Y117.179 E32.85931
G1 X155.369 Y121.892 E33.33741
G1 X155.369 Y123.526 E33.49745
G1 X156.631 Y123.187 E33.62555
G1 X156.631 Y124.131 E33.71805
G1 X155.369 Y124.131 E33.84179
G1 X155.369 Y123.82 E33.87228
G1 X156.631 Y110.175 F7800
G1 F3600
G1 X156.631 Y106.64 E34.21862
G1 X155.369 Y105.377 E34.39362
G1 X155.369 Y105.228 E34.40824
G1 X156.631 Y104.889 E34.53634
G1 X156.631 Y101.354 E34.88269
G1 X155.369 Y99.613 F7800
G1 F3600
G1 X155.369 Y96.078 E35.22904
G1 X156.631 Y95.74 E35.35714
G1 X156.631 Y94.142 E35.51374
G1 X155.369 Y92.879 E35.68873
G1 X155.369 Y87.747 E36.1915
G1 X156.631 Y83.034 E36.66959
G1 X156.631 Y81.644 E36.8058
G1 X151.836 Y76.848 E37.47026
G1 X151.712 Y76.868 E37.48258
G1 X151.077 Y76.848 E37.54481
G1 X150.457 Y76.709 E37.60704
G1 X149.894 Y76.466 E37.66715
G1 X149.518 Y76.227 E37.71075
G1 X149.345 Y76.084 E37.73284
G1 X148.369 Y79.727 E38.10237
G1 X148.369 Y79.656 E38.10931
G1 X156.631 Y77.442 E38.94745
G1 X156.631 Y73.907 E39.2938
G1 E36.2938 F2400
G92 E0
G1 X148.66 Y75.081 F7800
G1 E3 F2400
;TYPE:Gap fill
;WIDTH:0.20066
G1 F1200
G1 X148.531 Y74.903 E3.0042
;WIDTH:0.203785
G1 X148.525 Y74.894 E3.00442
;WIDTH:0.247679
G1 X148.465 Y74.793 E3.00757
;WIDTH:0.291573
G1 X148.406 Y74.692 E3.01158
;WIDTH:0.335467
G1 X148.346 Y74.591 E3.01644
;WIDTH:0.335467
G1 X148.323 Y74.46 E3.02197
;WIDTH:0.289715
G1 X148.3 Y74.329 E3.02648
;WIDTH:0.243965
G1 X148.298 Y74.315 E3.02687
;WIDTH:0.240241
G1 X148.279 Y74.061 E3.03339
;WIDTH:0.203541
G1 X148.259 Y73.808 E3.03837
G1 X148.257 Y73.116 F7800
;WIDTH:0.209273
G1 F1200
G1 X148.28 Y72.91 E3.04261
;WIDTH:0.251705
G1 X148.303 Y72.705 E3.04832
;WIDTH:0.294138
G1 X148.325 Y72.499 E3.05548
;WIDTH:0.299118
G1 X148.328 Y72.482 E3.05608
;WIDTH:0.339568
G1 X148.348 Y72.376 E3.06063
;WIDTH:0.380019
G1 X148.368 Y72.27 E3.06591
;WIDTH:0.42047
G1 X148.389 Y72.164 E3.07192
;WIDTH:0.460922
G1 X148.409 Y72.058 E3.07865
;WIDTH:0.47161
G1 X148.523 Y71.549 E3.11213
G1 X150.924 Y70.191 F7800
;TYPE:Internal infill
;WIDTH:0.675
G1 F3600
G1 X151.546 Y67.869 E3.34771
G1 X155.354 Y67.869 E3.72084
G1 X156.631 Y69.146 E3.89782
G1 X156.631 Y68.293 E3.98142
G1 X148.369 Y70.507 E4.81956
G1 X148.369 Y67.869 E5.07803
G1 X149.265 Y67.869 E5.16591
G1 E2.16591 F2400
G92 E0
G1 X155.369 Y86.929 F7800
G1 E3 F2400
G1 F3600
G1 X156.631 Y86.591 E3.12811
G1 X156.631 Y90.126 E3.47445
M107
;LAYER_CHANGE
;Z:5.05
;HEIGHT:0.4
G1 Z5.05 F7800
G1 E.47445 F2400
G92 E0
G1 X60.339 Y132.771 F7800
G1 E3 F2400
;TYPE:Perimeter
G1 F1800
G1 X60.425 Y133.316 E3.05405
G1 X60.408 Y133.867 E3.10809
G1 X60.287 Y134.406 E3.16214
G1 X60.068 Y134.912 E3.21619
G1 X59.758 Y135.368 E3.27023
G1 X59.379 Y135.748 E3.32284
G1 X59.069 Y135.973 E3.36031
G1 X58.734 Y136.157 E3.39777
G1 X58.229 Y136.339 E3.45039
G1 X57.684 Y136.425 E3.50443
G1 X57.133 Y136.408 E3.55848
G1 X56.594 Y136.287 E3.61253
G1 X56.102 Y136.074 E3.66513
G1 X55.779 Y135.869 E3.7026
G1 X55.484 Y135.625 E3.74007
G1 X55.129 Y135.223 E3.79268
G1 X54.848 Y134.748 E3.84672
G1 X54.661 Y134.229 E3.90077
G1 X54.575 Y133.684 E3.95482
G1 X54.592 Y133.133 E4.00886
G1 X54.709 Y132.609 E4.06148
G1 X54.85 Y132.253 E4.09894
G1 X55.034 Y131.918 E4.13641
G1 X55.364 Y131.494 E4.18902
G1 X55.777 Y131.129 E4.24306
G1 X56.252 Y130.848 E4.29711
G1 X56.774 Y130.66 E4.3515
G1 X57.331 Y130.576 E4.40661
G1 X57.685 Y130.577 E4.44137
G1 X58.063 Y130.625 E4.47868
G1 X58.579 Y130.775 E4.53129
G1 X59.07 Y131.025 E4.58534
G1 X59.506 Y131.364 E4.63939
G1 X59.871 Y131.777 E4.69344
G1 X60.152 Y132.252 E4.74748
G1 X60.308 Y132.686 E4.79271
G1 X59.716 Y132.78 F7800
;TYPE:External perimeter
G1 F1800
G1 X59.766 Y132.918 E4.80708
G1 X59.834 Y133.353 E4.85022
G1 X59.821 Y133.793 E4.89335
G1 X59.725 Y134.223 E4.93648
G1 X59.55 Y134.627 E4.97962
G1 X59.302 Y134.991 E5.02275
G1 X58.995 Y135.298 E5.06536
G1 X58.753 Y135.474 E5.09465
G1 X58.491 Y135.618 E5.12394
G1 X58.082 Y135.766 E5.16655
G1 X57.647 Y135.834 E5.20969
G1 X57.207 Y135.821 E5.25282
G1 X56.777 Y135.725 E5.29595
G1 X56.378 Y135.552 E5.33856
G1 X56.126 Y135.392 E5.36785
G1 X55.895 Y135.201 E5.39715
G1 X55.608 Y134.875 E5.43976
G1 X55.384 Y134.496 E5.48289
G1 X55.234 Y134.082 E5.52602
G1 X55.166 Y133.647 E5.56916
G1 X55.179 Y133.207 E5.61229
G1 X55.274 Y132.782 E5.6549
G1 X55.384 Y132.504 E5.68419
G1 X55.528 Y132.242 E5.71348
G1 X55.795 Y131.899 E5.75609
G1 X56.125 Y131.608 E5.79923
G1 X56.504 Y131.384 E5.84236
G1 X56.92 Y131.234 E5.88562
G1 X57.374 Y131.166 E5.93063
G1 X57.647 Y131.167 E5.95744
G1 X57.943 Y131.204 E5.98667
G1 X58.361 Y131.325 E6.02928
G1 X58.753 Y131.525 E6.07242
G1 X59.101 Y131.795 E6.11555
G1 X59.392 Y132.125 E6.15868
G1 X59.616 Y132.504 E6.20182
G1 X59.685 Y132.696 E6.22176
G1 X59.861 Y132.801 F7800
G1 E3.22176 F2400
G92 E0
G1 X64.927 Y84.427 F7800
G1 E3 F2400
;TYPE:Perimeter
G1 F4800
G1 X67.073 Y84.427 E3.21033
G1 X67.073 Y140.427 E8.69707
G1 X135.073 Y140.427 E15.35955
G1 X135.073 Y142.573 E15.56987
G1 X52.927 Y142.573 E23.61841
G1 X52.927 Y113.427 E26.47413
G1 X64.927 Y113.427 E27.64986
G1 X64.927 Y84.517 E30.48239
G1 X64.337 Y85.162 F7800
;TYPE:External perimeter
G1 F2400
G1 X64.337 Y112.838 E33.19392
G1 X53.662 Y112.838 E34.23983
G1 X53.662 Y85.162 E36.95136
G1 X64.247 Y85.162 E37.98846
G1 X64.89 Y84.928 F7800
G1 E34.98846 F2400
G92 E0
G1 X57.792 Y75.811 F7800
G1 E3 F2400
G1 F1800
G1 X57.647 Y75.834 E3.01437
G1 X57.207 Y75.821 E3.0575
G1 X56.777 Y75.725 E3.10064
G1 X56.372 Y75.549 E3.1439
G1 X55.994 Y75.288 E3.18891
G1 X55.795 Y75.1 E3.21571
G1 X55.605 Y74.87 E3.24495
G1 X55.384 Y74.496 E3.28756
G1 X55.234 Y74.082 E3.33069
G1 X55.166 Y73.647 E3.37383
G1 X55.179 Y73.207 E3.41696
G1 X55.274 Y72.782 E3.45957
G1 X55.384 Y72.504 E3.48886
G1 X55.528 Y72.242 E3.51815
G1 X55.795 Y71.899 E3.56076
G1 X56.125 Y71.608 E3.6039
G1 X56.504 Y71.384 E3.64703
G1 X56.92 Y71.234 E3.69029
G1 X57.374 Y71.166 E3.7353
G1 X57.647 Y71.167 E3.76211
G1 X57.943 Y71.204 E3.79134
G1 X58.361 Y71.325 E3.83395
G1 X58.753 Y71.525 E3.87709
G1 X59.101 Y71.795 E3.92022
G1 X59.392 Y72.125 E3.96335
G1 X59.616 Y72.504 E4.00649
G1 X59.766 Y72.918 E4.04962
G1 X59.834 Y73.353 E4.09275
G1 X59.821 Y73.793 E4.13589
G1 X59.725 Y74.223 E4.17902
G1 X59.55 Y74.627 E4.22215
G1 X59.302 Y74.991 E4.26529
G1 X58.995 Y75.298 E4.3079
G1 X58.753 Y75.474 E4.33719
G1 X58.491 Y75.618 E4.36648
G1 X58.082 Y75.766 E4.40909
G1 X57.881 Y75.797 E4.42904
G1 X57.744 Y75.95 F7800
G1 X57.973 Y76.379
;TYPE:Perimeter
G1 F4800
G1 X58.229 Y76.339 E4.45444
G1 X58.734 Y76.157 E4.50705
G1 X59.069 Y75.973 E4.54451
G1 X59.379 Y75.748 E4.58198
G1 X59.758 Y75.368 E4.63459
G1 X59.824 Y75.272 E4.64602
G1 X60.073 Y75.348 E4.6716
G1 X60.073 Y84.573 E5.57543
G1 X52.927 Y84.573 E6.27565
G1 X52.927 Y67.427 E7.95564
G1 X60.073 Y67.427 E8.65585
G1 X60.073 Y72.007 E9.1046
G1 X59.506 Y71.364 E9.18862
G1 X59.07 Y71.025 E9.24266
G1 X58.579 Y70.775 E9.29671
G1 X58.063 Y70.625 E9.34932
G1 X57.685 Y70.577 E9.38663
G1 X57.331 Y70.576 E9.4214
G1 X56.774 Y70.66 E9.4765
G1 X56.252 Y70.848 E9.5309
G1 X55.777 Y71.129 E9.58494
G1 X55.364 Y71.494 E9.63899
G1 X55.034 Y71.918 E9.6916
G1 X54.85 Y72.253 E9.72906
G1 X54.709 Y72.609 E9.76653
G1 X54.592 Y73.133 E9.81914
G1 X54.575 Y73.684 E9.87319
G1 X54.661 Y74.229 E9.92723
G1 X54.848 Y74.748 E9.98128
G1 X55.121 Y75.21 E10.03389
G1 X55.364 Y75.504 E10.07121
G1 X55.622 Y75.747 E10.10597
G1 X56.085 Y76.067 E10.16107
G1 X56.594 Y76.287 E10.21546
G1 X57.133 Y76.408 E10.26951
G1 X57.684 Y76.425 E10.32356
G1 X57.884 Y76.393 E10.34339
G1 X60.662 Y83.837 F7800
;TYPE:External perimeter
G1 F2400
G1 X67.662 Y83.837 E11.02923
G1 X67.662 Y139.838 E16.51597
G1 X135.663 Y139.838 E23.17845
G1 X135.663 Y143.163 E23.50423
G1 X52.337 Y143.163 E31.66821
G1 X52.337 Y66.837 E39.14635
G1 X60.662 Y66.837 E39.96201
G1 X60.662 Y83.747 E41.61881
G1 X60.753 Y84.431 F7800
G1 X60.368 Y84.5
;TYPE:Gap fill
;WIDTH:0.821683
G1 F1200
G1 X64.632 Y84.5 E42.14062
G1 X66.897 Y85.795 F7800
;TYPE:Solid infill
;WIDTH:0.675456
G1 F1200
G1 X65.97 Y84.869 E42.26914
G1 X65.369 Y84.869 E42.3281
G1 X65.369 Y85.101 E42.3509
G1 X66.631 Y86.364 E42.52603
G1 X66.631 Y87.198 E42.60779
G1 X65.369 Y85.935 E42.78293
G1 X65.369 Y86.769 E42.86469
G1 X66.631 Y88.032 E43.03983
G1 X66.631 Y88.866 E43.12159
G1 X65.369 Y87.603 E43.29672
G1 X65.369 Y88.436 E43.37848
G1 X66.631 Y89.699 E43.55362
G1 X66.631 Y90.533 E43.63538
G1 X65.369 Y89.27 E43.81052
G1 X65.369 Y90.104 E43.89228
G1 X66.631 Y91.367 E44.06741
G1 X66.631 Y92.201 E44.14917
G1 X65.369 Y90.938 E44.32431
G1 X65.369 Y91.772 E44.40607
G1 X66.631 Y93.035 E44.58121
G1 X66.631 Y93.869 E44.66297
G1 X65.369 Y92.606 E44.8381
G1 X65.369 Y93.439 E44.91987
G1 X66.631 Y94.702 E45.095
G1 X66.631 Y95.536 E45.17676
G1 X65.369 Y94.273 E45.3519
G1 X65.369 Y95.107 E45.43366
G1 X66.631 Y96.37 E45.60879
G1 X66.631 Y97.204 E45.69056
G1 X65.369 Y95.941 E45.86569
G1 X65.369 Y96.775 E45.94745
G1 X66.631 Y98.038 E46.12259
G1 X66.631 Y98.872 E46.20435
G1 X65.369 Y97.609 E46.37949
G1 X65.369 Y98.443 E46.46125
G1 X66.631 Y99.705 E46.63638
G1 X66.631 Y100.539 E46.71814
G1 X65.369 Y99.276 E46.89328
G1 X65.369 Y100.11 E46.97504
G1 X66.631 Y101.373 E47.15018
G1 X66.631 Y102.207 E47.23194
G1 X65.369 Y100.944 E47.40707
G1 X65.369 Y101.778 E47.48883
G1 X66.631 Y103.041 E47.66397
G1 X66.631 Y103.875 E47.74573
G1 X65.369 Y102.612 E47.92087
G1 X65.369 Y103.446 E48.00263
G1 X66.631 Y104.709 E48.17776
G1 X66.631 Y105.542 E48.25952
G1 X65.369 Y104.279 E48.43466
G1 X65.369 Y105.113 E48.51642
G1 X66.631 Y106.376 E48.69156
G1 X66.631 Y107.21 E48.77332
G1 X65.369 Y105.947 E48.94845
G1 X65.369 Y106.781 E49.03021
G1 X66.631 Y108.044 E49.20535
G1 X66.631 Y108.878 E49.28711
G1 X65.369 Y107.615 E49.46225
G1 X65.369 Y108.449 E49.54401
G1 X66.631 Y109.712 E49.71914
G1 X66.631 Y110.545 E49.80091
G1 X65.369 Y109.282 E49.97604
G1 X65.369 Y110.116 E50.0578
G1 X66.631 Y111.379 E50.23294
G1 X66.631 Y112.213 E50.3147
G1 X65.369 Y110.95 E50.48984
G1 X65.369 Y111.784 E50.5716
G1 X66.631 Y113.047 E50.74673
G1 X66.631 Y113.279 E50.76952
G1 X66.03 Y113.279 E50.82849
G1 X65.103 Y112.353 E50.957
G1 X66.897 Y114.801 F7800
;TYPE:Bridge infill
;WIDTH:0.677927
M106 S255
G1 F3600
G1 X65.965 Y113.869 E51.08678
G1 X65.127 Y113.869 E51.16923
G1 X66.631 Y115.373 E51.3787
G1 X66.631 Y116.21 E51.46114
G1 X64.29 Y113.869 E51.78721
G1 X63.453 Y113.869 E51.86966
G1 X66.631 Y117.047 E52.31232
G1 X66.631 Y117.885 E52.39477
G1 X62.615 Y113.869 E52.95403
G1 X61.778 Y113.869 E53.03648
G1 X66.631 Y118.722 E53.71234
G1 X66.631 Y119.559 E53.79479
G1 X60.941 Y113.869 E54.58725
G1 X60.103 Y113.869 E54.66969
G1 X66.631 Y120.397 E55.57875
G1 X66.631 Y121.234 E55.6612
G1 X59.266 Y113.869 E56.68686
G1 X58.429 Y113.869 E56.76931
G1 X66.631 Y122.071 E57.91156
G1 X66.631 Y122.909 E57.99401
G1 X57.591 Y113.869 E59.25286
G1 X56.754 Y113.869 E59.33531
G1 X66.631 Y123.746 E60.71076
G1 X66.631 Y124.583 E60.79321
G1 X55.917 Y113.869 E62.28526
G1 X55.079 Y113.869 E62.36771
G1 X66.631 Y125.421 E63.97636
G1 X66.631 Y126.258 E64.05881
G1 X54.242 Y113.869 E65.78406
G1 X53.405 Y113.869 E65.86651
G1 X66.631 Y127.095 E67.70835
G1 X66.631 Y127.933 E67.7908
G1 X53.369 Y114.67 E69.63766
G1 X53.369 Y115.507 E69.72011
G1 X66.631 Y128.77 E71.56697
G1 X66.631 Y129.607 E71.64942
G1 X53.369 Y116.345 E73.49628
G1 X53.369 Y117.182 E73.57872
G1 X66.631 Y130.445 E75.42558
G1 X66.631 Y131.282 E75.50803
G1 X53.369 Y118.019 E77.35489
G1 X53.369 Y118.857 E77.43734
G1 X66.631 Y132.12 E79.2842
G1 X66.631 Y132.957 E79.36664
G1 X53.369 Y119.694 E81.2135
G1 X53.369 Y120.531 E81.29595
G1 X66.631 Y133.794 E83.14281
G1 X66.631 Y134.632 E83.22526
G1 X53.369 Y121.369 E85.07212
G1 X53.369 Y122.206 E85.15456
G1 X66.631 Y135.469 E87.00142
G1 X66.631 Y136.306 E87.08387
G1 X53.369 Y123.043 E88.93073
G1 X53.369 Y123.881 E89.01318
G1 X66.631 Y137.144 E90.86004
G1 X66.631 Y137.981 E90.94249
G1 X53.369 Y124.718 E92.78934
G1 X53.369 Y125.555 E92.87179
G1 X57.983 Y130.17 E93.51435
G1 X57.715 Y130.136 E93.54094
G1 X57.298 Y130.134 E93.582
G1 X57.135 Y130.159 E93.59825
G1 X53.369 Y126.393 E94.12271
G1 X53.369 Y127.23 E94.20516
G1 X56.447 Y130.308 E94.63383
G1 X56.063 Y130.447 E94.674
G1 X55.865 Y130.564 E94.69666
G1 X53.369 Y128.067 E95.0443
G1 X53.369 Y128.905 E95.12675
G1 X55.339 Y130.875 E95.40111
G1 X54.813 Y131.186 E95.4613
G1 X53.369 Y129.742 E95.6624
G1 X53.369 Y130.579 E95.74485
G1 X54.287 Y131.497 E95.87268
G1 X53.76 Y131.808 E95.93287
G1 X53.103 Y131.151 E96.02435
M107
G1 X54.436 Y133.021 F7800
;TYPE:Solid infill
;WIDTH:0.74563
G1 F1200
G1 X53.853 Y132.438 E96.11481
G1 X53.369 Y132.725 E96.1766
G1 X53.369 Y132.886 E96.19434
G1 X54.134 Y133.652 E96.31311
G1 X54.231 Y134.339 E96.3893
G1 X54.424 Y134.875 E96.45181
G1 X53.103 Y133.554 E96.6568
G1 X54.3 Y142.397 F7800
;TYPE:Bridge infill
;WIDTH:0.677927
M106 S255
G1 F3600
G1 X53.369 Y141.465 E96.78658
G1 X53.369 Y140.627 E96.86902
G1 X54.873 Y142.131 E97.07848
G1 X55.71 Y142.131 E97.16093
G1 X53.369 Y139.79 E97.48698
G1 X53.369 Y138.953 E97.56943
G1 X56.547 Y142.131 E98.01208
G1 X57.385 Y142.131 E98.09453
G1 X53.369 Y138.115 E98.65378
G1 X53.369 Y137.278 E98.73623
G1 X58.222 Y142.131 E99.41208
G1 X59.059 Y142.131 E99.49453
G1 X53.369 Y136.441 E100.28698
G1 X53.369 Y135.603 E100.36943
G1 X59.897 Y142.131 E101.27847
G1 X60.734 Y142.131 E101.36092
G1 X54.438 Y135.836 E102.23758
G1 X55.915 Y136.475 E102.39596
G1 X61.571 Y142.131 E103.18367
G1 X62.409 Y142.131 E103.26611
G1 X57.127 Y136.85 E104.00161
G1 X57.712 Y136.868 E104.05925
G1 X57.946 Y136.831 E104.08254
G1 X63.246 Y142.131 E104.82064
G1 X64.083 Y142.131 E104.90308
G1 X58.62 Y136.668 E105.66392
G1 X58.937 Y136.553 E105.69712
G1 X59.196 Y136.407 E105.72645
G1 X64.921 Y142.131 E106.52358
G1 X65.758 Y142.131 E106.60603
G1 X59.689 Y136.062 E107.45116
G1 X60.106 Y135.642 E107.50946
G1 X66.595 Y142.131 E108.41308
G1 X66.631 Y142.131 E108.41663
G1 X66.631 Y141.33 E108.49553
G1 X60.445 Y135.144 E109.35699
G1 X60.701 Y134.562 E109.41954
G1 X66.631 Y140.493 E110.24535
G1 X66.631 Y139.656 E110.3278
G1 X60.85 Y133.874 E111.13292
G1 X60.868 Y133.288 E111.19061
G1 X60.824 Y133.011 E111.21826
G1 X66.897 Y139.083 E112.06386
M107
G1 X66.956 Y141.193 F7800
;TYPE:Solid infill
;WIDTH:0.680936
G1 F1200
G1 X67.894 Y142.131 E112.19519
G1 X68.735 Y142.131 E112.27847
G1 X67.472 Y140.869 E112.45524
G1 X68.314 Y140.869 E112.53852
G1 X69.577 Y142.131 E112.71529
G1 X70.419 Y142.131 E112.79858
G1 X69.156 Y140.869 E112.97534
G1 X69.997 Y140.869 E113.05863
G1 X71.26 Y142.131 E113.23539
G1 X72.102 Y142.131 E113.31868
G1 X70.839 Y140.869 E113.49544
G1 X71.68 Y140.869 E113.57873
G1 X72.943 Y142.131 E113.75549
G1 X73.785 Y142.131 E113.83878
G1 X72.522 Y140.869 E114.01555
G1 X73.364 Y140.869 E114.09883
G1 X74.627 Y142.131 E114.2756
G1 X75.468 Y142.131 E114.35889
G1 X74.205 Y140.869 E114.53565
G1 X75.047 Y140.869 E114.61894
G1 X76.31 Y142.131 E114.7957
G1 X77.151 Y142.131 E114.87899
G1 X75.888 Y140.869 E115.05575
G1 X76.73 Y140.869 E115.13904
G1 X77.993 Y142.131 E115.3158
G1 X78.835 Y142.131 E115.39909
G1 X77.572 Y140.869 E115.57585
G1 X78.413 Y140.869 E115.65914
G1 X79.676 Y142.131 E115.83591
G1 X80.518 Y142.131 E115.91919
G1 X79.255 Y140.869 E116.09596
G1 X80.096 Y140.869 E116.17925
G1 X81.359 Y142.131 E116.35601
G1 X82.201 Y142.131 E116.4393
G1 X80.938 Y140.869 E116.61606
G1 X81.78 Y140.869 E116.69935
G1 X83.043 Y142.131 E116.87611
G1 X83.884 Y142.131 E116.9594
G1 X82.621 Y140.869 E117.13616
G1 X83.463 Y140.869 E117.21945
G1 X84.726 Y142.131 E117.39621
G1 X85.567 Y142.131 E117.4795
G1 X84.304 Y140.869 E117.65627
G1 X85.146 Y140.869 E117.73955
G1 X86.409 Y142.131 E117.91632
G1 X87.25 Y142.131 E117.99961
G1 X85.987 Y140.869 E118.17637
G1 X86.829 Y140.869 E118.25966
G1 X88.092 Y142.131 E118.43642
G1 X88.934 Y142.131 E118.51971
G1 X87.671 Y140.869 E118.69647
G1 X88.512 Y140.869 E118.77976
G1 X89.775 Y142.131 E118.95652
G1 X90.617 Y142.131 E119.03981
G1 X89.354 Y140.869 E119.21657
G1 X90.195 Y140.869 E119.29986
G1 X91.458 Y142.131 E119.47663
G1 X92.3 Y142.131 E119.55991
G1 X91.037 Y140.869 E119.73668
G1 X91.879 Y140.869 E119.81997
G1 X93.142 Y142.131 E119.99673
G1 X93.983 Y142.131 E120.08002
G1 X92.72 Y140.869 E120.25678
G1 X93.562 Y140.869 E120.34007
G1 X94.825 Y142.131 E120.51683
G1 X95.666 Y142.131 E120.60012
G1 X94.403 Y140.869 E120.77688
G1 X95.245 Y140.869 E120.86017
G1 X96.508 Y142.131 E121.03694
G1 X97.35 Y142.131 E121.12022
G1 X96.087 Y140.869 E121.29699
G1 X96.928 Y140.869 E121.38027
G1 X98.191 Y142.131 E121.55704
G1 X99.033 Y142.131 E121.64033
G1 X97.77 Y140.869 E121.81709
G1 X98.611 Y140.869 E121.90038
G1 X99.874 Y142.131 E122.07714
G1 X100.716 Y142.131 E122.16043
G1 X99.453 Y140.869 E122.33719
G1 X100.295 Y140.869 E122.42048
G1 X101.558 Y142.131 E122.59724
G1 X102.399 Y142.131 E122.68053
G1 X101.136 Y140.869 E122.8573
G1 X101.978 Y140.869 E122.94058
G1 X103.241 Y142.131 E123.11735
G1 X104.082 Y142.131 E123.20063
G1 X102.819 Y140.869 E123.3774
G1 X103.661 Y140.869 E123.46069
G1 X104.924 Y142.131 E123.63745
G1 X105.765 Y142.131 E123.72074
G1 X104.502 Y140.869 E123.8975
G1 X105.344 Y140.869 E123.98079
G1 X106.607 Y142.131 E124.15755
G1 X107.449 Y142.131 E124.24084
G1 X106.186 Y140.869 E124.41761
G1 X107.027 Y140.869 E124.50089
G1 X108.29 Y142.131 E124.67766
G1 X109.132 Y142.131 E124.76095
G1 X107.869 Y140.869 E124.93771
G1 X108.71 Y140.869 E125.021
G1 X109.973 Y142.131 E125.19776
G1 X110.815 Y142.131 E125.28105
G1 X109.552 Y140.869 E125.45781
G1 X110.394 Y140.869 E125.5411
G1 X111.657 Y142.131 E125.71786
G1 X112.498 Y142.131 E125.80115
G1 X111.235 Y140.869 E125.97792
G1 X112.077 Y140.869 E126.0612
G1 X113.34 Y142.131 E126.23797
G1 X114.181 Y142.131 E126.32125
G1 X112.918 Y140.869 E126.49802
G1 X113.76 Y140.869 E126.58131
G1 X115.023 Y142.131 E126.75807
G1 X115.865 Y142.131 E126.84136
G1 X114.602 Y140.869 E127.01812
G1 X115.443 Y140.869 E127.10141
G1 X116.706 Y142.131 E127.27817
G1 X117.548 Y142.131 E127.36146
G1 X116.285 Y140.869 E127.53823
G1 X117.126 Y140.869 E127.62151
G1 X118.389 Y142.131 E127.79828
G1 X119.231 Y142.131 E127.88156
G1 X117.968 Y140.869 E128.05833
G1 X118.81 Y140.869 E128.14162
G1 X120.073 Y142.131 E128.31838
G1 X120.914 Y142.131 E128.40167
G1 X119.651 Y140.869 E128.57843
G1 X120.493 Y140.869 E128.66172
G1 X121.756 Y142.131 E128.83848
G1 X122.597 Y142.131 E128.92177
G1 X121.334 Y140.869 E129.09853
G1 X122.176 Y140.869 E129.18182
G1 X123.439 Y142.131 E129.35859
G1 X124.28 Y142.131 E129.44187
G1 X123.018 Y140.869 E129.61864
G1 X123.859 Y140.869 E129.70193
G1 X125.122 Y142.131 E129.87869
G1 X125.964 Y142.131 E129.96198
G1 X124.701 Y140.869 E130.13874
G1 X125.542 Y140.869 E130.22203
G1 X126.805 Y142.131 E130.39879
G1 X127.647 Y142.131 E130.48208
G1 X126.384 Y140.869 E130.65884
G1 X127.225 Y140.869 E130.74213
G1 X128.488 Y142.131 E130.9189
G1 X129.33 Y142.131 E131.00218
G1 X128.067 Y140.869 E131.17895
G1 X128.909 Y140.869 E131.26224
G1 X130.172 Y142.131 E131.439
G1 X131.013 Y142.131 E131.52229
G1 X129.75 Y140.869 E131.69905
G1 X130.592 Y140.869 E131.78234
G1 X131.855 Y142.131 E131.9591
G1 X132.696 Y142.131 E132.04239
G1 X131.433 Y140.869 E132.21915
G1 X132.275 Y140.869 E132.30244
G1 X133.538 Y142.131 E132.47921
G1 X134.38 Y142.131 E132.56249
G1 X133.117 Y140.869 E132.73926
G1 X133.958 Y140.869 E132.82255
G1 X134.897 Y141.807 E132.95388
G1 E129.95388 F2400
G92 E0
G1 X53 Y113.132 F7800
G1 E3 F2400
;TYPE:Gap fill
;WIDTH:0.821683
G1 F1200
G1 X53 Y84.868 E6.45871
G1 X54.299 Y84.397 F7800
;TYPE:Bridge infill
;WIDTH:0.677417
M106 S255
G1 F3600
G1 X53.369 Y83.466 E6.58822
G1 X53.369 Y82.629 E6.67052
G1 X54.871 Y84.131 E6.87954
G1 X55.707 Y84.131 E6.96185
G1 X53.369 Y81.793 E7.28726
G1 X53.369 Y80.956 E7.36957
G1 X56.544 Y84.131 E7.81138
G1 X57.381 Y84.131 E7.89369
G1 X53.369 Y80.119 E8.4519
G1 X53.369 Y79.283 E8.5342
G1 X58.217 Y84.131 E9.20881
G1 X59.054 Y84.131 E9.29112
G1 X53.369 Y78.446 E10.08212
G1 X53.369 Y77.609 E10.16443
G1 X59.631 Y83.872 E11.03579
G1 X59.631 Y83.036 E11.1181
G1 X53.369 Y76.773 E11.98946
G1 X53.369 Y75.936 E12.07176
G1 X59.631 Y82.199 E12.94312
G1 X59.631 Y81.363 E13.02543
G1 X53.85 Y75.581 E13.82977
G1 X55.325 Y76.22 E13.98786
G1 X59.631 Y80.526 E14.58701
G1 X59.631 Y79.689 E14.66931
G1 X56.708 Y76.765 E15.07612
G1 X57.077 Y76.848 E15.11336
G1 X57.645 Y76.866 E15.16922
G1 X59.631 Y78.853 E15.44566
G1 X59.631 Y78.016 E15.52796
G1 X58.378 Y76.762 E15.70238
G1 X59.1 Y76.648 E15.77431
G1 X59.897 Y77.445 E15.88513
M107
G1 X60.076 Y75.041 F7800
;TYPE:Gap fill
;WIDTH:0.463346
G1 F1200
G1 X60.185 Y74.354 E15.92878
;WIDTH:0.452235
G1 X60.203 Y74.189 E15.93892
;WIDTH:0.415733
G1 X60.221 Y74.024 E15.94804
;WIDTH:0.379232
G1 X60.239 Y73.858 E15.95616
;WIDTH:0.342729
G1 X60.241 Y73.834 E15.95719
;WIDTH:0.3397
G1 X60.249 Y73.338 E15.97813
;WIDTH:0.325535
G1 X60.248 Y73.316 E15.97902
;WIDTH:0.362541
G1 X60.23 Y73.081 E15.98987
;WIDTH:0.399547
G1 X60.211 Y72.846 E16.00218
;WIDTH:0.399547
G1 X60.2 Y72.821 E16.00357
;WIDTH:0.384575
G1 X60.186 Y72.796 E16.00498
;WIDTH:0.37135
G1 X60.122 Y72.688 E16.01097
;WIDTH:0.324048
G1 X60.058 Y72.579 E16.01597
;WIDTH:0.276746
G1 X59.994 Y72.47 E16.01998
;WIDTH:0.229444
G1 X59.929 Y72.362 E16.02299
;WIDTH:0.182144
G1 X59.924 Y72.354 E16.02314
;WIDTH:0.179592
G1 X59.861 Y72.267 E16.02483
G1 X59.779 Y71.214 F7800
;WIDTH:0.172561
G1 F1200
G1 X59.735 Y71.114 E16.0264
;WIDTH:0.196103
G1 X59.724 Y71.09 E16.02689
;WIDTH:0.196103
G1 X59.558 Y70.985 E16.03048
G1 X59.897 Y68.798 F7800
;TYPE:Solid infill
;WIDTH:0.676592
G1 F1200
G1 X58.967 Y67.869 E16.15958
G1 X58.132 Y67.869 E16.24166
G1 X59.631 Y69.368 E16.44999
G1 X59.631 Y70.203 E16.53207
G1 X57.297 Y67.869 E16.85648
G1 X56.461 Y67.869 E16.93856
G1 X59.176 Y70.583 E17.31574
G1 X58.742 Y70.362 E17.36354
G1 X58.153 Y70.191 E17.42381
G1 X57.919 Y70.162 E17.44703
G1 X55.626 Y67.869 E17.76562
G1 X54.79 Y67.869 E17.84769
G1 X57.088 Y70.166 E18.16691
G1 X56.666 Y70.23 E18.20884
G1 X56.408 Y70.322 E18.23569
G1 X53.955 Y67.869 E18.57661
G1 X53.369 Y67.869 E18.6342
G1 X53.369 Y68.118 E18.65868
G1 X55.833 Y70.583 E19.00113
G1 X55.516 Y70.77 E19.03729
G1 X55.34 Y70.925 E19.06035
G1 X53.369 Y68.953 E19.33431
G1 X53.369 Y69.789 E19.41639
G1 X54.922 Y71.342 E19.63222
G1 X54.664 Y71.675 E19.67357
G1 X54.577 Y71.833 E19.69129
G1 X53.369 Y70.624 E19.85921
G1 X53.369 Y71.46 E19.94128
G1 X54.315 Y72.406 E20.07273
G1 X54.152 Y73.078 E20.14073
G1 X53.369 Y72.295 E20.24958
G1 X53.369 Y73.13 E20.33166
G1 X54.166 Y73.928 E20.4425
G1 X54.231 Y74.339 E20.48338
G1 X54.447 Y74.937 E20.54578
G1 X54.602 Y75.199 E20.5757
G1 X53.103 Y73.701 E20.78385
G1 E17.78385 F2400
G92 E0
G1 X111.847 Y75.248 F7800
G1 E3 F2400
;TYPE:Perimeter
;WIDTH:0.675
G1 F1800
G1 X111.645 Y75.494 E3.03123
G1 X111.226 Y75.869 E3.08633
G1 X110.748 Y76.152 E3.14073
G1 X110.229 Y76.339 E3.19477
G1 X109.684 Y76.425 E3.24882
G1 X109.133 Y76.408 E3.30286
G1 X108.594 Y76.287 E3.35691
G1 X108.085 Y76.067 E3.41131
G1 X107.622 Y75.747 E3.46641
G1 X107.364 Y75.503 E3.50117
G1 X107.121 Y75.21 E3.53849
G1 X106.848 Y74.748 E3.5911
G1 X106.661 Y74.229 E3.64514
G1 X106.575 Y73.684 E3.69919
G1 X106.592 Y73.133 E3.75324
G1 X106.709 Y72.609 E3.80585
G1 X106.85 Y72.255 E3.84316
G1 X107.02 Y71.943 E3.87792
G1 X107.361 Y71.496 E3.93303
G1 X107.777 Y71.129 E3.98742
G1 X108.252 Y70.848 E4.04147
G1 X108.774 Y70.66 E4.09586
G1 X109.331 Y70.576 E4.15097
G1 X109.685 Y70.577 E4.18573
G1 X110.063 Y70.625 E4.22304
G1 X110.579 Y70.775 E4.27565
G1 X111.07 Y71.025 E4.3297
G1 X111.506 Y71.364 E4.38375
G1 X111.871 Y71.777 E4.43779
G1 X112.152 Y72.252 E4.49184
G1 X112.339 Y72.771 E4.54589
G1 X112.425 Y73.316 E4.59993
G1 X112.408 Y73.867 E4.65398
G1 X112.287 Y74.406 E4.70803
G1 X112.074 Y74.898 E4.76064
G1 X111.899 Y75.174 E4.79267
G1 X111.392 Y74.874 F7800
;TYPE:External perimeter
G1 F1800
G1 X111.218 Y75.085 E4.81948
G1 X110.876 Y75.392 E4.86449
G1 X110.496 Y75.616 E4.90775
G1 X110.082 Y75.766 E4.95088
G1 X109.647 Y75.834 E4.99401
G1 X109.207 Y75.821 E5.03714
G1 X108.777 Y75.725 E5.08028
G1 X108.372 Y75.549 E5.12354
G1 X107.994 Y75.288 E5.16855
G1 X107.795 Y75.1 E5.19535
G1 X107.605 Y74.87 E5.22459
G1 X107.384 Y74.496 E5.2672
G1 X107.234 Y74.082 E5.31033
G1 X107.166 Y73.647 E5.35347
G1 X107.179 Y73.207 E5.3966
G1 X107.274 Y72.782 E5.43921
G1 X107.384 Y72.505 E5.46845
G1 X107.515 Y72.265 E5.49526
G1 X107.794 Y71.9 E5.54026
G1 X108.125 Y71.608 E5.58352
G1 X108.504 Y71.384 E5.62666
G1 X108.92 Y71.234 E5.66992
G1 X109.374 Y71.166 E5.71492
G1 X109.647 Y71.167 E5.74173
G1 X109.943 Y71.204 E5.77097
G1 X110.361 Y71.325 E5.81358
G1 X110.753 Y71.525 E5.85671
G1 X111.101 Y71.795 E5.89985
G1 X111.392 Y72.125 E5.94298
G1 X111.616 Y72.504 E5.98611
G1 X111.766 Y72.918 E6.02925
G1 X111.834 Y73.353 E6.07238
G1 X111.821 Y73.793 E6.11551
G1 X111.725 Y74.223 E6.15865
G1 X111.552 Y74.622 E6.20126
G1 X111.44 Y74.798 E6.22167
G1 X111.506 Y75.122 F7800
G1 X108.927 Y82.573
;TYPE:Perimeter
G1 F4800
G1 X105.927 Y82.573 E6.51561
G1 X105.927 Y67.427 E7.99964
G1 X113.073 Y67.427 E8.69986
G1 X113.073 Y123.573 E14.20097
G1 X108.927 Y123.573 E14.60726
G1 X108.927 Y82.663 E18.61552
G1 X108.338 Y83.162 F7800
;TYPE:External perimeter
G1 F2400
G1 X105.338 Y83.162 E18.90945
G1 X105.338 Y66.837 E20.50894
G1 X113.663 Y66.837 E21.3246
G1 X113.663 Y124.163 E26.94117
G1 X108.338 Y124.163 E27.4629
G1 X108.338 Y83.252 E31.47116
G1 X108.312 Y82.563 F7800
G1 X107.334 Y82.397
;TYPE:Bridge infill
;WIDTH:0.693685
M106 S255
G1 F3600
G1 X106.369 Y81.431 E31.60916
G1 X106.369 Y80.572 E31.69605
G1 X107.928 Y82.131 E31.91904
G1 X108.788 Y82.131 E32.00593
G1 X106.369 Y79.712 E32.35181
G1 X106.369 Y78.852 E32.4387
G1 X109.648 Y82.131 E32.90746
G1 X110.507 Y82.131 E32.99436
G1 X106.369 Y77.993 E33.58601
G1 X106.369 Y77.133 E33.6729
G1 X111.367 Y82.131 E34.38744
G1 X112.226 Y82.131 E34.47433
G1 X106.369 Y76.274 E35.31176
G1 X106.369 Y76.243 E35.31489
G1 X107.436 Y76.481 E35.42543
G1 X112.631 Y81.677 E36.16819
G1 X112.631 Y80.817 E36.25508
G1 X108.543 Y76.729 E36.83957
G1 X109.077 Y76.848 E36.89491
G1 X109.536 Y76.862 E36.94135
G1 X112.631 Y79.958 E37.38382
G1 X112.631 Y79.098 E37.47072
G1 X110.307 Y76.774 E37.80299
G1 X110.944 Y76.551 E37.87119
G1 X112.631 Y78.238 E38.11243
G1 X112.631 Y77.379 E38.19932
G1 X111.576 Y76.323 E38.3502
G1 X112.208 Y76.096 E38.41811
G1 X112.897 Y76.784 E38.51653
M107
G1 X112.392 Y74.994 F7800
;TYPE:Gap fill
;WIDTH:0.212469
G1 F1200
G1 X112.484 Y74.843 E38.52026
;WIDTH:0.258098
G1 X112.576 Y74.692 E38.52534
;WIDTH:0.303727
G1 X112.669 Y74.54 E38.53177
;WIDTH:0.304193
G1 X112.67 Y74.539 E38.53183
;WIDTH:0.304191
G1 X112.672 Y74.52 E38.53251
;WIDTH:0.298402
G1 X112.696 Y74.308 E38.54005
;WIDTH:0.254548
G1 X112.719 Y74.096 E38.54604
;WIDTH:0.210694
G1 X112.743 Y73.884 E38.55047
G1 X112.741 Y73.192 F7800
;WIDTH:0.203543
G1 F1200
G1 X112.722 Y72.939 E38.55544
;WIDTH:0.240245
G1 X112.702 Y72.685 E38.56197
;WIDTH:0.243969
G1 X112.7 Y72.671 E38.56236
;WIDTH:0.289718
G1 X112.677 Y72.54 E38.56687
;WIDTH:0.335467
G1 X112.654 Y72.409 E38.57239
;WIDTH:0.335466
G1 X112.594 Y72.308 E38.57726
;WIDTH:0.291565
G1 X112.535 Y72.207 E38.58126
;WIDTH:0.247665
G1 X112.475 Y72.106 E38.58442
;WIDTH:0.203765
G1 X112.469 Y72.097 E38.58463
;WIDTH:0.200641
G1 X112.34 Y71.919 E38.58883
G1 X112.897 Y68.867 F7800
;TYPE:Solid infill
;WIDTH:0.709077
G1 F1200
G1 X111.898 Y67.869 E38.73513
G1 X111.017 Y67.869 E38.82649
G1 X112.631 Y69.483 E39.06311
G1 X112.631 Y70.364 E39.15447
G1 X110.136 Y67.869 E39.52029
G1 X109.254 Y67.869 E39.61164
G1 X112.631 Y71.246 E40.10665
G1 X112.631 Y71.398 E40.12245
G1 X112.519 Y71.243 E40.14237
G1 X112.196 Y71.477 E40.18374
G1 X111.81 Y71.04 E40.24416
G1 X111.308 Y70.651 E40.31
G1 X110.996 Y70.492 E40.34629
G1 X108.373 Y67.869 E40.73079
G1 X107.492 Y67.869 E40.82214
G1 X109.765 Y70.142 E41.15541
G1 X109.298 Y70.134 E41.20382
G1 X108.931 Y70.19 E41.24228
G1 X106.61 Y67.869 E41.5825
G1 X106.369 Y67.869 E41.60755
G1 X106.369 Y68.508 E41.67385
G1 X108.242 Y70.382 E41.94851
G1 X108.063 Y70.447 E41.96825
G1 X107.662 Y70.684 E42.0165
G1 X106.369 Y69.39 E42.20616
G1 X106.369 Y70.271 E42.29751
G1 X107.359 Y71.262 E42.44274
G1 X106.522 Y71.549 F7800
;TYPE:Gap fill
;WIDTH:0.470495
G1 F1200
G1 X106.408 Y72.06 E42.47624
;WIDTH:0.460158
G1 X106.388 Y72.166 E42.48292
;WIDTH:0.419897
G1 X106.368 Y72.271 E42.48889
;WIDTH:0.379637
G1 X106.348 Y72.377 E42.49414
;WIDTH:0.339376
G1 X106.328 Y72.483 E42.49867
;WIDTH:0.299115
G1 X106.325 Y72.499 E42.49926
;WIDTH:0.294133
G1 X106.303 Y72.705 E42.50643
;WIDTH:0.251702
G1 X106.28 Y72.91 E42.51213
;WIDTH:0.209272
G1 X106.257 Y73.116 E42.51638
G1 X106.259 Y73.808 F7800
;WIDTH:0.20354
G1 F1200
G1 X106.279 Y74.061 E42.52135
;WIDTH:0.240239
G1 X106.298 Y74.315 E42.52788
;WIDTH:0.243961
G1 X106.3 Y74.329 E42.52827
;WIDTH:0.281123
G1 X106.319 Y74.436 E42.53178
;WIDTH:0.318285
G1 X106.337 Y74.542 E42.53596
;WIDTH:0.318283
G1 X106.404 Y74.658 E42.54111
;WIDTH:0.272395
G1 X106.47 Y74.774 E42.54525
;WIDTH:0.226506
G1 X106.536 Y74.89 E42.54838
;WIDTH:0.180618
G1 X106.541 Y74.897 E42.54852
;WIDTH:0.178385
G1 X106.606 Y74.991 E42.55027
G1 X112.897 Y83.666 F7800
;TYPE:Solid infill
;WIDTH:0.684242
G1 F1200
G1 X111.951 Y82.721 E42.68333
G1 X111.105 Y82.721 E42.76754
G1 X112.631 Y84.247 E42.98239
G1 X112.631 Y85.093 E43.0666
G1 X110.259 Y82.721 E43.40054
G1 X109.412 Y82.721 E43.48476
G1 X112.631 Y85.94 E43.9378
G1 X112.631 Y86.786 E44.02202
G1 X109.369 Y83.523 E44.48123
G1 X109.369 Y84.369 E44.56545
G1 X112.631 Y87.632 E45.02466
G1 X112.631 Y88.479 E45.10888
G1 X109.369 Y85.216 E45.56809
G1 X109.369 Y86.062 E45.65231
G1 X112.631 Y89.325 E46.11152
G1 X112.631 Y90.171 E46.19574
G1 X109.369 Y86.908 E46.65496
G1 X109.369 Y87.754 E46.73917
G1 X112.631 Y91.017 E47.19839
G1 X112.631 Y91.864 E47.2826
G1 X109.369 Y88.601 E47.74182
G1 X109.369 Y89.447 E47.82603
G1 X112.631 Y92.71 E48.28525
G1 X112.631 Y93.556 E48.36946
G1 X109.369 Y90.293 E48.82868
G1 X109.369 Y91.139 E48.9129
G1 X112.631 Y94.402 E49.37211
G1 X112.631 Y95.249 E49.45633
G1 X109.369 Y91.986 E49.91554
G1 X109.369 Y92.832 E49.99976
G1 X112.631 Y96.095 E50.45897
G1 X112.631 Y96.941 E50.54319
G1 X109.369 Y93.678 E51.0024
G1 X109.369 Y94.524 E51.08662
G1 X112.631 Y97.787 E51.54584
G1 X112.631 Y98.634 E51.63005
G1 X109.369 Y95.371 E52.08927
G1 X109.369 Y96.217 E52.17348
G1 X112.631 Y99.48 E52.6327
G1 X112.631 Y100.326 E52.71691
G1 X109.369 Y97.063 E53.17613
G1 X109.369 Y97.91 E53.26034
G1 X112.631 Y101.173 E53.71956
G1 X112.631 Y102.019 E53.80378
G1 X109.369 Y98.756 E54.26299
G1 X109.369 Y99.602 E54.34721
G1 X112.631 Y102.865 E54.80642
G1 X112.631 Y103.711 E54.89064
G1 X109.369 Y100.448 E55.34985
G1 X109.369 Y101.295 E55.43407
G1 X112.631 Y104.558 E55.89328
G1 X112.631 Y105.404 E55.9775
G1 X109.369 Y102.141 E56.43672
G1 X109.369 Y102.987 E56.52093
G1 X112.631 Y106.25 E56.98015
G1 X112.631 Y107.096 E57.06436
G1 X109.369 Y103.833 E57.52358
G1 X109.369 Y104.68 E57.60779
G1 X112.631 Y107.943 E58.06701
G1 X112.631 Y108.789 E58.15122
G1 X109.369 Y105.526 E58.61044
G1 X109.369 Y106.372 E58.69466
G1 X112.631 Y109.635 E59.15387
G1 X112.631 Y110.481 E59.23809
G1 X109.369 Y107.218 E59.6973
G1 X109.369 Y108.065 E59.78152
G1 X112.631 Y111.328 E60.24073
G1 X112.631 Y112.174 E60.32495
G1 X109.369 Y108.911 E60.78416
G1 X109.369 Y109.757 E60.86838
G1 X112.631 Y113.02 E61.32759
G1 X112.631 Y113.867 E61.41181
G1 X109.369 Y110.604 E61.87103
G1 X109.369 Y111.45 E61.95524
G1 X112.631 Y114.713 E62.41446
G1 X112.631 Y115.559 E62.49867
G1 X109.369 Y112.296 E62.95789
G1 X109.369 Y113.142 E63.0421
G1 X112.631 Y116.405 E63.50132
G1 X112.631 Y117.252 E63.58553
G1 X109.369 Y113.989 E64.04475
G1 X109.369 Y114.835 E64.12897
G1 X112.631 Y118.098 E64.58818
G1 X112.631 Y118.944 E64.6724
G1 X109.369 Y115.681 E65.13161
G1 X109.369 Y116.527 E65.21583
G1 X112.631 Y119.79 E65.67504
G1 X112.631 Y120.637 E65.75926
G1 X109.369 Y117.374 E66.21847
G1 X109.369 Y118.22 E66.30269
G1 X112.631 Y121.483 E66.76191
G1 X112.631 Y122.329 E66.84612
G1 X109.369 Y119.066 E67.30534
G1 X109.369 Y119.912 E67.38955
G1 X112.588 Y123.131 E67.84258
G1 X111.741 Y123.131 E67.92679
G1 X109.369 Y120.759 E68.26072
G1 X109.369 Y121.605 E68.34493
G1 X110.895 Y123.131 E68.55976
G1 X110.049 Y123.131 E68.64398
G1 X109.103 Y122.186 E68.77702
G1 E65.77702 F2400
G92 E0
G1 X149.284 Y116.22 F7800
G1 E3 F2400
;TYPE:External perimeter
;WIDTH:0.675
G1 F1800
G1 X149.234 Y116.082 E3.01442
G1 X149.166 Y115.647 E3.05756
G1 X149.179 Y115.207 E3.10069
G1 X149.274 Y114.782 E3.1433
G1 X149.384 Y114.505 E3.17254
G1 X149.515 Y114.265 E3.19934
G1 X149.794 Y113.9 E3.24435
G1 X150.125 Y113.608 E3.28761
G1 X150.504 Y113.384 E3.33074
G1 X150.92 Y113.234 E3.374
G1 X151.374 Y113.166 E3.41901
G1 X151.647 Y113.167 E3.44582
G1 X151.943 Y113.204 E3.47506
G1 X152.361 Y113.325 E3.51767
G1 X152.753 Y113.525 E3.5608
G1 X153.101 Y113.795 E3.60393
G1 X153.392 Y114.125 E3.64707
G1 X153.616 Y114.504 E3.6902
G1 X153.766 Y114.918 E3.73333
G1 X153.834 Y115.353 E3.77647
G1 X153.821 Y115.793 E3.8196
G1 X153.725 Y116.223 E3.86274
G1 X153.552 Y116.622 E3.90534
G1 X153.392 Y116.874 E3.93458
G1 X153.218 Y117.085 E3.96139
G1 X152.876 Y117.392 E4.0064
G1 X152.496 Y117.616 E4.04966
G1 X152.082 Y117.766 E4.09279
G1 X151.647 Y117.834 E4.13592
G1 X151.207 Y117.821 E4.17906
G1 X150.782 Y117.726 E4.22167
G1 X150.504 Y117.616 E4.25096
G1 X150.242 Y117.472 E4.28025
G1 X149.899 Y117.205 E4.32286
G1 X149.608 Y116.875 E4.36599
G1 X149.384 Y116.496 E4.40913
G1 X149.315 Y116.305 E4.42902
G1 X149.139 Y116.2 F7800
G1 E1.42902 F2400
G92 E0
G1 X149.39 Y75.528 F7800
G1 E3 F2400
;TYPE:Perimeter
G1 F1800
G1 X149.121 Y75.21 E3.04083
G1 X148.848 Y74.748 E3.09344
G1 X148.661 Y74.229 E3.14748
G1 X148.575 Y73.684 E3.20153
G1 X148.592 Y73.133 E3.25558
G1 X148.709 Y72.609 E3.30819
G1 X148.85 Y72.253 E3.34565
G1 X149.034 Y71.918 E3.38312
G1 X149.364 Y71.494 E3.43573
G1 X149.777 Y71.129 E3.48977
G1 X150.252 Y70.848 E3.54382
G1 X150.774 Y70.66 E3.59821
G1 X151.331 Y70.576 E3.65332
G1 X151.685 Y70.577 E3.68808
G1 X152.063 Y70.625 E3.7254
G1 X152.579 Y70.775 E3.77801
G1 X153.07 Y71.025 E3.83205
G1 X153.506 Y71.364 E3.8861
G1 X153.871 Y71.777 E3.94015
G1 X154.152 Y72.252 E3.99419
G1 X154.339 Y72.771 E4.04824
G1 X154.425 Y73.316 E4.10229
G1 X154.408 Y73.867 E4.15633
G1 X154.287 Y74.406 E4.21038
G1 X154.074 Y74.898 E4.26299
G1 X153.87 Y75.22 E4.3003
G1 X153.645 Y75.494 E4.33507
G1 X153.226 Y75.869 E4.39017
G1 X152.748 Y76.152 E4.44457
G1 X152.229 Y76.339 E4.49861
G1 X151.684 Y76.425 E4.55266
G1 X151.133 Y76.408 E4.6067
G1 X150.594 Y76.287 E4.66075
G1 X150.085 Y76.067 E4.71514
G1 X149.622 Y75.747 E4.77025
G1 X149.456 Y75.59 E4.79266
G1 X149.795 Y75.1 F7800
;TYPE:External perimeter
G1 F1800
G1 X149.605 Y74.87 E4.8219
G1 X149.384 Y74.496 E4.86451
G1 X149.234 Y74.082 E4.90764
G1 X149.166 Y73.647 E4.95077
G1 X149.179 Y73.207 E4.99391
G1 X149.274 Y72.782 E5.03652
G1 X149.384 Y72.504 E5.06581
G1 X149.528 Y72.242 E5.0951
G1 X149.795 Y71.899 E5.13771
G1 X150.125 Y71.608 E5.18084
G1 X150.504 Y71.384 E5.22398
G1 X150.92 Y71.234 E5.26724
G1 X151.374 Y71.166 E5.31224
G1 X151.647 Y71.167 E5.33905
G1 X151.943 Y71.204 E5.36829
G1 X152.361 Y71.325 E5.4109
G1 X152.753 Y71.525 E5.45403
G1 X153.101 Y71.795 E5.49717
G1 X153.392 Y72.125 E5.5403
G1 X153.616 Y72.504 E5.58343
G1 X153.766 Y72.918 E5.62657
G1 X153.834 Y73.353 E5.6697
G1 X153.821 Y73.793 E5.71283
G1 X153.725 Y74.223 E5.75597
G1 X153.552 Y74.622 E5.79858
G1 X153.392 Y74.874 E5.82781
G1 X153.218 Y75.085 E5.85462
G1 X152.876 Y75.392 E5.89963
G1 X152.496 Y75.616 E5.94289
G1 X152.082 Y75.766 E5.98602
G1 X151.647 Y75.834 E6.02916
G1 X151.207 Y75.821 E6.07229
G1 X150.777 Y75.725 E6.11542
G1 X150.372 Y75.549 E6.15868
G1 X149.994 Y75.288 E6.20369
G1 X149.861 Y75.162 E6.22168
G1 X149.505 Y75.171 F7800
G1 E3.22168 F2400
G92 E0
G1 X154.927 Y115.916 F7800
G1 E3 F2400
;TYPE:Perimeter
G1 F4800
G1 X154.578 Y116.219 E3.04522
G1 X154.358 Y116.088 E3.07028
G1 X154.408 Y115.867 E3.09239
G1 X154.425 Y115.316 E3.14643
G1 X154.302 Y114.542 E3.22319
G1 X154.927 Y115.084 E3.30417
G1 X154.927 Y82.573 E6.48948
G1 X147.927 Y82.573 E7.17532
G1 X147.927 Y67.427 E8.65936
G1 X157.073 Y67.427 E9.55553
G1 X157.073 Y124.573 E15.15462
G1 X154.927 Y124.573 E15.36495
G1 X154.927 Y116.006 E16.20435
G1 X154.338 Y117.208 F7800
;TYPE:External perimeter
G1 F2400
G1 X153.355 Y118.06 E16.3318
G1 X153.023 Y118.271 E16.37031
G1 X152.664 Y118.44 E16.40921
G1 X152.286 Y118.562 E16.44811
G1 X151.704 Y118.656 E16.50591
G1 X151.301 Y118.656 E16.54533
G1 X150.908 Y118.606 E16.58424
G1 X150.523 Y118.507 E16.62314
G1 X150.154 Y118.361 E16.66204
G1 X149.806 Y118.17 E16.70095
G1 X149.339 Y117.809 E16.75874
G1 X149.064 Y117.515 E16.79816
G1 X148.83 Y117.194 E16.83707
G1 X148.639 Y116.846 E16.87597
G1 X148.493 Y116.477 E16.91488
G1 X148.394 Y116.092 E16.95378
G1 X148.344 Y115.699 E16.99268
G1 X148.362 Y115.109 E17.05047
G1 X148.438 Y114.714 E17.0899
G1 X148.562 Y114.331 E17.12933
G1 X148.757 Y113.93 E17.17305
G1 X148.941 Y113.642 E17.20651
G1 X149.195 Y113.336 E17.2455
G1 X149.488 Y113.06 E17.28493
G1 X149.973 Y112.732 E17.34231
G1 X150.472 Y112.512 E17.39567
G1 X150.91 Y112.394 E17.44011
G1 X151.302 Y112.344 E17.4789
G1 X151.644 Y112.342 E17.51237
G1 X151.893 Y112.363 E17.53689
G1 X152.286 Y112.438 E17.57608
G1 X152.669 Y112.562 E17.6155
G1 X153.019 Y112.726 E17.65338
G1 X153.355 Y112.94 E17.69241
G1 X154.338 Y113.792 E17.81986
G1 X154.338 Y83.162 E20.82091
G1 X147.338 Y83.162 E21.50675
G1 X147.338 Y66.837 E23.10624
G1 X157.663 Y66.837 E24.11785
G1 X157.663 Y125.163 E29.8324
G1 X154.338 Y125.163 E30.15817
G1 X154.338 Y117.298 E30.92877
G1 X153.995 Y116.715 F7800
G1 X153.868 Y116.996
;TYPE:Gap fill
;WIDTH:0.4812
G1 F1200
G1 X153.98 Y116.866 E30.94005
;WIDTH:0.492968
G1 X154.336 Y116.417 E30.97885
G1 X153.868 Y116.996 F7800
;WIDTH:0.431514
G1 F1200
G1 X153.756 Y117.126 E30.98872
;WIDTH:0.381827
G1 X153.744 Y117.14 E30.98961
;WIDTH:0.377683
G1 X153.634 Y117.253 E30.99726
;WIDTH:0.351198
G1 X153.524 Y117.366 E31.00422
;WIDTH:0.324711
G1 X153.511 Y117.378 E31.00494
;WIDTH:0.32304
G1 X153.127 Y117.716 E31.02509
;WIDTH:0.317081
G1 X153.11 Y117.73 E31.02596
;WIDTH:0.317149
G1 X153.109 Y117.73 E31.02597
;WIDTH:0.327716
G1 X152.823 Y117.906 E31.0395
;WIDTH:0.327714
G1 X152.68 Y117.982 E31.04601
;WIDTH:0.31246
G1 X152.66 Y117.991 E31.04682
;WIDTH:0.327717
G1 X152.511 Y118.053 E31.05333
;WIDTH:0.327715
G1 X152.194 Y118.161 E31.06677
;WIDTH:0.317388
G1 X152.184 Y118.164 E31.06719
;WIDTH:0.317388
G1 X152.173 Y118.166 E31.06761
;WIDTH:0.328091
G1 X151.832 Y118.226 E31.08156
;WIDTH:0.328089
G1 X151.684 Y118.245 E31.08756
;WIDTH:0.318723
G1 X151.684 Y118.245 E31.0876
;WIDTH:0.318595
G1 X151.662 Y118.245 E31.08844
;WIDTH:0.327716
G1 X151.328 Y118.24 E31.10189
;WIDTH:0.327717
G1 X151.166 Y118.227 E31.1084
;WIDTH:0.31246
G1 X151.145 Y118.225 E31.1092
;WIDTH:0.327713
G1 X150.986 Y118.197 E31.11572
;WIDTH:0.327711
G1 X150.67 Y118.121 E31.12876
;WIDTH:0.318385
G1 X150.653 Y118.116 E31.12946
;WIDTH:0.318719
G1 X150.65 Y118.115 E31.12956
;WIDTH:0.318721
G1 X150.336 Y117.991 E31.14266
;WIDTH:0.318949
G1 X150.329 Y117.988 E31.14294
;WIDTH:0.31895
G1 X150.323 Y117.985 E31.14322
;WIDTH:0.31872
G1 X150.026 Y117.822 E31.15631
;WIDTH:0.318721
G1 X150.024 Y117.82 E31.15642
;WIDTH:0.318389
G1 X150.009 Y117.81 E31.15712
;WIDTH:0.328089
G1 X149.74 Y117.608 E31.17066
;WIDTH:0.328087
G1 X149.626 Y117.513 E31.17667
;WIDTH:0.318718
G1 X149.625 Y117.513 E31.1767
;WIDTH:0.318587
G1 X149.61 Y117.497 E31.17755
;WIDTH:0.327713
G1 X149.385 Y117.25 E31.19099
;WIDTH:0.327713
G1 X149.283 Y117.124 E31.1975
;WIDTH:0.312459
G1 X149.271 Y117.106 E31.19831
;WIDTH:0.327712
G1 X149.182 Y116.971 E31.20482
;WIDTH:0.327711
G1 X149.016 Y116.681 E31.21826
;WIDTH:0.317378
G1 X149.011 Y116.671 E31.21868
;WIDTH:0.317378
G1 X149.007 Y116.661 E31.2191
;WIDTH:0.327713
G1 X148.889 Y116.348 E31.23255
;WIDTH:0.327712
G1 X148.841 Y116.194 E31.23906
;WIDTH:0.312461
G1 X148.836 Y116.173 E31.23986
;WIDTH:0.327716
G1 X148.803 Y116.014 E31.24638
;WIDTH:0.327716
G1 X148.756 Y115.684 E31.25982
;WIDTH:0.317392
G1 X148.755 Y115.673 E31.26024
;WIDTH:0.317391
G1 X148.755 Y115.662 E31.26066
;WIDTH:0.328087
G1 X148.76 Y115.316 E31.2746
;WIDTH:0.328087
G1 X148.769 Y115.167 E31.28061
;WIDTH:0.318714
G1 X148.77 Y115.166 E31.28064
;WIDTH:0.318583
G1 X148.773 Y115.145 E31.28149
;WIDTH:0.32771
G1 X148.841 Y114.817 E31.29493
;WIDTH:0.32771
G1 X148.881 Y114.671 E31.30104
;WIDTH:0.313403
G1 X148.886 Y114.654 E31.30172
;WIDTH:0.324888
G1 X148.95 Y114.478 E31.30916
;WIDTH:0.324887
G1 X149.008 Y114.337 E31.31523
;WIDTH:0.320093
G1 X149.009 Y114.334 E31.31535
;WIDTH:0.320036
G1 X149.014 Y114.324 E31.31578
;WIDTH:0.322628
G1 X149.114 Y114.138 E31.32409
;WIDTH:0.322626
G1 X149.167 Y114.049 E31.32816
;WIDTH:0.315335
G1 X149.176 Y114.034 E31.32883
;WIDTH:0.329841
G1 X149.278 Y113.888 E31.33606
;WIDTH:0.32984
G1 X149.486 Y113.628 E31.34957
;WIDTH:0.317183
G1 X149.495 Y113.617 E31.35011
;WIDTH:0.317184
G1 X149.501 Y113.611 E31.35044
;WIDTH:0.328085
G1 X149.759 Y113.377 E31.36448
;WIDTH:0.328085
G1 X149.874 Y113.282 E31.37048
;WIDTH:0.318718
G1 X149.874 Y113.281 E31.37052
;WIDTH:0.318591
G1 X149.892 Y113.269 E31.37136
;WIDTH:0.327421
G1 X150.169 Y113.099 E31.38441
;WIDTH:0.32742
G1 X150.322 Y113.021 E31.3913
;WIDTH:0.307037
G1 X150.341 Y113.012 E31.39207
;WIDTH:0.326669
G1 X150.61 Y112.904 E31.40368
;WIDTH:0.326668
G1 X150.809 Y112.842 E31.41204
;WIDTH:0.309817
G1 X150.83 Y112.836 E31.41285
;WIDTH:0.328351
G1 X150.99 Y112.803 E31.41944
;WIDTH:0.32835
G1 X151.329 Y112.756 E31.43325
;WIDTH:0.320177
G1 X151.335 Y112.755 E31.43346
;WIDTH:0.31939
G1 X151.353 Y112.755 E31.43415
;WIDTH:0.320557
G1 X151.628 Y112.755 E31.44492
;WIDTH:0.320555
G1 X151.667 Y112.756 E31.44642
;WIDTH:0.317607
G1 X151.681 Y112.757 E31.44697
;WIDTH:0.324551
G1 X151.838 Y112.773 E31.45323
;WIDTH:0.324551
G1 X152.018 Y112.802 E31.46045
;WIDTH:0.313401
G1 X152.035 Y112.805 E31.46113
;WIDTH:0.327711
G1 X152.183 Y112.841 E31.46724
;WIDTH:0.327712
G1 X152.502 Y112.939 E31.48068
;WIDTH:0.318589
G1 X152.523 Y112.946 E31.48153
;WIDTH:0.318715
G1 X152.524 Y112.947 E31.48156
;WIDTH:0.328828
G1 X152.669 Y113.015 E31.48806
;WIDTH:0.328831
G1 X152.812 Y113.088 E31.49456
;WIDTH:0.328829
G1 X152.963 Y113.174 E31.50158
;WIDTH:0.312459
G1 X152.981 Y113.186 E31.50238
;WIDTH:0.326872
G1 X153.106 Y113.274 E31.50851
;WIDTH:0.326872
G1 X153.372 Y113.491 E31.52227
;WIDTH:0.3088
G1 X153.387 Y113.506 E31.52305
;WIDTH:0.341942
G1 X153.564 Y113.681 E31.53363
;WIDTH:0.375082
G1 X153.74 Y113.856 E31.54559
;WIDTH:0.377448
G1 X153.749 Y113.865 E31.54623
;WIDTH:0.377446
G1 X153.755 Y113.879 E31.54693
;WIDTH:0.37135
G1 X153.797 Y113.997 E31.55292
;WIDTH:0.324049
G1 X153.84 Y114.116 E31.55792
;WIDTH:0.276748
G1 X153.883 Y114.235 E31.56193
;WIDTH:0.229447
G1 X153.926 Y114.354 E31.56494
;WIDTH:0.182146
G1 X153.928 Y114.362 E31.56509
;WIDTH:0.179594
G1 X153.955 Y114.467 E31.56677
G1 X156.309 Y124.397 F7800
;TYPE:Solid infill
;WIDTH:0.682151
G1 F1200
G1 X155.369 Y123.456 E31.69873
G1 X155.369 Y122.612 E31.78236
G1 X156.631 Y123.875 E31.95949
G1 X156.631 Y123.032 E32.04311
G1 X155.369 Y121.769 E32.22024
G1 X155.369 Y120.926 E32.30387
G1 X156.631 Y122.189 E32.48099
G1 X156.631 Y121.345 E32.56462
G1 X155.369 Y120.082 E32.74174
G1 X155.369 Y119.239 E32.82537
G1 X156.631 Y120.502 E33.0025
G1 X156.631 Y119.659 E33.08613
G1 X155.369 Y118.396 E33.26325
G1 X155.369 Y117.553 E33.34688
G1 X156.631 Y118.816 E33.524
G1 X156.631 Y117.972 E33.60763
G1 X155.369 Y116.709 E33.78476
G1 X155.369 Y115.866 E33.86838
G1 X156.631 Y117.129 E34.04551
G1 X156.631 Y116.286 E34.12914
G1 X155.369 Y115.023 E34.30626
G1 X155.369 Y114.179 E34.38989
G1 X156.631 Y115.442 E34.56701
G1 X156.631 Y114.599 E34.65064
G1 X155.369 Y113.336 E34.82777
G1 X155.369 Y112.493 E34.9114
G1 X156.631 Y113.756 E35.08852
G1 X156.631 Y112.912 E35.17215
G1 X155.369 Y111.649 E35.34927
G1 X155.369 Y110.806 E35.4329
G1 X156.631 Y112.069 E35.61003
G1 X156.631 Y111.226 E35.69365
G1 X155.369 Y109.963 E35.87078
G1 X155.369 Y109.119 E35.95441
G1 X156.631 Y110.382 E36.13153
G1 X156.631 Y109.539 E36.21516
G1 X155.369 Y108.276 E36.39228
G1 X155.369 Y107.433 E36.47591
G1 X156.631 Y108.696 E36.65304
G1 X156.631 Y107.852 E36.73667
G1 X155.369 Y106.59 E36.91379
G1 X155.369 Y105.746 E36.99742
G1 X156.631 Y107.009 E37.17454
G1 X156.631 Y106.166 E37.25817
G1 X155.369 Y104.903 E37.4353
G1 X155.369 Y104.06 E37.51892
G1 X156.631 Y105.323 E37.69605
G1 X156.631 Y104.479 E37.77968
G1 X155.369 Y103.216 E37.9568
G1 X155.369 Y102.373 E38.04043
G1 X156.631 Y103.636 E38.21755
G1 X156.631 Y102.793 E38.30118
G1 X155.369 Y101.53 E38.47831
G1 X155.369 Y100.686 E38.56194
G1 X156.631 Y101.949 E38.73906
G1 X156.631 Y101.106 E38.82269
G1 X155.369 Y99.843 E38.99981
G1 X155.369 Y99 E39.08344
G1 X156.631 Y100.263 E39.26057
G1 X156.631 Y99.419 E39.34419
G1 X155.369 Y98.156 E39.52132
G1 X155.369 Y97.313 E39.60495
G1 X156.631 Y98.576 E39.78207
G1 X156.631 Y97.733 E39.8657
G1 X155.369 Y96.47 E40.04282
G1 X155.369 Y95.626 E40.12645
G1 X156.631 Y96.889 E40.30358
G1 X156.631 Y96.046 E40.38721
G1 X155.369 Y94.783 E40.56433
G1 X155.369 Y93.94 E40.64796
G1 X156.631 Y95.203 E40.82508
G1 X156.631 Y94.36 E40.90871
G1 X155.369 Y93.097 E41.08584
G1 X155.369 Y92.253 E41.16946
G1 X156.631 Y93.516 E41.34659
G1 X156.631 Y92.673 E41.43022
G1 X155.369 Y91.41 E41.60734
G1 X155.369 Y90.567 E41.69097
G1 X156.631 Y91.83 E41.86809
G1 X156.631 Y90.986 E41.95172
G1 X155.369 Y89.723 E42.12885
G1 X155.369 Y88.88 E42.21247
G1 X156.631 Y90.143 E42.3896
G1 X156.631 Y89.3 E42.47323
G1 X155.369 Y88.037 E42.65035
G1 X155.369 Y87.193 E42.73398
G1 X156.631 Y88.456 E42.9111
G1 X156.631 Y87.613 E42.99473
G1 X155.369 Y86.35 E43.17186
G1 X155.369 Y85.507 E43.25549
G1 X156.631 Y86.77 E43.43261
G1 X156.631 Y85.926 E43.51624
G1 X155.369 Y84.663 E43.69336
G1 X155.369 Y83.82 E43.77699
G1 X156.631 Y85.083 E43.95412
G1 X156.631 Y84.24 E44.03774
G1 X155.369 Y82.977 E44.21487
G1 X155.369 Y82.721 E44.24028
G1 X155.956 Y82.721 E44.2985
G1 X156.897 Y83.662 E44.43047
G1 X149.314 Y82.397 F7800
;TYPE:Bridge infill
;WIDTH:0.684462
M106 S255
G1 F3600
G1 X148.369 Y81.451 E44.56362
G1 X148.369 Y80.604 E44.6479
G1 X149.896 Y82.131 E44.86291
G1 X150.742 Y82.131 E44.94719
G1 X148.369 Y79.758 E45.28139
G1 X148.369 Y78.911 E45.36567
G1 X151.589 Y82.131 E45.81906
G1 X152.436 Y82.131 E45.90333
G1 X148.369 Y78.064 E46.47591
G1 X148.369 Y77.218 E46.56019
G1 X153.282 Y82.131 E47.25195
G1 X154.129 Y82.131 E47.33623
G1 X148.369 Y76.371 E48.14717
G1 X148.369 Y76.243 E48.15999
G1 X149.293 Y76.449 E48.25429
G1 X154.975 Y82.131 E49.05428
G1 X155.822 Y82.131 E49.13855
G1 X150.383 Y76.693 E49.90422
G1 X151.077 Y76.848 E49.97499
G1 X151.395 Y76.858 E50.00665
G1 X156.631 Y82.095 E50.74389
G1 X156.631 Y81.248 E50.82817
G1 X152.178 Y76.794 E51.4552
G1 X152.339 Y76.769 E51.47148
G1 X152.824 Y76.594 E51.52278
G1 X156.631 Y80.401 E52.05881
G1 X156.631 Y79.555 E52.14309
G1 X153.372 Y76.296 E52.60191
G1 X153.489 Y76.227 E52.61535
G1 X153.84 Y75.916 E52.66201
G1 X156.631 Y78.708 E53.05507
G1 X156.631 Y77.862 E53.13935
G1 X154.289 Y75.52 E53.46907
G1 X154.739 Y75.123 E53.52879
G1 X156.631 Y77.015 E53.79517
G1 X156.631 Y76.169 E53.87945
G1 X155.189 Y74.726 E54.08248
G1 X155.639 Y74.33 E54.1422
G1 X156.631 Y75.322 E54.28189
G1 X156.631 Y74.475 E54.36617
G1 X156.089 Y73.933 E54.44252
G1 X156.539 Y73.536 E54.50223
G1 X156.897 Y73.894 E54.55257
M107
G1 X155.625 Y73.91 F7800
;TYPE:Solid infill
;WIDTH:0.720717
G1 F1200
G1 X154.843 Y73.128 E54.66933
G1 X154.868 Y73.288 E54.6864
G1 X154.848 Y73.923 E54.75346
G1 X154.828 Y74.012 E54.76307
G1 X155.148 Y74.331 E54.81076
G1 X156.897 Y68.814 F7800
;TYPE:Bridge infill
;WIDTH:0.684462
M106 S255
G1 F3600
G1 X155.951 Y67.869 E54.94393
G1 X155.104 Y67.869 E55.02821
G1 X156.631 Y69.396 E55.24324
G1 X156.631 Y70.242 E55.32752
G1 X154.258 Y67.869 E55.66173
G1 X153.539 Y67.869 E55.73326
G1 X153.506 Y67.964 E55.7433
G1 X156.631 Y71.089 E56.18327
G1 X156.631 Y71.936 E56.26755
G1 X153.29 Y68.595 E56.73793
G1 X153.075 Y69.225 E56.80429
G1 X156.631 Y72.782 E57.30506
G1 X156.631 Y73.228 E57.34949
G1 X154.847 Y71.844 E57.57431
G1 X152.65 Y69.647 E57.88364
M107
G1 X152.962 Y68.554 F7800
;TYPE:Solid infill
;WIDTH:0.720717
G1 F1200
G1 X152.276 Y67.869 E57.986
G1 X151.378 Y67.869 E58.0808
G1 X152.524 Y69.014 E58.25186
G1 X152.295 Y69.683 E58.3265
G1 X150.481 Y67.869 E58.59743
G1 X149.583 Y67.869 E58.69223
G1 X151.87 Y70.155 E59.03369
G1 X151.714 Y70.136 E59.05025
G1 X151.298 Y70.134 E59.09414
G1 X150.996 Y70.18 E59.12639
G1 X148.685 Y67.869 E59.4715
G1 X148.369 Y67.869 E59.5049
G1 X148.369 Y68.45 E59.5663
G1 X150.285 Y70.367 E59.85248
G1 X150.063 Y70.447 E59.87739
G1 X149.689 Y70.668 E59.92332
G1 X148.369 Y69.348 E60.12044
G1 X148.369 Y70.246 E60.21524
G1 X149.373 Y71.25 E60.36519
G1 X148.523 Y71.549 F7800
;TYPE:Gap fill
;WIDTH:0.471613
G1 F1200
G1 X148.409 Y72.058 E60.39866
;WIDTH:0.460923
G1 X148.389 Y72.164 E60.4054
;WIDTH:0.420472
G1 X148.368 Y72.27 E60.4114
;WIDTH:0.380021
G1 X148.348 Y72.376 E60.41668
;WIDTH:0.33957
G1 X148.328 Y72.482 E60.42124
;WIDTH:0.299118
G1 X148.325 Y72.499 E60.42183
;WIDTH:0.294138
G1 X148.303 Y72.705 E60.42899
;WIDTH:0.251705
G1 X148.28 Y72.91 E60.4347
;WIDTH:0.209273
G1 X148.257 Y73.116 E60.43895
G1 X148.259 Y73.808 F7800
;WIDTH:0.20354
G1 F1200
G1 X148.279 Y74.061 E60.44392
;WIDTH:0.240239
G1 X148.298 Y74.315 E60.45045
;WIDTH:0.243963
G1 X148.3 Y74.329 E60.45084
;WIDTH:0.281126
G1 X148.319 Y74.436 E60.45435
;WIDTH:0.318291
G1 X148.337 Y74.542 E60.45852
;WIDTH:0.318291
G1 X148.404 Y74.658 E60.46368
;WIDTH:0.272404
G1 X148.47 Y74.774 E60.46782
;WIDTH:0.226517
G1 X148.536 Y74.89 E60.47094
;WIDTH:0.18063
G1 X148.541 Y74.897 E60.47108
;WIDTH:0.178397
G1 X148.606 Y74.991 E60.47284
G1 X148.241 Y75.123 F7800
;TYPE:Solid infill
;WIDTH:0.792832
G1 F1200
G1 X149.218 Y76.1 E60.63538
;LAYER_CHANGE
;Z:5.45
;HEIGHT:0.4
G1 Z5.45 F7800
G1 E57.63538 F2400
G92 E0
G1 X60.339 Y132.771 F7800
G1 E3 F2400
;TYPE:Perimeter
;WIDTH:0.675
G1 F1800
G1 X60.425 Y133.316 E3.05405
G1 X60.408 Y133.867 E3.10809
G1 X60.287 Y134.406 E3.16214
G1 X60.068 Y134.912 E3.21619
G1 X59.766 Y135.356 E3.2688
G1 X59.505 Y135.635 E3.30626
G1 X59.21 Y135.879 E3.34373
G1 X58.748 Y136.152 E3.39634
G1 X58.229 Y136.339 E3.45039
G1 X57.684 Y136.425 E3.50443
G1 X57.133 Y136.408 E3.55848
G1 X56.609 Y136.291 E3.61109
G1 X56.253 Y136.15 E3.64856
G1 X55.918 Y135.966 E3.68602
G1 X55.494 Y135.636 E3.73863
G1 X55.129 Y135.223 E3.79268
G1 X54.848 Y134.748 E3.84673
G1 X54.661 Y134.229 E3.90077
G1 X54.575 Y133.684 E3.95482
G1 X54.592 Y133.133 E4.00886
G1 X54.709 Y132.609 E4.06148
G1 X54.85 Y132.253 E4.09894
G1 X55.034 Y131.918 E4.13641
G1 X55.364 Y131.494 E4.18902
G1 X55.777 Y131.129 E4.24306
G1 X56.252 Y130.848 E4.29711
G1 X56.773 Y130.66 E4.35139
G1 X57.32 Y130.577 E4.40562
G1 X57.685 Y130.577 E4.44132
G1 X58.063 Y130.625 E4.47869
G1 X58.579 Y130.775 E4.5313
G1 X59.07 Y131.025 E4.58535
G1 X59.506 Y131.364 E4.63939
G1 X59.871 Y131.777 E4.69344
G1 X60.152 Y132.252 E4.74749
G1 X60.308 Y132.686 E4.79271
G1 X59.716 Y132.78 F7800
;TYPE:External perimeter
G1 F1800
G1 X59.766 Y132.918 E4.80708
G1 X59.834 Y133.353 E4.85022
G1 X59.821 Y133.793 E4.89335
G1 X59.725 Y134.223 E4.93649
G1 X59.55 Y134.627 E4.97962
G1 X59.305 Y134.987 E5.02223
G1 X59.101 Y135.204 E5.05152
G1 X58.87 Y135.395 E5.08081
G1 X58.496 Y135.616 E5.12342
G1 X58.082 Y135.766 E5.16656
G1 X57.647 Y135.834 E5.20969
G1 X57.207 Y135.821 E5.25282
G1 X56.782 Y135.726 E5.29543
G1 X56.504 Y135.616 E5.32472
G1 X56.242 Y135.472 E5.35402
G1 X55.899 Y135.205 E5.39663
G1 X55.608 Y134.875 E5.43976
G1 X55.384 Y134.496 E5.4829
G1 X55.234 Y134.082 E5.52603
G1 X55.166 Y133.647 E5.56916
G1 X55.179 Y133.207 E5.61229
G1 X55.274 Y132.782 E5.65491
G1 X55.384 Y132.504 E5.6842
G1 X55.528 Y132.242 E5.71349
G1 X55.795 Y131.899 E5.7561
G1 X56.125 Y131.608 E5.79923
G1 X56.504 Y131.384 E5.84237
G1 X56.919 Y131.234 E5.88558
G1 X57.365 Y131.166 E5.92975
G1 X57.647 Y131.166 E5.95742
G1 X57.943 Y131.204 E5.98668
G1 X58.361 Y131.325 E6.02929
G1 X58.753 Y131.525 E6.07243
G1 X59.101 Y131.795 E6.11556
G1 X59.392 Y132.125 E6.15869
G1 X59.616 Y132.504 E6.20183
G1 X59.685 Y132.696 E6.22177
G1 X59.861 Y132.801 F7800
G1 E3.22177 F2400
G92 E0
G1 X64.927 Y84.427 F7800
G1 E3 F2400
;TYPE:Perimeter
G1 F4800
G1 X67.073 Y84.427 E3.21033
G1 X67.073 Y140.427 E8.69707
G1 X135.073 Y140.427 E15.35955
G1 X135.073 Y142.573 E15.56987
G1 X52.927 Y142.573 E23.61841
G1 X52.927 Y113.427 E26.47413
G1 X64.927 Y113.427 E27.64986
G1 X64.927 Y84.517 E30.48239
G1 X64.337 Y85.162 F7800
;TYPE:External perimeter
G1 F2400
G1 X64.337 Y112.838 E33.19392
G1 X53.662 Y112.838 E34.23983
G1 X53.662 Y85.162 E36.95136
G1 X64.247 Y85.162 E37.98846
G1 X64.89 Y84.928 F7800
G1 E34.98846 F2400
G92 E0
G1 X57.792 Y75.811 F7800
G1 E3 F2400
G1 F1800
G1 X57.647 Y75.834 E3.01437
G1 X57.212 Y75.821 E3.05698
G1 X56.919 Y75.765 E3.08627
G1 X56.634 Y75.672 E3.11556
G1 X56.247 Y75.475 E3.15817
G1 X55.899 Y75.205 E3.20131
G1 X55.608 Y74.875 E3.24444
G1 X55.384 Y74.496 E3.28758
G1 X55.234 Y74.082 E3.33071
G1 X55.166 Y73.647 E3.37384
G1 X55.179 Y73.207 E3.41698
G1 X55.274 Y72.782 E3.45959
G1 X55.384 Y72.504 E3.48888
G1 X55.528 Y72.242 E3.51817
G1 X55.795 Y71.899 E3.56078
G1 X56.125 Y71.608 E3.60391
G1 X56.504 Y71.384 E3.64705
G1 X56.919 Y71.234 E3.69026
G1 X57.365 Y71.166 E3.73444
G1 X57.647 Y71.166 E3.7621
G1 X57.943 Y71.204 E3.79136
G1 X58.361 Y71.325 E3.83397
G1 X58.753 Y71.525 E3.87711
G1 X59.101 Y71.795 E3.92024
G1 X59.392 Y72.125 E3.96337
G1 X59.616 Y72.504 E4.00651
G1 X59.766 Y72.918 E4.04964
G1 X59.834 Y73.353 E4.09277
G1 X59.821 Y73.793 E4.13591
G1 X59.725 Y74.223 E4.17904
G1 X59.55 Y74.627 E4.22217
G1 X59.302 Y74.991 E4.26531
G1 X58.995 Y75.298 E4.30792
G1 X58.753 Y75.474 E4.33721
G1 X58.491 Y75.618 E4.3665
G1 X58.082 Y75.766 E4.40911
G1 X57.881 Y75.797 E4.42906
G1 X57.744 Y75.95 F7800
G1 X57.973 Y76.379
;TYPE:Perimeter
G1 F4800
G1 X58.229 Y76.339 E4.45446
G1 X58.734 Y76.157 E4.50707
G1 X59.069 Y75.973 E4.54453
G1 X59.379 Y75.748 E4.582
G1 X59.758 Y75.368 E4.63461
G1 X59.824 Y75.272 E4.64604
G1 X60.073 Y75.348 E4.67162
G1 X60.073 Y84.573 E5.57545
G1 X52.927 Y84.573 E6.27567
G1 X52.927 Y67.427 E7.95566
G1 X60.073 Y67.427 E8.65587
G1 X60.073 Y72.007 E9.10462
G1 X59.506 Y71.364 E9.18864
G1 X59.07 Y71.025 E9.24268
G1 X58.579 Y70.775 E9.29673
G1 X58.063 Y70.625 E9.34934
G1 X57.685 Y70.577 E9.38671
G1 X57.32 Y70.577 E9.42241
G1 X56.773 Y70.66 E9.47664
G1 X56.252 Y70.848 E9.53092
G1 X55.777 Y71.129 E9.58497
G1 X55.364 Y71.494 E9.63901
G1 X55.034 Y71.918 E9.69162
G1 X54.85 Y72.253 E9.72909
G1 X54.709 Y72.609 E9.76655
G1 X54.592 Y73.133 E9.81917
G1 X54.575 Y73.684 E9.87321
G1 X54.661 Y74.229 E9.92726
G1 X54.848 Y74.748 E9.9813
G1 X55.129 Y75.223 E10.03535
G1 X55.494 Y75.636 E10.0894
G1 X55.93 Y75.975 E10.14345
G1 X56.408 Y76.218 E10.19606
G1 X56.772 Y76.336 E10.23352
G1 X57.147 Y76.408 E10.27099
G1 X57.684 Y76.425 E10.3236
G1 X57.884 Y76.393 E10.34342
G1 X60.662 Y83.837 F7800
;TYPE:External perimeter
G1 F2400
G1 X67.662 Y83.837 E11.02927
G1 X67.662 Y139.838 E16.51601
G1 X135.663 Y139.838 E23.17849
G1 X135.663 Y143.163 E23.50426
G1 X52.337 Y143.163 E31.66825
G1 X52.337 Y66.837 E39.14639
G1 X60.662 Y66.837 E39.96205
G1 X60.662 Y83.747 E41.61885
G1 X60.753 Y84.431 F7800
G1 X60.368 Y84.5
;TYPE:Gap fill
;WIDTH:0.821683
G1 F1200
G1 X64.632 Y84.5 E42.14066
G1 X66.297 Y84.603 F7800
;TYPE:Solid infill
;WIDTH:0.67604
G1 F1200
G1 X65.369 Y85.531 E42.26948
G1 X65.369 Y86.366 E42.3514
G1 X66.631 Y85.103 E42.52671
G1 X66.631 Y85.938 E42.60863
G1 X65.369 Y87.201 E42.78394
G1 X65.369 Y88.035 E42.86587
G1 X66.631 Y86.772 E43.04118
G1 X66.631 Y87.607 E43.1231
G1 X65.369 Y88.87 E43.29841
G1 X65.369 Y89.705 E43.38033
G1 X66.631 Y88.442 E43.55564
G1 X66.631 Y89.276 E43.63756
G1 X65.369 Y90.539 E43.81287
G1 X65.369 Y91.374 E43.8948
G1 X66.631 Y90.111 E44.07011
G1 X66.631 Y90.946 E44.15203
G1 X65.369 Y92.209 E44.32734
G1 X65.369 Y93.043 E44.40926
G1 X66.631 Y91.78 E44.58457
G1 X66.631 Y92.615 E44.66649
G1 X65.369 Y93.878 E44.8418
G1 X65.369 Y94.713 E44.92373
G1 X66.631 Y93.45 E45.09903
G1 X66.631 Y94.284 E45.18096
G1 X65.369 Y95.547 E45.35627
G1 X65.369 Y96.382 E45.43819
G1 X66.631 Y95.119 E45.6135
G1 X66.631 Y95.954 E45.69542
G1 X65.369 Y97.217 E45.87073
G1 X65.369 Y98.051 E45.95266
G1 X66.631 Y96.788 E46.12796
G1 X66.631 Y97.623 E46.20989
G1 X65.369 Y98.886 E46.3852
G1 X65.369 Y99.721 E46.46712
G1 X66.631 Y98.458 E46.64243
G1 X66.631 Y99.292 E46.72435
G1 X65.369 Y100.555 E46.89966
G1 X65.369 Y101.39 E46.98158
G1 X66.631 Y100.127 E47.15689
G1 X66.631 Y100.962 E47.23882
G1 X65.369 Y102.225 E47.41413
G1 X65.369 Y103.059 E47.49605
G1 X66.631 Y101.796 E47.67136
G1 X66.631 Y102.631 E47.75328
G1 X65.369 Y103.894 E47.92859
G1 X65.369 Y104.729 E48.01051
G1 X66.631 Y103.466 E48.18582
G1 X66.631 Y104.3 E48.26775
G1 X65.369 Y105.563 E48.44306
G1 X65.369 Y106.398 E48.52498
G1 X66.631 Y105.135 E48.70029
G1 X66.631 Y105.97 E48.78221
G1 X65.369 Y107.233 E48.95752
G1 X65.369 Y108.067 E49.03944
G1 X66.631 Y106.804 E49.21475
G1 X66.631 Y107.639 E49.29668
G1 X65.369 Y108.902 E49.47199
G1 X65.369 Y109.737 E49.55391
G1 X66.631 Y108.474 E49.72922
G1 X66.631 Y109.308 E49.81114
G1 X65.369 Y110.571 E49.98645
G1 X65.369 Y111.406 E50.06837
G1 X66.631 Y110.143 E50.24368
G1 X66.631 Y110.978 E50.32561
G1 X65.369 Y112.241 E50.50092
G1 X65.369 Y113.075 E50.58284
G1 X66.631 Y111.812 E50.75815
G1 X66.631 Y112.647 E50.84007
G1 X53.369 Y125.91 E52.68105
G1 X53.369 Y126.745 E52.76297
G1 X66.631 Y113.482 E54.60395
G1 X66.631 Y114.316 E54.68587
G1 X53.369 Y127.579 E56.52685
G1 X53.369 Y128.414 E56.60878
G1 X66.631 Y115.151 E58.44975
G1 X66.631 Y115.986 E58.53168
G1 X53.369 Y129.249 E60.37266
G1 X53.369 Y130.083 E60.45458
G1 X66.631 Y116.82 E62.29556
G1 X66.631 Y117.655 E62.37748
G1 X53.369 Y130.918 E64.21846
G1 X53.369 Y131.753 E64.30038
G1 X66.631 Y118.49 E66.14136
G1 X66.631 Y119.324 E66.22328
G1 X53.103 Y132.853 E68.10106
G1 X53.103 Y125.341 F7800
G1 F1200
G1 X64.575 Y113.869 E69.69345
G1 X63.741 Y113.869 E69.77538
G1 X53.369 Y124.241 E71.21511
G1 X53.369 Y123.406 E71.29703
G1 X62.906 Y113.869 E72.62091
G1 X62.071 Y113.869 E72.70283
G1 X53.369 Y122.571 E73.91085
G1 X53.369 Y121.737 E73.99278
G1 X61.237 Y113.869 E75.08494
G1 X60.402 Y113.869 E75.16686
G1 X53.369 Y120.902 E76.14317
G1 X53.369 Y120.067 E76.2251
G1 X59.567 Y113.869 E77.08555
G1 X58.733 Y113.869 E77.16747
G1 X53.369 Y119.233 E77.91206
G1 X53.369 Y118.398 E77.99399
G1 X57.898 Y113.869 E78.62272
G1 X57.063 Y113.869 E78.70465
G1 X53.369 Y117.563 E79.21753
G1 X53.369 Y116.729 E79.29945
G1 X56.229 Y113.869 E79.69648
G1 X55.394 Y113.869 E79.7784
G1 X53.369 Y115.894 E80.05957
G1 X53.369 Y115.059 E80.14149
G1 X54.559 Y113.869 E80.3068
G1 X53.725 Y113.869 E80.38872
G1 X53.103 Y114.49 E80.47498
G1 X53 Y113.132 F7800
;TYPE:Gap fill
;WIDTH:0.821683
G1 F1200
G1 X53 Y84.868 E83.93369
G1 X58.686 Y84.397 F7800
;TYPE:Solid infill
;WIDTH:0.684464
G1 F1200
G1 X59.631 Y83.451 E84.06686
G1 X59.631 Y82.604 E84.15114
G1 X58.104 Y84.131 E84.36617
G1 X57.258 Y84.131 E84.45045
G1 X59.631 Y81.758 E84.78467
G1 X59.631 Y80.911 E84.86895
G1 X56.411 Y84.131 E85.32236
G1 X55.564 Y84.131 E85.40664
G1 X59.631 Y80.064 E85.97923
G1 X59.631 Y79.218 E86.06351
G1 X54.718 Y84.131 E86.75529
G1 X53.871 Y84.131 E86.83957
G1 X59.631 Y78.371 E87.65054
G1 X59.631 Y77.525 E87.73482
G1 X53.369 Y83.788 E88.61657
G1 X53.369 Y82.941 E88.70084
G1 X59.631 Y76.678 E89.58259
G1 X59.631 Y76.11 E89.63912
G1 X59.306 Y76.346 E89.67912
G1 X58.894 Y76.569 E89.72575
G1 X53.369 Y82.094 E90.50369
G1 X53.369 Y81.248 E90.58797
G1 X57.755 Y76.861 E91.20558
G1 X57.099 Y76.849 E91.27096
G1 X56.95 Y76.82 E91.28607
G1 X53.369 Y80.401 E91.79024
G1 X53.369 Y79.555 E91.87452
G1 X56.281 Y76.642 E92.28462
G1 X55.715 Y76.361 E92.34752
G1 X53.369 Y78.708 E92.67792
G1 X53.369 Y77.862 E92.7622
G1 X55.235 Y75.995 E93.02499
G1 X54.831 Y75.553 E93.08464
G1 X53.369 Y77.015 E93.29052
G1 X53.369 Y76.168 E93.37479
G1 X54.504 Y75.033 E93.5346
G1 X54.447 Y74.937 E93.54576
G1 X54.263 Y74.427 E93.59968
G1 X53.369 Y75.322 E93.72562
G1 X53.369 Y74.475 E93.8099
G1 X54.132 Y73.712 E93.9174
G1 X54.152 Y73.077 E93.98061
G1 X54.219 Y72.778 E94.01107
G1 X53.369 Y73.629 E94.13078
G1 X53.369 Y72.782 E94.21506
G1 X58.282 Y67.869 E94.90682
G1 X59.129 Y67.869 E94.9911
G1 X56.786 Y70.212 E95.32098
G1 X57.287 Y70.135 E95.37151
G1 X57.708 Y70.136 E95.41341
G1 X59.631 Y68.212 E95.68419
G1 X59.631 Y69.059 E95.76847
G1 X58.421 Y70.269 E95.93886
G1 X58.742 Y70.362 E95.97214
G1 X59.029 Y70.508 E96.00414
G1 X59.897 Y69.64 E96.12634
G1 X59.558 Y70.985 F7800
;TYPE:Gap fill
;WIDTH:0.196102
G1 F1200
G1 X59.724 Y71.09 E96.12993
;WIDTH:0.196101
G1 X59.735 Y71.114 E96.13042
;WIDTH:0.172561
G1 X59.779 Y71.214 E96.13199
G1 X59.861 Y72.267 F7800
;WIDTH:0.17959
G1 F1200
G1 X59.924 Y72.354 E96.13368
;WIDTH:0.182139
G1 X59.929 Y72.362 E96.13382
;WIDTH:0.229443
G1 X59.994 Y72.47 E96.13684
;WIDTH:0.276745
G1 X60.058 Y72.579 E96.14084
;WIDTH:0.324047
G1 X60.122 Y72.688 E96.14584
;WIDTH:0.371348
G1 X60.186 Y72.796 E96.15184
;WIDTH:0.384574
G1 X60.2 Y72.821 E96.15324
;WIDTH:0.399547
G1 X60.211 Y72.846 E96.15464
;WIDTH:0.399549
G1 X60.23 Y73.081 E96.16694
;WIDTH:0.362542
G1 X60.248 Y73.316 E96.17779
;WIDTH:0.325535
G1 X60.249 Y73.338 E96.17869
;WIDTH:0.3397
G1 X60.241 Y73.834 E96.19963
;WIDTH:0.342729
G1 X60.239 Y73.858 E96.20066
;WIDTH:0.379231
G1 X60.221 Y74.024 E96.20877
;WIDTH:0.415732
G1 X60.203 Y74.189 E96.2179
;WIDTH:0.452232
G1 X60.185 Y74.354 E96.22803
;WIDTH:0.463342
G1 X60.076 Y75.041 E96.27169
G1 E93.27169 F2400
G92 E0
G1 X53.103 Y72.201 F7800
G1 E3 F2400
;TYPE:Solid infill
;WIDTH:0.684464
G1 F1200
G1 X57.435 Y67.869 E3.6099
G1 X56.589 Y67.869 E3.69418
G1 X53.369 Y71.089 E4.14757
G1 X53.369 Y70.242 E4.23185
G1 X55.742 Y67.869 E4.56606
G1 X54.896 Y67.869 E4.65034
G1 X53.369 Y69.396 E4.86535
G1 X53.369 Y68.549 E4.94963
G1 X54.314 Y67.603 E5.08279
G1 E2.08279 F2400
G92 E0
G1 X53.103 Y142.034 F7800
G1 E3 F2400
;WIDTH:0.67604
G1 F1200
G1 X58.385 Y136.752 E3.73316
G1 X57.712 Y136.868 E3.80024
G1 X57.443 Y136.86 E3.82663
G1 X53.369 Y140.934 E4.39221
G1 X53.369 Y140.099 E4.47413
G1 X56.703 Y136.765 E4.93705
G1 X56.478 Y136.714 E4.95969
G1 X56.078 Y136.556 E5.00198
G1 X53.369 Y139.265 E5.37804
G1 X53.369 Y138.43 E5.45996
G1 X55.555 Y136.243 E5.7635
G1 X55.19 Y135.96 E5.80888
G1 X55.103 Y135.861 E5.82181
G1 X53.369 Y137.595 E6.06254
G1 X53.369 Y136.761 E6.14446
G1 X54.724 Y135.406 E6.33258
G1 X54.423 Y134.872 E6.39273
G1 X53.369 Y135.926 E6.53911
G1 X53.369 Y135.091 E6.62103
G1 X54.216 Y134.244 E6.73871
G1 X54.132 Y133.712 E6.79155
G1 X54.139 Y133.486 E6.81372
G1 X53.369 Y134.257 E6.92069
G1 X53.369 Y133.422 E7.00261
G1 X54.278 Y132.512 E7.12888
G1 X54.45 Y132.065 E7.17595
G1 X54.664 Y131.675 E7.21962
G1 X55.04 Y131.19 E7.27984
G1 X55.516 Y130.77 E7.34218
G1 X56.063 Y130.447 E7.40452
G1 X56.502 Y130.289 E7.45031
G1 X66.631 Y120.159 E8.85633
G1 X66.631 Y120.994 E8.93825
G1 X57.49 Y130.135 E10.20712
G1 X57.713 Y130.136 E10.229
G1 X58.243 Y130.217 E10.2816
G1 X66.631 Y121.828 E11.446
G1 X66.631 Y122.663 E11.52793
G1 X58.868 Y130.427 E12.60552
G1 X59.308 Y130.651 E12.654
G1 X59.404 Y130.725 E12.66592
G1 X66.631 Y123.498 E13.66911
G1 X66.631 Y124.333 E13.75103
G1 X59.863 Y131.101 E14.69048
G1 X60.249 Y131.549 E14.74857
G1 X66.631 Y125.167 E15.63443
G1 X66.631 Y126.002 E15.71635
G1 X60.558 Y132.075 E16.55941
G1 X60.774 Y132.694 E16.62372
G1 X66.631 Y126.837 E17.43679
G1 X66.631 Y127.671 E17.51872
G1 X60.863 Y133.439 E18.31939
G1 X60.848 Y133.923 E18.36687
G1 X60.743 Y134.395 E18.41432
G1 X66.631 Y128.506 E19.23174
G1 X66.631 Y129.341 E19.31367
G1 X53.84 Y142.131 E21.08913
G1 X54.675 Y142.131 E21.17105
G1 X66.631 Y130.175 E22.83066
G1 X66.631 Y131.01 E22.91258
G1 X55.51 Y142.131 E24.45633
G1 X56.344 Y142.131 E24.53826
G1 X66.631 Y131.845 E25.96615
G1 X66.631 Y132.679 E26.04807
G1 X57.179 Y142.131 E27.36011
G1 X58.014 Y142.131 E27.44203
G1 X66.631 Y133.514 E28.63821
G1 X66.631 Y134.349 E28.72014
G1 X58.849 Y142.131 E29.80046
G1 X59.683 Y142.131 E29.88238
G1 X66.631 Y135.183 E30.84685
G1 X66.631 Y136.018 E30.92877
G1 X60.518 Y142.131 E31.77738
G1 X61.353 Y142.131 E31.85931
G1 X66.631 Y136.853 E32.59206
G1 X66.631 Y137.687 E32.67398
G1 X62.187 Y142.131 E33.29088
G1 X63.022 Y142.131 E33.3728
G1 X66.631 Y138.522 E33.87384
G1 X66.631 Y139.357 E33.95577
G1 X63.857 Y142.131 E34.34095
G1 X64.691 Y142.131 E34.42287
G1 X66.631 Y140.191 E34.6922
G1 X66.631 Y140.869 E34.75868
G1 X66.789 Y140.869 E34.77412
G1 X65.526 Y142.131 E34.94943
G1 X66.361 Y142.131 E35.03135
G1 X67.623 Y140.869 E35.20666
G1 X68.458 Y140.869 E35.28859
G1 X67.195 Y142.131 E35.4639
G1 X68.03 Y142.131 E35.54582
G1 X69.293 Y140.869 E35.72113
G1 X70.127 Y140.869 E35.80305
G1 X68.865 Y142.131 E35.97836
G1 X69.699 Y142.131 E36.06028
G1 X70.962 Y140.869 E36.23559
G1 X71.797 Y140.869 E36.31752
G1 X70.534 Y142.131 E36.49283
G1 X71.369 Y142.131 E36.57475
G1 X72.631 Y140.869 E36.75006
G1 X73.466 Y140.869 E36.83198
G1 X72.203 Y142.131 E37.00729
G1 X73.038 Y142.131 E37.08921
G1 X74.301 Y140.869 E37.26452
G1 X75.136 Y140.869 E37.34645
G1 X73.873 Y142.131 E37.52176
G1 X74.707 Y142.131 E37.60368
G1 X75.97 Y140.869 E37.77899
G1 X76.805 Y140.869 E37.86091
G1 X75.542 Y142.131 E38.03622
G1 X76.377 Y142.131 E38.11814
G1 X77.64 Y140.869 E38.29345
G1 X78.474 Y140.869 E38.37538
G1 X77.211 Y142.131 E38.55069
G1 X78.046 Y142.131 E38.63261
G1 X79.309 Y140.869 E38.80792
G1 X80.144 Y140.869 E38.88984
G1 X78.881 Y142.131 E39.06515
G1 X79.715 Y142.131 E39.14707
G1 X80.978 Y140.869 E39.32238
G1 X81.813 Y140.869 E39.40431
G1 X80.55 Y142.131 E39.57962
G1 X81.385 Y142.131 E39.66154
G1 X82.648 Y140.869 E39.83685
G1 X83.482 Y140.869 E39.91877
G1 X82.219 Y142.131 E40.09408
G1 X83.054 Y142.131 E40.176
G1 X84.317 Y140.869 E40.35131
G1 X85.152 Y140.869 E40.43324
G1 X83.889 Y142.131 E40.60855
G1 X84.723 Y142.131 E40.69047
G1 X85.986 Y140.869 E40.86578
G1 X86.821 Y140.869 E40.9477
G1 X85.558 Y142.131 E41.12301
G1 X86.393 Y142.131 E41.20493
G1 X87.656 Y140.869 E41.38024
G1 X88.49 Y140.869 E41.46217
G1 X87.227 Y142.131 E41.63748
G1 X88.062 Y142.131 E41.7194
G1 X89.325 Y140.869 E41.89471
G1 X90.16 Y140.869 E41.97663
G1 X88.897 Y142.131 E42.15194
G1 X89.731 Y142.131 E42.23386
G1 X90.994 Y140.869 E42.40917
G1 X91.829 Y140.869 E42.4911
G1 X90.566 Y142.131 E42.66641
G1 X91.401 Y142.131 E42.74833
G1 X92.664 Y140.869 E42.92364
G1 X93.498 Y140.869 E43.00556
G1 X92.235 Y142.131 E43.18087
G1 X93.07 Y142.131 E43.26279
G1 X94.333 Y140.869 E43.4381
G1 X95.168 Y140.869 E43.52003
G1 X93.905 Y142.131 E43.69534
G1 X94.739 Y142.131 E43.77726
G1 X96.002 Y140.869 E43.95257
G1 X96.837 Y140.869 E44.03449
G1 X95.574 Y142.131 E44.2098
G1 X96.409 Y142.131 E44.29172
G1 X97.672 Y140.869 E44.46703
G1 X98.506 Y140.869 E44.54896
G1 X97.243 Y142.131 E44.72427
G1 X98.078 Y142.131 E44.80619
G1 X99.341 Y140.869 E44.9815
G1 X100.176 Y140.869 E45.06342
G1 X98.913 Y142.131 E45.23873
G1 X99.747 Y142.131 E45.32065
G1 X101.01 Y140.869 E45.49596
G1 X101.845 Y140.869 E45.57789
G1 X100.582 Y142.131 E45.7532
G1 X101.417 Y142.131 E45.83512
G1 X102.68 Y140.869 E46.01043
G1 X103.514 Y140.869 E46.09235
G1 X102.251 Y142.131 E46.26766
G1 X103.086 Y142.131 E46.34958
G1 X104.349 Y140.869 E46.52489
G1 X105.184 Y140.869 E46.60682
G1 X103.921 Y142.131 E46.78213
G1 X104.755 Y142.131 E46.86405
G1 X106.018 Y140.869 E47.03936
G1 X106.853 Y140.869 E47.12128
G1 X105.59 Y142.131 E47.29659
G1 X106.425 Y142.131 E47.37851
G1 X107.688 Y140.869 E47.55382
G1 X108.522 Y140.869 E47.63575
G1 X107.259 Y142.131 E47.81106
G1 X108.094 Y142.131 E47.89298
G1 X109.357 Y140.869 E48.06829
G1 X110.192 Y140.869 E48.15021
G1 X108.929 Y142.131 E48.32552
G1 X109.763 Y142.131 E48.40744
G1 X111.026 Y140.869 E48.58275
G1 X111.861 Y140.869 E48.66468
G1 X110.598 Y142.131 E48.83999
G1 X111.433 Y142.131 E48.92191
G1 X112.696 Y140.869 E49.09722
G1 X113.53 Y140.869 E49.17914
G1 X112.267 Y142.131 E49.35445
G1 X113.102 Y142.131 E49.43637
G1 X114.365 Y140.869 E49.61168
G1 X115.2 Y140.869 E49.69361
G1 X113.937 Y142.131 E49.86891
G1 X114.771 Y142.131 E49.95084
G1 X116.034 Y140.869 E50.12615
G1 X116.869 Y140.869 E50.20807
G1 X115.606 Y142.131 E50.38338
G1 X116.441 Y142.131 E50.4653
G1 X117.704 Y140.869 E50.64061
G1 X118.538 Y140.869 E50.72254
G1 X117.275 Y142.131 E50.89784
G1 X118.11 Y142.131 E50.97977
G1 X119.373 Y140.869 E51.15508
G1 X120.208 Y140.869 E51.237
G1 X118.945 Y142.131 E51.41231
G1 X119.779 Y142.131 E51.49423
G1 X121.042 Y140.869 E51.66954
G1 X121.877 Y140.869 E51.75147
G1 X120.614 Y142.131 E51.92677
G1 X121.449 Y142.131 E52.0087
G1 X122.712 Y140.869 E52.18401
G1 X123.546 Y140.869 E52.26593
G1 X122.283 Y142.131 E52.44124
G1 X123.118 Y142.131 E52.52316
G1 X124.381 Y140.869 E52.69847
G1 X125.216 Y140.869 E52.78039
G1 X123.953 Y142.131 E52.9557
G1 X124.787 Y142.131 E53.03763
G1 X126.05 Y140.869 E53.21294
G1 X126.885 Y140.869 E53.29486
G1 X125.622 Y142.131 E53.47017
G1 X126.457 Y142.131 E53.55209
G1 X127.72 Y140.869 E53.7274
G1 X128.554 Y140.869 E53.80932
G1 X127.291 Y142.131 E53.98463
G1 X128.126 Y142.131 E54.06656
G1 X129.389 Y140.869 E54.24187
G1 X130.224 Y140.869 E54.32379
G1 X128.961 Y142.131 E54.4991
G1 X129.795 Y142.131 E54.58102
G1 X131.058 Y140.869 E54.75633
G1 X131.893 Y140.869 E54.83825
G1 X130.63 Y142.131 E55.01356
G1 X131.465 Y142.131 E55.09549
G1 X132.728 Y140.869 E55.2708
G1 X133.562 Y140.869 E55.35272
G1 X132.299 Y142.131 E55.52803
G1 X133.134 Y142.131 E55.60995
G1 X134.397 Y140.869 E55.78526
G1 X134.631 Y140.869 E55.80829
G1 X134.631 Y141.469 E55.86718
G1 X133.703 Y142.397 E55.996
G1 E52.996 F2400
G92 E0
G1 X111.889 Y75.19 F7800
G1 E3 F2400
;TYPE:Perimeter
;WIDTH:0.675
G1 F1800
G1 X111.638 Y75.502 E3.03927
G1 X111.225 Y75.87 E3.0935
G1 X110.748 Y76.152 E3.14778
G1 X110.229 Y76.339 E3.20182
G1 X109.684 Y76.425 E3.25587
G1 X109.133 Y76.408 E3.30992
G1 X108.594 Y76.287 E3.36396
G1 X108.086 Y76.067 E3.41824
G1 X107.63 Y75.754 E3.47247
G1 X107.365 Y75.504 E3.50817
G1 X107.121 Y75.21 E3.54554
G1 X106.848 Y74.748 E3.59815
G1 X106.661 Y74.229 E3.6522
G1 X106.575 Y73.684 E3.70625
G1 X106.592 Y73.133 E3.76029
G1 X106.709 Y72.609 E3.8129
G1 X106.85 Y72.253 E3.85037
G1 X107.034 Y71.918 E3.88783
G1 X107.364 Y71.494 E3.94044
G1 X107.777 Y71.129 E3.99449
G1 X108.252 Y70.848 E4.04854
G1 X108.773 Y70.66 E4.10281
G1 X109.32 Y70.577 E4.15705
G1 X109.685 Y70.577 E4.19275
G1 X110.063 Y70.625 E4.23012
G1 X110.579 Y70.775 E4.28273
G1 X111.07 Y71.025 E4.33677
G1 X111.506 Y71.364 E4.39082
G1 X111.871 Y71.777 E4.44487
G1 X112.152 Y72.252 E4.49891
G1 X112.339 Y72.771 E4.55296
G1 X112.425 Y73.316 E4.60701
G1 X112.408 Y73.867 E4.66105
G1 X112.287 Y74.406 E4.7151
G1 X112.074 Y74.898 E4.76771
G1 X111.938 Y75.114 E4.79267
G1 X111.392 Y74.874 F7800
;TYPE:External perimeter
G1 F1800
G1 X111.212 Y75.092 E4.82036
G1 X110.876 Y75.392 E4.86453
G1 X110.496 Y75.616 E4.90775
G1 X110.082 Y75.766 E4.95088
G1 X109.647 Y75.834 E4.99402
G1 X109.207 Y75.821 E5.03715
G1 X108.777 Y75.725 E5.08029
G1 X108.372 Y75.549 E5.1235
G1 X108.001 Y75.294 E5.16768
G1 X107.795 Y75.1 E5.19534
G1 X107.605 Y74.87 E5.2246
G1 X107.384 Y74.496 E5.26721
G1 X107.234 Y74.082 E5.31035
G1 X107.166 Y73.647 E5.35348
G1 X107.179 Y73.207 E5.39661
G1 X107.274 Y72.782 E5.43922
G1 X107.384 Y72.504 E5.46851
G1 X107.528 Y72.242 E5.49781
G1 X107.795 Y71.899 E5.54041
G1 X108.125 Y71.608 E5.58355
G1 X108.504 Y71.384 E5.62668
G1 X108.919 Y71.234 E5.6699
G1 X109.365 Y71.166 E5.71407
G1 X109.647 Y71.166 E5.74174
G1 X109.943 Y71.204 E5.771
G1 X110.361 Y71.325 E5.81361
G1 X110.753 Y71.525 E5.85674
G1 X111.101 Y71.795 E5.89988
G1 X111.392 Y72.125 E5.94301
G1 X111.616 Y72.504 E5.98614
G1 X111.766 Y72.918 E6.02928
G1 X111.834 Y73.353 E6.07241
G1 X111.821 Y73.793 E6.11554
G1 X111.725 Y74.223 E6.15868
G1 X111.552 Y74.622 E6.20129
G1 X111.44 Y74.798 E6.22171
G1 X111.51 Y75.131 F7800
G1 X108.927 Y82.573
;TYPE:Perimeter
G1 F4800
G1 X105.927 Y82.573 E6.51564
G1 X105.927 Y67.427 E7.99967
G1 X113.073 Y67.427 E8.69989
G1 X113.073 Y123.573 E14.20101
G1 X108.927 Y123.573 E14.60729
G1 X108.927 Y82.663 E18.61555
G1 X108.338 Y83.162 F7800
;TYPE:External perimeter
G1 F2400
G1 X105.338 Y83.162 E18.90948
G1 X105.338 Y66.837 E20.50897
G1 X113.663 Y66.837 E21.32463
G1 X113.663 Y124.163 E26.9412
G1 X108.338 Y124.163 E27.46293
G1 X108.338 Y83.252 E31.47119
G1 X108.312 Y82.563 F7800
G1 X106.103 Y76.36
;TYPE:Solid infill
;WIDTH:0.676613
G1 F1200
G1 X106.868 Y75.596 E31.57736
G1 X107.042 Y75.807 E31.60419
G1 X107.274 Y76.026 E31.63553
G1 X106.369 Y76.931 E31.7613
G1 X106.369 Y77.766 E31.84338
G1 X107.757 Y76.378 E32.03632
G1 X107.871 Y76.456 E32.0499
G1 X108.32 Y76.65 E32.09797
G1 X106.369 Y78.602 E32.36912
G1 X106.369 Y79.437 E32.4512
G1 X108.979 Y76.826 E32.81397
G1 X109.077 Y76.848 E32.8238
G1 X109.785 Y76.856 E32.89333
G1 X106.369 Y80.273 E33.36798
G1 X106.369 Y81.108 E33.45006
G1 X110.916 Y76.561 E34.08183
G1 X111.487 Y76.228 E34.14676
G1 X111.957 Y75.809 E34.20871
G1 X112.258 Y75.434 E34.25594
G1 X112.631 Y75.654 E34.29855
G1 X112.631 Y75.681 E34.30118
G1 X106.369 Y81.944 E35.17137
G1 X106.369 Y82.131 E35.18983
G1 X107.016 Y82.131 E35.25345
G1 X112.631 Y76.516 E36.03365
G1 X112.631 Y77.352 E36.11574
G1 X107.852 Y82.131 E36.77986
G1 X108.687 Y82.131 E36.86194
G1 X112.631 Y78.187 E37.40999
G1 X112.631 Y79.023 E37.49207
G1 X109.369 Y82.286 E37.94543
G1 X109.369 Y83.121 E38.02751
G1 X112.631 Y79.858 E38.48087
G1 X112.631 Y80.693 E38.56295
G1 X109.369 Y83.956 E39.01631
G1 X109.369 Y84.792 E39.0984
G1 X112.631 Y81.529 E39.55176
G1 X112.631 Y82.364 E39.63384
G1 X109.369 Y85.627 E40.0872
G1 X109.369 Y86.463 E40.16928
G1 X112.631 Y83.2 E40.62264
G1 X112.631 Y84.035 E40.70472
G1 X109.369 Y87.298 E41.15808
G1 X109.369 Y88.134 E41.24017
G1 X112.631 Y84.871 E41.69353
G1 X112.631 Y85.706 E41.77561
G1 X109.369 Y88.969 E42.22897
G1 X109.369 Y89.805 E42.31105
G1 X112.631 Y86.542 E42.76441
G1 X112.631 Y87.377 E42.84649
G1 X109.369 Y90.64 E43.29986
G1 X109.369 Y91.476 E43.38194
G1 X112.631 Y88.213 E43.8353
G1 X112.631 Y89.048 E43.91738
G1 X109.369 Y92.311 E44.37074
G1 X109.369 Y93.147 E44.45282
G1 X112.631 Y89.884 E44.90618
G1 X112.631 Y90.719 E44.98827
G1 X109.369 Y93.982 E45.44163
G1 X109.369 Y94.818 E45.52371
G1 X112.631 Y91.555 E45.97707
G1 X112.631 Y92.39 E46.05915
G1 X109.369 Y95.653 E46.51251
G1 X109.369 Y96.489 E46.59459
G1 X112.631 Y93.226 E47.04795
G1 X112.631 Y94.061 E47.13004
G1 X109.369 Y97.324 E47.5834
G1 X109.369 Y98.16 E47.66548
G1 X112.631 Y94.897 E48.11884
G1 X112.631 Y95.732 E48.20092
G1 X109.369 Y98.995 E48.65428
G1 X109.369 Y99.831 E48.73637
G1 X112.631 Y96.568 E49.18973
G1 X112.631 Y97.403 E49.27181
G1 X109.369 Y100.666 E49.72517
G1 X109.369 Y101.501 E49.80725
G1 X112.631 Y98.239 E50.26061
G1 X112.631 Y99.074 E50.34269
G1 X109.369 Y102.337 E50.79605
G1 X109.369 Y103.172 E50.87814
G1 X112.631 Y99.909 E51.3315
G1 X112.631 Y100.745 E51.41358
G1 X109.369 Y104.008 E51.86694
G1 X109.369 Y104.843 E51.94902
G1 X112.631 Y101.58 E52.40238
G1 X112.631 Y102.416 E52.48446
G1 X109.369 Y105.679 E52.93782
G1 X109.369 Y106.514 E53.01991
G1 X112.631 Y103.251 E53.47327
G1 X112.631 Y104.087 E53.55535
G1 X109.369 Y107.35 E54.00871
G1 X109.369 Y108.185 E54.09079
G1 X112.631 Y104.922 E54.54415
G1 X112.631 Y105.758 E54.62623
G1 X109.369 Y109.021 E55.0796
G1 X109.369 Y109.856 E55.16168
G1 X112.631 Y106.593 E55.61504
G1 X112.631 Y107.429 E55.69712
G1 X109.369 Y110.692 E56.15048
G1 X109.369 Y111.527 E56.23256
G1 X112.631 Y108.264 E56.68592
G1 X112.631 Y109.1 E56.76801
G1 X109.369 Y112.363 E57.22137
G1 X109.369 Y113.198 E57.30345
G1 X112.631 Y109.935 E57.75681
G1 X112.631 Y110.771 E57.83889
G1 X109.369 Y114.034 E58.29225
G1 X109.369 Y114.869 E58.37433
G1 X112.631 Y111.606 E58.82769
G1 X112.631 Y112.442 E58.90978
G1 X109.369 Y115.705 E59.36314
G1 X109.369 Y116.54 E59.44522
G1 X112.631 Y113.277 E59.89858
G1 X112.631 Y114.113 E59.98066
G1 X109.369 Y117.376 E60.43402
G1 X109.369 Y118.211 E60.5161
G1 X112.631 Y114.948 E60.96946
G1 X112.631 Y115.784 E61.05155
G1 X109.369 Y119.047 E61.50491
G1 X109.369 Y119.882 E61.58699
G1 X112.631 Y116.619 E62.04035
G1 X112.631 Y117.455 E62.12243
G1 X109.369 Y120.717 E62.57579
G1 X109.369 Y121.553 E62.65787
G1 X112.631 Y118.29 E63.11124
G1 X112.631 Y119.125 E63.19332
G1 X109.369 Y122.388 E63.64668
G1 X109.369 Y123.131 E63.71968
G1 X109.461 Y123.131 E63.72876
G1 X112.631 Y119.961 E64.16928
G1 X112.631 Y120.796 E64.25136
G1 X110.296 Y123.131 E64.5758
G1 X111.132 Y123.131 E64.65788
G1 X112.631 Y121.632 E64.86624
G1 X112.631 Y122.467 E64.94832
G1 X111.702 Y123.397 E65.07743
G1 X112.39 Y74.997 F7800
;TYPE:Gap fill
;WIDTH:0.212892
G1 F1200
G1 X112.483 Y74.845 E65.08119
;WIDTH:0.258943
G1 X112.576 Y74.693 E65.08632
;WIDTH:0.304995
G1 X112.669 Y74.541 E65.09281
;WIDTH:0.304996
G1 X112.669 Y74.541 E65.09283
;WIDTH:0.30485
G1 X112.672 Y74.52 E65.09358
;WIDTH:0.298404
G1 X112.696 Y74.308 E65.10112
;WIDTH:0.254549
G1 X112.719 Y74.096 E65.1071
;WIDTH:0.210695
G1 X112.743 Y73.884 E65.11153
G1 X112.741 Y73.192 F7800
;WIDTH:0.203543
G1 F1200
G1 X112.722 Y72.939 E65.11651
;WIDTH:0.240245
G1 X112.702 Y72.685 E65.12303
;WIDTH:0.243969
G1 X112.7 Y72.671 E65.12342
;WIDTH:0.289716
G1 X112.677 Y72.54 E65.12793
;WIDTH:0.335463
G1 X112.654 Y72.409 E65.13345
;WIDTH:0.335462
G1 X112.594 Y72.308 E65.13832
;WIDTH:0.291562
G1 X112.535 Y72.207 E65.14233
;WIDTH:0.247663
G1 X112.475 Y72.106 E65.14548
;WIDTH:0.203765
G1 X112.469 Y72.097 E65.14569
;WIDTH:0.200641
G1 X112.34 Y71.919 E65.1499
G1 X111.923 Y71.569 F7800
;TYPE:Solid infill
;WIDTH:0.691182
G1 F1200
G1 X112.631 Y70.861 E65.25071
G1 X112.631 Y70.005 E65.33689
G1 X111.69 Y70.947 E65.47095
G1 X111.308 Y70.651 E65.51958
G1 X111.19 Y70.591 E65.53293
G1 X112.631 Y69.149 E65.73814
G1 X112.631 Y68.293 E65.82432
G1 X110.603 Y70.322 E66.11316
G1 X110.153 Y70.191 E66.16028
G1 X109.908 Y70.16 E66.18514
G1 X112.2 Y67.869 E66.51141
G1 X111.344 Y67.869 E66.59759
G1 X109.04 Y70.173 E66.92563
G1 X108.664 Y70.23 E66.96389
G1 X108.063 Y70.447 E67.02817
G1 X107.688 Y70.669 E67.07211
G1 X110.488 Y67.869 E67.47076
G1 X109.632 Y67.869 E67.55694
G1 X106.426 Y71.075 E68.01339
G1 X106.369 Y71.062 E68.01927
G1 X106.369 Y70.276 E68.09843
G1 X108.776 Y67.869 E68.44112
G1 X107.919 Y67.869 E68.5273
G1 X106.369 Y69.419 E68.7481
G1 X106.369 Y68.563 E68.83429
G1 X107.329 Y67.603 E68.97096
G1 X106.523 Y71.549 F7800
;TYPE:Gap fill
;WIDTH:0.471601
G1 F1200
G1 X106.409 Y72.058 E69.00444
;WIDTH:0.460915
G1 X106.389 Y72.164 E69.01117
;WIDTH:0.420465
G1 X106.368 Y72.27 E69.01718
;WIDTH:0.380015
G1 X106.348 Y72.376 E69.02246
;WIDTH:0.339565
G1 X106.328 Y72.482 E69.02701
;WIDTH:0.299116
G1 X106.325 Y72.499 E69.0276
;WIDTH:0.294135
G1 X106.303 Y72.705 E69.03477
;WIDTH:0.251704
G1 X106.28 Y72.91 E69.04047
;WIDTH:0.209272
G1 X106.257 Y73.116 E69.04472
G1 X106.259 Y73.808 F7800
;WIDTH:0.20354
G1 F1200
G1 X106.279 Y74.061 E69.04969
;WIDTH:0.240239
G1 X106.298 Y74.315 E69.05622
;WIDTH:0.243963
G1 X106.3 Y74.329 E69.05661
;WIDTH:0.281122
G1 X106.319 Y74.436 E69.06012
;WIDTH:0.318283
G1 X106.337 Y74.542 E69.0643
;WIDTH:0.318282
G1 X106.404 Y74.658 E69.06945
;WIDTH:0.272393
G1 X106.47 Y74.774 E69.07359
;WIDTH:0.226505
G1 X106.536 Y74.89 E69.07672
;WIDTH:0.180618
G1 X106.541 Y74.897 E69.07686
;WIDTH:0.178386
G1 X106.606 Y74.991 E69.07861
G1 E66.07861 F2400
G92 E0
G1 X149.284 Y116.22 F7800
G1 E3 F2400
;TYPE:External perimeter
;WIDTH:0.675
G1 F1800
G1 X149.234 Y116.082 E3.01442
G1 X149.166 Y115.647 E3.05756
G1 X149.179 Y115.207 E3.10069
G1 X149.274 Y114.782 E3.1433
G1 X149.384 Y114.505 E3.17255
G1 X149.52 Y114.257 E3.20023
G1 X149.794 Y113.899 E3.2444
G1 X150.125 Y113.608 E3.28762
G1 X150.504 Y113.384 E3.33075
G1 X150.919 Y113.234 E3.37397
G1 X151.365 Y113.166 E3.41814
G1 X151.647 Y113.166 E3.44581
G1 X151.943 Y113.204 E3.47507
G1 X152.361 Y113.325 E3.51768
G1 X152.753 Y113.525 E3.56081
G1 X153.101 Y113.795 E3.60394
G1 X153.392 Y114.125 E3.64708
G1 X153.616 Y114.504 E3.69021
G1 X153.766 Y114.918 E3.73334
G1 X153.834 Y115.353 E3.77648
G1 X153.821 Y115.793 E3.81961
G1 X153.725 Y116.223 E3.86274
G1 X153.552 Y116.622 E3.90535
G1 X153.392 Y116.874 E3.93461
G1 X153.212 Y117.092 E3.96228
G1 X152.876 Y117.392 E4.00645
G1 X152.496 Y117.616 E4.04967
G1 X152.082 Y117.766 E4.0928
G1 X151.647 Y117.834 E4.13594
G1 X151.207 Y117.821 E4.17907
G1 X150.782 Y117.726 E4.22168
G1 X150.504 Y117.616 E4.25097
G1 X150.242 Y117.472 E4.28026
G1 X149.899 Y117.205 E4.32288
G1 X149.608 Y116.875 E4.36601
G1 X149.384 Y116.496 E4.40914
G1 X149.315 Y116.305 E4.42904
G1 X149.139 Y116.2 F7800
G1 E1.42904 F2400
G92 E0
G1 X149.81 Y75.889 F7800
G1 E3 F2400
;TYPE:Perimeter
G1 F1800
G1 X149.484 Y75.625 E3.04107
G1 X149.129 Y75.223 E3.09368
G1 X148.848 Y74.748 E3.14773
G1 X148.661 Y74.229 E3.20178
G1 X148.575 Y73.684 E3.25582
G1 X148.592 Y73.133 E3.30987
G1 X148.709 Y72.609 E3.36248
G1 X148.85 Y72.253 E3.39994
G1 X149.034 Y71.918 E3.43741
G1 X149.364 Y71.494 E3.49002
G1 X149.777 Y71.129 E3.54407
G1 X150.252 Y70.848 E3.59811
G1 X150.773 Y70.66 E3.65239
G1 X151.32 Y70.577 E3.70662
G1 X151.685 Y70.577 E3.74232
G1 X152.063 Y70.625 E3.77969
G1 X152.579 Y70.775 E3.8323
G1 X153.07 Y71.025 E3.88635
G1 X153.506 Y71.364 E3.9404
G1 X153.871 Y71.777 E3.99444
G1 X154.152 Y72.252 E4.04849
G1 X154.339 Y72.771 E4.10254
G1 X154.425 Y73.316 E4.15658
G1 X154.408 Y73.867 E4.21063
G1 X154.287 Y74.406 E4.26468
G1 X154.074 Y74.898 E4.31729
G1 X153.87 Y75.221 E4.35466
G1 X153.638 Y75.502 E4.39036
G1 X153.225 Y75.87 E4.44459
G1 X152.748 Y76.152 E4.49887
G1 X152.229 Y76.339 E4.55291
G1 X151.684 Y76.425 E4.60696
G1 X151.133 Y76.408 E4.66101
G1 X150.594 Y76.287 E4.71505
G1 X150.102 Y76.074 E4.76766
G1 X149.886 Y75.937 E4.79268
G1 X150.126 Y75.392 F7800
;TYPE:External perimeter
G1 F1800
G1 X149.895 Y75.201 E4.82197
G1 X149.608 Y74.875 E4.86458
G1 X149.384 Y74.496 E4.90772
G1 X149.234 Y74.082 E4.95085
G1 X149.166 Y73.647 E4.99398
G1 X149.179 Y73.207 E5.03712
G1 X149.274 Y72.782 E5.07973
G1 X149.384 Y72.504 E5.10902
G1 X149.528 Y72.242 E5.13831
G1 X149.795 Y71.899 E5.18092
G1 X150.125 Y71.608 E5.22405
G1 X150.504 Y71.384 E5.26719
G1 X150.919 Y71.234 E5.3104
G1 X151.365 Y71.166 E5.35458
G1 X151.647 Y71.166 E5.38224
G1 X151.943 Y71.204 E5.4115
G1 X152.361 Y71.325 E5.45411
G1 X152.753 Y71.525 E5.49725
G1 X153.101 Y71.795 E5.54038
G1 X153.392 Y72.125 E5.58351
G1 X153.616 Y72.504 E5.62665
G1 X153.766 Y72.918 E5.66978
G1 X153.834 Y73.353 E5.71291
G1 X153.821 Y73.793 E5.75605
G1 X153.725 Y74.223 E5.79918
G1 X153.552 Y74.622 E5.84179
G1 X153.392 Y74.874 E5.87105
G1 X153.212 Y75.092 E5.89872
G1 X152.876 Y75.392 E5.94289
G1 X152.496 Y75.616 E5.98611
G1 X152.082 Y75.766 E6.02924
G1 X151.647 Y75.834 E6.07238
G1 X151.207 Y75.821 E6.11551
G1 X150.777 Y75.725 E6.15864
G1 X150.378 Y75.552 E6.20125
G1 X150.202 Y75.44 E6.22173
G1 X149.854 Y75.516 F7800
G1 E3.22173 F2400
G92 E0
G1 X154.927 Y115.916 F7800
G1 E3 F2400
;TYPE:Perimeter
G1 F4800
G1 X154.578 Y116.219 E3.04522
G1 X154.358 Y116.088 E3.07028
G1 X154.408 Y115.867 E3.09239
G1 X154.425 Y115.316 E3.14643
G1 X154.302 Y114.542 E3.22319
G1 X154.927 Y115.084 E3.30417
G1 X154.927 Y82.573 E6.48948
G1 X147.927 Y82.573 E7.17532
G1 X147.927 Y67.427 E8.65936
G1 X157.073 Y67.427 E9.55553
G1 X157.073 Y124.573 E15.15462
G1 X154.927 Y124.573 E15.36495
G1 X154.927 Y116.006 E16.20435
G1 X154.338 Y117.208 F7800
;TYPE:External perimeter
G1 F2400
G1 X153.355 Y118.06 E16.3318
G1 X153.023 Y118.271 E16.37031
G1 X152.664 Y118.44 E16.40921
G1 X152.286 Y118.562 E16.44811
G1 X151.703 Y118.656 E16.50596
G1 X151.341 Y118.657 E16.54148
G1 X150.906 Y118.605 E16.58436
G1 X150.523 Y118.507 E16.62313
G1 X149.981 Y118.273 E16.68097
G1 X149.674 Y118.08 E16.71649
G1 X149.335 Y117.804 E16.75937
G1 X149.064 Y117.515 E16.79814
G1 X148.83 Y117.194 E16.83704
G1 X148.639 Y116.846 E16.87594
G1 X148.493 Y116.477 E16.91485
G1 X148.394 Y116.092 E16.95375
G1 X148.344 Y115.699 E16.99265
G1 X148.362 Y115.109 E17.05045
G1 X148.438 Y114.714 E17.08987
G1 X148.562 Y114.331 E17.1293
G1 X148.726 Y113.981 E17.16717
G1 X148.942 Y113.642 E17.20659
G1 X149.195 Y113.336 E17.24549
G1 X149.488 Y113.06 E17.28492
G1 X149.977 Y112.729 E17.34271
G1 X150.336 Y112.56 E17.38162
G1 X150.902 Y112.395 E17.43941
G1 X151.302 Y112.344 E17.47889
G1 X151.893 Y112.362 E17.53679
G1 X152.286 Y112.438 E17.57605
G1 X152.846 Y112.639 E17.63436
G1 X153.355 Y112.94 E17.69228
G1 X154.338 Y113.792 E17.81973
G1 X154.338 Y83.162 E20.82078
G1 X147.338 Y83.162 E21.50662
G1 X147.338 Y66.837 E23.10611
G1 X157.663 Y66.837 E24.11773
G1 X157.663 Y125.163 E29.83227
G1 X154.338 Y125.163 E30.15804
G1 X154.338 Y117.298 E30.92864
G1 X153.995 Y116.715 F7800
G1 X153.868 Y116.996
;TYPE:Gap fill
;WIDTH:0.481201
G1 F1200
G1 X153.98 Y116.866 E30.93993
;WIDTH:0.492969
G1 X154.336 Y116.417 E30.97873
G1 X153.868 Y116.996 F7800
;WIDTH:0.431458
G1 F1200
G1 X153.756 Y117.127 E30.98861
;WIDTH:0.381716
G1 X153.743 Y117.14 E30.98951
;WIDTH:0.377545
G1 X153.63 Y117.256 E30.99738
;WIDTH:0.350485
G1 X153.517 Y117.372 E31.00452
;WIDTH:0.323424
G1 X153.504 Y117.385 E31.00524
;WIDTH:0.321782
G1 X153.126 Y117.717 E31.02494
;WIDTH:0.317151
G1 X153.109 Y117.73 E31.02579
;WIDTH:0.317165
G1 X153.109 Y117.73 E31.0258
;WIDTH:0.327715
G1 X152.823 Y117.906 E31.03931
;WIDTH:0.327717
G1 X152.68 Y117.982 E31.04582
;WIDTH:0.312462
G1 X152.66 Y117.991 E31.04663
;WIDTH:0.327717
G1 X152.511 Y118.053 E31.05314
G1 X152.194 Y118.161 E31.06659
;WIDTH:0.317388
G1 X152.184 Y118.164 E31.067
;WIDTH:0.317388
G1 X152.173 Y118.166 E31.06743
;WIDTH:0.32809
G1 X151.832 Y118.226 E31.08137
;WIDTH:0.328089
G1 X151.684 Y118.245 E31.08741
;WIDTH:0.318671
G1 X151.683 Y118.245 E31.08742
;WIDTH:0.318646
G1 X151.662 Y118.245 E31.08825
;WIDTH:0.327705
G1 X151.365 Y118.241 E31.10021
;WIDTH:0.327706
G1 X151.166 Y118.226 E31.10821
;WIDTH:0.310742
G1 X151.145 Y118.224 E31.109
;WIDTH:0.327616
G1 X150.983 Y118.196 E31.11564
;WIDTH:0.327616
G1 X150.67 Y118.121 E31.12855
;WIDTH:0.318383
G1 X150.653 Y118.116 E31.12926
;WIDTH:0.318718
G1 X150.65 Y118.115 E31.12936
;WIDTH:0.318721
G1 X150.336 Y117.991 E31.14245
;WIDTH:0.319643
G1 X150.322 Y117.985 E31.14302
;WIDTH:0.320199
G1 X150.318 Y117.983 E31.14319
;WIDTH:0.324927
G1 X150.186 Y117.913 E31.14917
;WIDTH:0.324925
G1 X150.025 Y117.818 E31.15657
;WIDTH:0.314183
G1 X150.01 Y117.809 E31.15725
;WIDTH:0.325384
G1 X149.916 Y117.743 E31.16182
;WIDTH:0.325382
G1 X149.626 Y117.512 E31.17661
;WIDTH:0.317232
G1 X149.615 Y117.503 E31.17714
;WIDTH:0.317234
G1 X149.61 Y117.497 E31.17745
;WIDTH:0.327714
G1 X149.385 Y117.25 E31.19089
;WIDTH:0.327714
G1 X149.283 Y117.124 E31.19741
;WIDTH:0.312459
G1 X149.271 Y117.106 E31.19821
;WIDTH:0.32771
G1 X149.182 Y116.971 E31.20472
;WIDTH:0.327708
G1 X149.016 Y116.681 E31.21817
;WIDTH:0.317378
G1 X149.011 Y116.671 E31.21859
;WIDTH:0.317378
G1 X149.007 Y116.661 E31.21901
;WIDTH:0.327713
G1 X148.889 Y116.348 E31.23245
;WIDTH:0.327712
G1 X148.841 Y116.194 E31.23896
;WIDTH:0.312461
G1 X148.836 Y116.173 E31.23977
;WIDTH:0.327713
G1 X148.803 Y116.014 E31.24628
;WIDTH:0.327714
G1 X148.756 Y115.684 E31.25972
;WIDTH:0.317391
G1 X148.755 Y115.673 E31.26014
;WIDTH:0.317391
G1 X148.755 Y115.662 E31.26056
;WIDTH:0.328087
G1 X148.76 Y115.316 E31.2745
;WIDTH:0.328087
G1 X148.769 Y115.167 E31.28051
;WIDTH:0.318716
G1 X148.77 Y115.166 E31.28054
;WIDTH:0.318585
G1 X148.773 Y115.145 E31.28139
;WIDTH:0.32771
G1 X148.841 Y114.817 E31.29484
;WIDTH:0.327708
G1 X148.881 Y114.671 E31.30094
;WIDTH:0.313402
G1 X148.886 Y114.654 E31.30162
;WIDTH:0.324884
G1 X148.95 Y114.478 E31.30906
;WIDTH:0.324885
G1 X149.008 Y114.336 E31.31514
;WIDTH:0.320101
G1 X149.011 Y114.329 E31.31545
;WIDTH:0.320113
G1 X149.014 Y114.323 E31.3157
;WIDTH:0.324644
G1 X149.086 Y114.187 E31.32184
;WIDTH:0.324645
G1 X149.172 Y114.041 E31.32855
;WIDTH:0.313888
G1 X149.182 Y114.026 E31.32922
;WIDTH:0.329081
G1 X149.279 Y113.887 E31.33611
;WIDTH:0.329082
G1 X149.486 Y113.627 E31.34954
;WIDTH:0.317246
G1 X149.495 Y113.617 E31.35004
;WIDTH:0.317246
G1 X149.502 Y113.611 E31.3504
;WIDTH:0.328088
G1 X149.759 Y113.377 E31.36441
;WIDTH:0.328086
G1 X149.874 Y113.282 E31.37042
;WIDTH:0.318718
G1 X149.874 Y113.281 E31.37045
;WIDTH:0.318591
G1 X149.892 Y113.269 E31.37129
;WIDTH:0.327716
G1 X150.177 Y113.094 E31.38474
;WIDTH:0.327717
G1 X150.32 Y113.018 E31.39125
;WIDTH:0.312463
G1 X150.34 Y113.009 E31.39205
;WIDTH:0.327718
G1 X150.489 Y112.947 E31.39857
;WIDTH:0.327717
G1 X150.807 Y112.839 E31.41208
;WIDTH:0.318419
G1 X150.827 Y112.833 E31.41289
;WIDTH:0.318503
G1 X150.829 Y112.832 E31.41294
;WIDTH:0.328527
G1 X150.974 Y112.805 E31.41891
;WIDTH:0.328527
G1 X151.325 Y112.756 E31.43322
;WIDTH:0.319173
G1 X151.329 Y112.755 E31.43336
;WIDTH:0.319132
G1 X151.343 Y112.755 E31.43391
;WIDTH:0.319958
G1 X151.648 Y112.755 E31.4458
;WIDTH:0.319959
G1 X151.666 Y112.756 E31.4465
;WIDTH:0.318471
G1 X151.681 Y112.757 E31.44706
;WIDTH:0.324649
G1 X151.836 Y112.773 E31.45328
;WIDTH:0.324648
G1 X152.018 Y112.802 E31.46057
;WIDTH:0.313401
G1 X152.035 Y112.805 E31.46124
;WIDTH:0.327711
G1 X152.183 Y112.841 E31.46735
;WIDTH:0.327712
G1 X152.502 Y112.939 E31.4808
;WIDTH:0.318587
G1 X152.523 Y112.946 E31.48164
;WIDTH:0.318716
G1 X152.524 Y112.947 E31.48167
;WIDTH:0.328828
G1 X152.669 Y113.015 E31.48818
;WIDTH:0.328831
G1 X152.812 Y113.088 E31.49467
;WIDTH:0.328829
G1 X152.963 Y113.174 E31.50169
;WIDTH:0.312461
G1 X152.981 Y113.186 E31.5025
;WIDTH:0.326872
G1 X153.106 Y113.274 E31.50863
;WIDTH:0.326874
G1 X153.372 Y113.491 E31.52239
;WIDTH:0.308803
G1 X153.387 Y113.506 E31.52316
;WIDTH:0.341947
G1 X153.564 Y113.681 E31.53375
;WIDTH:0.375089
G1 X153.74 Y113.856 E31.5457
;WIDTH:0.377446
G1 X153.749 Y113.865 E31.54634
;WIDTH:0.377448
G1 X153.755 Y113.879 E31.54704
;WIDTH:0.371335
G1 X153.797 Y113.997 E31.55304
;WIDTH:0.324035
G1 X153.84 Y114.116 E31.55804
;WIDTH:0.276736
G1 X153.883 Y114.235 E31.56204
;WIDTH:0.229436
G1 X153.926 Y114.354 E31.56506
;WIDTH:0.182136
G1 X153.928 Y114.362 E31.5652
;WIDTH:0.179586
G1 X153.955 Y114.467 E31.56689
G1 X155.692 Y124.397 F7800
;TYPE:Solid infill
;WIDTH:0.681481
G1 F1200
G1 X156.631 Y123.457 E31.69851
G1 X156.631 Y122.615 E31.78195
G1 X155.369 Y123.878 E31.95888
G1 X155.369 Y123.035 E32.04232
G1 X156.631 Y121.772 E32.21924
G1 X156.631 Y120.93 E32.30268
G1 X155.369 Y122.193 E32.47961
G1 X155.369 Y121.351 E32.56305
G1 X156.631 Y120.088 E32.73997
G1 X156.631 Y119.245 E32.82341
G1 X155.369 Y120.508 E33.00034
G1 X155.369 Y119.666 E33.08378
G1 X156.631 Y118.403 E33.26071
G1 X156.631 Y117.561 E33.34415
G1 X155.369 Y118.823 E33.52107
G1 X155.369 Y117.981 E33.60451
G1 X156.631 Y116.718 E33.78144
G1 X156.631 Y115.876 E33.86488
G1 X155.369 Y117.139 E34.0418
G1 X155.369 Y116.296 E34.12524
G1 X156.631 Y115.033 E34.30217
G1 X156.631 Y114.191 E34.38561
G1 X155.369 Y115.454 E34.56254
G1 X155.369 Y114.612 E34.64598
G1 X156.631 Y113.349 E34.8229
G1 X156.631 Y112.506 E34.90634
G1 X155.369 Y113.769 E35.08327
G1 X155.369 Y112.927 E35.16671
G1 X156.631 Y111.664 E35.34363
G1 X156.631 Y110.822 E35.42707
G1 X155.369 Y112.085 E35.604
G1 X155.369 Y111.242 E35.68744
G1 X156.631 Y109.979 E35.86437
G1 X156.631 Y109.137 E35.94781
G1 X155.369 Y110.4 E36.12473
G1 X155.369 Y109.558 E36.20817
G1 X156.631 Y108.295 E36.3851
G1 X156.631 Y107.452 E36.46854
G1 X155.369 Y108.715 E36.64546
G1 X155.369 Y107.873 E36.7289
G1 X156.631 Y106.61 E36.90583
G1 X156.631 Y105.767 E36.98927
G1 X155.369 Y107.03 E37.1662
G1 X155.369 Y106.188 E37.24964
G1 X156.631 Y104.925 E37.42656
G1 X156.631 Y104.083 E37.51
G1 X155.369 Y105.346 E37.68693
G1 X155.369 Y104.503 E37.77037
G1 X156.631 Y103.24 E37.94729
G1 X156.631 Y102.398 E38.03073
G1 X155.369 Y103.661 E38.20766
G1 X155.369 Y102.819 E38.2911
G1 X156.631 Y101.556 E38.46803
G1 X156.631 Y100.713 E38.55147
G1 X155.369 Y101.976 E38.72839
G1 X155.369 Y101.134 E38.81183
G1 X156.631 Y99.871 E38.98876
G1 X156.631 Y99.029 E39.0722
G1 X155.369 Y100.292 E39.24912
G1 X155.369 Y99.449 E39.33256
G1 X156.631 Y98.186 E39.50949
G1 X156.631 Y97.344 E39.59293
G1 X155.369 Y98.607 E39.76986
G1 X155.369 Y97.764 E39.8533
G1 X156.631 Y96.501 E40.03022
G1 X156.631 Y95.659 E40.11366
G1 X155.369 Y96.922 E40.29059
G1 X155.369 Y96.08 E40.37403
G1 X156.631 Y94.817 E40.55095
G1 X156.631 Y93.974 E40.63439
G1 X155.369 Y95.237 E40.81132
G1 X155.369 Y94.395 E40.89476
G1 X156.631 Y93.132 E41.07169
G1 X156.631 Y92.29 E41.15513
G1 X155.369 Y93.553 E41.33205
G1 X155.369 Y92.71 E41.41549
G1 X156.631 Y91.447 E41.59242
G1 X156.631 Y90.605 E41.67586
G1 X155.369 Y91.868 E41.85278
G1 X155.369 Y91.026 E41.93622
G1 X156.631 Y89.763 E42.11315
G1 X156.631 Y88.92 E42.19659
G1 X155.369 Y90.183 E42.37352
G1 X155.369 Y89.341 E42.45696
G1 X156.631 Y88.078 E42.63388
G1 X156.631 Y87.235 E42.71732
G1 X155.369 Y88.498 E42.89425
G1 X155.369 Y87.656 E42.97769
G1 X156.631 Y86.393 E43.15461
G1 X156.631 Y85.551 E43.23805
G1 X155.369 Y86.814 E43.41498
G1 X155.369 Y85.971 E43.49842
G1 X156.631 Y84.708 E43.67535
G1 X156.631 Y83.866 E43.75879
G1 X155.369 Y85.129 E43.93571
G1 X155.369 Y84.287 E44.01915
G1 X156.631 Y83.024 E44.19608
G1 X156.631 Y82.181 E44.27952
G1 X155.369 Y83.444 E44.45644
G1 X155.369 Y82.602 E44.53988
G1 X156.631 Y81.339 E44.71681
G1 X156.631 Y80.497 E44.80025
G1 X154.997 Y82.131 E45.02928
G1 X154.154 Y82.131 E45.11272
G1 X156.631 Y79.654 E45.45975
G1 X156.631 Y78.812 E45.54319
G1 X153.312 Y82.131 E46.00822
G1 X152.469 Y82.131 E46.09166
G1 X156.631 Y77.969 E46.6747
G1 X156.631 Y77.127 E46.75814
G1 X151.627 Y82.131 E47.45918
G1 X150.785 Y82.131 E47.54262
G1 X156.631 Y76.285 E48.36166
G1 X156.631 Y75.442 E48.4451
G1 X149.942 Y82.131 E49.38214
G1 X149.1 Y82.131 E49.46558
G1 X156.631 Y74.6 E50.52063
G1 X156.631 Y73.758 E50.60407
G1 X148.369 Y82.021 E51.76159
G1 X148.369 Y81.178 E51.84503
G1 X156.631 Y72.915 E53.00255
G1 X156.631 Y72.073 E53.08599
G1 X154.85 Y73.854 E53.33553
G1 X154.868 Y73.288 E53.39164
G1 X154.828 Y73.034 E53.4171
G1 X156.631 Y71.231 E53.66977
G1 X156.631 Y70.388 E53.75321
G1 X154.66 Y72.36 E54.02937
G1 X154.553 Y72.063 E54.06057
G1 X154.39 Y71.787 E54.09234
G1 X156.631 Y69.546 E54.40631
G1 X156.631 Y68.704 E54.48975
G1 X154.037 Y71.298 E54.85316
G1 X153.81 Y71.04 E54.88719
G1 X153.609 Y70.884 E54.91243
G1 X156.624 Y67.869 E55.33484
G1 X155.782 Y67.869 E55.41828
G1 X153.104 Y70.547 E55.79343
G1 X152.742 Y70.362 E55.83362
G1 X152.512 Y70.296 E55.85733
G1 X154.939 Y67.869 E56.19733
G1 X154.097 Y67.869 E56.28077
G1 X151.817 Y70.149 E56.60019
G1 X151.287 Y70.135 E56.65267
G1 X150.934 Y70.189 E56.68803
G1 X153.255 Y67.869 E57.01307
G1 X152.412 Y67.869 E57.09651
G1 X149.47 Y70.811 E57.50871
G1 X149.025 Y71.209 E57.56781
G1 X148.375 Y71.063 E57.63381
G1 X151.57 Y67.869 E58.08136
G1 X150.728 Y67.869 E58.1648
G1 X148.369 Y70.228 E58.49527
G1 X148.369 Y69.385 E58.57871
G1 X149.885 Y67.869 E58.79119
G1 X149.043 Y67.869 E58.87463
G1 X148.103 Y68.808 E59.00623
G1 X148.523 Y71.549 F7800
;TYPE:Gap fill
;WIDTH:0.471607
G1 F1200
G1 X148.409 Y72.058 E59.03971
;WIDTH:0.46092
G1 X148.389 Y72.164 E59.04644
;WIDTH:0.420468
G1 X148.368 Y72.27 E59.05245
;WIDTH:0.380016
G1 X148.348 Y72.376 E59.05773
;WIDTH:0.339565
G1 X148.328 Y72.483 E59.06228
;WIDTH:0.299111
G1 X148.325 Y72.499 E59.06288
;WIDTH:0.294131
G1 X148.303 Y72.705 E59.07004
;WIDTH:0.251701
G1 X148.28 Y72.91 E59.07575
;WIDTH:0.209271
G1 X148.257 Y73.116 E59.07999
G1 X148.259 Y73.808 F7800
;WIDTH:0.20354
G1 F1200
G1 X148.279 Y74.061 E59.08497
;WIDTH:0.240239
G1 X148.298 Y74.315 E59.09149
;WIDTH:0.243961
G1 X148.3 Y74.329 E59.09188
;WIDTH:0.289712
G1 X148.323 Y74.46 E59.09639
;WIDTH:0.335463
G1 X148.346 Y74.591 E59.10192
;WIDTH:0.335461
G1 X148.406 Y74.692 E59.10678
;WIDTH:0.291567
G1 X148.465 Y74.793 E59.11078
;WIDTH:0.247672
G1 X148.525 Y74.894 E59.11394
;WIDTH:0.203777
G1 X148.531 Y74.903 E59.11415
;WIDTH:0.200653
G1 X148.66 Y75.081 E59.11836
G1 X148.103 Y76.389 F7800
;TYPE:Solid infill
;WIDTH:0.681481
G1 F1200
G1 X148.882 Y75.611 E59.22742
G1 X149.176 Y75.944 E59.27141
G1 X149.294 Y76.041 E59.28658
G1 X148.369 Y76.966 E59.41617
G1 X148.369 Y77.809 E59.49961
G1 X149.782 Y76.395 E59.69769
G1 X149.894 Y76.466 E59.71079
G1 X150.355 Y76.665 E59.76049
G1 X148.369 Y78.651 E60.03872
G1 X148.369 Y79.494 E60.12216
G1 X151.026 Y76.836 E60.49438
G1 X151.712 Y76.868 E60.56243
G1 X151.86 Y76.844 E60.57728
G1 X148.103 Y80.601 E61.10352
;LAYER_CHANGE
;Z:5.85
;HEIGHT:0.4
G1 Z5.85 F7800
G1 E58.10352 F2400
G92 E0
G1 X60.339 Y132.771 F7800
G1 E3 F2400
;TYPE:Perimeter
;WIDTH:0.675
G1 F1800
G1 X60.425 Y133.316 E3.05405
G1 X60.408 Y133.867 E3.10809
G1 X60.287 Y134.406 E3.16214
G1 X60.068 Y134.912 E3.21619
G1 X59.766 Y135.356 E3.2688
G1 X59.505 Y135.635 E3.30626
G1 X59.21 Y135.879 E3.34373
G1 X58.748 Y136.152 E3.39634
G1 X58.229 Y136.339 E3.45038
G1 X57.684 Y136.425 E3.50443
G1 X57.132 Y136.408 E3.55859
G1 X56.6 Y136.288 E3.61195
G1 X56.253 Y136.15 E3.64859
G1 X55.918 Y135.966 E3.68602
G1 X55.494 Y135.636 E3.73863
G1 X55.129 Y135.223 E3.79267
G1 X54.848 Y134.748 E3.84672
G1 X54.661 Y134.229 E3.90077
G1 X54.575 Y133.684 E3.95481
G1 X54.592 Y133.133 E4.00886
G1 X54.709 Y132.609 E4.06147
G1 X54.85 Y132.254 E4.09889
G1 X55.03 Y131.926 E4.13553
G1 X55.363 Y131.494 E4.1889
G1 X55.777 Y131.129 E4.24305
G1 X56.252 Y130.848 E4.2971
G1 X56.772 Y130.661 E4.35126
G1 X57.31 Y130.577 E4.40462
G1 X57.684 Y130.577 E4.44126
G1 X58.063 Y130.625 E4.47868
G1 X58.579 Y130.775 E4.53129
G1 X59.07 Y131.025 E4.58534
G1 X59.506 Y131.364 E4.63939
G1 X59.871 Y131.777 E4.69344
G1 X60.152 Y132.252 E4.74748
G1 X60.308 Y132.686 E4.79271
G1 X59.716 Y132.78 F7800
;TYPE:External perimeter
G1 F1800
G1 X59.766 Y132.918 E4.80708
G1 X59.834 Y133.353 E4.85021
G1 X59.821 Y133.793 E4.89335
G1 X59.725 Y134.223 E4.93648
G1 X59.55 Y134.627 E4.97962
G1 X59.305 Y134.987 E5.02223
G1 X59.101 Y135.204 E5.05152
G1 X58.87 Y135.395 E5.08081
G1 X58.496 Y135.616 E5.12342
G1 X58.082 Y135.766 E5.16655
G1 X57.647 Y135.834 E5.20969
G1 X57.206 Y135.821 E5.25286
G1 X56.775 Y135.723 E5.2962
G1 X56.504 Y135.616 E5.32473
G1 X56.242 Y135.472 E5.35401
G1 X55.899 Y135.205 E5.39662
G1 X55.608 Y134.875 E5.43975
G1 X55.384 Y134.496 E5.48289
G1 X55.234 Y134.082 E5.52602
G1 X55.166 Y133.647 E5.56915
G1 X55.179 Y133.207 E5.61228
G1 X55.274 Y132.782 E5.6549
G1 X55.384 Y132.505 E5.68417
G1 X55.524 Y132.249 E5.71271
G1 X55.795 Y131.899 E5.75604
G1 X56.125 Y131.608 E5.79922
G1 X56.504 Y131.384 E5.84235
G1 X56.919 Y131.234 E5.88553
G1 X57.356 Y131.166 E5.92886
G1 X57.647 Y131.166 E5.9574
G1 X57.943 Y131.204 E5.98667
G1 X58.361 Y131.325 E6.02928
G1 X58.753 Y131.525 E6.07242
G1 X59.101 Y131.795 E6.11555
G1 X59.392 Y132.125 E6.15868
G1 X59.616 Y132.504 E6.20182
G1 X59.685 Y132.696 E6.22176
G1 X59.861 Y132.801 F7800
G1 E3.22176 F2400
G92 E0
G1 X64.927 Y84.427 F7800
G1 E3 F2400
;TYPE:Perimeter
G1 F4800
G1 X67.073 Y84.427 E3.21033
G1 X67.073 Y140.427 E8.69707
G1 X135.073 Y140.427 E15.35955
G1 X135.073 Y142.573 E15.56987
G1 X52.927 Y142.573 E23.61841
G1 X52.927 Y113.427 E26.47413
G1 X64.927 Y113.427 E27.64986
G1 X64.927 Y84.517 E30.48239
G1 X64.337 Y85.162 F7800
;TYPE:External perimeter
G1 F2400
G1 X64.337 Y112.838 E33.19392
G1 X53.662 Y112.838 E34.23983
G1 X53.662 Y85.162 E36.95136
G1 X64.247 Y85.162 E37.98846
G1 X64.89 Y84.928 F7800
G1 E34.98846 F2400
G92 E0
G1 X57.792 Y75.811 F7800
G1 E3 F2400
G1 F1800
G1 X57.647 Y75.834 E3.01437
G1 X57.207 Y75.821 E3.0575
G1 X56.777 Y75.725 E3.10064
G1 X56.373 Y75.55 E3.14381
G1 X56.008 Y75.3 E3.18715
G1 X55.795 Y75.1 E3.21568
G1 X55.605 Y74.87 E3.24496
G1 X55.384 Y74.496 E3.28757
G1 X55.234 Y74.082 E3.3307
G1 X55.166 Y73.647 E3.37384
G1 X55.179 Y73.207 E3.41697
G1 X55.274 Y72.782 E3.45958
G1 X55.384 Y72.505 E3.48886
G1 X55.524 Y72.249 E3.51739
G1 X55.795 Y71.899 E3.56073
G1 X56.125 Y71.608 E3.6039
G1 X56.504 Y71.384 E3.64704
G1 X56.919 Y71.234 E3.69021
G1 X57.356 Y71.166 E3.73355
G1 X57.647 Y71.166 E3.76208
G1 X57.943 Y71.204 E3.79136
G1 X58.361 Y71.325 E3.83397
G1 X58.753 Y71.525 E3.8771
G1 X59.101 Y71.795 E3.92024
G1 X59.392 Y72.125 E3.96337
G1 X59.616 Y72.504 E4.0065
G1 X59.766 Y72.918 E4.04964
G1 X59.834 Y73.353 E4.09277
G1 X59.821 Y73.793 E4.1359
G1 X59.725 Y74.223 E4.17904
G1 X59.55 Y74.627 E4.22217
G1 X59.302 Y74.991 E4.2653
G1 X58.995 Y75.298 E4.30792
G1 X58.753 Y75.474 E4.33721
G1 X58.491 Y75.618 E4.3665
G1 X58.082 Y75.766 E4.40911
G1 X57.881 Y75.797 E4.42905
G1 X57.744 Y75.95 F7800
G1 X57.973 Y76.379
;TYPE:Perimeter
G1 F4800
G1 X58.229 Y76.339 E4.45445
G1 X58.734 Y76.157 E4.50706
G1 X59.069 Y75.973 E4.54453
G1 X59.379 Y75.748 E4.58199
G1 X59.758 Y75.368 E4.63461
G1 X59.824 Y75.272 E4.64604
G1 X60.073 Y75.348 E4.67162
G1 X60.073 Y84.573 E5.57545
G1 X52.927 Y84.573 E6.27566
G1 X52.927 Y67.427 E7.95565
G1 X60.073 Y67.427 E8.65587
G1 X60.073 Y72.007 E9.10462
G1 X59.506 Y71.364 E9.18863
G1 X59.07 Y71.025 E9.24268
G1 X58.579 Y70.775 E9.29672
G1 X58.063 Y70.625 E9.34934
G1 X57.684 Y70.577 E9.38676
G1 X57.31 Y70.577 E9.4234
G1 X56.772 Y70.661 E9.47676
G1 X56.252 Y70.848 E9.53092
G1 X55.777 Y71.129 E9.58496
G1 X55.363 Y71.494 E9.63912
G1 X55.03 Y71.926 E9.69249
G1 X54.85 Y72.254 E9.72913
G1 X54.709 Y72.609 E9.76655
G1 X54.592 Y73.133 E9.81916
G1 X54.575 Y73.684 E9.87321
G1 X54.661 Y74.229 E9.92725
G1 X54.848 Y74.748 E9.9813
G1 X55.121 Y75.21 E10.03391
G1 X55.365 Y75.504 E10.07133
G1 X55.637 Y75.761 E10.10797
G1 X56.087 Y76.068 E10.16134
G1 X56.594 Y76.287 E10.21549
G1 X57.133 Y76.408 E10.26954
G1 X57.684 Y76.425 E10.32359
G1 X57.884 Y76.393 E10.34341
G1 E7.34341 F2400
G92 E0
G1 X60.662 Y83.837 F7800
G1 E3 F2400
;TYPE:External perimeter
G1 X67.662 Y83.837 E3.68584
G1 X67.662 Y139.838 E9.17259
G1 X135.663 Y139.838 E15.83506
G1 X135.663 Y143.163 E16.16084
G1 X52.337 Y143.163 E24.32482
G1 X52.337 Y66.837 E31.80296
G1 X60.662 Y66.837 E32.61863
G1 X60.662 Y83.747 E34.27543
G1 X60.753 Y84.431 F7800
G1 X60.368 Y84.5
;TYPE:Gap fill
;WIDTH:0.821683
G1 F1200
G1 X64.632 Y84.5 E34.79723
G1 X66.214 Y84.6 F7800
;TYPE:Top solid infill
;WIDTH:0.600518
G1 F1200
G1 X66.669 Y85.055 E34.85229
G1 X66.669 Y85.782 E34.91459
G1 X65.718 Y84.831 E35.02975
G1 X65.331 Y84.831 E35.06284
G1 X65.331 Y85.172 E35.09205
G1 X66.669 Y86.51 E35.25401
G1 X66.669 Y87.238 E35.3163
G1 X65.331 Y85.9 E35.47826
G1 X65.331 Y86.628 E35.54056
G1 X66.669 Y87.966 E35.70251
G1 X66.669 Y88.694 E35.76481
G1 X65.331 Y87.356 E35.92677
G1 X65.331 Y88.084 E35.98906
G1 X66.669 Y89.422 E36.15102
G1 X66.669 Y90.15 E36.21332
G1 X65.331 Y88.812 E36.37527
G1 X65.331 Y89.539 E36.43757
G1 X66.669 Y90.877 E36.59953
G1 X66.669 Y91.605 E36.66182
G1 X65.331 Y90.267 E36.82378
G1 X65.331 Y90.995 E36.88608
G1 X66.669 Y92.333 E37.04803
G1 X66.669 Y93.061 E37.11033
G1 X65.331 Y91.723 E37.27229
G1 X65.331 Y92.451 E37.33459
G1 X66.669 Y93.789 E37.49654
G1 X66.669 Y94.517 E37.55884
G1 X65.331 Y93.179 E37.72079
G1 X65.331 Y93.907 E37.78309
G1 X66.669 Y95.245 E37.94505
G1 X66.669 Y95.972 E38.00735
G1 X65.331 Y94.634 E38.1693
G1 X65.331 Y95.362 E38.2316
G1 X66.669 Y96.7 E38.39355
G1 X66.669 Y97.428 E38.45585
G1 X65.331 Y96.09 E38.61781
G1 X65.331 Y96.818 E38.68011
G1 X66.669 Y98.156 E38.84206
G1 X66.669 Y98.884 E38.90436
G1 X65.331 Y97.546 E39.06632
G1 X65.331 Y98.274 E39.12861
G1 X66.669 Y99.612 E39.29057
G1 X66.669 Y100.34 E39.35287
G1 X65.331 Y99.002 E39.51482
G1 X65.331 Y99.73 E39.57712
G1 X66.669 Y101.068 E39.73908
G1 X66.669 Y101.795 E39.80137
G1 X65.331 Y100.457 E39.96333
G1 X65.331 Y101.185 E40.02563
G1 X66.669 Y102.523 E40.18758
G1 X66.669 Y103.251 E40.24988
G1 X65.331 Y101.913 E40.41184
G1 X65.331 Y102.641 E40.47414
G1 X66.669 Y103.979 E40.63609
G1 X66.669 Y104.707 E40.69839
G1 X65.331 Y103.369 E40.86034
G1 X65.331 Y104.097 E40.92264
G1 X66.669 Y105.435 E41.0846
G1 X66.669 Y106.163 E41.1469
G1 X65.331 Y104.825 E41.30885
G1 X65.331 Y105.552 E41.37115
G1 X66.669 Y106.89 E41.5331
G1 X66.669 Y107.618 E41.5954
G1 X65.331 Y106.28 E41.75736
G1 X65.331 Y107.008 E41.81966
G1 X66.669 Y108.346 E41.98161
G1 X66.669 Y109.074 E42.04391
G1 X65.331 Y107.736 E42.20587
G1 X65.331 Y108.464 E42.26816
G1 X66.669 Y109.802 E42.43012
G1 X66.669 Y110.53 E42.49242
G1 X65.331 Y109.192 E42.65437
G1 X65.331 Y109.92 E42.71667
G1 X66.669 Y111.258 E42.87863
G1 X66.669 Y111.985 E42.94093
G1 X65.331 Y110.647 E43.10288
G1 X65.331 Y111.375 E43.16518
G1 X66.669 Y112.713 E43.32713
G1 X66.669 Y113.441 E43.38943
G1 X65.331 Y112.103 E43.55139
G1 X65.331 Y112.831 E43.61369
G1 X66.669 Y114.169 E43.77564
G1 X66.669 Y114.897 E43.83794
G1 X65.331 Y113.559 E43.9999
G1 X65.331 Y113.831 E44.02318
G1 X64.875 Y113.831 E44.06219
G1 X66.669 Y115.625 E44.27932
G1 X66.669 Y116.353 E44.34162
G1 X64.147 Y113.831 E44.64685
G1 X63.419 Y113.831 E44.70914
G1 X66.669 Y117.081 E45.10248
G1 X66.669 Y117.808 E45.16478
G1 X62.692 Y113.831 E45.64621
G1 X61.964 Y113.831 E45.70851
G1 X66.669 Y118.536 E46.27805
G1 X66.669 Y119.264 E46.34035
G1 X61.236 Y113.831 E46.99799
G1 X60.508 Y113.831 E47.06029
G1 X66.669 Y119.992 E47.80603
G1 X66.669 Y120.72 E47.86833
G1 X59.78 Y113.831 E48.70218
G1 X59.052 Y113.831 E48.76448
G1 X66.669 Y121.448 E49.68643
G1 X66.669 Y122.176 E49.74873
G1 X58.324 Y113.831 E50.75879
G1 X57.597 Y113.831 E50.82109
G1 X66.669 Y122.903 E51.91925
G1 X66.669 Y123.631 E51.98155
G1 X56.869 Y113.831 E53.16781
G1 X56.141 Y113.831 E53.23011
G1 X66.669 Y124.359 E54.50448
G1 X66.669 Y125.087 E54.56678
G1 X55.413 Y113.831 E55.92925
G1 X54.685 Y113.831 E55.99154
G1 X66.669 Y125.815 E57.44212
G1 X66.669 Y126.543 E57.50442
G1 X53.957 Y113.831 E59.0431
G1 X53.331 Y113.831 E59.0967
G1 X53.331 Y113.933 E59.10539
G1 X66.669 Y127.271 E60.71988
G1 X66.669 Y127.998 E60.78218
G1 X53.331 Y114.66 E62.39666
G1 X53.331 Y115.388 E62.45896
G1 X66.669 Y128.726 E64.07345
G1 X66.669 Y129.454 E64.13574
G1 X53.331 Y116.116 E65.75023
G1 X53.331 Y116.844 E65.81253
G1 X66.669 Y130.182 E67.42701
G1 X66.669 Y130.91 E67.48931
G1 X53.331 Y117.572 E69.10379
G1 X53.331 Y118.3 E69.16609
G1 X66.669 Y131.638 E70.78058
G1 X66.669 Y132.366 E70.84288
G1 X53.331 Y119.028 E72.45736
G1 X53.331 Y119.756 E72.51966
G1 X66.669 Y133.093 E74.13414
G1 X66.669 Y133.821 E74.19644
G1 X53.331 Y120.483 E75.81093
G1 X53.331 Y121.211 E75.87323
G1 X66.669 Y134.549 E77.48771
G1 X66.669 Y135.277 E77.55001
G1 X53.331 Y121.939 E79.16449
G1 X53.331 Y122.667 E79.22679
G1 X66.669 Y136.005 E80.84128
G1 X66.669 Y136.733 E80.90358
G1 X53.331 Y123.395 E82.51806
G1 X53.331 Y124.123 E82.58036
G1 X66.669 Y137.461 E84.19484
G1 X66.669 Y138.189 E84.25714
G1 X53.331 Y124.851 E85.87163
G1 X53.331 Y125.578 E85.93393
G1 X57.957 Y130.204 E86.49385
G1 X57.71 Y130.173 E86.51515
G1 X57.208 Y130.184 E86.55808
G1 X53.331 Y126.306 E87.02742
G1 X53.331 Y127.034 E87.08972
G1 X56.593 Y130.296 E87.48452
G1 X56.061 Y130.492 E87.53304
G1 X53.331 Y127.762 E87.86345
G1 X53.331 Y128.49 E87.92575
G1 X55.603 Y130.762 E88.20079
G1 X55.206 Y131.093 E88.24502
G1 X53.331 Y129.218 E88.47203
G1 X53.331 Y129.946 E88.53433
G1 X54.864 Y131.479 E88.7199
G1 X54.691 Y131.704 E88.74421
G1 X54.574 Y131.916 E88.76498
G1 X53.331 Y130.673 E88.91542
G1 X53.331 Y131.401 E88.97772
G1 X54.349 Y132.42 E89.10099
G1 X54.207 Y133.005 E89.15254
G1 X53.331 Y132.129 E89.25852
G1 X53.331 Y132.857 E89.32082
G1 X54.17 Y133.696 E89.42238
G1 X54.268 Y134.33 E89.47727
G1 X54.376 Y134.63 E89.50455
G1 X53.331 Y133.585 E89.63103
G1 X53.331 Y134.313 E89.69332
G1 X61.187 Y142.169 E90.64427
G1 X61.915 Y142.169 E90.70657
G1 X56.382 Y136.636 E91.37631
G1 X56.48 Y136.675 E91.38537
G1 X57.08 Y136.811 E91.438
G1 X57.291 Y136.817 E91.45607
G1 X62.643 Y142.169 E92.10387
G1 X63.371 Y142.169 E92.16617
G1 X57.988 Y136.786 E92.81772
G1 X58.33 Y136.732 E92.84734
G1 X58.574 Y136.644 E92.86954
G1 X64.099 Y142.169 E93.53828
G1 X64.827 Y142.169 E93.60058
G1 X59.082 Y136.424 E94.29595
G1 X59.443 Y136.21 E94.3319
G1 X59.527 Y136.141 E94.34118
G1 X65.554 Y142.169 E95.07079
G1 X66.282 Y142.169 E95.13309
G1 X59.909 Y135.795 E95.90458
G1 X60.083 Y135.61 E95.92639
G1 X60.232 Y135.391 E95.94905
G1 X67.01 Y142.169 E96.76952
G1 X67.738 Y142.169 E96.83182
G1 X60.5 Y134.931 E97.70789
G1 X60.674 Y134.531 E97.74521
G1 X60.702 Y134.405 E97.75628
G1 X68.466 Y142.169 E98.69607
G1 X69.194 Y142.169 E98.75837
G1 X67.856 Y140.831 E98.92033
G1 X68.584 Y140.831 E98.98263
G1 X69.922 Y142.169 E99.14458
G1 X70.649 Y142.169 E99.20688
G1 X69.311 Y140.831 E99.36884
G1 X70.039 Y140.831 E99.43113
G1 X71.377 Y142.169 E99.59309
G1 X72.105 Y142.169 E99.65539
G1 X70.767 Y140.831 E99.81734
G1 X71.495 Y140.831 E99.87964
G1 X72.833 Y142.169 E100.0416
G1 X73.561 Y142.169 E100.10389
G1 X72.223 Y140.831 E100.26585
G1 X72.951 Y140.831 E100.32815
G1 X74.289 Y142.169 E100.4901
G1 X75.017 Y142.169 E100.5524
G1 X73.679 Y140.831 E100.71436
G1 X74.407 Y140.831 E100.77666
G1 X75.744 Y142.169 E100.93861
G1 X76.472 Y142.169 E101.00091
G1 X75.134 Y140.831 E101.16286
G1 X75.862 Y140.831 E101.22516
G1 X77.2 Y142.169 E101.38712
G1 X77.928 Y142.169 E101.44942
G1 X76.59 Y140.831 E101.61137
G1 X77.318 Y140.831 E101.67367
G1 X78.656 Y142.169 E101.83563
G1 X79.384 Y142.169 E101.89792
G1 X78.046 Y140.831 E102.05988
G1 X78.774 Y140.831 E102.12218
G1 X80.112 Y142.169 E102.28413
G1 X80.84 Y142.169 E102.34643
G1 X79.502 Y140.831 E102.50839
G1 X80.229 Y140.831 E102.57069
G1 X81.567 Y142.169 E102.73264
G1 X82.295 Y142.169 E102.79494
G1 X80.957 Y140.831 E102.95689
G1 X81.685 Y140.831 E103.01919
G1 X83.023 Y142.169 E103.18115
G1 X83.751 Y142.169 E103.24345
G1 X82.413 Y140.831 E103.4054
G1 X83.141 Y140.831 E103.4677
G1 X84.479 Y142.169 E103.62966
G1 X85.207 Y142.169 E103.69195
G1 X83.869 Y140.831 E103.85391
G1 X84.597 Y140.831 E103.91621
G1 X85.935 Y142.169 E104.07816
G1 X86.662 Y142.169 E104.14046
G1 X85.324 Y140.831 E104.30242
G1 X86.052 Y140.831 E104.36472
G1 X87.39 Y142.169 E104.52667
G1 X88.118 Y142.169 E104.58897
G1 X86.78 Y140.831 E104.75092
G1 X87.508 Y140.831 E104.81322
G1 X88.846 Y142.169 E104.97518
G1 X89.574 Y142.169 E105.03748
G1 X88.236 Y140.831 E105.19943
G1 X88.964 Y140.831 E105.26173
G1 X90.302 Y142.169 E105.42369
G1 X91.03 Y142.169 E105.48598
G1 X89.692 Y140.831 E105.64794
G1 X90.419 Y140.831 E105.71024
G1 X91.757 Y142.169 E105.87219
G1 X92.485 Y142.169 E105.93449
G1 X91.147 Y140.831 E106.09645
G1 X91.875 Y140.831 E106.15875
G1 X93.213 Y142.169 E106.3207
G1 X93.941 Y142.169 E106.383
G1 X92.603 Y140.831 E106.54495
G1 X93.331 Y140.831 E106.60725
G1 X94.669 Y142.169 E106.76921
G1 X95.397 Y142.169 E106.83151
G1 X94.059 Y140.831 E106.99346
G1 X94.787 Y140.831 E107.05576
G1 X96.125 Y142.169 E107.21772
G1 X96.853 Y142.169 E107.28001
G1 X95.515 Y140.831 E107.44197
G1 X96.242 Y140.831 E107.50427
G1 X97.58 Y142.169 E107.66622
G1 X98.308 Y142.169 E107.72852
G1 X96.97 Y140.831 E107.89048
G1 X97.698 Y140.831 E107.95278
G1 X99.036 Y142.169 E108.11473
G1 X99.764 Y142.169 E108.17703
G1 X98.426 Y140.831 E108.33898
G1 X99.154 Y140.831 E108.40128
G1 X100.492 Y142.169 E108.56324
G1 X101.22 Y142.169 E108.62554
G1 X99.882 Y140.831 E108.78749
G1 X100.61 Y140.831 E108.84979
G1 X101.948 Y142.169 E109.01175
G1 X102.675 Y142.169 E109.07404
G1 X101.337 Y140.831 E109.236
G1 X102.065 Y140.831 E109.2983
G1 X103.403 Y142.169 E109.46025
G1 X104.131 Y142.169 E109.52255
G1 X102.793 Y140.831 E109.68451
G1 X103.521 Y140.831 E109.7468
G1 X104.859 Y142.169 E109.90876
G1 X105.587 Y142.169 E109.97106
G1 X104.249 Y140.831 E110.13301
G1 X104.977 Y140.831 E110.19531
G1 X106.315 Y142.169 E110.35727
G1 X107.043 Y142.169 E110.41957
G1 X105.705 Y140.831 E110.58152
G1 X106.432 Y140.831 E110.64382
G1 X107.77 Y142.169 E110.80577
G1 X108.498 Y142.169 E110.86807
G1 X107.16 Y140.831 E111.03003
G1 X107.888 Y140.831 E111.09233
G1 X109.226 Y142.169 E111.25428
G1 X109.954 Y142.169 E111.31658
G1 X108.616 Y140.831 E111.47854
G1 X109.344 Y140.831 E111.54083
G1 X110.682 Y142.169 E111.70279
G1 X111.41 Y142.169 E111.76509
G1 X110.072 Y140.831 E111.92704
G1 X110.8 Y140.831 E111.98934
G1 X112.138 Y142.169 E112.1513
G1 X112.866 Y142.169 E112.21359
G1 X111.528 Y140.831 E112.37555
G1 X112.255 Y140.831 E112.43785
G1 X113.593 Y142.169 E112.5998
G1 X114.321 Y142.169 E112.6621
G1 X112.983 Y140.831 E112.82406
G1 X113.711 Y140.831 E112.88636
G1 X115.049 Y142.169 E113.04831
G1 X115.777 Y142.169 E113.11061
G1 X114.439 Y140.831 E113.27256
G1 X115.167 Y140.831 E113.33486
G1 X116.505 Y142.169 E113.49682
G1 X117.233 Y142.169 E113.55912
G1 X115.895 Y140.831 E113.72107
G1 X116.623 Y140.831 E113.78337
G1 X117.961 Y142.169 E113.94533
G1 X118.688 Y142.169 E114.00762
G1 X117.35 Y140.831 E114.16958
G1 X118.078 Y140.831 E114.23188
G1 X119.416 Y142.169 E114.39383
G1 X120.144 Y142.169 E114.45613
G1 X118.806 Y140.831 E114.61809
G1 X119.534 Y140.831 E114.68038
G1 X120.872 Y142.169 E114.84234
G1 X121.6 Y142.169 E114.90464
G1 X120.262 Y140.831 E115.06659
G1 X120.99 Y140.831 E115.12889
G1 X122.328 Y142.169 E115.29085
G1 X123.056 Y142.169 E115.35315
G1 X121.718 Y140.831 E115.5151
G1 X122.445 Y140.831 E115.5774
G1 X123.783 Y142.169 E115.73935
G1 X124.511 Y142.169 E115.80165
G1 X123.173 Y140.831 E115.96361
G1 X123.901 Y140.831 E116.02591
G1 X125.239 Y142.169 E116.18786
G1 X125.967 Y142.169 E116.25016
G1 X124.629 Y140.831 E116.41212
G1 X125.357 Y140.831 E116.47441
G1 X126.695 Y142.169 E116.63637
G1 X127.423 Y142.169 E116.69867
G1 X126.085 Y140.831 E116.86062
G1 X126.813 Y140.831 E116.92292
G1 X128.151 Y142.169 E117.08488
G1 X128.879 Y142.169 E117.14718
G1 X127.541 Y140.831 E117.30913
G1 X128.268 Y140.831 E117.37143
G1 X129.606 Y142.169 E117.53338
G1 X130.334 Y142.169 E117.59568
G1 X128.996 Y140.831 E117.75764
G1 X129.724 Y140.831 E117.81994
G1 X131.062 Y142.169 E117.98189
G1 X131.79 Y142.169 E118.04419
G1 X130.452 Y140.831 E118.20615
G1 X131.18 Y140.831 E118.26844
G1 X132.518 Y142.169 E118.4304
G1 X133.246 Y142.169 E118.4927
G1 X131.908 Y140.831 E118.65465
G1 X132.636 Y140.831 E118.71695
G1 X133.974 Y142.169 E118.87891
G1 X134.669 Y142.169 E118.93843
G1 X134.669 Y142.137 E118.9412
G1 X133.363 Y140.831 E119.09924
G1 X134.091 Y140.831 E119.16153
G1 X134.9 Y141.64 E119.25947
G1 E116.25947 F2400
G92 E0
G1 X66.9 Y139.148 F7800
G1 E3 F2400
G1 F1200
G1 X60.79 Y133.038 E3.73958
G1 X60.83 Y133.29 E3.76148
G1 X60.815 Y133.79 E3.80426
G1 X66.9 Y139.876 E4.54089
G1 E1.54089 F2400
G92 E0
G1 X60.691 Y142.4 F7800
G1 E3 F2400
G1 F1200
G1 X53.331 Y135.041 E3.89085
G1 X53.331 Y135.769 E3.95315
G1 X59.732 Y142.169 E4.72789
G1 X59.004 Y142.169 E4.79019
G1 X53.331 Y136.496 E5.47683
G1 X53.331 Y137.224 E5.53913
G1 X58.276 Y142.169 E6.13766
G1 X57.548 Y142.169 E6.19996
G1 X53.331 Y137.952 E6.71039
G1 X53.331 Y138.68 E6.77269
G1 X56.82 Y142.169 E7.19502
G1 X56.092 Y142.169 E7.25732
G1 X53.331 Y139.408 E7.59154
G1 X53.331 Y140.136 E7.65384
G1 X55.364 Y142.169 E7.89996
G1 X54.636 Y142.169 E7.96226
G1 X53.331 Y140.864 E8.12028
G1 X53.331 Y141.591 E8.18258
G1 X54.14 Y142.4 E8.2805
G1 E5.2805 F2400
G92 E0
G1 X53 Y113.132 F7800
G1 E3 F2400
;TYPE:Gap fill
;WIDTH:0.821683
G1 F1200
G1 X53 Y84.868 E6.45871
G1 X54.159 Y84.4 F7800
;TYPE:Top solid infill
;WIDTH:0.609636
G1 F1200
G1 X53.331 Y83.572 E6.56075
G1 X53.331 Y82.831 E6.62528
G1 X54.669 Y84.169 E6.79006
G1 X55.409 Y84.169 E6.85459
G1 X53.331 Y82.091 E7.11063
G1 X53.331 Y81.35 E7.17516
G1 X56.15 Y84.169 E7.52245
G1 X56.891 Y84.169 E7.58698
G1 X53.331 Y80.609 E8.02552
G1 X53.331 Y79.868 E8.09005
G1 X57.632 Y84.169 E8.61985
G1 X58.372 Y84.169 E8.68437
G1 X53.331 Y79.128 E9.30543
G1 X53.331 Y78.387 E9.36995
G1 X59.113 Y84.169 E10.08226
G1 X59.669 Y84.169 E10.13067
G1 X59.669 Y83.984 E10.14678
G1 X53.331 Y77.646 E10.92755
G1 X53.331 Y76.905 E10.99208
G1 X59.669 Y83.243 E11.77284
G1 X59.669 Y82.502 E11.83737
G1 X53.331 Y76.164 E12.61814
G1 X53.331 Y75.424 E12.68266
G1 X59.669 Y81.762 E13.46343
G1 X59.669 Y81.021 E13.52795
G1 X53.331 Y74.683 E14.30872
G1 X53.331 Y73.942 E14.37325
G1 X59.9 Y80.512 E15.18252
G1 E12.18252 F2400
G92 E0
G1 X56.594 Y76.465 F7800
G1 E3 F2400
G1 F1200
G1 X59.669 Y79.539 E3.37879
G1 X59.669 Y78.799 E3.44332
G1 X57.7 Y76.83 E3.68583
G1 X58.34 Y76.729 E3.74221
G1 X59.669 Y78.058 E3.90597
G1 X59.669 Y77.317 E3.97049
G1 X58.884 Y76.532 E4.06715
G1 X59.356 Y76.264 E4.11447
G1 X59.9 Y76.808 E4.18148
G1 X60.076 Y75.041 F7800
;TYPE:Gap fill
;WIDTH:0.463342
G1 F1200
G1 X60.185 Y74.354 E4.22514
;WIDTH:0.45223
G1 X60.203 Y74.189 E4.23527
;WIDTH:0.415729
G1 X60.221 Y74.024 E4.24439
;WIDTH:0.379228
G1 X60.239 Y73.858 E4.25251
;WIDTH:0.342727
G1 X60.241 Y73.834 E4.25354
;WIDTH:0.339696
G1 X60.249 Y73.338 E4.27448
;WIDTH:0.325537
G1 X60.248 Y73.316 E4.27537
;WIDTH:0.362542
G1 X60.23 Y73.081 E4.28622
;WIDTH:0.399547
G1 X60.211 Y72.846 E4.29853
;WIDTH:0.399548
G1 X60.2 Y72.821 E4.29993
;WIDTH:0.384571
G1 X60.186 Y72.796 E4.30133
;WIDTH:0.371346
G1 X60.122 Y72.688 E4.30732
;WIDTH:0.324045
G1 X60.058 Y72.579 E4.31232
;WIDTH:0.276744
G1 X59.994 Y72.47 E4.31633
;WIDTH:0.229442
G1 X59.929 Y72.362 E4.31934
;WIDTH:0.182142
G1 X59.924 Y72.354 E4.31949
;WIDTH:0.17959
G1 X59.861 Y72.267 E4.32118
G1 X59.779 Y71.214 F7800
;WIDTH:0.172561
G1 F1200
G1 X59.735 Y71.114 E4.32275
;WIDTH:0.196103
G1 X59.724 Y71.09 E4.32324
;WIDTH:0.196104
G1 X59.558 Y70.985 E4.32683
G1 E1.32683 F2400
G92 E0
G1 X59.9 Y68.659 F7800
G1 E3 F2400
;TYPE:Top solid infill
;WIDTH:0.609636
G1 F1200
G1 X59.072 Y67.831 E3.10205
G1 X58.331 Y67.831 E3.16658
G1 X59.669 Y69.169 E3.33138
G1 X59.669 Y69.91 E3.39591
G1 X57.59 Y67.831 E3.65196
G1 X56.85 Y67.831 E3.71649
G1 X59.438 Y70.419 E4.03534
G1 X59.275 Y70.676 E4.06181
G1 X58.728 Y70.397 E4.11526
G1 X58.654 Y70.376 E4.12205
G1 X56.109 Y67.831 E4.43552
G1 X55.368 Y67.831 E4.50004
G1 X57.71 Y70.173 E4.78856
G1 X57.279 Y70.173 E4.8261
G1 X57.011 Y70.214 E4.84976
G1 X54.627 Y67.831 E5.14337
G1 X53.887 Y67.831 E5.2079
G1 X56.415 Y70.36 E5.5194
G1 X56.079 Y70.481 E5.55051
G1 X55.901 Y70.586 E5.56855
G1 X53.331 Y68.016 E5.88514
G1 X53.331 Y68.757 E5.94966
G1 X55.451 Y70.877 E6.21087
G1 X55.059 Y71.226 E6.25657
G1 X53.331 Y69.498 E6.46947
G1 X53.331 Y70.238 E6.534
G1 X54.737 Y71.644 E6.70714
G1 X54.469 Y72.117 E6.7545
G1 X53.331 Y70.979 E6.8947
G1 X53.331 Y71.72 E6.95923
G1 X54.281 Y72.67 E7.0763
G1 X54.189 Y73.082 E7.11303
G1 X54.182 Y73.312 E7.13308
G1 X53.331 Y72.461 E7.23793
G1 X53.331 Y73.201 E7.30245
G1 X54.544 Y74.415 E7.45193
G1 E4.45193 F2400
G92 E0
G1 X111.889 Y75.19 F7800
G1 E3 F2400
;TYPE:Perimeter
;WIDTH:0.675
G1 F1800
G1 X111.631 Y75.509 E3.04026
G1 X111.224 Y75.87 E3.09362
G1 X110.748 Y76.152 E3.14778
G1 X110.229 Y76.339 E3.20183
G1 X109.684 Y76.425 E3.25587
G1 X109.133 Y76.408 E3.30992
G1 X108.594 Y76.287 E3.36397
G1 X108.088 Y76.068 E3.41801
G1 X107.632 Y75.758 E3.47206
G1 X107.252 Y75.379 E3.52467
G1 X107.028 Y75.07 E3.56209
G1 X106.847 Y74.742 E3.59873
G1 X106.661 Y74.23 E3.6521
G1 X106.575 Y73.684 E3.70625
G1 X106.592 Y73.133 E3.7603
G1 X106.709 Y72.609 E3.81291
G1 X106.85 Y72.254 E3.85033
G1 X107.03 Y71.926 E3.88697
G1 X107.363 Y71.494 E3.94034
G1 X107.777 Y71.129 E3.9945
G1 X108.252 Y70.848 E4.04854
G1 X108.772 Y70.661 E4.1027
G1 X109.31 Y70.577 E4.15606
G1 X109.684 Y70.577 E4.1927
G1 X110.063 Y70.625 E4.23013
G1 X110.579 Y70.775 E4.28274
G1 X111.07 Y71.025 E4.33678
G1 X111.506 Y71.364 E4.39083
G1 X111.871 Y71.777 E4.44488
G1 X112.152 Y72.252 E4.49892
G1 X112.339 Y72.771 E4.55297
G1 X112.425 Y73.316 E4.60702
G1 X112.408 Y73.867 E4.66106
G1 X112.287 Y74.406 E4.71511
G1 X112.074 Y74.898 E4.76772
G1 X111.938 Y75.114 E4.79268
G1 X111.392 Y74.874 F7800
;TYPE:External perimeter
G1 F1800
G1 X111.206 Y75.099 E4.82125
G1 X110.875 Y75.392 E4.86459
G1 X110.496 Y75.616 E4.90776
G1 X110.082 Y75.766 E4.9509
G1 X109.647 Y75.834 E4.99403
G1 X109.207 Y75.821 E5.03717
G1 X108.777 Y75.725 E5.0803
G1 X108.373 Y75.55 E5.12343
G1 X108.009 Y75.302 E5.16657
G1 X107.702 Y74.995 E5.20918
G1 X107.526 Y74.753 E5.23845
G1 X107.385 Y74.498 E5.26699
G1 X107.235 Y74.082 E5.31033
G1 X107.166 Y73.647 E5.3535
G1 X107.179 Y73.207 E5.39663
G1 X107.274 Y72.782 E5.43924
G1 X107.384 Y72.505 E5.46852
G1 X107.524 Y72.249 E5.49705
G1 X107.795 Y71.899 E5.54039
G1 X108.125 Y71.608 E5.58356
G1 X108.504 Y71.384 E5.6267
G1 X108.919 Y71.234 E5.66987
G1 X109.356 Y71.166 E5.71321
G1 X109.647 Y71.166 E5.74174
G1 X109.943 Y71.204 E5.77102
G1 X110.361 Y71.325 E5.81363
G1 X110.753 Y71.525 E5.85676
G1 X111.101 Y71.795 E5.8999
G1 X111.392 Y72.125 E5.94303
G1 X111.616 Y72.504 E5.98616
G1 X111.766 Y72.918 E6.0293
G1 X111.834 Y73.353 E6.07243
G1 X111.821 Y73.793 E6.11556
G1 X111.725 Y74.223 E6.1587
G1 X111.552 Y74.622 E6.20131
G1 X111.44 Y74.798 E6.22173
G1 X111.513 Y75.139 F7800
G1 E3.22173 F2400
G92 E0
G1 X108.927 Y82.573 F7800
G1 E3 F2400
;TYPE:Perimeter
G1 F4800
G1 X105.927 Y82.573 E3.29393
G1 X105.927 Y67.427 E4.77797
G1 X113.073 Y67.427 E5.47818
G1 X113.073 Y123.573 E10.9793
G1 X108.927 Y123.573 E11.38558
G1 X108.927 Y82.663 E15.39384
G1 X108.338 Y83.162 F7800
;TYPE:External perimeter
G1 F2400
G1 X105.338 Y83.162 E15.68778
G1 X105.338 Y66.837 E17.28726
G1 X113.663 Y66.837 E18.10293
G1 X113.663 Y124.163 E23.71949
G1 X108.338 Y124.163 E24.24122
G1 X108.338 Y83.252 E28.24948
G1 X108.312 Y82.563 F7800
G1 X108.799 Y82.4
;TYPE:Top solid infill
;WIDTH:0.605033
G1 F1200
G1 X106.331 Y79.932 E28.55083
G1 X106.331 Y80.667 E28.61423
G1 X107.833 Y82.169 E28.79767
G1 X107.099 Y82.169 E28.86107
G1 X106.331 Y81.401 E28.95485
G1 X106.331 Y82.135 E29.01825
G1 X106.596 Y82.4 E29.05063
G1 E26.05063 F2400
G92 E0
G1 X106.221 Y74.51 F7800
G1 E3 F2400
;TYPE:Gap fill
;WIDTH:0.276556
G1 F1200
G1 X106.497 Y74.909 E3.01536
;WIDTH:0.271233
G1 X106.579 Y75.019 E3.0196
;WIDTH:0.236436
G1 X106.662 Y75.128 E3.02304
;WIDTH:0.201639
G1 X106.745 Y75.238 E3.02569
G1 X106.41 Y74.953 F7800
;WIDTH:0.375489
G1 F1200
G1 X106.373 Y74.745 E3.03582
;WIDTH:0.331748
G1 X106.337 Y74.538 E3.04443
;WIDTH:0.288006
G1 X106.3 Y74.331 E3.0515
;WIDTH:0.244267
G1 X106.299 Y74.316 E3.0519
;WIDTH:0.240471
G1 X106.279 Y74.062 E3.05845
;WIDTH:0.203656
G1 X106.259 Y73.808 E3.06345
G1 X106.257 Y73.116 F7800
;WIDTH:0.209271
G1 F1200
G1 X106.28 Y72.91 E3.06769
;WIDTH:0.251702
G1 X106.303 Y72.705 E3.0734
;WIDTH:0.294133
G1 X106.325 Y72.499 E3.08056
;WIDTH:0.299115
G1 X106.328 Y72.482 E3.08116
;WIDTH:0.339511
G1 X106.348 Y72.377 E3.0857
;WIDTH:0.379909
G1 X106.368 Y72.271 E3.09098
;WIDTH:0.420306
G1 X106.388 Y72.165 E3.09697
;WIDTH:0.460704
G1 X106.409 Y72.059 E3.10369
;WIDTH:0.471292
G1 X106.523 Y71.549 E3.13717
G1 X107.262 Y71.353 F7800
;TYPE:Top solid infill
;WIDTH:0.620021
G1 F1200
G1 X106.331 Y70.422 E3.25411
G1 X106.331 Y69.667 E3.32122
G1 X107.499 Y70.835 E3.46801
G1 X107.967 Y70.547 E3.51678
G1 X106.331 Y68.911 E3.72231
G1 X106.331 Y68.156 E3.78942
G1 X108.503 Y70.328 E4.06232
G1 X108.672 Y70.267 E4.07822
G1 X109.127 Y70.196 E4.11917
G1 X106.762 Y67.831 E4.41632
G1 X107.517 Y67.831 E4.48343
G1 X109.881 Y70.195 E4.78038
G1 X110.146 Y70.228 E4.80408
G1 X110.728 Y70.397 E4.858
G1 X110.954 Y70.512 E4.88049
G1 X108.273 Y67.831 E5.21735
G1 X109.028 Y67.831 E5.28446
G1 X112.669 Y71.472 E5.74187
G1 X112.669 Y70.716 E5.80898
G1 X109.784 Y67.831 E6.17147
G1 X110.539 Y67.831 E6.23858
G1 X112.669 Y69.961 E6.50617
G1 X112.669 Y69.206 E6.57328
G1 X111.294 Y67.831 E6.74596
G1 X112.05 Y67.831 E6.81307
G1 X112.9 Y68.681 E6.91992
G1 E3.91992 F2400
G92 E0
G1 X112.34 Y71.919 F7800
G1 E3 F2400
;TYPE:Gap fill
;WIDTH:0.200653
G1 F1200
G1 X112.469 Y72.097 E3.0042
;WIDTH:0.203777
G1 X112.475 Y72.106 E3.00442
;WIDTH:0.247673
G1 X112.535 Y72.207 E3.00757
;WIDTH:0.29157
G1 X112.594 Y72.308 E3.01158
;WIDTH:0.335466
G1 X112.654 Y72.409 E3.01644
;WIDTH:0.335467
G1 X112.677 Y72.54 E3.02197
;WIDTH:0.289717
G1 X112.7 Y72.671 E3.02648
;WIDTH:0.243969
G1 X112.702 Y72.685 E3.02687
;WIDTH:0.240245
G1 X112.722 Y72.939 E3.03339
;WIDTH:0.203543
G1 X112.741 Y73.192 E3.03837
G1 X112.743 Y73.884 F7800
;WIDTH:0.210695
G1 F1200
G1 X112.719 Y74.096 E3.0428
;WIDTH:0.254549
G1 X112.696 Y74.308 E3.04878
;WIDTH:0.298404
G1 X112.672 Y74.52 E3.05632
;WIDTH:0.304852
G1 X112.669 Y74.541 E3.05707
;WIDTH:0.30576
G1 X112.669 Y74.543 E3.05715
;WIDTH:0.305758
G1 X112.576 Y74.695 E3.06368
;WIDTH:0.259452
G1 X112.483 Y74.847 E3.06883
;WIDTH:0.213146
G1 X112.389 Y74.999 E3.0726
G1 X112.9 Y76.222 F7800
;TYPE:Top solid infill
;WIDTH:0.605033
G1 F1200
G1 X112.17 Y75.492 E3.16178
G1 X111.923 Y75.791 E3.19527
G1 X111.823 Y75.879 E3.20678
G1 X112.669 Y76.725 E3.31005
G1 X112.669 Y77.459 E3.37344
G1 X111.429 Y76.219 E3.5249
G1 X110.967 Y76.492 E3.57118
G1 X112.669 Y78.194 E3.77898
G1 X112.669 Y78.928 E3.84238
G1 X110.435 Y76.694 E4.11513
G1 X110.33 Y76.732 E4.1248
G1 X109.82 Y76.813 E4.1694
G1 X112.669 Y79.662 E4.51731
G1 X112.669 Y80.396 E4.58071
G1 X109.083 Y76.811 E5.01855
G1 X108.469 Y76.674 E5.0729
G1 X108.016 Y76.478 E5.1155
G1 X112.669 Y81.131 E5.68366
G1 X112.669 Y81.865 E5.74706
G1 X106.632 Y75.828 E6.48416
G1 X106.584 Y75.865 E6.48943
G1 X106.501 Y75.755 E6.5013
G1 X106.487 Y75.766 E6.5028
G1 X106.331 Y75.587 E6.5233
G1 X106.331 Y76.261 E6.58152
G1 X112.669 Y82.599 E7.35543
G1 X112.669 Y83.333 E7.41883
G1 X106.331 Y76.995 E8.19273
G1 X106.331 Y77.73 E8.25613
G1 X112.669 Y84.068 E9.03003
G1 X112.669 Y84.802 E9.09343
G1 X106.331 Y78.464 E9.86734
G1 X106.331 Y79.198 E9.93073
G1 X112.669 Y85.536 E10.70464
G1 X112.669 Y86.27 E10.76803
G1 X109.331 Y82.932 E11.17562
G1 X109.331 Y83.667 E11.23902
G1 X112.669 Y87.005 E11.64661
G1 X112.669 Y87.739 E11.71
G1 X109.331 Y84.401 E12.11759
G1 X109.331 Y85.135 E12.18099
G1 X112.669 Y88.473 E12.58857
G1 X112.669 Y89.207 E12.65197
G1 X109.331 Y85.869 E13.05956
G1 X109.331 Y86.604 E13.12296
G1 X112.669 Y89.942 E13.53054
G1 X112.669 Y90.676 E13.59394
G1 X109.331 Y87.338 E14.00153
G1 X109.331 Y88.072 E14.06492
G1 X112.669 Y91.41 E14.47251
G1 X112.669 Y92.144 E14.53591
G1 X109.331 Y88.806 E14.9435
G1 X109.331 Y89.541 E15.00689
G1 X112.669 Y92.879 E15.41448
G1 X112.669 Y93.613 E15.47788
G1 X109.331 Y90.275 E15.88546
G1 X109.331 Y91.009 E15.94886
G1 X112.669 Y94.347 E16.35645
G1 X112.669 Y95.081 E16.41985
G1 X109.331 Y91.743 E16.82743
G1 X109.331 Y92.478 E16.89083
G1 X112.669 Y95.816 E17.29842
G1 X112.669 Y96.55 E17.36181
G1 X109.331 Y93.212 E17.7694
G1 X109.331 Y93.946 E17.8328
G1 X112.669 Y97.284 E18.24039
G1 X112.669 Y98.018 E18.30378
G1 X109.331 Y94.68 E18.71137
G1 X109.331 Y95.415 E18.77477
G1 X112.669 Y98.753 E19.18235
G1 X112.669 Y99.487 E19.24575
G1 X109.331 Y96.149 E19.65334
G1 X109.331 Y96.883 E19.71673
G1 X112.669 Y100.221 E20.12432
G1 X112.669 Y100.955 E20.18772
G1 X109.331 Y97.617 E20.59531
G1 X109.331 Y98.352 E20.6587
G1 X112.669 Y101.69 E21.06629
G1 X112.669 Y102.424 E21.12969
G1 X109.331 Y99.086 E21.53728
G1 X109.331 Y99.82 E21.60067
G1 X112.669 Y103.158 E22.00826
G1 X112.669 Y103.892 E22.07166
G1 X109.331 Y100.554 E22.47924
G1 X109.331 Y101.289 E22.54264
G1 X112.669 Y104.627 E22.95023
G1 X112.669 Y105.361 E23.01362
G1 X109.331 Y102.023 E23.42121
G1 X109.331 Y102.757 E23.48461
G1 X112.669 Y106.095 E23.8922
G1 X112.669 Y106.829 E23.95559
G1 X109.331 Y103.491 E24.36318
G1 X109.331 Y104.226 E24.42658
G1 X112.669 Y107.564 E24.83416
G1 X112.669 Y108.298 E24.89756
G1 X109.331 Y104.96 E25.30515
G1 X109.331 Y105.694 E25.36855
G1 X112.669 Y109.032 E25.77613
G1 X112.669 Y109.766 E25.83953
G1 X109.331 Y106.428 E26.24712
G1 X109.331 Y107.163 E26.31051
G1 X112.669 Y110.501 E26.7181
G1 X112.669 Y111.235 E26.7815
G1 X109.331 Y107.897 E27.18909
G1 X109.331 Y108.631 E27.25248
G1 X112.669 Y111.969 E27.66007
G1 X112.669 Y112.703 E27.72347
G1 X109.331 Y109.365 E28.13105
G1 X109.331 Y110.1 E28.19445
G1 X112.669 Y113.438 E28.60204
G1 X112.669 Y114.172 E28.66543
G1 X109.331 Y110.834 E29.07302
G1 X109.331 Y111.568 E29.13642
G1 X112.669 Y114.906 E29.54401
G1 X112.669 Y115.64 E29.6074
G1 X109.331 Y112.302 E30.01499
G1 X109.331 Y113.037 E30.07839
G1 X112.669 Y116.375 E30.48597
G1 X112.669 Y117.109 E30.54937
G1 X109.331 Y113.771 E30.95696
G1 X109.331 Y114.505 E31.02036
G1 X112.669 Y117.843 E31.42794
G1 X112.669 Y118.577 E31.49134
G1 X109.331 Y115.239 E31.89893
G1 X109.331 Y115.974 E31.96232
G1 X112.669 Y119.312 E32.36991
G1 X112.669 Y120.046 E32.43331
G1 X109.331 Y116.708 E32.8409
G1 X109.331 Y117.442 E32.90429
G1 X112.669 Y120.78 E33.31188
G1 X112.669 Y121.514 E33.37528
G1 X109.331 Y118.176 E33.78286
G1 X109.331 Y118.911 E33.84626
G1 X112.669 Y122.249 E34.25385
G1 X112.669 Y122.983 E34.31724
G1 X109.331 Y119.645 E34.72483
G1 X109.331 Y120.379 E34.78823
G1 X112.121 Y123.169 E35.12889
G1 X111.387 Y123.169 E35.19229
G1 X109.331 Y121.113 E35.4433
G1 X109.331 Y121.848 E35.50669
G1 X110.652 Y123.169 E35.66804
G1 X109.918 Y123.169 E35.73144
G1 X109.1 Y122.35 E35.83139
G1 E32.83139 F2400
G92 E0
G1 X149.284 Y116.22 F7800
G1 E3 F2400
;TYPE:External perimeter
;WIDTH:0.675
G1 F1800
G1 X149.234 Y116.082 E3.01442
G1 X149.166 Y115.647 E3.05755
G1 X149.179 Y115.207 E3.10069
G1 X149.274 Y114.782 E3.1433
G1 X149.384 Y114.505 E3.17258
G1 X149.524 Y114.249 E3.20111
G1 X149.795 Y113.899 E3.24445
G1 X150.125 Y113.608 E3.28762
G1 X150.504 Y113.384 E3.33075
G1 X150.919 Y113.234 E3.37393
G1 X151.356 Y113.166 E3.41727
G1 X151.647 Y113.166 E3.4458
G1 X151.943 Y113.204 E3.47508
G1 X152.361 Y113.325 E3.51769
G1 X152.753 Y113.525 E3.56082
G1 X153.101 Y113.795 E3.60395
G1 X153.392 Y114.125 E3.64709
G1 X153.616 Y114.504 E3.69022
G1 X153.766 Y114.918 E3.73335
G1 X153.834 Y115.353 E3.77649
G1 X153.821 Y115.793 E3.81962
G1 X153.725 Y116.223 E3.86276
G1 X153.552 Y116.622 E3.90537
G1 X153.392 Y116.874 E3.93464
G1 X153.206 Y117.099 E3.96318
G1 X152.875 Y117.392 E4.00651
G1 X152.496 Y117.616 E4.04969
G1 X152.082 Y117.766 E4.09282
G1 X151.647 Y117.834 E4.13595
G1 X151.206 Y117.821 E4.17913
G1 X150.775 Y117.723 E4.22247
G1 X150.504 Y117.616 E4.251
G1 X150.242 Y117.472 E4.28028
G1 X149.899 Y117.205 E4.32289
G1 X149.608 Y116.875 E4.36602
G1 X149.384 Y116.496 E4.40915
G1 X149.315 Y116.305 E4.42905
G1 X149.139 Y116.2 F7800
G1 E1.42905 F2400
G92 E0
G1 X149.392 Y75.53 F7800
G1 E3 F2400
;TYPE:Perimeter
G1 F1800
G1 X149.127 Y75.217 E3.04022
G1 X148.849 Y74.749 E3.09358
G1 X148.661 Y74.229 E3.14774
G1 X148.575 Y73.684 E3.20179
G1 X148.592 Y73.133 E3.25583
G1 X148.709 Y72.609 E3.30844
G1 X148.85 Y72.253 E3.34591
G1 X149.034 Y71.918 E3.38338
G1 X149.364 Y71.494 E3.43598
G1 X149.777 Y71.129 E3.49003
G1 X150.252 Y70.848 E3.54408
G1 X150.772 Y70.661 E3.59823
G1 X151.31 Y70.577 E3.6516
G1 X151.684 Y70.577 E3.68824
G1 X152.063 Y70.625 E3.72566
G1 X152.579 Y70.775 E3.77827
G1 X153.07 Y71.025 E3.83232
G1 X153.506 Y71.364 E3.88637
G1 X153.871 Y71.777 E3.94041
G1 X154.152 Y72.252 E3.99446
G1 X154.339 Y72.771 E4.04851
G1 X154.425 Y73.316 E4.10255
G1 X154.408 Y73.867 E4.1566
G1 X154.287 Y74.406 E4.21065
G1 X154.074 Y74.898 E4.26326
G1 X153.869 Y75.221 E4.30068
G1 X153.631 Y75.509 E4.33732
G1 X153.224 Y75.87 E4.39068
G1 X152.748 Y76.152 E4.44484
G1 X152.229 Y76.339 E4.49889
G1 X151.684 Y76.425 E4.55293
G1 X151.133 Y76.408 E4.60698
G1 X150.594 Y76.287 E4.66103
G1 X150.088 Y76.068 E4.71507
G1 X149.644 Y75.766 E4.76768
G1 X149.458 Y75.592 E4.79268
G1 X149.796 Y75.101 F7800
;TYPE:External perimeter
G1 F1800
G1 X149.61 Y74.876 E4.82122
G1 X149.384 Y74.496 E4.86456
G1 X149.234 Y74.082 E4.90773
G1 X149.166 Y73.647 E4.95086
G1 X149.179 Y73.207 E4.994
G1 X149.274 Y72.782 E5.03661
G1 X149.384 Y72.504 E5.0659
G1 X149.528 Y72.242 E5.09519
G1 X149.795 Y71.899 E5.1378
G1 X150.125 Y71.608 E5.18093
G1 X150.504 Y71.384 E5.22407
G1 X150.919 Y71.234 E5.26724
G1 X151.356 Y71.166 E5.31058
G1 X151.647 Y71.166 E5.33911
G1 X151.943 Y71.204 E5.36839
G1 X152.361 Y71.325 E5.411
G1 X152.753 Y71.525 E5.45413
G1 X153.101 Y71.795 E5.49727
G1 X153.392 Y72.125 E5.5404
G1 X153.616 Y72.504 E5.58353
G1 X153.766 Y72.918 E5.62667
G1 X153.834 Y73.353 E5.6698
G1 X153.821 Y73.793 E5.71293
G1 X153.725 Y74.223 E5.75607
G1 X153.552 Y74.622 E5.79868
G1 X153.392 Y74.874 E5.82795
G1 X153.206 Y75.099 E5.85649
G1 X152.875 Y75.392 E5.89983
G1 X152.496 Y75.616 E5.943
G1 X152.082 Y75.766 E5.98613
G1 X151.647 Y75.834 E6.02927
G1 X151.207 Y75.821 E6.0724
G1 X150.777 Y75.725 E6.11553
G1 X150.373 Y75.55 E6.15867
G1 X150.013 Y75.305 E6.20128
G1 X149.861 Y75.162 E6.22174
G1 X149.513 Y75.17 F7800
G1 E3.22174 F2400
G92 E0
G1 X154.927 Y115.916 F7800
G1 E3 F2400
;TYPE:Perimeter
G1 F4800
G1 X154.578 Y116.219 E3.04522
G1 X154.358 Y116.088 E3.07028
G1 X154.408 Y115.867 E3.09239
G1 X154.425 Y115.316 E3.14643
G1 X154.302 Y114.542 E3.22319
G1 X154.927 Y115.084 E3.30417
G1 X154.927 Y82.573 E6.48948
G1 X147.927 Y82.573 E7.17532
G1 X147.927 Y67.427 E8.65936
G1 X157.073 Y67.427 E9.55553
G1 X157.073 Y124.573 E15.15462
G1 X154.927 Y124.573 E15.36495
G1 X154.927 Y116.006 E16.20435
G1 X154.338 Y117.208 F7800
;TYPE:External perimeter
G1 F2400
G1 X153.355 Y118.06 E16.3318
G1 X153.023 Y118.271 E16.37031
G1 X152.664 Y118.44 E16.40921
G1 X152.286 Y118.562 E16.44811
G1 X151.704 Y118.656 E16.50593
G1 X151.32 Y118.656 E16.54354
G1 X150.907 Y118.606 E16.58429
G1 X150.523 Y118.507 E16.62313
G1 X149.981 Y118.273 E16.68095
G1 X149.657 Y118.068 E16.71856
G1 X149.335 Y117.804 E16.75931
G1 X149.064 Y117.515 E16.79815
G1 X148.83 Y117.194 E16.83705
G1 X148.639 Y116.846 E16.87596
G1 X148.493 Y116.477 E16.91486
G1 X148.394 Y116.093 E16.9537
G1 X148.344 Y115.68 E16.99446
G1 X148.362 Y115.109 E17.05045
G1 X148.438 Y114.714 E17.08988
G1 X148.562 Y114.331 E17.12931
G1 X148.726 Y113.981 E17.16717
G1 X148.942 Y113.642 E17.2066
G1 X149.195 Y113.336 E17.2455
G1 X149.488 Y113.06 E17.28493
G1 X149.977 Y112.729 E17.34272
G1 X150.336 Y112.56 E17.38165
G1 X150.903 Y112.395 E17.4395
G1 X151.302 Y112.344 E17.47887
G1 X151.892 Y112.362 E17.53672
G1 X152.286 Y112.438 E17.57606
G1 X152.846 Y112.639 E17.63437
G1 X153.355 Y112.94 E17.69229
G1 X154.338 Y113.792 E17.81974
G1 X154.338 Y83.162 E20.82079
G1 X147.338 Y83.162 E21.50663
G1 X147.338 Y66.837 E23.10612
G1 X157.663 Y66.837 E24.11774
G1 X157.663 Y125.163 E29.83228
G1 X154.338 Y125.163 E30.15805
G1 X154.338 Y117.298 E30.92865
G1 X153.995 Y116.715 F7800
G1 X153.868 Y116.996
;TYPE:Gap fill
;WIDTH:0.431402
G1 F1200
G1 X153.755 Y117.127 E30.93853
;WIDTH:0.381607
G1 X153.743 Y117.14 E30.93944
;WIDTH:0.377408
G1 X153.626 Y117.26 E30.94753
;WIDTH:0.349772
G1 X153.51 Y117.379 E30.95485
;WIDTH:0.322134
G1 X153.497 Y117.392 E30.95557
;WIDTH:0.320519
G1 X153.126 Y117.717 E30.97483
;WIDTH:0.317154
G1 X153.109 Y117.73 E30.97563
;WIDTH:0.317187
G1 X153.108 Y117.731 E30.97568
;WIDTH:0.327715
G1 X152.823 Y117.906 E30.98915
;WIDTH:0.327716
G1 X152.68 Y117.982 E30.99567
;WIDTH:0.312462
G1 X152.66 Y117.991 E30.99647
;WIDTH:0.327716
G1 X152.511 Y118.053 E31.00298
;WIDTH:0.327715
G1 X152.194 Y118.161 E31.01643
;WIDTH:0.317387
G1 X152.184 Y118.164 E31.01685
;WIDTH:0.317388
G1 X152.173 Y118.166 E31.01727
;WIDTH:0.32809
G1 X151.832 Y118.226 E31.03121
;WIDTH:0.328089
G1 X151.684 Y118.245 E31.03724
;WIDTH:0.318689
G1 X151.684 Y118.245 E31.03725
;WIDTH:0.318645
G1 X151.662 Y118.245 E31.0381
;WIDTH:0.327713
G1 X151.345 Y118.241 E31.05085
;WIDTH:0.327714
G1 X151.165 Y118.227 E31.05808
;WIDTH:0.311584
G1 X151.144 Y118.224 E31.05889
;WIDTH:0.32791
G1 X150.984 Y118.196 E31.06543
;WIDTH:0.327909
G1 X150.662 Y118.119 E31.07877
;WIDTH:0.318583
G1 X150.65 Y118.115 E31.07924
;WIDTH:0.318584
G1 X150.645 Y118.113 E31.07947
;WIDTH:0.318759
G1 X150.336 Y117.991 E31.09235
;WIDTH:0.319681
G1 X150.322 Y117.985 E31.09292
;WIDTH:0.320201
G1 X150.318 Y117.983 E31.09308
;WIDTH:0.324903
G1 X150.186 Y117.913 E31.09903
;WIDTH:0.324905
G1 X150.025 Y117.818 E31.10645
;WIDTH:0.313748
G1 X150.01 Y117.809 E31.10713
;WIDTH:0.326629
G1 X149.9 Y117.731 E31.11252
;WIDTH:0.326629
G1 X149.625 Y117.512 E31.12659
;WIDTH:0.317299
G1 X149.616 Y117.504 E31.12707
;WIDTH:0.317298
G1 X149.61 Y117.497 E31.12743
;WIDTH:0.327712
G1 X149.385 Y117.25 E31.14088
;WIDTH:0.327713
G1 X149.283 Y117.124 E31.14739
;WIDTH:0.312459
G1 X149.271 Y117.106 E31.14819
;WIDTH:0.32771
G1 X149.182 Y116.971 E31.15471
;WIDTH:0.327711
G1 X149.016 Y116.681 E31.16815
;WIDTH:0.317378
G1 X149.011 Y116.671 E31.16857
;WIDTH:0.317378
G1 X149.007 Y116.661 E31.16899
;WIDTH:0.327714
G1 X148.889 Y116.348 E31.18243
;WIDTH:0.327714
G1 X148.841 Y116.194 E31.18895
;WIDTH:0.312461
G1 X148.836 Y116.173 E31.18975
;WIDTH:0.327574
G1 X148.803 Y116.016 E31.1962
;WIDTH:0.327574
G1 X148.757 Y115.683 E31.2097
;WIDTH:0.316985
G1 X148.755 Y115.662 E31.21053
;WIDTH:0.317957
G1 X148.755 Y115.655 E31.21077
;WIDTH:0.328123
G1 X148.76 Y115.316 E31.22444
;WIDTH:0.328121
G1 X148.769 Y115.167 E31.23047
;WIDTH:0.318716
G1 X148.77 Y115.166 E31.23051
;WIDTH:0.318583
G1 X148.773 Y115.145 E31.23135
;WIDTH:0.327712
G1 X148.841 Y114.817 E31.2448
;WIDTH:0.32771
G1 X148.881 Y114.671 E31.25091
;WIDTH:0.313402
G1 X148.886 Y114.654 E31.25158
;WIDTH:0.324886
G1 X148.95 Y114.478 E31.25902
;WIDTH:0.324887
G1 X149.008 Y114.336 E31.26512
;WIDTH:0.320077
G1 X149.011 Y114.329 E31.26541
;WIDTH:0.320083
G1 X149.014 Y114.323 E31.26568
;WIDTH:0.324777
G1 X149.086 Y114.187 E31.2718
;WIDTH:0.324777
G1 X149.177 Y114.033 E31.27891
;WIDTH:0.313629
G1 X149.187 Y114.018 E31.27958
;WIDTH:0.328371
G1 X149.279 Y113.886 E31.28605
;WIDTH:0.328369
G1 X149.487 Y113.626 E31.29949
;WIDTH:0.317317
G1 X149.495 Y113.617 E31.29995
;WIDTH:0.317317
G1 X149.502 Y113.61 E31.30034
;WIDTH:0.328086
G1 X149.759 Y113.377 E31.31431
;WIDTH:0.328087
G1 X149.874 Y113.282 E31.32032
;WIDTH:0.318715
G1 X149.874 Y113.281 E31.32035
;WIDTH:0.318585
G1 X149.892 Y113.269 E31.3212
;WIDTH:0.327714
G1 X150.177 Y113.094 E31.33464
;WIDTH:0.327714
G1 X150.32 Y113.018 E31.34115
;WIDTH:0.312459
G1 X150.34 Y113.009 E31.34196
;WIDTH:0.327763
G1 X150.49 Y112.947 E31.34849
;WIDTH:0.327765
G1 X150.806 Y112.839 E31.36195
;WIDTH:0.317739
G1 X150.811 Y112.837 E31.36215
;WIDTH:0.317698
G1 X150.828 Y112.833 E31.3628
;WIDTH:0.328239
G1 X150.976 Y112.805 E31.36888
;WIDTH:0.32824
G1 X151.315 Y112.757 E31.3827
;WIDTH:0.318626
G1 X151.328 Y112.755 E31.3832
;WIDTH:0.318626
G1 X151.333 Y112.755 E31.3834
;WIDTH:0.319313
G1 X151.666 Y112.755 E31.39632
;WIDTH:0.319333
G1 X151.668 Y112.755 E31.39639
;WIDTH:0.319334
G1 X151.68 Y112.756 E31.39688
;WIDTH:0.324764
G1 X151.835 Y112.773 E31.40304
;WIDTH:0.324764
G1 X152.018 Y112.802 E31.41041
;WIDTH:0.313401
G1 X152.035 Y112.805 E31.41108
;WIDTH:0.327711
G1 X152.183 Y112.841 E31.41719
;WIDTH:0.327712
G1 X152.502 Y112.939 E31.43064
;WIDTH:0.318587
G1 X152.523 Y112.946 E31.43148
;WIDTH:0.318717
G1 X152.524 Y112.947 E31.43152
;WIDTH:0.32883
G1 X152.669 Y113.015 E31.43802
;WIDTH:0.328833
G1 X152.812 Y113.088 E31.44451
;WIDTH:0.328831
G1 X152.963 Y113.174 E31.45153
;WIDTH:0.312461
G1 X152.981 Y113.186 E31.45234
;WIDTH:0.326873
G1 X153.106 Y113.274 E31.45847
;WIDTH:0.326872
G1 X153.372 Y113.491 E31.47223
;WIDTH:0.308804
G1 X153.387 Y113.506 E31.47301
;WIDTH:0.341945
G1 X153.564 Y113.681 E31.48359
;WIDTH:0.375087
G1 X153.74 Y113.856 E31.49554
;WIDTH:0.37745
G1 X153.749 Y113.865 E31.49619
;WIDTH:0.377449
G1 X153.755 Y113.879 E31.49688
;WIDTH:0.371349
G1 X153.797 Y113.997 E31.50288
;WIDTH:0.324047
G1 X153.84 Y114.116 E31.50788
;WIDTH:0.276746
G1 X153.883 Y114.235 E31.51188
;WIDTH:0.229445
G1 X153.926 Y114.354 E31.5149
;WIDTH:0.182146
G1 X153.928 Y114.362 E31.51504
;WIDTH:0.179594
G1 X153.955 Y114.467 E31.51673
G1 X154.336 Y116.417 F7800
;WIDTH:0.492969
G1 F1200
G1 X153.98 Y116.866 E31.55553
;WIDTH:0.481199
G1 X153.868 Y116.996 E31.56684
G1 E28.56684 F2400
G92 E0
G1 X156.149 Y124.4 F7800
G1 E3 F2400
;TYPE:Top solid infill
;WIDTH:0.604718
G1 F1200
G1 X155.331 Y123.582 E3.09981
G1 X155.331 Y122.849 E3.16313
G1 X156.651 Y124.169 E3.32425
G1 X156.669 Y124.169 E3.32578
G1 X156.669 Y123.453 E3.38757
G1 X155.331 Y122.115 E3.55085
G1 X155.331 Y121.381 E3.61417
G1 X156.669 Y122.719 E3.77745
G1 X156.669 Y121.985 E3.84077
G1 X155.331 Y120.647 E4.00404
G1 X155.331 Y119.913 E4.06736
G1 X156.669 Y121.251 E4.23064
G1 X156.669 Y120.518 E4.29396
G1 X155.331 Y119.18 E4.45723
G1 X155.331 Y118.446 E4.52055
G1 X156.669 Y119.784 E4.68383
G1 X156.669 Y119.05 E4.74715
G1 X155.331 Y117.712 E4.91043
G1 X155.331 Y116.978 E4.97375
G1 X156.669 Y118.316 E5.13702
G1 X156.669 Y117.582 E5.20034
G1 X155.331 Y116.244 E5.36362
G1 X155.331 Y115.511 E5.42694
G1 X156.669 Y116.849 E5.59022
G1 X156.669 Y116.115 E5.65354
G1 X155.331 Y114.777 E5.81681
G1 X155.331 Y114.043 E5.88013
G1 X156.669 Y115.381 E6.04341
G1 X156.669 Y114.647 E6.10673
G1 X155.331 Y113.309 E6.27
G1 X155.331 Y112.575 E6.33332
G1 X156.669 Y113.913 E6.4966
G1 X156.669 Y113.18 E6.55992
G1 X155.331 Y111.842 E6.7232
G1 X155.331 Y111.108 E6.78652
G1 X156.669 Y112.446 E6.94979
G1 X156.669 Y111.712 E7.01311
G1 X155.331 Y110.374 E7.17639
G1 X155.331 Y109.64 E7.23971
G1 X156.669 Y110.978 E7.40299
G1 X156.669 Y110.244 E7.46631
G1 X155.331 Y108.906 E7.62958
G1 X155.331 Y108.173 E7.6929
G1 X156.669 Y109.511 E7.85618
G1 X156.669 Y108.777 E7.9195
G1 X155.331 Y107.439 E8.08277
G1 X155.331 Y106.705 E8.14609
G1 X156.669 Y108.043 E8.30937
G1 X156.669 Y107.309 E8.37269
G1 X155.331 Y105.971 E8.53597
G1 X155.331 Y105.237 E8.59929
G1 X156.669 Y106.575 E8.76256
G1 X156.669 Y105.842 E8.82588
G1 X155.331 Y104.504 E8.98916
G1 X155.331 Y103.77 E9.05248
G1 X156.669 Y105.108 E9.21576
G1 X156.669 Y104.374 E9.27908
G1 X155.331 Y103.036 E9.44235
G1 X155.331 Y102.302 E9.50567
G1 X156.669 Y103.64 E9.66895
G1 X156.669 Y102.906 E9.73227
G1 X155.331 Y101.568 E9.89555
G1 X155.331 Y100.835 E9.95886
G1 X156.669 Y102.173 E10.12214
G1 X156.669 Y101.439 E10.18546
G1 X155.331 Y100.101 E10.34874
G1 X155.331 Y99.367 E10.41206
G1 X156.669 Y100.705 E10.57533
G1 X156.669 Y99.971 E10.63865
G1 X155.331 Y98.633 E10.80193
G1 X155.331 Y97.899 E10.86525
G1 X156.669 Y99.237 E11.02853
G1 X156.669 Y98.504 E11.09185
G1 X155.331 Y97.166 E11.25512
G1 X155.331 Y96.432 E11.31844
G1 X156.669 Y97.77 E11.48172
G1 X156.669 Y97.036 E11.54504
G1 X155.331 Y95.698 E11.70832
G1 X155.331 Y94.964 E11.77164
G1 X156.669 Y96.302 E11.93491
G1 X156.669 Y95.568 E11.99823
G1 X155.331 Y94.23 E12.16151
G1 X155.331 Y93.497 E12.22483
G1 X156.669 Y94.835 E12.38811
G1 X156.669 Y94.101 E12.45142
G1 X155.331 Y92.763 E12.6147
G1 X155.331 Y92.029 E12.67802
G1 X156.669 Y93.367 E12.8413
G1 X156.669 Y92.633 E12.90462
G1 X155.331 Y91.295 E13.06789
G1 X155.331 Y90.561 E13.13121
G1 X156.669 Y91.899 E13.29449
G1 X156.669 Y91.166 E13.35781
G1 X155.331 Y89.828 E13.52109
G1 X155.331 Y89.094 E13.58441
G1 X156.669 Y90.432 E13.74768
G1 X156.669 Y89.698 E13.811
G1 X155.331 Y88.36 E13.97428
G1 X155.331 Y87.626 E14.0376
G1 X156.669 Y88.964 E14.20088
G1 X156.669 Y88.23 E14.2642
G1 X155.331 Y86.892 E14.42747
G1 X155.331 Y86.159 E14.49079
G1 X156.669 Y87.496 E14.65407
G1 X156.669 Y86.763 E14.71739
G1 X155.331 Y85.425 E14.88066
G1 X155.331 Y84.691 E14.94398
G1 X156.669 Y86.029 E15.10726
G1 X156.669 Y85.295 E15.17058
G1 X155.331 Y83.957 E15.33386
G1 X155.331 Y83.223 E15.39718
G1 X156.9 Y84.793 E15.58869
G1 X156.9 Y84.059 F7800
G1 F1200
G1 X148.331 Y75.489 E16.63442
G1 X148.331 Y76.223 E16.69774
G1 X154.277 Y82.169 E17.42331
G1 X153.543 Y82.169 E17.48663
G1 X148.331 Y76.957 E18.12264
G1 X148.331 Y77.691 E18.18596
G1 X152.809 Y82.169 E18.73243
G1 X152.075 Y82.169 E18.79575
G1 X148.331 Y78.425 E19.25267
G1 X148.331 Y79.159 E19.31599
G1 X151.341 Y82.169 E19.68336
G1 X150.608 Y82.169 E19.74668
G1 X148.331 Y79.892 E20.02451
G1 X148.331 Y80.626 E20.08783
G1 X149.874 Y82.169 E20.27611
G1 X149.14 Y82.169 E20.33943
G1 X148.331 Y81.36 E20.43816
G1 X148.331 Y82.094 E20.50148
G1 X148.638 Y82.4 E20.5389
G1 E17.5389 F2400
G92 E0
G1 X153.592 Y71.211 F7800
G1 E3 F2400
G1 F1200
G1 X150.212 Y67.831 E3.41252
G1 X149.478 Y67.831 E3.47584
G1 X151.836 Y70.189 E3.76358
G1 X151.279 Y70.173 E3.81166
G1 X151.112 Y70.199 E3.82626
G1 X148.744 Y67.831 E4.11519
G1 X148.331 Y67.831 E4.15086
G1 X148.331 Y68.151 E4.17851
G1 X150.506 Y70.327 E4.44397
G1 X150.079 Y70.481 E4.48315
G1 X149.983 Y70.537 E4.49278
G1 X148.331 Y68.885 E4.6944
G1 X148.331 Y69.619 E4.75771
G1 X149.525 Y70.813 E4.90337
G1 X149.135 Y71.157 E4.94823
G1 X148.331 Y70.353 E5.0463
G1 X148.331 Y71.087 E5.10962
G1 X148.643 Y71.399 E5.14772
G1 X148.523 Y71.549 F7800
;TYPE:Gap fill
;WIDTH:0.471612
G1 F1200
G1 X148.409 Y72.058 E5.1812
;WIDTH:0.460923
G1 X148.389 Y72.164 E5.18793
;WIDTH:0.420472
G1 X148.368 Y72.27 E5.19394
;WIDTH:0.380021
G1 X148.348 Y72.376 E5.19922
;WIDTH:0.33957
G1 X148.328 Y72.482 E5.20377
;WIDTH:0.299118
G1 X148.325 Y72.499 E5.20436
;WIDTH:0.294138
G1 X148.303 Y72.705 E5.21153
;WIDTH:0.251705
G1 X148.28 Y72.91 E5.21723
;WIDTH:0.209273
G1 X148.257 Y73.116 E5.22148
G1 X148.259 Y73.808 F7800
;WIDTH:0.203539
G1 F1200
G1 X148.279 Y74.061 E5.22645
;WIDTH:0.240237
G1 X148.298 Y74.314 E5.23298
;WIDTH:0.243959
G1 X148.3 Y74.329 E5.23337
;WIDTH:0.281451
G1 X148.319 Y74.437 E5.23691
;WIDTH:0.318941
G1 X148.338 Y74.544 E5.24114
;WIDTH:0.318943
G1 X148.404 Y74.66 E5.24631
;WIDTH:0.272971
G1 X148.47 Y74.776 E5.25046
;WIDTH:0.226999
G1 X148.536 Y74.891 E5.25359
;WIDTH:0.181028
G1 X148.541 Y74.899 E5.25373
;WIDTH:0.178759
G1 X148.609 Y74.995 E5.25554
G1 X148.71 Y75.135 F7800
;TYPE:Top solid infill
;WIDTH:0.604718
G1 F1200
G1 X156.669 Y83.094 E6.22678
G1 X156.669 Y82.36 E6.2901
G1 X151.121 Y76.812 E6.96714
G1 X151.71 Y76.83 E7.01795
G1 X151.851 Y76.808 E7.0303
G1 X156.669 Y81.626 E7.61826
G1 X156.669 Y80.892 E7.68158
G1 X152.461 Y76.685 E8.19503
G1 X152.921 Y76.519 E8.23716
G1 X152.989 Y76.479 E8.24403
G1 X156.669 Y80.158 E8.69307
G1 X156.669 Y79.425 E8.75639
G1 X153.45 Y76.206 E9.14915
G1 X153.841 Y75.863 E9.19402
G1 X156.669 Y78.691 E9.53907
G1 X156.669 Y77.957 E9.60239
G1 X154.185 Y75.473 E9.90547
G1 X154.463 Y75.017 E9.95155
G1 X156.669 Y77.223 E10.22073
G1 X156.669 Y76.489 E10.28405
G1 X154.68 Y74.501 E10.52672
G1 X154.811 Y73.898 E10.57996
G1 X156.669 Y75.756 E10.80666
G1 X156.669 Y75.022 E10.86998
G1 X154.81 Y73.163 E11.09681
G1 X154.732 Y72.67 E11.13987
G1 X154.553 Y72.172 E11.18558
G1 X156.669 Y74.288 E11.44384
G1 X156.669 Y73.554 E11.50716
G1 X150.946 Y67.831 E12.20558
G1 X151.68 Y67.831 E12.2689
G1 X156.669 Y72.82 E12.87777
G1 X156.669 Y72.087 E12.94109
G1 X152.413 Y67.831 E13.46041
G1 X153.147 Y67.831 E13.52373
G1 X156.669 Y71.353 E13.95351
G1 X156.669 Y70.619 E14.01683
G1 X153.881 Y67.831 E14.35705
G1 X154.615 Y67.831 E14.42037
G1 X156.669 Y69.885 E14.67105
G1 X156.669 Y69.151 E14.73437
G1 X155.349 Y67.831 E14.89551
G1 X156.082 Y67.831 E14.95883
G1 X156.9 Y68.649 E15.05865
M106 S242.25
;LAYER_CHANGE
;Z:6.25
;HEIGHT:0.4
G1 Z6.25 F7800
G1 E12.05865 F2400
G92 E0
G1 X53.662 Y66.837 F7800
G1 E3 F2400
;TYPE:External perimeter
;WIDTH:0.675
G1 X53.662 Y143.163 E10.47814
G1 X52.337 Y143.163 E10.60796
G1 X52.337 Y66.837 E18.0861
G1 X53.572 Y66.837 E18.2071
G1 X53.659 Y67.437 F7800
G1 X53 Y67.132
;TYPE:Gap fill
;WIDTH:0.821683
G1 F1200
G1 X53 Y142.868 E27.47497
M106 S244.8
;LAYER_CHANGE
;Z:6.65
;HEIGHT:0.4
G1 Z6.65 F7800
G1 X53.662 Y66.837
;TYPE:External perimeter
;WIDTH:0.675
G1 F2400
G1 X53.662 Y143.163 E34.95311
G1 X52.337 Y143.163 E35.08293
G1 X52.337 Y66.837 E42.56107
G1 X53.572 Y66.837 E42.68208
G1 X53.659 Y67.437 F7800
G1 X53 Y67.132
;TYPE:Gap fill
;WIDTH:0.821683
G1 F1200
G1 X53 Y142.868 E51.94995
;LAYER_CHANGE
;Z:7.05
;HEIGHT:0.4
G1 Z7.05 F7800
G1 X53.662 Y66.837
;TYPE:External perimeter
;WIDTH:0.675
G1 F2400
G1 X53.662 Y143.163 E59.42809
G1 X52.337 Y143.163 E59.55791
G1 X52.337 Y66.837 E67.03605
G1 X53.572 Y66.837 E67.15705
G1 X53.659 Y67.437 F7800
G1 X53 Y67.132
;TYPE:Gap fill
;WIDTH:0.821683
G1 F1200
G1 X53 Y142.868 E76.42492
;LAYER_CHANGE
;Z:7.45
;HEIGHT:0.4
G1 Z7.45 F7800
G1 X53.662 Y66.837
;TYPE:External perimeter
;WIDTH:0.675
G1 F2400
G1 X53.662 Y143.163 E83.90306
G1 X52.337 Y143.163 E84.03288
G1 X52.337 Y66.837 E91.51102
G1 X53.572 Y66.837 E91.63202
G1 X53.659 Y67.437 F7800
G1 X53 Y67.132
;TYPE:Gap fill
;WIDTH:0.821683
G1 F1200
G1 X53 Y142.868 E100.8999
;LAYER_CHANGE
;Z:7.85
;HEIGHT:0.4
G1 Z7.85 F7800
G1 X53.662 Y66.837
;TYPE:External perimeter
;WIDTH:0.675
G1 F2400
G1 X53.662 Y143.163 E108.37804
G1 X52.337 Y143.163 E108.50786
G1 X52.337 Y66.837 E115.986
G1 X53.572 Y66.837 E116.107
G1 X53.659 Y67.437 F7800
G1 X53 Y67.132
;TYPE:Gap fill
;WIDTH:0.821683
G1 F1200
G1 X53 Y142.868 E125.37487
;LAYER_CHANGE
;Z:8.25
;HEIGHT:0.4
G1 Z8.25 F7800
G1 X53.662 Y66.837
;TYPE:External perimeter
;WIDTH:0.675
G1 F2400
G1 X53.662 Y143.163 E132.85301
G1 X52.337 Y143.163 E132.98283
G1 X52.337 Y66.837 E140.46097
G1 X53.572 Y66.837 E140.58197
G1 X53.659 Y67.437 F7800
G1 X53 Y67.132
;TYPE:Gap fill
;WIDTH:0.821683
G1 F1200
G1 X53 Y142.868 E149.84984
;LAYER_CHANGE
;Z:8.65
;HEIGHT:0.4
G1 Z8.65 F7800
G1 X53.662 Y66.837
;TYPE:External perimeter
;WIDTH:0.675
G1 F2400
G1 X53.662 Y143.163 E157.32798
G1 X52.337 Y143.163 E157.4578
G1 X52.337 Y66.837 E164.93594
G1 X53.572 Y66.837 E165.05695
G1 X53.659 Y67.437 F7800
G1 X53 Y67.132
;TYPE:Gap fill
;WIDTH:0.821683
G1 F1200
G1 X53 Y142.868 E174.32482
;LAYER_CHANGE
;Z:9.05
;HEIGHT:0.400001
G1 Z9.05 F7800
G1 X53.662 Y66.837
;TYPE:External perimeter
;WIDTH:0.675
G1 F2400
G1 X53.662 Y143.163 E181.80296
G1 X52.337 Y143.163 E181.93278
G1 X52.337 Y66.837 E189.41092
G1 X53.572 Y66.837 E189.53192
G1 X53.659 Y67.437 F7800
G1 X53 Y67.132
;TYPE:Gap fill
;WIDTH:0.821683
G1 F1200
G1 X53 Y142.868 E198.79979
;LAYER_CHANGE
;Z:9.45
;HEIGHT:0.4
G1 Z9.45 F7800
G1 X53.662 Y66.837
;TYPE:External perimeter
;WIDTH:0.675
G1 F2400
G1 X53.662 Y143.163 E206.27793
G1 X52.337 Y143.163 E206.40775
G1 X52.337 Y66.837 E213.88589
G1 X53.572 Y66.837 E214.00689
G1 X53.659 Y67.437 F7800
G1 X53 Y67.132
;TYPE:Gap fill
;WIDTH:0.821683
G1 F1200
G1 X53 Y142.868 E223.27477
;LAYER_CHANGE
;Z:9.85
;HEIGHT:0.400001
G1 Z9.85 F7800
G1 X53.662 Y66.837
;TYPE:External perimeter
;WIDTH:0.675
G1 F2400
G1 X53.662 Y143.163 E230.75291
G1 X52.337 Y143.163 E230.88273
G1 X52.337 Y66.837 E238.36087
G1 X53.572 Y66.837 E238.48187
G1 X53.659 Y67.437 F7800
G1 X53 Y67.132
;TYPE:Gap fill
;WIDTH:0.821683
G1 F1200
G1 X53 Y142.868 E247.74974
;LAYER_CHANGE
;Z:10.25
;HEIGHT:0.4
G1 Z10.25 F7800
G1 X53.662 Y66.837
;TYPE:External perimeter
;WIDTH:0.675
G1 F2400
G1 X53.662 Y143.163 E255.22788
G1 X52.337 Y143.163 E255.3577
G1 X52.337 Y66.837 E262.83584
G1 X53.572 Y66.837 E262.95684
G1 X53.659 Y67.437 F7800
G1 X53 Y67.132
;TYPE:Gap fill
;WIDTH:0.821683
G1 F1200
G1 X53 Y142.868 E272.22471
;LAYER_CHANGE
;Z:10.65
;HEIGHT:0.4
G1 Z10.65 F7800
G1 X53.662 Y66.837
;TYPE:External perimeter
;WIDTH:0.675
G1 F2400
G1 X53.662 Y143.163 E279.70285
G1 X52.337 Y143.163 E279.83267
G1 X52.337 Y66.837 E287.31081
G1 X53.572 Y66.837 E287.43182
G1 X53.659 Y67.437 F7800
G1 X53 Y67.132
;TYPE:Gap fill
;WIDTH:0.821683
G1 F1200
G1 X53 Y142.868 E296.69969
;LAYER_CHANGE
;Z:11.05
;HEIGHT:0.400001
G1 Z11.05 F7800
G1 X53.662 Y66.837
;TYPE:External perimeter
;WIDTH:0.675
G1 F2400
G1 X53.662 Y143.163 E304.17783
G1 X52.337 Y143.163 E304.30765
G1 X52.337 Y66.837 E311.78579
G1 X53.572 Y66.837 E311.90679
G1 X53.659 Y67.437 F7800
G1 X53 Y67.132
;TYPE:Gap fill
;WIDTH:0.821683
G1 F1200
G1 X53 Y142.868 E321.17466
;LAYER_CHANGE
;Z:11.45
;HEIGHT:0.4
G1 Z11.45 F7800
G1 X53.662 Y66.837
;TYPE:External perimeter
;WIDTH:0.675
G1 F2400
G1 X53.662 Y143.163 E328.6528
G1 X52.337 Y143.163 E328.78262
G1 X52.337 Y66.837 E336.26076
G1 X53.572 Y66.837 E336.38176
G1 X53.659 Y67.437 F7800
G1 X53 Y67.132
;TYPE:Gap fill
;WIDTH:0.821683
G1 F1200
G1 X53 Y142.868 E345.64964
;LAYER_CHANGE
;Z:11.85
;HEIGHT:0.400001
G1 Z11.85 F7800
G1 X53.662 Y66.837
;TYPE:External perimeter
;WIDTH:0.675
G1 F2400
G1 X53.662 Y143.163 E353.12778
G1 X52.337 Y143.163 E353.2576
G1 X52.337 Y66.837 E360.73574
G1 X53.572 Y66.837 E360.85674
G1 X53.659 Y67.437 F7800
G1 X53 Y67.132
;TYPE:Gap fill
;WIDTH:0.821683
G1 F1200
G1 X53 Y142.868 E370.12461
;LAYER_CHANGE
;Z:12.25
;HEIGHT:0.4
G1 Z12.25 F7800
G1 X53.662 Y66.837
;TYPE:External perimeter
;WIDTH:0.675
G1 F2400
G1 X53.662 Y143.163 E377.60275
G1 X52.337 Y143.163 E377.73257
G1 X52.337 Y66.837 E385.21071
G1 X53.572 Y66.837 E385.33171
G1 X53.659 Y67.437 F7800
G1 X53 Y67.132
;TYPE:Gap fill
;WIDTH:0.821683
G1 F1200
G1 X53 Y142.868 E394.59958
;LAYER_CHANGE
;Z:12.65
;HEIGHT:0.4
G1 Z12.65 F7800
G1 X53.662 Y66.837
;TYPE:External perimeter
;WIDTH:0.675
G1 F2400
G1 X53.662 Y143.163 E402.07772
G1 X52.337 Y143.163 E402.20754
G1 X52.337 Y66.837 E409.68568
G1 X53.572 Y66.837 E409.80669
G1 X53.659 Y67.437 F7800
G1 X53 Y67.132
;TYPE:Gap fill
;WIDTH:0.821683
G1 F1200
G1 X53 Y142.868 E419.07456
;LAYER_CHANGE
;Z:13.05
;HEIGHT:0.400001
G1 Z13.05 F7800
G1 X53.662 Y66.837
;TYPE:External perimeter
;WIDTH:0.675
G1 F2400
G1 X53.662 Y143.163 E426.5527
G1 X52.337 Y143.163 E426.68252
G1 X52.337 Y66.837 E434.16066
G1 X53.572 Y66.837 E434.28166
G1 X53.659 Y67.437 F7800
G1 X53 Y67.132
;TYPE:Gap fill
;WIDTH:0.821683
G1 F1200
G1 X53 Y142.868 E443.54953
;LAYER_CHANGE
;Z:13.45
;HEIGHT:0.4
G1 Z13.45 F7800
G1 X53.662 Y66.837
;TYPE:External perimeter
;WIDTH:0.675
G1 F2400
G1 X53.662 Y143.163 E451.02767
G1 X52.337 Y143.163 E451.15749
G1 X52.337 Y66.837 E458.63563
G1 X53.572 Y66.837 E458.75663
G1 X53.659 Y67.437 F7800
G1 X53 Y67.132
;TYPE:Gap fill
;WIDTH:0.821683
G1 F1200
G1 X53 Y142.868 E468.02451
;LAYER_CHANGE
;Z:13.85
;HEIGHT:0.400001
G1 Z13.85 F7800
G1 X53.662 Y66.837
;TYPE:External perimeter
;WIDTH:0.675
G1 F2400
G1 X53.662 Y143.163 E475.50265
G1 X52.337 Y143.163 E475.63247
G1 X52.337 Y66.837 E483.11061
G1 X53.572 Y66.837 E483.23161
G1 X53.659 Y67.437 F7800
G1 X53 Y67.132
;TYPE:Gap fill
;WIDTH:0.821683
G1 F1200
G1 X53 Y142.868 E492.49948
;LAYER_CHANGE
;Z:14.25
;HEIGHT:0.4
G1 Z14.25 F7800
G1 X53.662 Y66.837
;TYPE:External perimeter
;WIDTH:0.675
G1 F2400
G1 X53.662 Y143.163 E499.97762
G1 X52.337 Y143.163 E500.10744
G1 X52.337 Y66.837 E507.58558
G1 X53.572 Y66.837 E507.70658
G1 X53.659 Y67.437 F7800
G1 X53 Y67.132
;TYPE:Gap fill
;WIDTH:0.821683
G1 F1200
G1 X53 Y142.868 E516.97445
;LAYER_CHANGE
;Z:14.65
;HEIGHT:0.4
G1 Z14.65 F7800
G1 X53.662 Y66.837
;TYPE:External perimeter
;WIDTH:0.675
G1 F2400
G1 X53.662 Y143.163 E524.45259
G1 X52.337 Y143.163 E524.58241
G1 X52.337 Y66.837 E532.06055
G1 X53.572 Y66.837 E532.18156
G1 X53.659 Y67.437 F7800
G1 X53 Y67.132
;TYPE:Gap fill
;WIDTH:0.821683
G1 F1200
G1 X53 Y142.868 E541.44943
M106 S242.25
;LAYER_CHANGE
;Z:15.05
;HEIGHT:0.400001
G1 Z15.05 F7800
G1 E538.44943 F2400
G92 E0
G1 X53.662 Y66.837 F7800
G1 E3 F2400
;TYPE:External perimeter
;WIDTH:0.675
G1 X53.662 Y143.163 E10.47814
G1 X52.337 Y143.163 E10.60796
G1 X52.337 Y66.837 E18.0861
G1 X53.572 Y66.837 E18.2071
G1 X53.659 Y67.437 F7800
G1 X53 Y67.132
;TYPE:Gap fill
;WIDTH:0.821683
G1 F1200
G1 X53 Y142.868 E27.47497
G1 E24.47497 F2400
G92 E0
M107
;TYPE:Custom
; Filament-specific end gcode 
;END gcode for filament
M104 S0 ; turn off temperature
M140 S0; turn off heatbed
G28 X0  ; home X axis
M84     ; disable motors
; filament used [mm] = 6627.22
; filament used [cm3] = 15.94
; total filament used [g] = 0.00
; total filament cost = 0.00
; estimated printing time (normal mode) = 48m 59s
; estimated printing time (silent mode) = 49m 47s

; prusaslicer_config = begin
; avoid_crossing_perimeters = 0
; avoid_crossing_perimeters_max_detour = 0
; bed_custom_model = 
; bed_custom_texture = 
; bed_shape = 0x0,210x0,210x210,0x210
; bed_temperature = 60
; before_layer_gcode = 
; between_objects_gcode = 
; bottom_fill_pattern = rectilinear
; bottom_solid_layers = 3
; bottom_solid_min_thickness = 0
; bridge_acceleration = 0
; bridge_angle = 0
; bridge_fan_speed = 100
; bridge_flow_ratio = 1
; bridge_speed = 60
; brim_separation = 0
; brim_type = outer_only
; brim_width = 0
; clip_multipart_objects = 1
; color_change_gcode = M600
; complete_objects = 1
; cooling = 1
; cooling_tube_length = 5
; cooling_tube_retraction = 91.5
; default_acceleration = 0
; default_filament_profile = ""
; default_print_profile = 
; deretract_speed = 0
; disable_fan_first_layers = 3
; dont_support_bridges = 1
; draft_shield = disabled
; duplicate_distance = 6
; elefant_foot_compensation = 0.2
; end_filament_gcode = "; Filament-specific end gcode \n;END gcode for filament\n"
; end_gcode = M104 S0 ; turn off temperature\nM140 S0; turn off heatbed\nG28 X0  ; home X axis\nM84     ; disable motors\n
; ensure_vertical_shell_thickness = 0
; external_perimeter_extrusion_width = 0
; external_perimeter_speed = 50%
; external_perimeters_first = 0
; extra_loading_move = -2
; extra_perimeters = 1
; extruder_clearance_height = 20
; extruder_clearance_radius = 20
; extruder_colour = ""
; extruder_offset = 0x0
; extrusion_axis = E
; extrusion_multiplier = 1
; extrusion_width = 0
; fan_always_on = 0
; fan_below_layer_time = 60
; filament_colour = #FFFFFF
; filament_cooling_final_speed = 3.4
; filament_cooling_initial_speed = 2.2
; filament_cooling_moves = 4
; filament_cost = 0
; filament_density = 0
; filament_diameter = 1.75
; filament_load_time = 0
; filament_loading_speed = 28
; filament_loading_speed_start = 3
; filament_max_volumetric_speed = 0
; filament_minimal_purge_on_wipe_tower = 15
; filament_notes = ""
; filament_ramming_parameters = "120 100 6.6 6.8 7.2 7.6 7.9 8.2 8.7 9.4 9.9 10.0| 0.05 6.6 0.45 6.8 0.95 7.8 1.45 8.3 1.95 9.7 2.45 10 2.95 7.6 3.45 7.6 3.95 7.6 4.45 7.6 4.95 7.6"
; filament_settings_id = "PLA Weiss"
; filament_soluble = 0
; filament_spool_weight = 0
; filament_toolchange_delay = 0
; filament_type = PLA
; filament_unload_time = 0
; filament_unloading_speed = 90
; filament_unloading_speed_start = 100
; filament_vendor = (Unknown)
; fill_angle = 45
; fill_density = 20%
; fill_pattern = stars
; first_layer_acceleration = 0
; first_layer_acceleration_over_raft = 0
; first_layer_bed_temperature = 60
; first_layer_extrusion_width = 200%
; first_layer_height = 0.25
; first_layer_speed = 30
; first_layer_speed_over_raft = 30
; first_layer_temperature = 200
; full_fan_speed_layer = 0
; fuzzy_skin = none
; fuzzy_skin_point_dist = 0.8
; fuzzy_skin_thickness = 0.3
; gap_fill_enabled = 1
; gap_fill_speed = 20
; gcode_comments = 0
; gcode_flavor = marlin
; gcode_label_objects = 0
; gcode_resolution = 0.0125
; gcode_substitutions = 
; high_current_on_filament_swap = 0
; host_type = octoprint
; infill_acceleration = 0
; infill_anchor = 600%
; infill_anchor_max = 50
; infill_every_layers = 1
; infill_extruder = 1
; infill_extrusion_width = 0
; infill_first = 0
; infill_only_where_needed = 0
; infill_overlap = 25%
; infill_speed = 60
; interface_shells = 0
; ironing = 0
; ironing_flowrate = 15%
; ironing_spacing = 0.1
; ironing_speed = 15
; ironing_type = top
; layer_gcode = 
; layer_height = 0.4
; machine_limits_usage = emit_to_gcode
; machine_max_acceleration_e = 10000,5000
; machine_max_acceleration_extruding = 1500,1250
; machine_max_acceleration_retracting = 1500,1250
; machine_max_acceleration_travel = 1500,1250
; machine_max_acceleration_x = 9000,1000
; machine_max_acceleration_y = 9000,1000
; machine_max_acceleration_z = 500,200
; machine_max_feedrate_e = 120,120
; machine_max_feedrate_x = 500,200
; machine_max_feedrate_y = 500,200
; machine_max_feedrate_z = 12,12
; machine_max_jerk_e = 2.5,2.5
; machine_max_jerk_x = 10,10
; machine_max_jerk_y = 10,10
; machine_max_jerk_z = 0.2,0.4
; machine_min_extruding_rate = 0,0
; machine_min_travel_rate = 0,0
; max_fan_speed = 100
; max_layer_height = 0
; max_print_height = 200
; max_print_speed = 80
; max_volumetric_speed = 0
; min_fan_speed = 35
; min_layer_height = 0.1
; min_print_speed = 10
; min_skirt_length = 0
; mmu_segmented_region_max_width = 0
; notes = 
; nozzle_diameter = 0.6
; only_retract_when_crossing_perimeters = 1
; ooze_prevention = 0
; output_filename_format = [input_filename_base].gcode
; overhangs = 1
; parking_pos_retraction = 92
; pause_print_gcode = M601
; perimeter_acceleration = 0
; perimeter_extruder = 1
; perimeter_extrusion_width = 0
; perimeter_speed = 80
; perimeters = 2
; physical_printer_settings_id = 
; post_process = 
; print_settings_id = normal 0.6
; printer_model = 
; printer_notes = 
; printer_settings_id = Anycubic Mega S 0.6
; printer_technology = FFF
; printer_variant = 
; printer_vendor = 
; raft_contact_distance = 0.1
; raft_expansion = 1.5
; raft_first_layer_density = 70%
; raft_first_layer_expansion = 1
; raft_layers = 0
; remaining_times = 0
; resolution = 0
; retract_before_travel = 2
; retract_before_wipe = 0%
; retract_layer_change = 0
; retract_length = 3
; retract_length_toolchange = 10
; retract_lift = 0
; retract_lift_above = 0
; retract_lift_below = 0
; retract_restart_extra = 0
; retract_restart_extra_toolchange = 0
; retract_speed = 40
; seam_position = aligned
; silent_mode = 1
; single_extruder_multi_material = 0
; single_extruder_multi_material_priming = 1
; skirt_distance = 6
; skirt_height = 1
; skirts = 2
; slice_closing_radius = 0.049
; slicing_mode = regular
; slowdown_below_layer_time = 5
; small_perimeter_speed = 30
; solid_infill_below_area = 70
; solid_infill_every_layers = 0
; solid_infill_extruder = 1
; solid_infill_extrusion_width = 0
; solid_infill_speed = 20
; spiral_vase = 0
; standby_temperature_delta = -5
; start_filament_gcode = "; Filament gcode\n"
; start_gcode = G28 ; home all axes\nG1 Z5 F5000 ; lift nozzle\n
; support_material = 1
; support_material_angle = 0
; support_material_auto = 0
; support_material_bottom_contact_distance = 0
; support_material_bottom_interface_layers = -1
; support_material_buildplate_only = 0
; support_material_closing_radius = 2
; support_material_contact_distance = 0.2
; support_material_enforce_layers = 0
; support_material_extruder = 1
; support_material_extrusion_width = 0
; support_material_interface_contact_loops = 0
; support_material_interface_extruder = 1
; support_material_interface_layers = 1
; support_material_interface_pattern = rectilinear
; support_material_interface_spacing = 0
; support_material_interface_speed = 100%
; support_material_pattern = rectilinear
; support_material_spacing = 2.5
; support_material_speed = 60
; support_material_style = grid
; support_material_synchronize_layers = 0
; support_material_threshold = 0
; support_material_with_sheath = 0
; support_material_xy_spacing = 50%
; temperature = 195
; template_custom_gcode = 
; thick_bridges = 0
; thin_walls = 1
; threads = 4
; thumbnails = 
; toolchange_gcode = 
; top_fill_pattern = rectilinear
; top_infill_extrusion_width = 0
; top_solid_infill_speed = 20
; top_solid_layers = 3
; top_solid_min_thickness = 0
; travel_speed = 130
; travel_speed_z = 0
; use_firmware_retraction = 0
; use_relative_e_distances = 0
; use_volumetric_e = 0
; variable_layer_height = 1
; wipe = 0
; wipe_into_infill = 0
; wipe_into_objects = 0
; wipe_tower = 0
; wipe_tower_bridging = 10
; wipe_tower_brim_width = 2
; wipe_tower_no_sparse_layers = 0
; wipe_tower_rotation_angle = 0
; wipe_tower_width = 60
; wipe_tower_x = 180
; wipe_tower_y = 140
; wiping_volumes_extruders = 70,70
; wiping_volumes_matrix = 0
; xy_size_compensation = 0
; z_offset = 0
; prusaslicer_config = end
